{"type":"FeatureCollection","name":"county-ubid","features":[{"type":"Feature","id":1187,"geometry":{"type":"Polygon","coordinates":[[[-80.1958268842479,25.7643079968197],[-80.1958258538803,25.764280779984],[-80.1957956713851,25.764281720867],[-80.1957637704127,25.7642827151448],[-80.1957615900823,25.7642819730693],[-80.1957606308008,25.7642800599619],[-80.1957549660246,25.7641310524888],[-80.1957557755441,25.7641290859439],[-80.1957578909392,25.764128208802],[-80.1957619351546,25.7641280834047],[-80.1957604762906,25.7640896940312],[-80.1957612858091,25.7640877274849],[-80.1957634012051,25.7640868503435],[-80.1958618080512,25.7640837825585],[-80.1958639895447,25.7640845237266],[-80.1958649503581,25.7640864369368],[-80.1958652333274,25.7640938895829],[-80.1958707103557,25.7640937180718],[-80.1959558230339,25.7640910661206],[-80.1963525082836,25.7640786978988],[-80.1963522944846,25.7640730517825],[-80.1963531035549,25.764071085404],[-80.1963552185008,25.7640702080944],[-80.1964285848084,25.7640679210086],[-80.196430765588,25.7640686629179],[-80.1964317253186,25.7640705761962],[-80.1964392361327,25.7642680922216],[-80.1964383889339,25.7642700944682],[-80.1964362016237,25.764270937523],[-80.1963858232042,25.7642709585574],[-80.1963865715009,25.7642906588499],[-80.1963857613926,25.7642926254428],[-80.196383645688,25.7642935025328],[-80.1963257223185,25.7642953090601],[-80.1960220414468,25.7643047769459],[-80.1959518461922,25.7643069661365],[-80.1958730648401,25.7643094214925],[-80.1958300337413,25.7643107620278],[-80.1958278489452,25.764310022979],[-80.1958268878412,25.7643081076546],[-80.1958268842479,25.7643079968197]]]},"properties":{"OBJECTID":1187,"UBID":"C4XHX3X4+XWR-0-0-0-0","UNIQUEID":"D3_MDC_Building_27863","ADDRESS":"110 SW 10 ST","SOURCE":"P","TYPE":"L","BLDG_HEIGHT":129.6000061,"FLOORS":12,"YEAR_BUILT":2009,"BLDG_TYPE":"MULTIFAMILY 10 UNITS PLUS : MULTIFAMILY 3 OR MORE UNITS"}},{"type":"Feature","id":1948,"geometry":{"type":"Polygon","coordinates":[[[-80.1894014658877,25.7595010114311],[-80.1895632012664,25.7594320021915],[-80.1895654995965,25.7594318942267],[-80.1895672194306,25.7594332715858],[-80.1895778033813,25.7594526482534],[-80.1896243253332,25.7594293129201],[-80.189614551663,25.7594133334365],[-80.1896143174744,25.7594111576741],[-80.1896159144072,25.7594095114991],[-80.1896971158207,25.7593748640609],[-80.1896787156288,25.7593397756818],[-80.1896785885934,25.7593376999023],[-80.1896801071191,25.7593361341596],[-80.1898536481573,25.7592579591206],[-80.190116750331,25.7591394440582],[-80.1901191174275,25.7591393145463],[-80.1901208637166,25.7591407595715],[-80.1901454883352,25.7591893073392],[-80.1901455863194,25.7591913848273],[-80.1901440456409,25.759192933494],[-80.1898784515406,25.7593088474151],[-80.1899043589534,25.7593710089513],[-80.1901519229676,25.7592206231712],[-80.1901541857429,25.7592202062301],[-80.1901561163033,25.7592213480783],[-80.1901895255471,25.7592652696774],[-80.1901900066227,25.759267347673],[-80.1901887080802,25.7592691191271],[-80.1899317009757,25.7594242685135],[-80.1899316749246,25.7594242846944],[-80.1899314665154,25.7594243971519],[-80.1899251064432,25.7594275241177],[-80.1897686109375,25.7595044531138],[-80.1896956632449,25.759540310847],[-80.1896380884217,25.7595686136998],[-80.1894892169179,25.7596668965438],[-80.1894866786422,25.7596673394752],[-80.1894846849173,25.7596658569208],[-80.1893998992258,25.7595047289986],[-80.1893997816295,25.7595026251165],[-80.1894013491067,25.7595010615919],[-80.1894014658877,25.7595010114311]]]},"properties":{"OBJECTID":1948,"UBID":"C8X6XWX9+X2X-0-0-0-0","UNIQUEID":"D1_MDC_Building_55","ADDRESS":"1408 BRICKELL BAY DR","SOURCE":"P","TYPE":"L","BLDG_HEIGHT":176,"FLOORS":0,"YEAR_BUILT":0,"BLDG_TYPE":"VACANT LAND - COMMERCIAL : VACANT LAND"}},{"type":"Feature","id":3810,"geometry":{"type":"Polygon","coordinates":[[[-80.1927346827157,25.7689886601189],[-80.1927347698523,25.768988656883],[-80.1927359225906,25.7689888208712],[-80.1927369222456,25.7689893631925],[-80.1927376220741,25.7689902042374],[-80.1927379193457,25.7689912205456],[-80.1927400034371,25.7690191255534],[-80.1927400052337,25.7690191700474],[-80.1927398558533,25.7690202319591],[-80.1927392664279,25.7690211614723],[-80.1927383267641,25.7690218169635],[-80.1927371800322,25.76902209856],[-80.1927370928956,25.7690221050319],[-80.1927041983865,25.7690241202045],[-80.1927069508246,25.769060970918],[-80.1927068005313,25.7690620331055],[-80.1927062106186,25.7690629628026],[-80.1927052707603,25.7690636186839],[-80.1927041238263,25.7690639010476],[-80.1926732550182,25.7690657908274],[-80.1926720766532,25.7690656508028],[-80.192671047636,25.7690651151102],[-80.1926703248212,25.7690642654058],[-80.1926700183883,25.7690632312112],[-80.1926649752463,25.768995685315],[-80.1926651255396,25.7689946231269],[-80.1926657154523,25.7689936934293],[-80.1926666553106,25.7689930375476],[-80.1926678022445,25.7689927551837],[-80.1927346827157,25.7689886601189]]]},"properties":{"OBJECTID":3810,"UBID":"C2XMXGXJ+XRR-0-0-0-0","UNIQUEID":null,"ADDRESS":"451 S MIAMI AVE","SOURCE":null,"TYPE":null,"BLDG_HEIGHT":null,"FLOORS":0,"YEAR_BUILT":0,"BLDG_TYPE":"VACANT LAND - COMMERCIAL : EXTRA FEA OTHER THAN PARKING"}},{"type":"Feature","id":6586,"geometry":{"type":"Polygon","coordinates":[[[-80.1910735432451,25.7680594068116],[-80.19108333578,25.7680187592055],[-80.1910829539961,25.7680186839696],[-80.1910691217373,25.7680159520163],[-80.1910681201158,25.7680201053619],[-80.1910667962551,25.7680218323131],[-80.1910645034984,25.7680222071132],[-80.1909838985663,25.7680062878424],[-80.1909819865065,25.768005082333],[-80.1909815764213,25.7680030130577],[-80.1909964120982,25.7679414288053],[-80.1909977355147,25.7679397018834],[-80.1910000278172,25.7679393262435],[-80.1912292518266,25.7679846012909],[-80.1912311632524,25.7679858065627],[-80.1912315730733,25.7679878752672],[-80.1912236041184,25.7680209572264],[-80.1912139903482,25.7680608629899],[-80.1912126667454,25.7680625895056],[-80.1912103746292,25.7680629647406],[-80.1911755595221,25.7680560891521],[-80.1911701813084,25.7680784123639],[-80.1911701633422,25.7680784892177],[-80.1911688406565,25.7680802170129],[-80.1911665476231,25.768080590968],[-80.1911665009107,25.7680805828782],[-80.1910758653901,25.7680626815948],[-80.1910739533304,25.768061476086],[-80.1910735432451,25.7680594068116]]]},"properties":{"OBJECTID":6586,"UBID":"C2X9XXXV+XMW-0-0-0-0","UNIQUEID":null,"ADDRESS":"600 BRICKELL AVE","SOURCE":null,"TYPE":null,"BLDG_HEIGHT":null,"FLOORS":40,"YEAR_BUILT":2011,"BLDG_TYPE":"OFFICE BUILDING - MULTISTORY : OFFICE BUILDING"}},{"type":"Feature","id":7574,"geometry":{"type":"Polygon","coordinates":[[[-80.1916767314157,25.7646192481797],[-80.1913863725597,25.7645559276504],[-80.1913844904795,25.7645546854593],[-80.191384131263,25.7645526090839],[-80.1914000000025,25.7644929468724],[-80.1913857015182,25.7644898289391],[-80.1913838185386,25.7644885870823],[-80.1913834584249,25.7644865103708],[-80.1913978296728,25.7644324837084],[-80.1913991901617,25.7644307854458],[-80.191401485816,25.7644304522776],[-80.1914154312625,25.7644334933562],[-80.1914211265814,25.7644120642271],[-80.191422486436,25.764410365729],[-80.1914247818263,25.7644100319869],[-80.1914970521892,25.7644257923645],[-80.1915363723475,25.7644343687079],[-80.1916190937105,25.7644524088796],[-80.1916209773264,25.7644536509733],[-80.191621337702,25.764455728258],[-80.1916178181027,25.7644689653198],[-80.1916275396707,25.7644710865504],[-80.1916294223849,25.7644723289801],[-80.1916297818657,25.7644744059282],[-80.1916274489409,25.7644831812851],[-80.1916627590198,25.7644908814641],[-80.1916659713952,25.7644788021014],[-80.1916673739542,25.7644770808675],[-80.1916697227599,25.7644767917057],[-80.191724496636,25.7644902738959],[-80.1917263063135,25.7644915172634],[-80.1917266597792,25.7644935423054],[-80.1917057047786,25.7645765485509],[-80.1917043509002,25.7645782699312],[-80.1917020396522,25.7645786123397],[-80.1916912886149,25.7645762678239],[-80.1916804297797,25.7646170824562],[-80.1916803947454,25.7646172175611],[-80.1916790320384,25.7646189190426],[-80.1916767314157,25.7646192481797]]]},"properties":{"OBJECTID":7574,"UBID":"CCXWX4XG+XXW-0-0-0-0","UNIQUEID":"D1_MDC_Building_357","ADDRESS":"888 BRICKELL AVE","SOURCE":"P","TYPE":"L","BLDG_HEIGHT":87.83642578,"FLOORS":7,"YEAR_BUILT":1972,"BLDG_TYPE":"OFFICE BUILDING - MULTISTORY : OFFICE BUILDING"}},{"type":"Feature","id":7874,"geometry":{"type":"Polygon","coordinates":[[[-80.1940659329662,25.7633853117067],[-80.1940588802929,25.7631495080897],[-80.1940548585353,25.7630150769717],[-80.1940556850992,25.7630131133027],[-80.1940578112977,25.7630122510567],[-80.1943262449726,25.7630056672327],[-80.1943223417926,25.7628752859224],[-80.1943136685586,25.7626394602578],[-80.1943144798783,25.7626374951045],[-80.1943165952698,25.7626366197713],[-80.1949951467028,25.7626161749013],[-80.1949973269575,25.7626169188652],[-80.1949982845181,25.7626188333576],[-80.1949988971691,25.7626355283967],[-80.1950538875392,25.7626338715137],[-80.195056067958,25.7626346162234],[-80.1950570244562,25.7626365315876],[-80.1950570675753,25.7626377435069],[-80.1950570738635,25.7626378826592],[-80.1950570765585,25.7626379902595],[-80.1950575185296,25.7626499573551],[-80.1950651353449,25.7628570335469],[-80.1950643151756,25.7628590073148],[-80.1950621825826,25.762859874837],[-80.1950178264688,25.7628609637825],[-80.1950120592846,25.7628611061706],[-80.1950142924964,25.7629357272268],[-80.1950485596313,25.7629348874611],[-80.1950507347013,25.7629356433713],[-80.1950516794802,25.7629375628997],[-80.1950592343118,25.7631900230658],[-80.195059192091,25.763190564301],[-80.1950584680488,25.7631943796445],[-80.1950584581674,25.7631944257587],[-80.1950576550735,25.7631982313939],[-80.1950576433954,25.7631982815532],[-80.1950567630464,25.7632020701988],[-80.1950567522667,25.7632021195491],[-80.1950557928659,25.7632058912052],[-80.1950557793912,25.7632059421735],[-80.1950547454303,25.7632096984581],[-80.1950547319556,25.7632097469993],[-80.1950536198413,25.7632134846762],[-80.1950536072649,25.7632135259363],[-80.1950524178954,25.7632172522868],[-80.1950524008274,25.7632173016371],[-80.1950511377961,25.7632209988628],[-80.1950511207281,25.7632210490221],[-80.1950497822384,25.763224723595],[-80.1950497633738,25.7632247729453],[-80.1950483503238,25.7632284248656],[-80.1950483305609,25.7632284742158],[-80.1950468429508,25.7632321018653],[-80.1950468267811,25.7632321382713],[-80.1950452601192,25.7632357529764],[-80.1950452385597,25.7632358007086],[-80.1950436036258,25.7632393757715],[-80.195043581168,25.7632394235038],[-80.1950418725723,25.7632429710599],[-80.1950418492161,25.7632430179831],[-80.1950400687552,25.7632465372234],[-80.1950400445007,25.7632465825285],[-80.1950381867847,25.7632500799252],[-80.1950381670217,25.7632501171401],[-80.1950362419321,25.7632535748946],[-80.1950362167793,25.7632536193908],[-80.1950342225193,25.7632570431663],[-80.1950341964682,25.7632570876624],[-80.1950321312414,25.763260477459],[-80.1950321051902,25.7632605227641],[-80.1950299716914,25.7632638769637],[-80.1950299438437,25.7632639214598],[-80.1950277393779,25.7632672441075],[-80.1950277133268,25.7632672829405],[-80.1950254441824,25.763270563519],[-80.195025414538,25.7632706072061],[-80.1950230789182,25.7632738489516],[-80.1950230474772,25.7632738918296],[-80.1950206462805,25.763277093933],[-80.1950206139411,25.763277135193],[-80.1950181480656,25.7632802976543],[-80.195018114828,25.7632803389143],[-80.1950155833755,25.7632834601154],[-80.1950155492395,25.7632834997574],[-80.1950129567016,25.7632865764623],[-80.1950129225656,25.7632866161043],[-80.1950102662473,25.763289648313],[-80.1950102294164,25.763289688764],[-80.195007512911,25.7632926756675],[-80.1950074760801,25.7632927153095],[-80.1950046975909,25.7632956569077],[-80.1950046616583,25.7632956925046],[-80.1950018211853,25.7632985896067],[-80.1950017834561,25.7632986276306],[-80.1949988863893,25.7633014737643],[-80.1949988486601,25.7633015117883],[-80.1949958923045,25.7633043077627],[-80.1949958527786,25.7633043449776],[-80.1949928416258,25.7633070907926],[-80.1949928020999,25.7633071280076],[-80.1949897352515,25.7633098236633],[-80.1949896984206,25.763309854406],[-80.1949865713851,25.7633125023295],[-80.1949865291643,25.7633125379264],[-80.1949833554164,25.7633151292184],[-80.1949833122972,25.7633151623882],[-80.1949800846504,25.7633177002848],[-80.194980040633,25.7633177334546],[-80.1949767617822,25.7633202155287],[-80.1949767186631,25.7633202486986],[-80.1949733895066,25.7633226765683],[-80.194973353574,25.7633227024569],[-80.1949699651287,25.7633250793583],[-80.1949699211113,25.7633251101011],[-80.1949664940385,25.7633274247079],[-80.1949664482244,25.7633274546417],[-80.1949629753375,25.763329710999],[-80.1949629295234,25.7633297409327],[-80.1949594108225,25.7633319382315],[-80.1949593650084,25.7633319673562],[-80.1949557906119,25.7633341112596],[-80.1949557528826,25.7633341322941],[-80.1949521479434,25.7633362106669],[-80.1949520994344,25.7633362381736],[-80.1949484504777,25.7633382550608],[-80.194948402867,25.7633382809494],[-80.1949447134861,25.76334023716],[-80.1949446640788,25.7633402622396],[-80.1949409360703,25.7633421561557],[-80.194940886663,25.7633421804263],[-80.1949371128405,25.7633440144748],[-80.1949370697214,25.7633440347004],[-80.1949332671528,25.7633458024092],[-80.1949332168471,25.7633458250618],[-80.1949293792442,25.763347528049],[-80.1949293271419,25.7633475507016],[-80.1949254545047,25.7633491881581],[-80.1949254033008,25.7633492108107],[-80.1949214983242,25.7633507827366],[-80.1949214453236,25.7633508029621],[-80.1949175053128,25.7633523117845],[-80.1949174559054,25.7633523303919],[-80.1949134889451,25.7633537704476],[-80.1949134359445,25.7633537898641],[-80.1949094393398,25.7633551635801],[-80.1949093872376,25.7633551813785],[-80.1949053636834,25.7633564887548],[-80.1949053106828,25.7633565049352],[-80.1949012610775,25.7633577435448],[-80.1949012080769,25.7633577597252],[-80.1948971324205,25.7633589311862],[-80.1948970794199,25.7633589457485],[-80.1948929804072,25.7633600492518],[-80.1948929265083,25.7633600630051],[-80.1948888068344,25.7633610961236],[-80.1948887520372,25.7633611082589],[-80.1948846126003,25.7633620726107],[-80.1948839379656,25.7633621599848],[-80.1947895088595,25.7633644753999],[-80.1947873342395,25.7633637193241],[-80.1947863899089,25.7633617999709],[-80.1947853272019,25.7633263179683],[-80.1947468361886,25.7633272620948],[-80.1947480650839,25.7633684217991],[-80.1947480695755,25.7633685763219],[-80.19474724396,25.7633705397471],[-80.1947451177114,25.7633714006104],[-80.1947448805562,25.7633714046555],[-80.1940690528152,25.7633879863261],[-80.1940668779303,25.763387230824],[-80.1940659329662,25.7633853117067]]]},"properties":{"OBJECTID":7874,"UBID":"CVXFXVX3+X6R-0-0-0-0","UNIQUEID":null,"ADDRESS":"1111 SW 1 AVE","SOURCE":null,"TYPE":null,"BLDG_HEIGHT":null,"FLOORS":5,"YEAR_BUILT":2008,"BLDG_TYPE":"PVT PARK -REC AREA -ROADWAY : COMMON AREA"}},{"type":"Feature","id":8230,"geometry":{"type":"Polygon","coordinates":[[[-80.1957849490938,25.7640382786899],[-80.1957789160084,25.7638782804255],[-80.1957797259514,25.7638763136878],[-80.1957818418213,25.7638754367327],[-80.1958838338437,25.7638722848045],[-80.1958860146439,25.7638730266952],[-80.1958869743539,25.7638749399966],[-80.195889461789,25.7639408958543],[-80.1959765516591,25.76393820264],[-80.1959759623643,25.7639225417066],[-80.1959767724922,25.7639205753735],[-80.1959788881772,25.7639196988239],[-80.1960792749102,25.7639165970559],[-80.1960814551816,25.7639173400928],[-80.1960824136238,25.763919253865],[-80.1960865503656,25.7640290680498],[-80.1960857397039,25.7640310347272],[-80.1960836236545,25.7640319117389],[-80.1957880985872,25.7640410439043],[-80.1957859142979,25.7640403037267],[-80.1957849544837,25.764038387907],[-80.1957849490938,25.7640382786899]]]},"properties":{"OBJECTID":8230,"UBID":"CRXGXRXX+XCX-0-0-0-0","UNIQUEID":"D3_MDC_Building_6741","ADDRESS":"1020 SW 1 AVE","SOURCE":"P","TYPE":"L","BLDG_HEIGHT":19,"FLOORS":2,"YEAR_BUILT":1958,"BLDG_TYPE":"MULTIFAMILY 10 UNITS PLUS : MULTIFAMILY 3 OR MORE UNITS"}},{"type":"Feature","id":9688,"geometry":{"type":"Polygon","coordinates":[[[-80.1987067806409,25.7658741161029],[-80.1989966975258,25.7658687799201],[-80.1989988665778,25.7658695495142],[-80.1989997967135,25.7658714747086],[-80.1990036199434,25.7660419153079],[-80.199002777363,25.766043873928],[-80.1990006438248,25.7660447225437],[-80.1987105302089,25.7660500571006],[-80.1984327423769,25.7660551643279],[-80.1984305728758,25.7660543949025],[-80.1984296422909,25.7660524695435],[-80.198426200845,25.7658990317697],[-80.1984270436096,25.7658970735502],[-80.1984291769636,25.7658962253394],[-80.1987039078286,25.7658911755445],[-80.1987035952149,25.7658770964694],[-80.198703589825,25.7658769225337],[-80.1987044309335,25.7658749644863],[-80.1987065641469,25.7658741177209],[-80.1987067806409,25.7658741161029]]]},"properties":{"OBJECTID":9688,"UBID":"CRXGXQX5+XCR-0-0-0-0","UNIQUEID":"D3_MDC_Building_6380","ADDRESS":"250 SW 8 ST","SOURCE":"P","TYPE":"L","BLDG_HEIGHT":33.5,"FLOORS":0,"YEAR_BUILT":0,"BLDG_TYPE":"VACANT LAND - COMMERCIAL : VACANT LAND"}},{"type":"Feature","id":10013,"geometry":{"type":"Polygon","coordinates":[[[-80.1960075076038,25.7658791561905],[-80.1960650437994,25.7658775931971],[-80.1960672213151,25.7658783435452],[-80.1960681726316,25.7658802604793],[-80.1960790045173,25.766207318016],[-80.1960799791894,25.7662367551159],[-80.196079157023,25.7662387205967],[-80.1960770327152,25.7662395874262],[-80.1960092683018,25.766241427902],[-80.1960070910493,25.7662406769842],[-80.1960061403679,25.7662387598188],[-80.1960051656959,25.7662093421354],[-80.1959943365051,25.7658822651882],[-80.1959951580381,25.7658802994661],[-80.1959972820809,25.7658794320605],[-80.1960075076038,25.7658791561905]]]},"properties":{"OBJECTID":10013,"UBID":"C2XGX6XC+XXW-0-0-0-0","UNIQUEID":"D3_MDC_Building_20083","ADDRESS":"120 SW 8 ST","SOURCE":"P","TYPE":"L","BLDG_HEIGHT":19.74066925,"FLOORS":0,"YEAR_BUILT":0,"BLDG_TYPE":"VACANT LAND - COMMERCIAL : VACANT LAND"}},{"type":"Feature","id":10956,"geometry":{"type":"Polygon","coordinates":[[[-80.1986216634711,25.7681104871084],[-80.1986206591546,25.7680571958476],[-80.1984984307838,25.7680590856434],[-80.1984962642888,25.7680583095083],[-80.1984953414775,25.7680563811967],[-80.198491334093,25.7678438558234],[-80.198492183827,25.7678419004709],[-80.198494320093,25.7678410591469],[-80.1985660002628,25.7678399500224],[-80.1985638416112,25.767720555256],[-80.1985646920124,25.7677185999228],[-80.1985668285095,25.7677177585766],[-80.1987705385682,25.7677146067505],[-80.1989451171605,25.7677119071499],[-80.1989472834695,25.7677126828827],[-80.1989482064668,25.7677146107954],[-80.1989517197778,25.767900831316],[-80.1989508697808,25.7679027872396],[-80.1989487328795,25.7679036288],[-80.1987772112541,25.767906280666],[-80.1987810183143,25.7681080868422],[-80.1987801689516,25.7681100429985],[-80.1987780323143,25.7681108851303],[-80.1986248192527,25.7681132538459],[-80.1986247536757,25.7681132530369],[-80.1986225871003,25.7681124789563],[-80.1986216652677,25.7681105510184],[-80.1986216634711,25.7681104871084]]]},"properties":{"OBJECTID":10956,"UBID":"CQXFXCXR+XFR-0-0-0-0","UNIQUEID":"D3_MDC_Building_21127","ADDRESS":"220 SW 6 ST","SOURCE":"P","TYPE":"L","BLDG_HEIGHT":21.18000031,"FLOORS":0,"YEAR_BUILT":0,"BLDG_TYPE":"VACANT LAND - COMMERCIAL : VACANT LAND"}},{"type":"Feature","id":11529,"geometry":{"type":"Polygon","coordinates":[[[-80.1981239375149,25.7661149543853],[-80.1981185826575,25.765973523903],[-80.1980948868969,25.7659742584769],[-80.1980927064024,25.765973516889],[-80.1980917463867,25.7659716041408],[-80.1980850081237,25.7657937117107],[-80.1980858180915,25.7657917450254],[-80.1980879339366,25.7657908680637],[-80.1982386739362,25.765786189597],[-80.1982408551659,25.7657869313271],[-80.1982418153448,25.7657888447462],[-80.1982483200457,25.7659605750137],[-80.1982475096749,25.7659625421514],[-80.1982453933346,25.7659634194656],[-80.19822015337,25.7659642025797],[-80.1982127557436,25.7659644315273],[-80.1982183504512,25.7661121309711],[-80.1982175407134,25.7661140983421],[-80.1982154246383,25.7661149762284],[-80.1981562193729,25.7661168158971],[-80.1981363872664,25.766117432356],[-80.1981270861099,25.7661177195514],[-80.1981249020488,25.7661169806549],[-80.1981239411082,25.7661150660275],[-80.1981239375149,25.7661149543853]]]},"properties":{"OBJECTID":11529,"UBID":"CQXXXVXH+X7X-0-0-0-0","UNIQUEID":"D3_MDC_Building_26360","ADDRESS":"200 SW 8 ST","SOURCE":"P","TYPE":"L","BLDG_HEIGHT":27,"FLOORS":1,"YEAR_BUILT":1979,"BLDG_TYPE":"DRIVE-IN RESTAURANT : RETAIL OUTLET"}},{"type":"Feature","id":11560,"geometry":{"type":"Polygon","coordinates":[[[-80.1952841005937,25.7614157463768],[-80.1952681447176,25.7613616099065],[-80.1952680672141,25.761360540455],[-80.195268448948,25.7613595253667],[-80.1952692320857,25.7613587184305],[-80.1952702979794,25.7613582418996],[-80.1952877324824,25.7613540292615],[-80.1952889169395,25.7613539612557],[-80.1952900398048,25.7613543075101],[-80.1952909293997,25.7613550150849],[-80.195291449711,25.7613559757964],[-80.1952973166082,25.7613758747858],[-80.1953641243159,25.7613597289034],[-80.195365308635,25.7613596607117],[-80.1953664314521,25.761360006747],[-80.1953673210955,25.7613607141029],[-80.1953678415445,25.7613616746292],[-80.1953771480908,25.761393252015],[-80.1953772276425,25.761394321442],[-80.1953768469266,25.761395336943],[-80.1953760638511,25.7613961440574],[-80.1953749975241,25.7613966200208],[-80.1953748717599,25.7613966515732],[-80.1952878187207,25.7614176912926],[-80.1952866344466,25.7614177594212],[-80.1952855116105,25.7614174135739],[-80.1952846216904,25.7614167065681],[-80.1952841005937,25.7614157463768]]]},"properties":{"OBJECTID":11560,"UBID":"C7XJXXX7+X7V-0-0-0-0","UNIQUEID":null,"ADDRESS":"1420 SW 1 CT","SOURCE":null,"TYPE":null,"BLDG_HEIGHT":null,"FLOORS":0,"YEAR_BUILT":0,"BLDG_TYPE":"PARKING LOT/MOBILE HOME PARK : PARKING LOT"}},{"type":"Feature","id":15356,"geometry":{"type":"Polygon","coordinates":[[[-80.1938030948972,25.7627682059805],[-80.1938575893973,25.7627672934014],[-80.1938587585141,25.7627674857887],[-80.1938597569546,25.7627680663691],[-80.1938604327939,25.7627689468005],[-80.1938606831951,25.7627699931145],[-80.1938623657396,25.7628527222611],[-80.1938621588281,25.7628537764283],[-80.1938615197249,25.7628546790378],[-80.1938605457302,25.7628552926723],[-80.1938593851295,25.7628555239092],[-80.1938046804237,25.7628564364876],[-80.193803511444,25.7628562442869],[-80.1938025130515,25.7628556639259],[-80.1938018371638,25.7628547837137],[-80.1938015866258,25.7628537375855],[-80.1937999103695,25.7627711872339],[-80.1937999040813,25.7627710076306],[-80.1938001102451,25.7627699533246],[-80.1938007493381,25.7627690506859],[-80.1938017237579,25.7627684375653],[-80.1938028846914,25.7627682075986],[-80.1938030948972,25.7627682059805]]]},"properties":{"OBJECTID":15356,"UBID":"CMXPX6XX+X4V-0-0-0-0","UNIQUEID":"D1_Small_Building_384","ADDRESS":"1150 S MIAMI AVE","SOURCE":"L","TYPE":"S","BLDG_HEIGHT":11.55245018,"FLOORS":3,"YEAR_BUILT":1991,"BLDG_TYPE":"OFFICE BUILDING - MULTISTORY : OFFICE BUILDING"}},{"type":"Feature","id":18269,"geometry":{"type":"Polygon","coordinates":[[[-80.1977938794115,25.77028967501],[-80.1978402863791,25.7702899314544],[-80.1978424326584,25.7702907521468],[-80.1978433065151,25.7702926989501],[-80.1978422231468,25.7704537766351],[-80.1978413235306,25.7704557135014],[-80.1978391661799,25.7704565093412],[-80.1978390305343,25.7704565085322],[-80.1977927592123,25.7704562553241],[-80.1977906127461,25.7704554342291],[-80.1977897390764,25.7704534870233],[-80.1977908215463,25.7702924093379],[-80.197791721808,25.770290472008],[-80.1977938794115,25.77028967501]]]},"properties":{"OBJECTID":18269,"UBID":"C8XPXFXV+XWW-0-0-0-0","UNIQUEID":null,"ADDRESS":"444 SW 2 AVE","SOURCE":null,"TYPE":null,"BLDG_HEIGHT":null,"FLOORS":9,"YEAR_BUILT":1992,"BLDG_TYPE":"MUNICIPAL : OFFICE BUILDING"}},{"type":"Feature","id":21156,"geometry":{"type":"Polygon","coordinates":[[[-80.1932420152556,25.7611349791559],[-80.1931229696158,25.7611098796472],[-80.1931198039527,25.7611221931639],[-80.193118453967,25.7611239034946],[-80.1931161558944,25.7611242497315],[-80.1930511798516,25.7611105495285],[-80.1930492890922,25.7611093198868],[-80.1930489125038,25.7611072470463],[-80.1930520790651,25.7610949351462],[-80.1929312637443,25.7610694618546],[-80.1929293723494,25.7610682319755],[-80.1929289954982,25.7610661585623],[-80.1929482544795,25.7609912588316],[-80.1929315089843,25.7609877281979],[-80.1929296177747,25.7609864987226],[-80.1929292407383,25.7609844257124],[-80.1929410526859,25.7609384878213],[-80.1929424029875,25.7609367780787],[-80.1929447007443,25.7609364320596],[-80.1929614453412,25.7609399626948],[-80.1929696469597,25.7609080696641],[-80.1929709978567,25.7609063600998],[-80.1929732959164,25.7609060147109],[-80.1932840492243,25.7609715401928],[-80.1932859399849,25.7609727698352],[-80.1932863165721,25.7609748426787],[-80.1932520700985,25.7611080245293],[-80.1932456938566,25.7611328093237],[-80.1932456642122,25.7611329233976],[-80.1932443145321,25.7611346348467],[-80.1932420152556,25.7611349791559]]]},"properties":{"OBJECTID":21156,"UBID":"CVX6XVX7+X2W-0-0-0-0","UNIQUEID":"D1_MDC_Building_108","ADDRESS":"1300 BRICKELL AVE","SOURCE":"P","TYPE":"L","BLDG_HEIGHT":46.60749817,"FLOORS":4,"YEAR_BUILT":1995,"BLDG_TYPE":"OFFICE BUILDING - MULTISTORY : OFFICE BUILDING"}},{"type":"Feature","id":22407,"geometry":{"type":"Polygon","coordinates":[[[-80.1988055800508,25.7676613776042],[-80.198806763132,25.7675837994199],[-80.1988076790219,25.767581868554],[-80.1988098425568,25.7675810860634],[-80.1989939720372,25.7675833957333],[-80.1989961104562,25.7675842317547],[-80.1989969670204,25.7675861843259],[-80.1989967954422,25.7675974147408],[-80.1990112619115,25.7675975967637],[-80.1990134008462,25.767598433126],[-80.199014257793,25.767600386165],[-80.1990137188038,25.7676357406876],[-80.1990128026508,25.7676376721245],[-80.1990106384807,25.7676384548518],[-80.1989948065721,25.76763825584],[-80.1989944202965,25.7676637439019],[-80.1989935042216,25.7676656743627],[-80.1989913408718,25.7676664564475],[-80.1988087349341,25.767664166195],[-80.1988085759322,25.767664164577],[-80.1988064365815,25.7676633302776],[-80.1988055800508,25.7676613776042]]]},"properties":{"OBJECTID":22407,"UBID":"CGXJXWX8+XJW-0-0-0-0","UNIQUEID":"D3_MDC_Building_21009","ADDRESS":"220 SW 6 ST","SOURCE":"P","TYPE":"L","BLDG_HEIGHT":18.71999931,"FLOORS":0,"YEAR_BUILT":0,"BLDG_TYPE":"VACANT LAND - COMMERCIAL : VACANT LAND"}},{"type":"Feature","id":22420,"geometry":{"type":"Polygon","coordinates":[[[-80.1952447903169,25.7698119271063],[-80.1952467387627,25.7697574279987],[-80.1951962462572,25.7697534017232],[-80.1951941992891,25.7697524455399],[-80.1951934803445,25.7697504724197],[-80.1952029809269,25.7696251627156],[-80.1952000119949,25.7696111212962],[-80.1951833069239,25.7696100817603],[-80.1951812289986,25.7696091492186],[-80.1951804826206,25.7696071694417],[-80.1951872127987,25.7695074338129],[-80.1951308623793,25.7695047132196],[-80.1951287708534,25.7695038122373],[-80.1951279877704,25.7695018470102],[-80.1951337181236,25.7693826682949],[-80.1951360429635,25.7693801151574],[-80.1950423370013,25.7693283938865],[-80.1950409027308,25.7693257059396],[-80.1950430233142,25.7693234154278],[-80.1955979297332,25.769168638975],[-80.1956005528901,25.7691690052461],[-80.1956018562693,25.7691710877586],[-80.1956051773409,25.7692170192279],[-80.1956046266736,25.7692187828044],[-80.195605288732,25.769219814254],[-80.1956104396718,25.769234606453],[-80.1956222659925,25.7692685722796],[-80.1956283871129,25.7692861433174],[-80.1956538103337,25.7693247429629],[-80.195654014247,25.7693271742295],[-80.1956519957369,25.7693287991851],[-80.1954532623449,25.7693778880384],[-80.1954378274916,25.7696340250612],[-80.1954581051626,25.7696349602389],[-80.1954602162588,25.7696358741128],[-80.1954609842631,25.7696378668939],[-80.1954580306024,25.7696840352128],[-80.1954552071975,25.7697282118136],[-80.195459143615,25.7697283930243],[-80.1954620209189,25.7697309510082],[-80.1954665672925,25.7697906477997],[-80.1954653424926,25.7697930500725],[-80.1954624332456,25.7697934015545],[-80.1953906497696,25.7697681008235],[-80.1953692348315,25.7697668307307],[-80.195366503953,25.7698067488508],[-80.1953654977648,25.7698086285092],[-80.1953633140355,25.7698093262484],[-80.1953408166275,25.7698082341308],[-80.1953097861226,25.7698067261995],[-80.1952484770028,25.7698148798686],[-80.1952482587122,25.7698149122277],[-80.1952457894457,25.7698142397874],[-80.1952447822321,25.7698121010361],[-80.1952447903169,25.7698119271063]]]},"properties":{"OBJECTID":22420,"UBID":"CCXGXGXF+X5X-0-0-0-0","UNIQUEID":"D3_MDC_Building_48","ADDRESS":"92 SW 3 ST","SOURCE":"P","TYPE":"L","BLDG_HEIGHT":529,"FLOORS":0,"YEAR_BUILT":0,"BLDG_TYPE":"PVT PARK -REC AREA -ROADWAY : COMMON AREA"}},{"type":"Feature","id":23071,"geometry":{"type":"Polygon","coordinates":[[[-80.1982832932564,25.7690807011569],[-80.1982790576998,25.7689416874014],[-80.1981816686449,25.7689437761928],[-80.1981794654715,25.7689429854647],[-80.1981785586774,25.7689410119015],[-80.1981797264873,25.768719520531],[-80.1981806243675,25.7687175834178],[-80.1981827798609,25.768716784549],[-80.1982976258768,25.7687172812648],[-80.1982997630225,25.7687180905292],[-80.198300649606,25.7687200196738],[-80.1983012927997,25.7688465429985],[-80.1983665473203,25.7688468245245],[-80.1983686946596,25.7688476429326],[-80.1983695710495,25.7688495888179],[-80.1983692629274,25.7689080483101],[-80.1983817872391,25.7689081008939],[-80.1983839015362,25.7689088895232],[-80.19838481007,25.7689107810518],[-80.1983854640435,25.768933546616],[-80.1984399244076,25.7689337796028],[-80.1984420380754,25.7689345679897],[-80.1984429463403,25.7689364589511],[-80.198446723756,25.7690678472573],[-80.1984458613972,25.7690698402248],[-80.198443672179,25.7690706697922],[-80.1983893986645,25.7690704351877],[-80.1983897040917,25.7690810813779],[-80.1983888421802,25.7690830741723],[-80.198386653413,25.7690839039125],[-80.1983364878943,25.7690836871056],[-80.1982864499363,25.7690834686807],[-80.198286317884,25.7690834678718],[-80.1982842053836,25.7690826820912],[-80.1982832968497,25.7690807933807],[-80.1982832932564,25.7690807011569]]]},"properties":{"OBJECTID":23071,"UBID":"CRX3XJXQ+XCR-0-0-0-0","UNIQUEID":"D3_MDC_Building_17837","ADDRESS":"275 SW 6 ST","SOURCE":"P","TYPE":"L","BLDG_HEIGHT":25.00068092,"FLOORS":55,"YEAR_BUILT":2025,"BLDG_TYPE":"MIXED USE-STORE/RESIDENTIAL : MIXED USE - COMMERCIAL"}},{"type":"Feature","id":24869,"geometry":{"type":"Polygon","coordinates":[[[-80.1985549536798,25.7655809848888],[-80.1985511771623,25.7654127554501],[-80.1985520199269,25.7654107972226],[-80.1985541532809,25.7654099490083],[-80.1986596379531,25.7654080098209],[-80.1986618070051,25.765408779418],[-80.1986627371408,25.76541070462],[-80.1986635689808,25.7654476956044],[-80.1986706054844,25.7654475677815],[-80.1986727739813,25.7654483376446],[-80.1986737037738,25.7654502625796],[-80.1986755210656,25.765531228654],[-80.1986746783002,25.7655331868788],[-80.1986725449471,25.765534035093],[-80.1986655093418,25.7655341629158],[-80.1986665154549,25.765579004445],[-80.1986656726904,25.7655809626698],[-80.1986635393364,25.7655818108828],[-80.198558111258,25.7655837508764],[-80.1985580546641,25.7655837508764],[-80.1985558857993,25.7655829827647],[-80.198554957273,25.7655810576993],[-80.1985549536798,25.7655809848888]]]},"properties":{"OBJECTID":24869,"UBID":"CCX2X4XF+X7X-0-0-0-0","UNIQUEID":"D3_MDC_Building_13635","ADDRESS":"259 SW 9 ST","SOURCE":"P","TYPE":"L","BLDG_HEIGHT":22.29999924,"FLOORS":0,"YEAR_BUILT":0,"BLDG_TYPE":"VACANT LAND - COMMERCIAL : VACANT LAND"}},{"type":"Feature","id":29469,"geometry":{"type":"Polygon","coordinates":[[[-80.1898432456663,25.7679297114117],[-80.1897965611193,25.7679195278599],[-80.1897946784051,25.7679182854662],[-80.1897943189243,25.7679162085784],[-80.1898164453281,25.7678330323535],[-80.1898178097989,25.7678313319797],[-80.1898201104545,25.7678310025989],[-80.1898439517421,25.7678362035923],[-80.1898486077102,25.7678187067668],[-80.1897172290999,25.7677901995884],[-80.1896963818971,25.7678685526496],[-80.1896950174814,25.7678702532347],[-80.1896927167708,25.7678705832125],[-80.1895153525028,25.7678318900604],[-80.1895134735903,25.7678306524265],[-80.1895131076129,25.7678285821023],[-80.1895267143945,25.7677764419075],[-80.1894372035646,25.7677569177443],[-80.1894225987547,25.7678114218154],[-80.1894212380526,25.7678131158933],[-80.1894189462048,25.7678134499524],[-80.1892003178242,25.7677661321401],[-80.1891988805197,25.7677715297209],[-80.1891975156546,25.767773230475],[-80.1891952144951,25.7677735602855],[-80.1891030338722,25.7677534512221],[-80.189101162019,25.7677522237945],[-80.1891007826941,25.7677501667225],[-80.1891094729961,25.7677154667072],[-80.1891082737452,25.7677152045943],[-80.189083618584,25.7677098215728],[-80.1890813386597,25.7677066689375],[-80.1890935252049,25.7676440336523],[-80.1890651582049,25.7676375965125],[-80.1890632961948,25.7676363488721],[-80.189062944756,25.7676342828861],[-80.1890992789143,25.7674977178726],[-80.1891006435165,25.7674960176866],[-80.1891029440406,25.7674956881122],[-80.1891357208704,25.7675028404084],[-80.1891517117808,25.7674429119034],[-80.1891530692729,25.7674412164478],[-80.1891553598392,25.7674408789061],[-80.1892666979338,25.7674646187787],[-80.1892746947365,25.7674345493513],[-80.1892747136011,25.767434483014],[-80.1892760708104,25.7674327732545],[-80.1892783742359,25.7674324354547],[-80.1892797729128,25.7674327404447],[-80.1893568007534,25.7674495310769],[-80.1893761450748,25.7674050729078],[-80.1893796736572,25.7674034055744],[-80.1894290926759,25.7674141845889],[-80.1894314157192,25.7674169804663],[-80.1894290827944,25.7674652772982],[-80.1895050254703,25.7674818414081],[-80.1895068938862,25.7674830638281],[-80.189507278445,25.7674851145891],[-80.1894929808589,25.7675432632917],[-80.1895821871599,25.7675627219617],[-80.1895978447953,25.767503862165],[-80.1895978959993,25.767503667198],[-80.1895992551025,25.767501963164],[-80.1896015548374,25.7675016277298],[-80.1896260995059,25.7675069808281],[-80.1896907063412,25.7675210734628],[-80.1897798497601,25.7675405183836],[-80.1897817305433,25.7675417588821],[-80.1897820928533,25.7675438328216],[-80.1897610830555,25.7676234310824],[-80.189773994541,25.7676262471798],[-80.1898955904979,25.7676525086393],[-80.1899160316622,25.7675756820021],[-80.1899173967132,25.7675739816486],[-80.1899196976869,25.767573652243],[-80.1899728294427,25.7675852426602],[-80.1900259629951,25.7675968322672],[-80.1900278462172,25.7675980744648],[-80.1900282060883,25.7676001515576],[-80.1900000852267,25.7677058461943],[-80.1900019689939,25.7677062595884],[-80.1900020237911,25.7677062717232],[-80.1900038839451,25.7677075197092],[-80.1900042354433,25.7677095845387],[-80.1899963670997,25.7677391539404],[-80.1899907409511,25.7677603025584],[-80.1899845344908,25.7677836297823],[-80.1899446879197,25.7679333963557],[-80.1899433206504,25.767935098411],[-80.1899410165052,25.7679354261086],[-80.1899162984618,25.7679299905128],[-80.1899116326122,25.7679475326252],[-80.1899102716482,25.7679492310999],[-80.1899079755707,25.7679495648048],[-80.1898447584292,25.7679357755918],[-80.1898428754485,25.7679345337716],[-80.189842515336,25.7679324571197],[-80.1898432456663,25.7679297114117]],[[-80.1893736827926,25.7676766157513],[-80.1893971512794,25.7675884001527],[-80.1893197048238,25.7675715076072],[-80.1892963073039,25.7676594513975],[-80.1893327753112,25.7676676933941],[-80.1893736827926,25.7676766157513]]]},"properties":{"OBJECTID":29469,"UBID":"CJX9XVX2+XJX-0-0-0-0","UNIQUEID":"D1_MDC_Building_165","ADDRESS":"609 BRICKELL AVE","SOURCE":"P","TYPE":"L","BLDG_HEIGHT":87.41999817,"FLOORS":1,"YEAR_BUILT":1948,"BLDG_TYPE":"EDUCATIONAL/SCIENTIFIC - EX : EDUCATIONAL - PRIVATE"}},{"type":"Feature","id":30549,"geometry":{"type":"Polygon","coordinates":[[[-80.1925388122545,25.7600699678104],[-80.1925396207383,25.7600700381971],[-80.1925559269573,25.76007349119],[-80.1928002363752,25.7601252318652],[-80.1928334749391,25.7601322721486],[-80.192835368607,25.7601335068822],[-80.1928357377953,25.7601355859844],[-80.1927844359077,25.7603308052179],[-80.1927785761971,25.7603531056112],[-80.1927772210641,25.7603548068952],[-80.1927749272404,25.7603551476294],[-80.1924982910487,25.7602965609509],[-80.192496401223,25.7602953290818],[-80.1924960272942,25.7602932552099],[-80.1925011000806,25.7602736133141],[-80.1924877699801,25.7602707897609],[-80.1924858800208,25.7602695590634],[-80.1924855071239,25.7602674856374],[-80.1924855394632,25.7602673634722],[-80.1925359708833,25.7600720907376],[-80.1925388122545,25.7600699678104]]]},"properties":{"OBJECTID":30549,"UBID":"C4XHXPX9+X5X-0-0-0-0","UNIQUEID":"D1_MDC_Building_32","ADDRESS":"1414 BRICKELL AVE","SOURCE":"P","TYPE":"L","BLDG_HEIGHT":17,"FLOORS":1,"YEAR_BUILT":1966,"BLDG_TYPE":"STORE : RETAIL OUTLET"}},{"type":"Feature","id":33698,"geometry":{"type":"Polygon","coordinates":[[[-80.1963504295821,25.7664441858646],[-80.1965410071696,25.7664376701868],[-80.1965431904284,25.7664384044375],[-80.1965441575613,25.7664403139955],[-80.1965582943489,25.7667779403401],[-80.1965574902889,25.7667799116759],[-80.1965553739259,25.7667807936713],[-80.196364766694,25.7667873093302],[-80.1963625831288,25.7667865747935],[-80.1963616163023,25.7667846647203],[-80.1963475172439,25.7664471645986],[-80.1963475127523,25.7664470383948],[-80.1963483148372,25.7664450678259],[-80.1963504295821,25.7664441858646]]]},"properties":{"OBJECTID":33698,"UBID":"CGXGX9XH+XCX-0-0-0-0","UNIQUEID":"D3_MDC_Building_22806","ADDRESS":"128 SW 7 ST","SOURCE":"P","TYPE":"L","BLDG_HEIGHT":31.23406029,"FLOORS":0,"YEAR_BUILT":0,"BLDG_TYPE":"VACANT LAND - COMMERCIAL : EXTRA FEA OTHER THAN PARKING"}},{"type":"Feature","id":37913,"geometry":{"type":"Polygon","coordinates":[[[-80.1926410117878,25.7694669363636],[-80.1926424675623,25.7694672146955],[-80.1926436007324,25.7694680834949],[-80.1926945154461,25.7695326957685],[-80.1926950411926,25.7695347470053],[-80.1926938075736,25.7695365351775],[-80.1926937033691,25.7695366031317],[-80.1926182538684,25.7695853488925],[-80.1926159884696,25.7695858227767],[-80.1926140183118,25.7695847098002],[-80.1925631018015,25.769520095937],[-80.1925625791488,25.7695180458254],[-80.1925638114705,25.7695162589543],[-80.1926393660742,25.769467444402],[-80.1926410117878,25.7694669363636]]]},"properties":{"OBJECTID":37913,"UBID":"CFXVX5XG+XFV-0-0-0-0","UNIQUEID":null,"ADDRESS":"451 S MIAMI AVE","SOURCE":null,"TYPE":null,"BLDG_HEIGHT":null,"FLOORS":0,"YEAR_BUILT":0,"BLDG_TYPE":"VACANT LAND - COMMERCIAL : EXTRA FEA OTHER THAN PARKING"}},{"type":"Feature","id":38740,"geometry":{"type":"Polygon","coordinates":[[[-80.1904756820842,25.7613781311803],[-80.1904728092719,25.7613775276413],[-80.1904668058309,25.76140128248],[-80.190465462131,25.761402997243],[-80.190463164959,25.7614033503691],[-80.1902658185658,25.7613624237942],[-80.1902639268283,25.7613611995343],[-80.1902635431332,25.7613591302185],[-80.1902670780039,25.7613451533531],[-80.1902547207788,25.7613426404944],[-80.190254328215,25.7613441897939],[-80.1902529843845,25.7613459043713],[-80.1902506873432,25.7613462576841],[-80.1901838931102,25.7613324062174],[-80.1901820012677,25.761331180576],[-80.1901816185759,25.7613291102137],[-80.1901819383762,25.7613278440758],[-80.1901290338942,25.7613170887797],[-80.1901271268485,25.7613158676021],[-80.1901267378003,25.7613137895394],[-80.1901774827324,25.7611131594763],[-80.1901788363859,25.7611114396226],[-80.1901811460621,25.7611110972454],[-80.1901940494628,25.7611139070249],[-80.1902099774911,25.7610510473943],[-80.1902100053389,25.7610509397926],[-80.1902128467102,25.7610488055564],[-80.1902136516007,25.7610488743244],[-80.1907199708409,25.7611538717428],[-80.190721863288,25.761155096624],[-80.1907222462735,25.7611571669424],[-80.1907049851453,25.7612253208388],[-80.1907151504811,25.761227529503],[-80.1907170299118,25.7612287570035],[-80.1907174088457,25.7612308198463],[-80.1907173747097,25.761230954955],[-80.1906680401326,25.7614260437511],[-80.1906666963021,25.7614277583273],[-80.1906643992608,25.7614281116399],[-80.1905572086878,25.7614058834524],[-80.1905179316486,25.7613973530051],[-80.1905156104019,25.7613945408051],[-80.1904766810108,25.7613864682699],[-80.1904747895379,25.7613852434385],[-80.1904744064765,25.7613831738858],[-80.1904756820842,25.7613781311803]]]},"properties":{"OBJECTID":38740,"UBID":"C5XGX7X6+XWX-0-0-0-0","UNIQUEID":null,"ADDRESS":"170 SE 12 TER","SOURCE":null,"TYPE":null,"BLDG_HEIGHT":83,"FLOORS":0,"YEAR_BUILT":0,"BLDG_TYPE":"VACANT LAND - COMMERCIAL : VACANT LAND"}},{"type":"Feature","id":40279,"geometry":{"type":"Polygon","coordinates":[[[-80.1923245407031,25.7693045710619],[-80.19232361454,25.7692880840594],[-80.1922781418203,25.7692901768895],[-80.192275947952,25.7692894677016],[-80.1922749545977,25.7692875687394],[-80.1922604261446,25.7690287799371],[-80.1922612033396,25.7690267990664],[-80.19226330794,25.7690258926826],[-80.1922786547583,25.7690251864419],[-80.1922774034052,25.7690028787788],[-80.1922781797028,25.7690008982435],[-80.192280283404,25.7689999915238],[-80.1922833439641,25.768999850761],[-80.1922829918245,25.7689935398959],[-80.192283767675,25.7689915595294],[-80.192285870925,25.7689906526406],[-80.1923047615971,25.7689897837943],[-80.1923069557302,25.7689904924102],[-80.1923079497181,25.768992391142],[-80.1923083054509,25.7689987020072],[-80.1923219427753,25.7689980742375],[-80.1923225419516,25.7689981001249],[-80.1923279543011,25.7689988257814],[-80.1923286630719,25.7689990029483],[-80.1923312008126,25.7689999462208],[-80.1923318440063,25.7690002730493],[-80.192336253836,25.7690032039894],[-80.1923369410472,25.7690038382309],[-80.1923400905406,25.7690078888012],[-80.1923406403096,25.7690093320241],[-80.1923571288866,25.7693030720229],[-80.1923561533162,25.769305234425],[-80.1923517327067,25.7693089209444],[-80.1923508505611,25.7693094330283],[-80.1923453097524,25.7693115396107],[-80.1923445488794,25.7693117281029],[-80.1923415619811,25.7693121018514],[-80.1923410373649,25.7693121269298],[-80.1923380235172,25.7693120290432],[-80.1923372464744,25.7693119109323],[-80.1923314981549,25.7693103237147],[-80.1923305630087,25.7693098941466],[-80.1923257534287,25.7693066347685],[-80.1923245407031,25.7693045710619]]]},"properties":{"OBJECTID":40279,"UBID":"C5X3X2XF+XCW-0-0-0-0","UNIQUEID":null,"ADDRESS":"451 S MIAMI AVE","SOURCE":null,"TYPE":null,"BLDG_HEIGHT":null,"FLOORS":0,"YEAR_BUILT":0,"BLDG_TYPE":"VACANT LAND - COMMERCIAL : EXTRA FEA OTHER THAN PARKING"}},{"type":"Feature","id":44126,"geometry":{"type":"Polygon","coordinates":[[[-80.196654444627,25.767389827445],[-80.1970116453267,25.7673805167498],[-80.1970138216131,25.767381269866],[-80.1970147696673,25.7673831880433],[-80.1970299278394,25.7678600485543],[-80.1970291032434,25.7678620131538],[-80.197026977772,25.7678628775899],[-80.196669776174,25.7678721882472],[-80.1966675990683,25.7678714344909],[-80.1966666509351,25.7678695153468],[-80.1966515008478,25.7673928061553],[-80.1966514963563,25.7673926548737],[-80.1966523195571,25.7673906906757],[-80.196654444627,25.767389827445]]]},"properties":{"OBJECTID":44126,"UBID":"CGXWX4X3+XFR-0-0-0-0","UNIQUEID":"D3_MDC_Building_27283","ADDRESS":"615 SW 2 AVE","SOURCE":"P","TYPE":"L","BLDG_HEIGHT":312.88000488,"FLOORS":0,"YEAR_BUILT":0,"BLDG_TYPE":"PVT PARK -REC AREA -ROADWAY : COMMON AREA"}},{"type":"Feature","id":45440,"geometry":{"type":"Polygon","coordinates":[[[-80.193388281645,25.764420417284],[-80.1933883597985,25.7643163070062],[-80.1933804267762,25.7643163029611],[-80.1933782933653,25.7643155077348],[-80.1933773913689,25.764313593575],[-80.1933764930536,25.7642619299634],[-80.1933773400132,25.764259980907],[-80.1933794664772,25.7642591364387],[-80.1934014186078,25.7642587052343],[-80.1934011015025,25.7642403737881],[-80.1934007817022,25.7642219630557],[-80.1933788358598,25.7642222373115],[-80.1933766742656,25.7642214570411],[-80.1933757564351,25.7642195295413],[-80.1933748437467,25.764167041503],[-80.1933756968466,25.7641650866388],[-80.1933778351366,25.764164247976],[-80.1935272626976,25.7641621186498],[-80.1935300681362,25.7641637132174],[-80.1936230958704,25.7641633871846],[-80.1936252378001,25.7641641768279],[-80.1936261456508,25.7641660941471],[-80.1936266909282,25.7641974005762],[-80.1936412301611,25.7641971934685],[-80.1936433955771,25.7641979713649],[-80.1936443158741,25.7641999004302],[-80.1936446994547,25.7642219266501],[-80.1936580672844,25.7642217357228],[-80.1936602323297,25.7642225142906],[-80.1936611520991,25.7642244434929],[-80.1936612383374,25.7642294407728],[-80.1937361210012,25.7642283736833],[-80.1937383118915,25.7642291752937],[-80.1937392058159,25.7642311469834],[-80.1937390243562,25.7642464672812],[-80.1937394986666,25.7642478959998],[-80.193739929858,25.7642727335336],[-80.1937386856913,25.7642749939179],[-80.1937373364217,25.7643883439694],[-80.1937361506456,25.7643904943258],[-80.1937219527725,25.7644003893628],[-80.1937202118375,25.7644009589078],[-80.1934366146006,25.7644099648388],[-80.1934369631469,25.7644189780503],[-80.1934361542572,25.7644209450728],[-80.1934340391307,25.7644218233481],[-80.1933914302401,25.7644231752084],[-80.1933892045892,25.7644223993669],[-80.193388281645,25.764420417284]]]},"properties":{"OBJECTID":45440,"UBID":"C6XJXWXG+X6V-0-0-0-0","UNIQUEID":"D1_MDC_Building_140","ADDRESS":"1000 S MIAMI AVE","SOURCE":"P","TYPE":"L","BLDG_HEIGHT":27.34000015,"FLOORS":1,"YEAR_BUILT":1925,"BLDG_TYPE":"NIGHTCLUB LOUNGE OR BAR : ENTERTAINMENT"}},{"type":"Feature","id":48949,"geometry":{"type":"Polygon","coordinates":[[[-80.1987499976909,25.7599705550669],[-80.1987291522847,25.7599458897684],[-80.1987242690428,25.7599492739962],[-80.1987220211831,25.7599498166148],[-80.1987200101301,25.7599487618718],[-80.1986928639405,25.7599166396156],[-80.198692264475,25.7599146058462],[-80.1986934298791,25.7599127820964],[-80.1986989149923,25.7599089812102],[-80.1986843613863,25.7598917591002],[-80.1986795437215,25.7598950980231],[-80.1986772952792,25.759895640044],[-80.1986752839104,25.7598945850895],[-80.1986454984705,25.7598593423366],[-80.1986448992683,25.7598573079949],[-80.1986460653075,25.7598554840065],[-80.1986726886775,25.7598370345691],[-80.1986458748646,25.7598053062871],[-80.1986263535752,25.7598188351234],[-80.1986241060313,25.7598193768078],[-80.1986220955607,25.7598183221894],[-80.1986033611955,25.7597961551879],[-80.1985984411227,25.7597995645003],[-80.1985961933165,25.7598001067581],[-80.1985941822099,25.7597990523754],[-80.198566821323,25.7597666744206],[-80.1985662220353,25.7597646414348],[-80.1985673872616,25.7597628185147],[-80.1985728023061,25.7597590653572],[-80.1985237821394,25.7597010608969],[-80.198518575504,25.7597046700462],[-80.1985163270618,25.7597052120679],[-80.1985143156929,25.7597041571118],[-80.1984975782826,25.7596843516914],[-80.1984969934793,25.7596822344205],[-80.1985042294089,25.7596423015691],[-80.1985053801508,25.7596405629307],[-80.198526393542,25.7596260001141],[-80.1985286419842,25.7596254580921],[-80.198530653353,25.7596265130489],[-80.1985351745738,25.7596318632661],[-80.1985393211972,25.7596289887278],[-80.1985348053663,25.7596236449829],[-80.1985342063495,25.7596216110417],[-80.1985353722032,25.7596197874542],[-80.1986391761276,25.7595478511555],[-80.1986414245698,25.759547309133],[-80.1986434359386,25.7595483640906],[-80.1986471774218,25.7595527903809],[-80.1987115641698,25.759508166636],[-80.1987138120577,25.7595076238251],[-80.1987158230825,25.7595086787623],[-80.198974625021,25.7598148869881],[-80.198975225169,25.7598169202377],[-80.1989740599806,25.7598187437014],[-80.198754257502,25.7599710680002],[-80.1987520090597,25.7599716100207],[-80.1987499976909,25.7599705550669]]]},"properties":{"OBJECTID":48949,"UBID":"CHX9X6XR+XJW-0-0-0-0","UNIQUEID":null,"ADDRESS":"1700 SW 2 AVE","SOURCE":null,"TYPE":null,"BLDG_HEIGHT":28.20000076,"FLOORS":0,"YEAR_BUILT":0,"BLDG_TYPE":"REFERENCE FOLIO"}},{"type":"Feature","id":50174,"geometry":{"type":"Polygon","coordinates":[[[-80.19614531366,25.7683122363084],[-80.1961441880709,25.768281912265],[-80.1961275449837,25.7682824793645],[-80.1961253564653,25.7682817400006],[-80.1961243936936,25.768279821844],[-80.1961239112983,25.7682667615662],[-80.1961194394848,25.7682669023299],[-80.1961172563773,25.7682661598211],[-80.196116297178,25.7682642440001],[-80.1961154401852,25.7682410721962],[-80.1961134890444,25.7682421360137],[-80.1961134144842,25.7682421756541],[-80.1961112154084,25.7682433009546],[-80.1961111435432,25.76824333655],[-80.1961089076365,25.7682444044124],[-80.196108832178,25.7682444400078],[-80.1961065657285,25.7682454512411],[-80.1961064884734,25.7682454836006],[-80.1961041932778,25.7682464365869],[-80.1961041151244,25.7682464681374],[-80.1961017848946,25.7682473636856],[-80.196101712131,25.7682473903822],[-80.1960993603416,25.7682482252564],[-80.1960992794932,25.768248251953],[-80.196096902551,25.7682490261532],[-80.1960968234992,25.7682490512318],[-80.1960944106244,25.768249768803],[-80.1960943414541,25.7682497874096],[-80.1960919213927,25.7682504402619],[-80.1960918396461,25.7682504612955],[-80.1960917327465,25.7682504863741],[-80.1960926256719,25.7682745747579],[-80.1960917925625,25.7682765610476],[-80.1960896351803,25.7682774175363],[-80.1960863392616,25.7682774652665],[-80.1960862673963,25.7682774644576],[-80.1960829705792,25.7682774401879],[-80.196082898714,25.76827743857],[-80.1960796036936,25.7682773439186],[-80.1960795381165,25.7682773406826],[-80.1960762395028,25.7682771732224],[-80.1960761667393,25.7682771691775],[-80.1960728824986,25.7682769305265],[-80.1960728088368,25.7682769240546],[-80.196069529986,25.7682766142128],[-80.1960694581207,25.7682766069319],[-80.1960661891514,25.7682762267083],[-80.1960661505239,25.7682762218543],[-80.1960661163879,25.7682762170004],[-80.1960628581983,25.7682757680129],[-80.1960627863331,25.7682757558781],[-80.19605954072,25.7682752340819],[-80.1960594697531,25.7682752219471],[-80.196056238513,25.7682746305779],[-80.1960561675461,25.7682746168252],[-80.1960529416959,25.7682739542653],[-80.1960528824071,25.7682739405125],[-80.196049685303,25.7682732091887],[-80.1960496161328,25.768273193818],[-80.1960464405882,25.7682723937303],[-80.1960463714179,25.7682723751236],[-80.1960432165347,25.7682715078901],[-80.1960431482627,25.7682714868565],[-80.196040014939,25.7682705508591],[-80.1960399484637,25.7682705298254],[-80.196036843886,25.7682695266822],[-80.1960367765124,25.7682695040306],[-80.1960336997825,25.7682684329324],[-80.1960336315106,25.7682684094718],[-80.1960305826285,25.7682672720368],[-80.1960305224414,25.7682672493851],[-80.1960274996105,25.7682660448042],[-80.1960274331351,25.7682660172986],[-80.1960244489317,25.7682647496167],[-80.1960243833547,25.7682647213022],[-80.196021432389,25.7682633897103],[-80.1960213686086,25.7682633597778],[-80.1960184553722,25.768261965085],[-80.1960184185413,25.7682619472873],[-80.1960183915918,25.7682619335345],[-80.1960155142879,25.7682604757407],[-80.1960154514059,25.7682604425723],[-80.1960126145262,25.7682589224865],[-80.1960125516441,25.7682588885091],[-80.196009756087,25.7682573085583],[-80.1960096950015,25.7682572729629],[-80.1960069299871,25.7682556266751],[-80.1960068805797,25.7682555959336],[-80.1960041694642,25.7682538962528],[-80.196004111972,25.7682538590394],[-80.1960014475689,25.7682521003024],[-80.1960013891784,25.7682520606621],[-80.195998772386,25.7682502461051],[-80.1959987157921,25.7682502056558],[-80.1959961448138,25.7682483328516],[-80.1959960909149,25.7682482915933],[-80.1959935729371,25.7682463662051],[-80.1959925010198,25.7682444402557],[-80.1959932917644,25.7682424070243],[-80.1960005016429,25.7682352701434],[-80.1959989987614,25.7682340210679],[-80.1959917987644,25.7682411506679],[-80.1959896259547,25.7682420442605],[-80.195987409596,25.7682412420834],[-80.1959851323667,25.7682391848302],[-80.195985082061,25.768239138718],[-80.1959828578324,25.7682370345435],[-80.1959828084251,25.7682369884313],[-80.1959806389937,25.7682348365265],[-80.1959805913829,25.7682347896053],[-80.1959784713589,25.7682325875433],[-80.195978431833,25.7682325438581],[-80.195976374691,25.7682303029647],[-80.1959763297752,25.7682302528075],[-80.1959743292271,25.7682279698468],[-80.1959742870063,25.7682279188806],[-80.1959723484419,25.7682255930436],[-80.1959723053228,25.7682255420774],[-80.1959704260472,25.768223175791],[-80.195970385623,25.7682231248248],[-80.1959685683312,25.7682207197069],[-80.1959685297036,25.7682206663138],[-80.1959667743956,25.7682182239825],[-80.195966735768,25.7682181705893],[-80.1959650451386,25.7682156918536],[-80.195965009206,25.7682156392694],[-80.1959633805604,25.7682131225112],[-80.1959633464244,25.7682130675001],[-80.1959617842542,25.7682105200004],[-80.1959617501182,25.7682104633713],[-80.1959602535249,25.768207883512],[-80.1959602211856,25.7682078268829],[-80.1959587919659,25.768205216282],[-80.1959587650165,25.7682051669338],[-80.1959573995773,25.7682025183105],[-80.1959573708312,25.7682024600635],[-80.1959560790538,25.7681997920244],[-80.1959560494094,25.7681997329684],[-80.1959548268023,25.7681970382327],[-80.1959547998528,25.7681969791766],[-80.1959536455177,25.7681942585533],[-80.1959536248564,25.7681942108231],[-80.1959525369966,25.7681914554132],[-80.1959525136404,25.7681913955482],[-80.1959515012391,25.7681886288125],[-80.1959514796795,25.7681885681384],[-80.1959505373468,25.768185781987],[-80.1959505175839,25.7681857205039],[-80.195949648913,25.7681829149367],[-80.1959496399298,25.7681828866221],[-80.1959496300484,25.7681828534537],[-80.1959488323444,25.7681800292797],[-80.195948817073,25.7681799677966],[-80.1959480930309,25.7681771290608],[-80.1959480786579,25.7681770659598],[-80.1959474273793,25.7681742118532],[-80.1959474139045,25.7681741487521],[-80.1959468353895,25.7681712736118],[-80.1959468246097,25.7681712194096],[-80.1959463224515,25.7681683418422],[-80.19594631257,25.7681682787412],[-80.1959458840736,25.7681653906568],[-80.1959458750905,25.7681653267468],[-80.1959455211543,25.7681624305725],[-80.1959455148661,25.7681623666625],[-80.1959452345917,25.7681594607803],[-80.1959452292018,25.7681594001063],[-80.1959450252842,25.768156492606],[-80.195945801063,25.7681544752338],[-80.1959479475038,25.768153568926],[-80.1959756147163,25.7681527308151],[-80.1959756263944,25.768152673377],[-80.1959756443607,25.7681525981412],[-80.1959761788583,25.7681503904148],[-80.1959761977229,25.768150315988],[-80.1959767986958,25.7681481236323],[-80.1959768202554,25.7681480508235],[-80.1959774903986,25.7681458681756],[-80.1959775119582,25.7681458002207],[-80.1959782476784,25.7681436418424],[-80.1959782737295,25.7681435690335],[-80.1959790741284,25.7681414308799],[-80.1959791028745,25.768141358071],[-80.1959799688505,25.768139239333],[-80.1959799796302,25.7681392118275],[-80.1959799984948,25.7681391681421],[-80.1959809300478,25.7681370720558],[-80.1959809623872,25.7681370016739],[-80.1959819559239,25.7681349298571],[-80.1959819909582,25.7681348602842],[-80.1959830491736,25.7681328143549],[-80.1959830725298,25.7681327722876],[-80.1959830860045,25.768132745591],[-80.1959842062036,25.7681307271673],[-80.1959842448312,25.7681306592124],[-80.1959852293848,25.768129003215],[-80.1959826673896,25.7681290808778],[-80.195980487134,25.7681283369494],[-80.1959795295743,25.768126422545],[-80.1959794181832,25.7681233977407],[-80.1959671247385,25.768123770684],[-80.1959649443835,25.7681230268507],[-80.1959639869232,25.768121112351],[-80.1959480849461,25.767690438163],[-80.1959488962659,25.7676884730934],[-80.1959510116573,25.7676875977975],[-80.1960082846465,25.7676858641309],[-80.1960068536303,25.767647123188],[-80.1959623358197,25.7676484709666],[-80.1959601557502,25.7676477274396],[-80.1959591980045,25.767645813432],[-80.1959533553619,25.7674875666434],[-80.1959541666816,25.7674856015705],[-80.1959562820731,25.7674847262731],[-80.1959819316694,25.7674839488319],[-80.1959789492626,25.7674031644947],[-80.1959797605824,25.7674011994203],[-80.1959818759738,25.7674003241223],[-80.1965049694553,25.7673844905213],[-80.1965071494832,25.7673852331872],[-80.1965081081689,25.7673871464438],[-80.1965088546689,25.7674072741761],[-80.1965314616714,25.7674065590268],[-80.1965336446573,25.7674073016575],[-80.1965346039782,25.7674092173758],[-80.1965428217665,25.767630485483],[-80.1965420103889,25.7676324517959],[-80.1965398941569,25.7676333282769],[-80.1965210034848,25.7676339018514],[-80.1965211175709,25.7676369776345],[-80.1965400001582,25.76763640406],[-80.1965421802066,25.7676371476073],[-80.1965431379734,25.7676390615949],[-80.1965441512731,25.7676663302449],[-80.196543340159,25.7676682959854],[-80.1965412245619,25.7676691722289],[-80.1965221730913,25.7676697514662],[-80.196522286279,25.7676727900349],[-80.1965413305631,25.7676722091796],[-80.1965435112475,25.7676729529628],[-80.1965444692767,25.7676748675227],[-80.1965589438309,25.768064674132],[-80.1965589492207,25.76806481166],[-80.196558136952,25.7680667799809],[-80.1965560162214,25.7680676528255],[-80.1965139535065,25.7680689318353],[-80.1965145436996,25.7680848527157],[-80.1965386859229,25.7680841189638],[-80.1965408659722,25.7680848625074],[-80.1965418237382,25.7680867764886],[-80.1965434883164,25.768131585503],[-80.1965426767541,25.7681335514038],[-80.1965405607069,25.7681344274759],[-80.1965370950065,25.7681345318353],[-80.19653717316,25.7681366481464],[-80.1965405148928,25.7681365478319],[-80.1965426947569,25.7681372909699],[-80.1965436527081,25.7681392045466],[-80.1965456577478,25.7681931979713],[-80.1965448464489,25.7681951632993],[-80.1965427310366,25.7681960391337],[-80.1965199758122,25.7681967316266],[-80.1965238385679,25.7683007074452],[-80.1965230270046,25.7683026733424],[-80.1965209109584,25.768303549414],[-80.1961484523736,25.7683148922101],[-80.1961462722455,25.7683141496461],[-80.19614531366,25.7683122363084]]]},"properties":{"OBJECTID":50174,"UBID":"CPXWXGXR+XQV-0-0-0-0","UNIQUEID":null,"ADDRESS":"690 SW 1 CT","SOURCE":null,"TYPE":null,"BLDG_HEIGHT":15,"FLOORS":0,"YEAR_BUILT":0,"BLDG_TYPE":"REFERENCE FOLIO"}},{"type":"Feature","id":52621,"geometry":{"type":"Polygon","coordinates":[[[-80.1902983627319,25.7685840092549],[-80.1902990697061,25.768584059412],[-80.1904742277117,25.7686154682259],[-80.1904766594512,25.7686184590403],[-80.1904695007767,25.7686792040253],[-80.1905009561847,25.7686852900096],[-80.1906870951964,25.7687213091934],[-80.1908507772243,25.7687529816995],[-80.1908527082552,25.7687541996208],[-80.1908531020643,25.7687562928678],[-80.1906026553563,25.7697364835987],[-80.1906012299204,25.7697382379183],[-80.1905988339231,25.7697385019951],[-80.1901739712179,25.7696248051476],[-80.1901717963966,25.7696222957001],[-80.190145712914,25.7691192256339],[-80.1901457093208,25.7691191245113],[-80.1901458000506,25.7691183171486],[-80.1901458180169,25.7691182483852],[-80.1902955366321,25.7685860794459],[-80.1902983627319,25.7685840092549]]]},"properties":{"OBJECTID":52621,"UBID":"C5X8X4XV+XCW-0-0-0-0","UNIQUEID":"D1_MDC_Building_347","ADDRESS":"444 BRICKELL AVE","SOURCE":"P","TYPE":"L","BLDG_HEIGHT":152.05999756,"FLOORS":13,"YEAR_BUILT":1972,"BLDG_TYPE":"OFFICE BUILDING - MULTISTORY : OFFICE BUILDING"}},{"type":"Feature","id":56216,"geometry":{"type":"Polygon","coordinates":[[[-80.1955113366314,25.7691681503508],[-80.1955133615932,25.7691687577363],[-80.1955144448022,25.7691704138779],[-80.1955173481572,25.7691850823091],[-80.1955169495717,25.7691869962619],[-80.1955152443028,25.7691881936472],[-80.1951508804371,25.7692890176218],[-80.1951487613196,25.7692889012521],[-80.1951472458534,25.7692875622676],[-80.1951412603787,25.7692760529147],[-80.1951412213187,25.7692737796904],[-80.1951430929419,25.7692722539461],[-80.1955105470122,25.7691682741248],[-80.1955113366314,25.7691681503508]]]},"properties":{"OBJECTID":56216,"UBID":"C6X5XCXC+XWV-0-0-0-0","UNIQUEID":"D3_MDC_Building_48","ADDRESS":"92 SW 3 ST","SOURCE":"P","TYPE":"L","BLDG_HEIGHT":529,"FLOORS":0,"YEAR_BUILT":0,"BLDG_TYPE":"PVT PARK -REC AREA -ROADWAY : COMMON AREA"}},{"type":"Feature","id":61982,"geometry":{"type":"Polygon","coordinates":[[[-80.198303467621,25.7632493089284],[-80.1982999228689,25.7630906380145],[-80.19829953839,25.7630733718698],[-80.1983003814495,25.7630714141019],[-80.1983025145085,25.7630705661818],[-80.1983942792114,25.7630688850342],[-80.1983964482635,25.7630696546463],[-80.1983973783992,25.7630715798862],[-80.1983977637764,25.7630888274237],[-80.198399757138,25.7631781223644],[-80.1984185480971,25.7631777785304],[-80.1984207173342,25.7631785485472],[-80.1984216472849,25.763180474189],[-80.1984229067229,25.7632368330191],[-80.1984220641426,25.7632387916855],[-80.1984199306043,25.7632396403213],[-80.1984011396453,25.7632399841552],[-80.1984013094268,25.7632475889503],[-80.1984004666614,25.7632495472128],[-80.1983983333083,25.7632503954433],[-80.19835245994,25.7632512360158],[-80.1983066251993,25.7632520749702],[-80.1983065686054,25.7632520749702],[-80.1983043997415,25.7632513068427],[-80.1983034712143,25.7632493817403],[-80.198303467621,25.7632493089284]]]},"properties":{"OBJECTID":61982,"UBID":"C3XMX4X8+XRR-0-0-0-0","UNIQUEID":"D3_MDC_Building_20990","ADDRESS":"250 SW 11 ST","SOURCE":"P","TYPE":"L","BLDG_HEIGHT":19.28269005,"FLOORS":1,"YEAR_BUILT":1923,"BLDG_TYPE":"MULTIFAMILY 2-9 UNITS : 2 LIVING UNITS"}},{"type":"Feature","id":62420,"geometry":{"type":"Polygon","coordinates":[[[-80.1938454208184,25.7629793408323],[-80.1938435118985,25.7629323180044],[-80.1938435056102,25.7629321893698],[-80.1938443100824,25.762930219853],[-80.1938464251349,25.7629293391821],[-80.1940097882609,25.7629238871766],[-80.1940124607489,25.762925169478],[-80.1940150164559,25.7629237140457],[-80.194168897864,25.7629185775589],[-80.1941710808071,25.7629193145244],[-80.1941720464591,25.7629212254911],[-80.1941739652605,25.762968377767],[-80.1941731590158,25.7629703476821],[-80.1941710430409,25.7629712287628],[-80.1940171634294,25.7629763628202],[-80.1940144918397,25.7629750797104],[-80.1940119334378,25.7629765383781],[-80.1938485703118,25.7629819887632],[-80.1938463869187,25.7629812519663],[-80.1938454208184,25.7629793408323]]]},"properties":{"OBJECTID":62420,"UBID":"CRX6X6X2+X6V-0-0-0-0","UNIQUEID":"D1_Small_Building_395","ADDRESS":"1150 S MIAMI AVE","SOURCE":"L","TYPE":"S","BLDG_HEIGHT":11.56719017,"FLOORS":3,"YEAR_BUILT":1991,"BLDG_TYPE":"OFFICE BUILDING - MULTISTORY : OFFICE BUILDING"}},{"type":"Feature","id":66199,"geometry":{"type":"Polygon","coordinates":[[[-80.1933879591499,25.760463826792],[-80.193247335977,25.7604354383943],[-80.1932471006184,25.760435392279],[-80.1932451644719,25.7604341341564],[-80.1932448260841,25.760432005638],[-80.1932448386605,25.7604319595227],[-80.1932476997947,25.7604221523403],[-80.1930635092288,25.7603871451748],[-80.1930633124978,25.760387109577],[-80.1930613796561,25.760385904419],[-80.1930609723864,25.7603838192103],[-80.1930610092174,25.7603836703469],[-80.1931043457433,25.7602076141578],[-80.1931056783798,25.7602058934851],[-80.1931079722421,25.7602055284489],[-80.1932384282826,25.7602318611277],[-80.1932729217929,25.7600917326668],[-80.193274255143,25.7600900112545],[-80.1932765500883,25.7600896461469],[-80.1934713147234,25.7601289591217],[-80.1934727080104,25.7601296225361],[-80.1934792037282,25.7601309768724],[-80.193481090769,25.7601321958207],[-80.1934814809575,25.7601342575376],[-80.1934035215639,25.760449094987],[-80.1934021868916,25.7604508146231],[-80.1933998923701,25.7604511774555],[-80.1933946803448,25.7604501200405],[-80.1933946228527,25.7604512559324],[-80.1933915595975,25.7604618389814],[-80.1933902056139,25.7604634884767],[-80.1933879591499,25.760463826792]]]},"properties":{"OBJECTID":66199,"UBID":"C5XRXMXM+XMR-0-0-0-0","UNIQUEID":"D1_MDC_Building_33","ADDRESS":"1421 S MIAMI AVE","SOURCE":"P","TYPE":"L","BLDG_HEIGHT":25,"FLOORS":1,"YEAR_BUILT":2003,"BLDG_TYPE":"STORE : RETAIL OUTLET"}},{"type":"Feature","id":71500,"geometry":{"type":"Polygon","coordinates":[[[-80.1986609953075,25.7690025713658],[-80.1987849026296,25.7690000918375],[-80.1987870729845,25.7690008576594],[-80.1987880072072,25.769002780892],[-80.1987900338065,25.7690859053314],[-80.1987891951796,25.7690878646476],[-80.1987870639761,25.7690887165401],[-80.1986629347702,25.7690911976846],[-80.1986607651301,25.7690904311215],[-80.1986598319892,25.7690885078231],[-80.1986578098815,25.7690055532717],[-80.1986578062882,25.7690053841945],[-80.1986586429535,25.7690034247913],[-80.1986607743219,25.7690025746018],[-80.1986609953075,25.7690025713658]]]},"properties":{"OBJECTID":71500,"UBID":"C2XGX5XW+X8W-0-0-0-0","UNIQUEID":"D3_MDC_Building_28054","ADDRESS":"275 SW 6 ST","SOURCE":"P","TYPE":"L","BLDG_HEIGHT":18.5,"FLOORS":55,"YEAR_BUILT":2025,"BLDG_TYPE":"MIXED USE-STORE/RESIDENTIAL : MIXED USE - COMMERCIAL"}},{"type":"Feature","id":71787,"geometry":{"type":"Polygon","coordinates":[[[-80.1866390143366,25.7693465320099],[-80.1866445210093,25.7693378824043],[-80.1866429696188,25.7693372643441],[-80.186642930093,25.7693372473556],[-80.1866427010226,25.7693371551319],[-80.1866426614967,25.7693371389524],[-80.1866380333764,25.7693352232895],[-80.1866379947488,25.7693352079189],[-80.1866377746615,25.7693351140773],[-80.186637736034,25.7693350978977],[-80.1866331303715,25.7693331223704],[-80.186633091744,25.7693331045729],[-80.1866328815382,25.7693330123492],[-80.1866328429106,25.7693329945517],[-80.1866282606044,25.7693309567329],[-80.1866282228751,25.7693309389353],[-80.1866280207542,25.7693308467117],[-80.1866279821266,25.7693308289142],[-80.1866234249732,25.7693287288039],[-80.186623387244,25.7693287101974],[-80.1866231941062,25.7693286204007],[-80.1866231563769,25.7693286026032],[-80.1866186252746,25.7693264393925],[-80.1866185875454,25.769326421595],[-80.1866184024924,25.7693263317983],[-80.1866183656615,25.7693263140007],[-80.1866138579154,25.7693240901166],[-80.1866138237795,25.7693240715101],[-80.1866136477097,25.7693239833313],[-80.1866136099804,25.7693239647248],[-80.186609135472,25.7693216785492],[-80.1866090968444,25.7693216591337],[-80.1866089306561,25.7693215733819],[-80.1866088929269,25.7693215539664],[-80.1866044453679,25.7693192079263],[-80.1866044076386,25.7693191901287],[-80.1866042495352,25.7693191043769],[-80.1866042127042,25.7693190841524],[-80.186599795688,25.7693166774388],[-80.1865997588571,25.7693166580233],[-80.1865996088384,25.7693165763164],[-80.1865995720075,25.7693165552829],[-80.1865951855339,25.7693140878958],[-80.186595148703,25.7693140684803],[-80.1865950076675,25.7693139875824],[-80.1865949708366,25.7693139665489],[-80.1865906158041,25.7693114401063],[-80.1865905789732,25.7693114198818],[-80.1865904460225,25.7693113414107],[-80.1865904100899,25.7693113203773],[-80.1865860802102,25.7693087300252],[-80.1865860523624,25.7693087122277],[-80.1865859194118,25.7693086329476],[-80.186585891564,25.7693086167681],[-80.1865816030068,25.7693059705963],[-80.1865815679725,25.7693059487539],[-80.1865814511916,25.7693058767547],[-80.1865814143606,25.7693058532943],[-80.1865771617361,25.769303149685],[-80.1865771267018,25.7693031278425],[-80.1865770171073,25.7693030574613],[-80.186576982073,25.7693030348099],[-80.1865727644828,25.7693002729539],[-80.1865727303468,25.7693002503025],[-80.1865726288372,25.7693001831572],[-80.1865725938029,25.7693001596968],[-80.1865684112469,25.7692973404033],[-80.1865683771109,25.7692973169429],[-80.1865682845844,25.7692972530335],[-80.1865682513468,25.7692972295731],[-80.1865641065201,25.769294351224],[-80.1865640732824,25.7692943285725],[-80.1865639861458,25.7692942670901],[-80.1865639529081,25.7692942444387],[-80.186559846709,25.7692913086519],[-80.1865598161663,25.7692912868095],[-80.1865597353179,25.7692912285629],[-80.1865597056735,25.7692912059115],[-80.1865556372036,25.7692882110692],[-80.1865556039659,25.7692881867998],[-80.1865555321007,25.7692881342162],[-80.186555498863,25.7692881083288],[-80.1865514753088,25.7692850609027],[-80.1865514420712,25.7692850350154],[-80.1865513773925,25.7692849872856],[-80.1865513450531,25.7692849613983],[-80.1865473619231,25.7692818581525],[-80.1865473304821,25.7692818306472],[-80.1865472720916,25.7692817869623],[-80.1865472406506,25.7692817610749],[-80.1865432997414,25.7692786012005],[-80.1865432674021,25.7692785753132],[-80.1865432170964,25.7692785348642],[-80.1865431856554,25.7692785097859],[-80.1865392869671,25.7692752940918],[-80.186539255526,25.7692752682044],[-80.1865392133052,25.7692752326093],[-80.1865391809659,25.769275205913],[-80.1865353280916,25.7692719360171],[-80.1865352966506,25.7692719093208],[-80.186535260718,25.7692718777706],[-80.1865352283786,25.7692718510743],[-80.1865314186235,25.7692685261678],[-80.1865313898774,25.7692685002804],[-80.1865313593347,25.7692684719661],[-80.1865313305886,25.7692684468877],[-80.1865275684442,25.7692650702064],[-80.1865275379015,25.7692650427011],[-80.1865275145453,25.7692650208586],[-80.1865274840025,25.7692649933533],[-80.1865237676722,25.7692615632792],[-80.1865237290447,25.7692615268752],[-80.1865236922137,25.7692614904711],[-80.1865200252907,25.7692580086222],[-80.1865199911548,25.769257974645],[-80.1865199543238,25.7692579406679],[-80.1865163359099,25.7692544054262],[-80.1865163044688,25.769254373876],[-80.1865162721295,25.7692543423258],[-80.1865127049195,25.7692507561183],[-80.1865126761734,25.769250727804],[-80.1865126483256,25.7692506986807],[-80.186509130523,25.7692470606984],[-80.1865091098617,25.7692470404739],[-80.1865090865055,25.7692470145865],[-80.1865056136186,25.7692433199755],[-80.1865055920591,25.7692432965151],[-80.1865055704995,25.7692432730547],[-80.1865021506132,25.7692395290958],[-80.1865021236638,25.7692394991635],[-80.1864987558798,25.7692357034298],[-80.186498728032,25.7692356726885],[-80.1864954186385,25.7692318340787],[-80.1864947987068,25.7692297951493],[-80.1864959621192,25.7692279590647],[-80.1865847695682,25.7691661821015],[-80.1865786682108,25.7691589077496],[-80.1865780770731,25.7691568723137],[-80.1865792503191,25.7691550529577],[-80.1866341050436,25.7691173318101],[-80.186628245333,25.7691103446433],[-80.1866276537467,25.7691083093733],[-80.186628826543,25.7691064898498],[-80.1866653718054,25.7690813588584],[-80.1866677404308,25.7690808402935],[-80.1866697663638,25.7690820610539],[-80.1866720274233,25.7690852468209],[-80.1866743450768,25.769088384858],[-80.186676724714,25.7690914848728],[-80.18667916364,25.7690945460566],[-80.1866816645497,25.7690975676002],[-80.1866842085786,25.7691005276611],[-80.1866868262693,25.7691034666885],[-80.1866895023506,25.7691063612218],[-80.186692235924,25.7691092128792],[-80.186695002735,25.7691119982],[-80.1866978476995,25.7691147600603],[-80.186700746563,25.7691174749997],[-80.1867036759691,25.7691201227936],[-80.1867066799354,25.7691227422731],[-80.1867097351057,25.7691253124047],[-80.1867128190221,25.7691278153909],[-80.1867159990582,25.7691303046244],[-80.1867191772977,25.769132702443],[-80.1867224274024,25.7691350687113],[-80.1867257242195,25.7691373807779],[-80.1867290461894,25.76913962489],[-80.1867324490077,25.7691418414968],[-80.1867358581142,25.7691439763965],[-80.1867393283061,25.7691460692291],[-80.1867428191593,25.7691480932984],[-80.1867463701996,25.7691500712558],[-80.1867499401046,25.7691519820677],[-80.1867499877153,25.7691520063372],[-80.1867535621118,25.7691538411049],[-80.1867536106208,25.7691538637564],[-80.1867572263398,25.7691556443224],[-80.1867576745992,25.7691558570843],[-80.1867963659368,25.7690592356535],[-80.1867990617809,25.7690574267717],[-80.1869011238719,25.7690525413345],[-80.1869011660928,25.7690525397165],[-80.1869039868027,25.7690540339047],[-80.1869499482059,25.7691352280805],[-80.1869579108726,25.7691332145277],[-80.186960223054,25.7691334693268],[-80.1869616541524,25.769135124531],[-80.1869642475886,25.7691435355021],[-80.187012192472,25.7691314210177],[-80.1870112932584,25.7691285022155],[-80.1870115716264,25.7691264148741],[-80.1870134042993,25.7691251125865],[-80.1871043937561,25.7691021164995],[-80.1870880498078,25.7690490918387],[-80.1870883274985,25.7690470052524],[-80.1870901590521,25.7690457030164],[-80.1871667709728,25.76902635542],[-80.1871687310968,25.7690264565426],[-80.1872085408369,25.7690410958683],[-80.187210324891,25.7690429047504],[-80.1872240170126,25.769087321857],[-80.1872418395878,25.7690828174511],[-80.1872441519552,25.7690830726558],[-80.1872455828676,25.7690847282641],[-80.187250908979,25.7691020056691],[-80.1872646783556,25.7690985262424],[-80.1872669905377,25.7690987810406],[-80.1872684216354,25.7691004362463],[-80.187279672136,25.7691369415014],[-80.1872813977997,25.7691380400971],[-80.1872814651733,25.769138082973],[-80.1872838169628,25.769139667766],[-80.1872838816414,25.7691397122599],[-80.1872861858202,25.7691413520635],[-80.1872862163629,25.769141374715],[-80.1872862487022,25.7691413997934],[-80.1872885034736,25.7691430954166],[-80.1872885654574,25.7691431431465],[-80.1872907699231,25.7691448929714],[-80.1872908301102,25.7691449431282],[-80.1872929815753,25.7691467455369],[-80.1872930363725,25.7691467916488],[-80.1872951384303,25.769148650686],[-80.1872951950241,25.7691487032697],[-80.1872972386914,25.7691506068009],[-80.1872972934886,25.7691506610026],[-80.1872992778671,25.7691526146905],[-80.1872993326644,25.7691526680832],[-80.1873012649405,25.7691546751638],[-80.1873014383154,25.769154874173],[-80.1873014787396,25.7691549243298],[-80.1873030076722,25.7691569508259],[-80.1873030543846,25.7691570131173],[-80.1873045222317,25.7691590776355],[-80.1873045671475,25.769159140736],[-80.1873059721126,25.7691612392312],[-80.1873059918755,25.7691612699725],[-80.1873060143334,25.7691613047586],[-80.1873073564165,25.76916343804],[-80.1873073968406,25.7691635035674],[-80.1873086733467,25.769165669208],[-80.1873087119742,25.7691657355444],[-80.1873099220049,25.7691679327351],[-80.1873099534459,25.7691679925996],[-80.1873111014929,25.7691702261945],[-80.1873111356288,25.7691702957668],[-80.1873122118106,25.7691725479681],[-80.1873122432516,25.7691726175404],[-80.1873132520597,25.7691748972471],[-80.1873132817041,25.7691749668194],[-80.1873142204435,25.7691772707954],[-80.1873142464947,25.7691773411766],[-80.1873151151656,25.7691796661861],[-80.1873151403184,25.7691797381853],[-80.187315939819,25.7691820850372],[-80.1873159622769,25.7691821570364],[-80.1873166917089,25.7691845330115],[-80.1873167069803,25.7691845920671],[-80.1873167572859,25.7691847846044],[-80.1873173708352,25.7691869906935],[-80.1873173932931,25.7691870683557],[-80.1873179789947,25.7691894839707],[-80.1873179960627,25.7691895632507],[-80.1873185036108,25.7691919950453],[-80.1873185116957,25.7691920306404],[-80.1873185188822,25.7691920735164],[-80.1873189491752,25.7691945166366],[-80.1873189617516,25.7691945959167],[-80.1873193111962,25.7691970487447],[-80.1873193210777,25.7691971288337],[-80.187319592369,25.7691995905604],[-80.1873195968605,25.7691996342453],[-80.1873196013521,25.7691996706494],[-80.1873197917949,25.76920213723],[-80.1873197971848,25.769202218128],[-80.1873199085759,25.7692046895623],[-80.1873199112709,25.7692047712693],[-80.1873199436102,25.7692072443216],[-80.1873199436102,25.7692072936693],[-80.1873199436102,25.7692073244106],[-80.1873198951012,25.7692097974628],[-80.1873198915079,25.7692098775518],[-80.1873197657438,25.769212348986],[-80.1873197603539,25.769212429075],[-80.1873195546397,25.7692148956553],[-80.1873195465549,25.7692149636096],[-80.187319259094,25.7692174350437],[-80.1873192483142,25.7692175159417],[-80.1873188835982,25.7692199663422],[-80.1873188710218,25.7692200472402],[-80.187318427254,25.769222487124],[-80.1873184119827,25.7692225566963],[-80.1873178882649,25.769224994153],[-80.1873178694002,25.7692250734331],[-80.1873172684273,25.7692274866204],[-80.1873172486644,25.7692275634735],[-80.1873165704363,25.7692299604811],[-80.1873165488768,25.7692300324804],[-80.1873157924953,25.7692324157353],[-80.1873157655458,25.7692324917794],[-80.1873149346042,25.769234848338],[-80.1873149067564,25.7692349251911],[-80.187313999458,25.7692372582892],[-80.1873139707119,25.7692373302884],[-80.1873129870567,25.769239641544],[-80.187312953819,25.7692397159701],[-80.1873118982985,25.7692419981024],[-80.1873118641626,25.7692420717196],[-80.1873107340819,25.7692443239196],[-80.1873106954544,25.7692443967277],[-80.1873094962035,25.7692466189954],[-80.1873094548809,25.7692466901856],[-80.1873081828665,25.7692488800941],[-80.1873081406457,25.7692489496663],[-80.1873067985627,25.7692511047886],[-80.1873067536469,25.7692511743609],[-80.1873053414953,25.7692532955059],[-80.1873052956812,25.7692533602243],[-80.1873038179526,25.7692554409204],[-80.1873037676469,25.7692555064477],[-80.1873022243412,25.7692575475037],[-80.1873021713406,25.7692576130311],[-80.1873005579664,25.769259616874],[-80.187300508559,25.7692596751205],[-80.1872988340994,25.7692616304246],[-80.1872987784038,25.769261693525],[-80.1872970428587,25.7692636035262],[-80.1872969853665,25.7692636650086],[-80.1872951824477,25.7692655337518],[-80.1872951294471,25.7692655879535],[-80.1872932735278,25.769267401686],[-80.1872932124423,25.7692674607415],[-80.1872912981324,25.7692692259352],[-80.1872912343521,25.7692692825638],[-80.1872892562618,25.7692710048815],[-80.1872891996679,25.7692710518024],[-80.1872871748653,25.7692727126376],[-80.1872871074917,25.7692727652213],[-80.187285031485,25.7692743726639],[-80.1872849641114,25.7692744236296],[-80.1872828342058,25.7692759744437],[-80.187282809053,25.7692759922412],[-80.1872827650356,25.7692760237914],[-80.1872805884176,25.7692775179768],[-80.1872805174507,25.7692775657066],[-80.1872782932221,25.7692790024544],[-80.1872782195602,25.7692790477573],[-80.1872759495175,25.7692804246406],[-80.1872759162798,25.7692804440561],[-80.1872758758556,25.7692804683255],[-80.1872735626938,25.7692817845353],[-80.187273486337,25.7692818274113],[-80.1872711318526,25.7692830813297],[-80.1872710545975,25.7692831217786],[-80.1872686605873,25.7692843125966],[-80.1872686201631,25.7692843312031],[-80.1872685833322,25.7692843506187],[-80.187266152491,25.7692854791452],[-80.1872660716426,25.7692855131223],[-80.1872636048689,25.7692865761215],[-80.1872635249188,25.7692866100986],[-80.1872610240091,25.7692876083794],[-80.1872609755,25.7692876269859],[-80.187260944059,25.7692876399296],[-80.1872584117082,25.7692885702561],[-80.1872583290632,25.7692886001884],[-80.187255769763,25.7692894641785],[-80.1872556862196,25.7692894908749],[-80.1872530990716,25.7692902861018],[-80.1872530424777,25.7692903047083],[-80.18725301463,25.7692903111802],[-80.1872504032274,25.7692910384528],[-80.1872503178875,25.7692910602952],[-80.1872476858237,25.7692917188046],[-80.1872475986871,25.7692917390291],[-80.1872449450638,25.7692923271572],[-80.1872448696053,25.7692923433368],[-80.1872421872359,25.7692928635106],[-80.1872421000993,25.7692928788812],[-80.1872394132383,25.7692933254379],[-80.1872393261017,25.7692933391906],[-80.1872366248676,25.7692937145571],[-80.1872365449176,25.7692937258828],[-80.1872338266155,25.7692940300591],[-80.1872337376823,25.7692940389579],[-80.1872310175836,25.769294271135],[-80.187230930447,25.7692942767978],[-80.1872282031618,25.7692944377848],[-80.1872281196185,25.7692944418297],[-80.1872253842485,25.7692945300085],[-80.1872252962136,25.7692945316264],[-80.1872225635385,25.769294548615],[-80.1872224755036,25.769294547806],[-80.1872197446251,25.7692944911774],[-80.1872196565902,25.7692944887505],[-80.1872169275084,25.7692943601227],[-80.1872168385752,25.7692943544599],[-80.1872141166799,25.769294153833],[-80.1872140277466,25.7692941465521],[-80.1872113121396,25.769293874735],[-80.1872112241046,25.7692938642183],[-80.1872085165824,25.769293521211],[-80.1872084321407,25.7692935082673],[-80.1872057380932,25.7692930932608],[-80.1872056509566,25.7692930786992],[-80.1872029721804,25.7692925925025],[-80.1872028850439,25.7692925763229],[-80.1872002179458,25.769292018127],[-80.1872001370974,25.7692919987115],[-80.1871974942538,25.7692913725613],[-80.1871974089139,25.7692913515278],[-80.1871947876299,25.7692906549965],[-80.1871947031882,25.7692906315361],[-80.1871924843495,25.7692899786895],[-80.1871973945408,25.769305906687],[-80.1871974331684,25.7693060304608],[-80.1871971552152,25.7693081176147],[-80.1871953230258,25.7693094200846],[-80.1870535814504,25.7693452424971],[-80.187051269211,25.7693449870896],[-80.1870498381706,25.7693433316882],[-80.1870491841971,25.7693412105448],[-80.1870227288119,25.7693478919039],[-80.1870255117927,25.7693569031224],[-80.1870254228595,25.769358620585],[-80.187025216247,25.7693590145578],[-80.1870249413625,25.7693593753625],[-80.1870246098842,25.7693596900554],[-80.1870242325917,25.7693599505466],[-80.187023840028,25.7693601430836],[-80.1870238014004,25.7693601600722],[-80.1870235705334,25.7693602474419],[-80.1870235139395,25.7693602660484],[-80.1870172410039,25.7693621962725],[-80.1870172086645,25.7693622059803],[-80.1870108557788,25.7693640860476],[-80.1870108279311,25.7693640949464],[-80.1870044462993,25.7693659111043],[-80.1870044130616,25.7693659208121],[-80.1869980134635,25.7693676690158],[-80.1869979811242,25.7693676779145],[-80.1869915599665,25.7693693605909],[-80.1869915267289,25.7693693686807],[-80.1869850849099,25.7693709850207],[-80.186985050774,25.7693709931105],[-80.1869785909888,25.7693725406874],[-80.1869785559545,25.7693725487771],[-80.186972075508,25.7693740300177],[-80.1869720404737,25.7693740372985],[-80.1869655429593,25.7693754513937],[-80.1869655088233,25.7693754586745],[-80.1869589780712,25.7693768072425],[-80.1869524239629,25.7693780894741],[-80.1869523907252,25.769378095137],[-80.1869458411085,25.7693793069875],[-80.1869458078708,25.7693793126503],[-80.186939243881,25.7693804549286],[-80.1869392088467,25.7693804605914],[-80.1869326322805,25.7693815349155],[-80.1869325972462,25.7693815405783],[-80.1869312641463,25.769381743632],[-80.186931944171,25.7693857246172],[-80.1869296911963,25.7693888100627],[-80.1869247819033,25.7693899426332],[-80.1869247369875,25.7693899523409],[-80.1869198088298,25.7693910153392],[-80.1869197639141,25.7693910258559],[-80.1869148177901,25.7693920208999],[-80.1869147728744,25.7693920289897],[-80.186909811479,25.7693929544615],[-80.186909765665,25.7693929633603],[-80.1869047889983,25.7693938192599],[-80.1869047431842,25.7693938273497],[-80.1868997521445,25.7693946136771],[-80.1868997063304,25.7693946209579],[-80.1868947027143,25.7693953385221],[-80.1868946569002,25.769395344185],[-80.1868896407076,25.769395992177],[-80.1868895984868,25.7693959970309],[-80.1868845697179,25.7693965746418],[-80.1868845230055,25.7693965803047],[-80.1868794888466,25.7693970875344],[-80.1868794430326,25.7693970923882],[-80.1868744007889,25.7693975284278],[-80.1868743531781,25.7693975324727],[-80.1868693046463,25.7693978997491],[-80.1868692570355,25.769397902985],[-80.1868642022154,25.7693981990713],[-80.186864155503,25.7693982014982],[-80.1868590970897,25.7693984288213],[-80.1868590566655,25.7693984296303],[-80.1868539856757,25.7693985857631],[-80.1868539398616,25.7693985865722],[-80.1868488751601,25.769398670706],[-80.1868488284477,25.7693986715149],[-80.1868437628478,25.7693986860765],[-80.1868437161354,25.7693986852676],[-80.1868386505355,25.769398629448],[-80.1868386029248,25.7693986278301],[-80.1868335400198,25.7693985016294],[-80.1868334933074,25.7693985000114],[-80.1868284321991,25.7693983026206],[-80.1868283962665,25.7693983010026],[-80.18682332887,25.7693980332307],[-80.1868232821576,25.7693980299947],[-80.1868182300325,25.7693976918416],[-80.1868181833201,25.7693976877967],[-80.1868131374831,25.7693972792624],[-80.1868130907707,25.7693972752175],[-80.1868080530186,25.769396796302],[-80.1868080063062,25.7693967914481],[-80.1868029775372,25.7693962429605],[-80.1868029308248,25.7693962372977],[-80.1867979029542,25.7693956176199],[-80.1867978661233,25.769395611957],[-80.1867928571173,25.769394921898],[-80.186790280749,25.7693920435513],[-80.1867905340739,25.7693880900716],[-80.1867853678627,25.7693877430196],[-80.1867853328284,25.7693877405927],[-80.1867786736173,25.7693872244641],[-80.186778638583,25.7693872212282],[-80.1867719865583,25.7693866363365],[-80.186771951524,25.7693866322916],[-80.1867653066858,25.7693859778277],[-80.1867652716515,25.7693859745917],[-80.1867586348982,25.7693852505556],[-80.1867586007622,25.7693852465107],[-80.186751975687,25.7693844553293],[-80.1867519424493,25.7693844512845],[-80.1867453245606,25.7693835897219],[-80.1867452904247,25.769383584868],[-80.1867386851124,25.7693826553513],[-80.1867384919746,25.7693826213742],[-80.186733145202,25.7693815438142],[-80.1867331083711,25.7693815357244],[-80.1867277768699,25.7693803869744],[-80.1867277346491,25.7693803780756],[-80.1867224256057,25.7693791613712],[-80.1867223833849,25.7693791524725],[-80.1867170941045,25.7693778670049],[-80.186717052782,25.7693778564882],[-80.1867117850612,25.7693765030664],[-80.1867117428404,25.7693764925497],[-80.1867064966791,25.7693750703646],[-80.1867064553566,25.7693750590389],[-80.1867012316532,25.7693735697086],[-80.186701191229,25.7693735583829],[-80.1866959899835,25.7693720010984],[-80.1866959504577,25.7693719889637],[-80.18669077706,25.7693703645338],[-80.1866907357374,25.7693703515902],[-80.1866855874925,25.769368660824],[-80.1866855470684,25.7693686470714],[-80.1866804266712,25.76936688916],[-80.1866803862471,25.7693668745983],[-80.186675294596,25.7693650511596],[-80.1866752541718,25.76936503498],[-80.1866701912669,25.7693631468229],[-80.1866701508427,25.7693631322613],[-80.1866651103957,25.769361174532],[-80.1866650789546,25.7693611599703],[-80.1866600780334,25.7693591407585],[-80.1866600376092,25.769359124579],[-80.1866550699257,25.7693570398399],[-80.1866550303998,25.7693570228513],[-80.186650095954,25.7693548733938],[-80.1866500564281,25.7693548572142],[-80.1866451552199,25.7693526446563],[-80.1866451165924,25.7693526260498],[-80.1866402513168,25.7693503512005],[-80.1866387298626,25.7693486787857],[-80.1866390143366,25.7693465320099]]]},"properties":{"OBJECTID":71787,"UBID":"C6XWX5XR+X9W-0-0-0-0","UNIQUEID":null,"ADDRESS":"898 BRICKELL KEY BLVD","SOURCE":null,"TYPE":null,"BLDG_HEIGHT":407,"FLOORS":0,"YEAR_BUILT":0,"BLDG_TYPE":"PVT PARK -REC AREA -ROADWAY : COMMON AREA"}},{"type":"Feature","id":78481,"geometry":{"type":"Polygon","coordinates":[[[-80.1914801566753,25.7659180271508],[-80.1914850102728,25.7658984792209],[-80.1914863455172,25.7658967607547],[-80.1914886394666,25.765896398466],[-80.191534342155,25.7659056801534],[-80.191534422105,25.7659053573614],[-80.1915295307783,25.765904326692],[-80.1915287142097,25.7659042530728],[-80.1911685634426,25.7658265985027],[-80.1911532462687,25.7658588631624],[-80.1911459726099,25.7658843281453],[-80.1911430935094,25.7659103319184],[-80.1911473182862,25.7659322550776],[-80.191155535176,25.7659533813655],[-80.1911674971424,25.7659729931976],[-80.1911828709102,25.7659905444982],[-80.1912012387628,25.7660055587662],[-80.1912220850673,25.7660176145125],[-80.1912448429866,25.7660263865194],[-80.191403608535,25.7660600110564],[-80.1914057096945,25.7660616064075],[-80.1914669819834,25.7661913143657],[-80.1914665210315,25.7661941586745],[-80.1914634956218,25.7661950746008],[-80.1911742722363,25.7661336932786],[-80.1911734305148,25.7661333882852],[-80.1911134194606,25.7661015476168],[-80.1911125831291,25.7661008955617],[-80.1910593058462,25.7660406751083],[-80.1910592088281,25.766040558612],[-80.1910591207932,25.7660404429248],[-80.1910274560778,25.7659958313265],[-80.1910270401578,25.7659949139182],[-80.1910133085104,25.765936068715],[-80.1910132510182,25.7659356957649],[-80.1910092499219,25.7658847989849],[-80.1910092660916,25.7658842577621],[-80.1910200961807,25.7658069219262],[-80.1910201240284,25.7658067609346],[-80.1910201716392,25.7658065683918],[-80.1910282843245,25.7657786585837],[-80.1910296561067,25.7657770017322],[-80.1910319233997,25.7657766821882],[-80.1910437299575,25.7657792370212],[-80.1910974519064,25.7655542707372],[-80.191098781539,25.7655525365449],[-80.1911010855917,25.7655521681331],[-80.1915902164673,25.7656514904483],[-80.1915921171544,25.7656527015276],[-80.1915925188494,25.7656547669159],[-80.1915746235106,25.7657283854783],[-80.1916172755203,25.765736193983],[-80.1916740724024,25.7657465921081],[-80.1916928400054,25.7656572392331],[-80.1916941533108,25.765655456352],[-80.1916964898604,25.7656550694835],[-80.1920296696094,25.7657227604746],[-80.1920315846068,25.7657239924264],[-80.1920319603133,25.7657260846714],[-80.1918845979792,25.766285693965],[-80.1918832480503,25.7662873913905],[-80.1918809615989,25.76628773669],[-80.1916879316106,25.7662475431353],[-80.1916860437403,25.7662463227694],[-80.1916856552797,25.7662442594031],[-80.1916916057202,25.7662203138003],[-80.1916183076846,25.76620317836],[-80.1916164473484,25.7662019086515],[-80.1916161247784,25.7661998266705],[-80.1916232924361,25.7661746910186],[-80.1915146160496,25.7661492835371],[-80.1915127806672,25.7661480509159],[-80.1915124115839,25.7661460159822],[-80.1915319625178,25.7660673220034],[-80.1914713495923,25.7660549758305],[-80.1914694461527,25.766053759114],[-80.1914690517018,25.7660516872389],[-80.1914860065045,25.7659834479321],[-80.1914679395875,25.7659796237791],[-80.19146605548,25.7659784027435],[-80.1914656677481,25.7659763416575],[-80.1914800955899,25.7659182674246],[-80.1914801189461,25.7659181727713],[-80.1914801566753,25.7659180271508]]]},"properties":{"OBJECTID":78481,"UBID":"CRX3X5XV+X8W-0-0-0-0","UNIQUEID":"D1_MDC_Building_89","ADDRESS":"800 BRICKELL AVE","SOURCE":"P","TYPE":"L","BLDG_HEIGHT":218.69999695,"FLOORS":15,"YEAR_BUILT":1981,"BLDG_TYPE":"OFFICE BUILDING - MULTISTORY : OFFICE BUILDING"}},{"type":"Feature","id":78727,"geometry":{"type":"Polygon","coordinates":[[[-80.1963892556669,25.7654858199939],[-80.1967769388992,25.7654744688374],[-80.196779118178,25.7654752149984],[-80.1967800731212,25.7654771304657],[-80.1967849896008,25.7656148109942],[-80.1967841734044,25.765616777542],[-80.1967820521098,25.7656176481733],[-80.1963943652843,25.7656289928441],[-80.1963921857415,25.765628247257],[-80.1963912301639,25.7656263320282],[-80.1963863244642,25.7654887987521],[-80.1963863190743,25.7654886579851],[-80.1963871337636,25.7654866904666],[-80.1963892556669,25.7654858199939]]]},"properties":{"OBJECTID":78727,"UBID":"CFX6XHX6+XGR-0-0-0-0","UNIQUEID":"D3_MDC_Building_5415","ADDRESS":"143 SW 9 ST","SOURCE":"P","TYPE":"L","BLDG_HEIGHT":49.29999924,"FLOORS":5,"YEAR_BUILT":1968,"BLDG_TYPE":"MULTIFAMILY 10 UNITS PLUS : MULTIFAMILY 3 OR MORE UNITS"}},{"type":"Feature","id":78912,"geometry":{"type":"Polygon","coordinates":[[[-80.1989267403247,25.7598810926688],[-80.1989281810119,25.7598813650822],[-80.1989293095064,25.7598822164305],[-80.1989800903712,25.7599450143836],[-80.1989806413263,25.7599470590973],[-80.1989794328044,25.759948859766],[-80.198830354688,25.7600477175245],[-80.1988280932069,25.7600482164661],[-80.198826106555,25.7600471228782],[-80.1987753256903,25.7599843233611],[-80.198774773199,25.759982279043],[-80.1987759823588,25.7599804787888],[-80.1987761171061,25.7599803914122],[-80.1989250622718,25.7598816217834],[-80.1989267403247,25.7598810926688]]]},"properties":{"OBJECTID":78912,"UBID":"CQXFX7X7+X3W-0-0-0-0","UNIQUEID":"D3_Small_Building_19432","ADDRESS":"230 SW 17 RD","SOURCE":"L","TYPE":"S","BLDG_HEIGHT":13.91067028,"FLOORS":7,"YEAR_BUILT":2022,"BLDG_TYPE":"EDUCATIONAL/SCIENTIFIC - EX : EDUCATIONAL - PRIVATE"}},{"type":"Feature","id":82213,"geometry":{"type":"Polygon","coordinates":[[[-80.1935126695658,25.7600666539727],[-80.193224026492,25.7600010867303],[-80.1931767885828,25.7599903555853],[-80.1931490881327,25.7599840628492],[-80.1931468746838,25.759982045096],[-80.1931442030942,25.7599721051935],[-80.1931441653649,25.7599709628246],[-80.193145390667,25.7599648553584],[-80.1931451382404,25.7599644176661],[-80.1931450843414,25.7599643197718],[-80.1931450502055,25.7599642542393],[-80.1931446010478,25.7599633335483],[-80.1931445264877,25.7599631685035],[-80.1931441438054,25.759962220305],[-80.1931440818216,25.7599620471697],[-80.1931437692079,25.7599610811722],[-80.1931437521399,25.7599610237302],[-80.1931437198005,25.7599609056099],[-80.1931434781537,25.7599599218134],[-80.1931434512043,25.759959800457],[-80.1931434413228,25.759959744633],[-80.1931432715412,25.7599587495099],[-80.193143248185,25.7599585699023],[-80.1931431493703,25.7599575618345],[-80.1931431412855,25.7599573846541],[-80.193143117031,25.7599563782044],[-80.193143117031,25.7599563037724],[-80.1931431197259,25.7599561969787],[-80.1931431700316,25.759955190529],[-80.1931431808114,25.7599550505645],[-80.1931431853029,25.7599550117305],[-80.1931433083721,25.759954010135],[-80.1931433371182,25.7599538305274],[-80.1931435338493,25.7599528273139],[-80.1931435652903,25.7599526889675],[-80.1931514614816,25.7599224906176],[-80.1931457320268,25.7599212624897],[-80.193143844253,25.7599200260757],[-80.1931434754588,25.7599179502659],[-80.1932852673399,25.7593756472185],[-80.193024777467,25.7593197970645],[-80.1930142411271,25.7593600981409],[-80.1930128844924,25.7593618024444],[-80.1930105867805,25.7593621417941],[-80.1927717427127,25.7593109331397],[-80.1927698544876,25.7593096968877],[-80.1927694852464,25.7593076208989],[-80.1927800224847,25.7592673206138],[-80.1927703404426,25.7592652437879],[-80.1927684522174,25.7592640075354],[-80.1927680829763,25.7592619315458],[-80.1928675121052,25.7588816573902],[-80.1928609067929,25.7588802407428],[-80.1928590187525,25.7588790048912],[-80.1928586493266,25.7588769292991],[-80.1929221377593,25.7586341087182],[-80.1930124795308,25.7582885790218],[-80.1930141888271,25.7582867044141],[-80.1930168803774,25.7582867926294],[-80.1930269486951,25.7582917157262],[-80.1930306344827,25.7582777247457],[-80.1930324454619,25.7582758142393],[-80.1930352230772,25.7582760427212],[-80.1931537387109,25.7583444191432],[-80.1932329467627,25.7583901209851],[-80.1932334264631,25.7583904624058],[-80.193233961859,25.758390705122],[-80.1933853064248,25.7584780230338],[-80.1933866835422,25.7584800116867],[-80.1933899300536,25.7584816217026],[-80.1933914293418,25.7584846637427],[-80.1933913970025,25.7584847851006],[-80.1932668231305,25.7589655639866],[-80.1932654698441,25.7589672716315],[-80.1932631714788,25.75896761331],[-80.1932539897983,25.7589656626907],[-80.1932505474541,25.7589789497167],[-80.1932701594734,25.7589831171323],[-80.1932710613819,25.7589796382182],[-80.1932724142196,25.7589779307422],[-80.1932747121352,25.7589775888949],[-80.1933725817889,25.7589983847101],[-80.1933793029838,25.7589724433379],[-80.1933806562702,25.7589707356932],[-80.1933829546354,25.7589703940146],[-80.1935108783251,25.7589975724242],[-80.1935146512493,25.7589827368789],[-80.1935145542313,25.7589827150346],[-80.1935122195099,25.7589798291539],[-80.1935057004358,25.758978467523],[-80.1935038086528,25.7589772409765],[-80.1935034276982,25.7589751698359],[-80.1935213095622,25.7589048585287],[-80.1935226443613,25.7589031518965],[-80.1935249270779,25.7589027897871],[-80.1935418154052,25.7589061724265],[-80.1935722736832,25.7587886238291],[-80.1935749282049,25.7587865146328],[-80.1935785223643,25.7587861869671],[-80.1935785906363,25.7587861821128],[-80.1935821928806,25.7587859256436],[-80.1935822584576,25.7587859207893],[-80.1935858678884,25.7587857371346],[-80.1935859271772,25.7587857355165],[-80.1935895473878,25.7587856222494],[-80.1935896129648,25.7587856214403],[-80.1935932268872,25.7587855809878],[-80.1935932942609,25.7587855801787],[-80.193596907285,25.7587856125408],[-80.1935969755569,25.7587856141589],[-80.1936005876827,25.7587857185265],[-80.1936006496665,25.7587857201446],[-80.1936042626905,25.7587858973268],[-80.1936043291658,25.758785901372],[-80.1936079332067,25.7587861489417],[-80.1936079996821,25.7587861546051],[-80.1936115965365,25.7587864741802],[-80.1936116630118,25.7587864806527],[-80.1936152508831,25.7587868730424],[-80.1936153155618,25.758786881133],[-80.1936188944499,25.7587873439102],[-80.1936189609252,25.7587873536188],[-80.1936225263385,25.7587878875926],[-80.1936225928139,25.7587878989193],[-80.1936261447525,25.7587885040895],[-80.1936262085329,25.7587885170343],[-80.1936297460985,25.758789191783],[-80.1936298107772,25.7587892055368],[-80.1936333303765,25.758789952291],[-80.1936333950552,25.7587899660449],[-80.1936368948915,25.7587907831865],[-80.1936369586719,25.7587907993675],[-80.193640437847,25.7587916844694],[-80.1936405025257,25.7587917030776],[-80.1936439592429,25.7587926577579],[-80.193644022125,25.758792675557],[-80.1936474563843,25.7587937014338],[-80.1936475183681,25.758793720042],[-80.1936509247796,25.75879481307],[-80.1936509876617,25.7587948341053],[-80.1936543671238,25.7587959934755],[-80.1936544300059,25.758796016129],[-80.1936577798236,25.7587972434594],[-80.1936578418073,25.7587972669219],[-80.1936611655739,25.7587985630217],[-80.1936612221677,25.7587985856751],[-80.1936645091034,25.7587999448809],[-80.1936645710871,25.7587999715796],[-80.1936678238868,25.7588013971275],[-80.1936678831756,25.7588014238262],[-80.1936711009409,25.7588029132891],[-80.1936711602297,25.7588029407969],[-80.1936743483507,25.7588044982201],[-80.1936743995546,25.7588045241097],[-80.1936775418615,25.7588061414027],[-80.193677600252,25.7588061713376],[-80.1936807021347,25.7588078509274],[-80.1936807587285,25.7588078824804],[-80.1936838183904,25.7588096227491],[-80.1936838749842,25.7588096551111],[-80.1936869023067,25.758811461722],[-80.1936869490191,25.7588114900387],[-80.1936899224427,25.7588133508559],[-80.1936899763416,25.7588133864542],[-80.1936929030529,25.7588153063321],[-80.1936929569518,25.7588153435484],[-80.1936958360522,25.7588173200599],[-80.1936958899512,25.7588173572762],[-80.1936987295258,25.7588193993207],[-80.1936987726449,25.7588194292556],[-80.1937015520324,25.7588215206522],[-80.1937016041347,25.7588215602957],[-80.1937043323182,25.7588237058986],[-80.1937043826239,25.7588237455421],[-80.1937070587051,25.7588259445424],[-80.1937071081124,25.7588259866131],[-80.1937097293964,25.7588282390107],[-80.193709750956,25.7588282592369],[-80.1937097770071,25.7588282818903],[-80.1937123443922,25.7588305860672],[-80.1937123902063,25.7588306297559],[-80.1937149009975,25.7588329840938],[-80.1937149468116,25.7588330285916],[-80.193717398314,25.7588354322816],[-80.1937174432298,25.7588354775884],[-80.1937198363417,25.7588379298214],[-80.1937198587996,25.7588379549019],[-80.1937198803591,25.7588379759373],[-80.1937222114873,25.7588404759042],[-80.1937222546064,25.7588405220201],[-80.1937245255475,25.7588430689118],[-80.19372456687,25.7588431150277],[-80.1937267758273,25.7588457064173],[-80.1937268162515,25.7588457549603],[-80.1937289614283,25.7588483892295],[-80.1937289919711,25.7588484280639],[-80.1937310796558,25.7588511141123],[-80.193731117385,25.7588511642734],[-80.1937331323062,25.7588538810656],[-80.1937331691371,25.7588539320358],[-80.193735117583,25.7588566884714],[-80.1937351535156,25.7588567402507],[-80.1937370336895,25.7588595347116],[-80.1937370624356,25.7588595775913],[-80.1937388797274,25.758862418168],[-80.1937389129651,25.7588624707563],[-80.1937406556967,25.7588653380317],[-80.1937406871378,25.7588653922381],[-80.1937423598008,25.7588682926844],[-80.1937423903435,25.7588683468908],[-80.193743990243,25.7588712805082],[-80.1937440162942,25.7588713290512],[-80.1937455488201,25.7588742998848],[-80.1937455784645,25.7588743557093],[-80.1937470346335,25.7588773508144],[-80.1937470606847,25.7588774066389],[-80.1937484449886,25.7588804292515],[-80.1937484710397,25.7588804866941],[-80.1937497798851,25.7588835351964],[-80.1937498014446,25.7588835861665],[-80.1937510393231,25.7588866686488],[-80.1937510608827,25.7588867252824],[-80.193752221506,25.7588898247546],[-80.1937522421672,25.7588898821972],[-80.1937533273321,25.7588930035137],[-80.1937533470951,25.7588930617653],[-80.1937543550048,25.7588962041171],[-80.1937543720728,25.7588962599416],[-80.1937553045241,25.7588994241376],[-80.1937553215921,25.7588994831982],[-80.1937561758899,25.7589026643843],[-80.1937561911612,25.7589027226359],[-80.193756968204,25.7589059200028],[-80.1937569816787,25.7589059782544],[-80.193757680568,25.758909188566],[-80.1937576922461,25.7589092484358],[-80.1937579698255,25.7589106861181],[-80.1938108716126,25.7589220273846],[-80.1938127589372,25.758923263976],[-80.1938131272823,25.7589253396361],[-80.1938025253653,25.7589658867976],[-80.1938271508822,25.7589711666572],[-80.1938290384722,25.7589724026755],[-80.1938294074502,25.7589744780983],[-80.1938159327209,25.7590260186081],[-80.1938145767208,25.7590277231519],[-80.1938122792726,25.7590280630762],[-80.1937876492642,25.7590227832191],[-80.1937827507509,25.7590415208047],[-80.1937813941158,25.7590432251121],[-80.1937790964044,25.7590435644634],[-80.193767781225,25.7590411389334],[-80.1937660537647,25.7590479292848],[-80.1937647078358,25.7590496416876],[-80.1937624110963,25.7590499923606],[-80.1937569933568,25.7590488629277],[-80.1937463608971,25.7590895265501],[-80.1937596514717,25.7590923760209],[-80.1937615392473,25.7590936124425],[-80.1937619080397,25.7590956882676],[-80.1937452002738,25.7591595909881],[-80.1937438440878,25.7591612951261],[-80.1937415468255,25.7591616346448],[-80.1937413123652,25.7591615844838],[-80.1937382185674,25.7591733407681],[-80.1937347169344,25.7591754103142],[-80.1937144581281,25.7591720527629],[-80.1937081456666,25.759197384069],[-80.1937162655384,25.759199125141],[-80.1937181531285,25.759200361157],[-80.1937185221065,25.7592024365758],[-80.1937155504795,25.759213806131],[-80.1937679051925,25.7592250300565],[-80.1937702354224,25.7592277468401],[-80.1937946201908,25.7592328446523],[-80.1937965273567,25.7592340933928],[-80.1937968785554,25.7592361933023],[-80.1937434764067,25.7594287619592],[-80.1937421096838,25.7594304422202],[-80.1937398256534,25.7594307692042],[-80.1937329221004,25.7594292668044],[-80.1937312916582,25.7594355005095],[-80.1937299361072,25.7594372048797],[-80.1937276391083,25.7594375449705],[-80.1936684293512,25.7594248510272],[-80.1936614638145,25.7594514977891],[-80.1937206681817,25.7594641901116],[-80.193722556222,25.7594654259571],[-80.193722925648,25.7594675015389],[-80.1936068013295,25.759911639727],[-80.1936054453298,25.7599133442587],[-80.1936031478812,25.7599136841799],[-80.1935916198012,25.7599112125521],[-80.1935537710833,25.7600559746124],[-80.1935524139995,25.7600576790737],[-80.1935501158384,25.7600580182537],[-80.1935197006796,25.7600514973712],[-80.1935163679298,25.7600646022412],[-80.19351499817,25.7600663290653],[-80.1935126695658,25.7600666539727]]]},"properties":{"OBJECTID":82213,"UBID":"C3XWXFXQ+X7V-0-0-0-0","UNIQUEID":"D1_Small_Building_684","ADDRESS":"1451 S MIAMI AVE","SOURCE":"L","TYPE":"S","BLDG_HEIGHT":null,"FLOORS":37,"YEAR_BUILT":2005,"BLDG_TYPE":"MULTIFAMILY 10 UNITS PLUS : MULTIFAMILY 3 OR MORE UNITS"}},{"type":"Feature","id":82442,"geometry":{"type":"Polygon","coordinates":[[[-80.1905617811126,25.7599278246405],[-80.1905844330308,25.7598399277103],[-80.1905606438455,25.7598354423705],[-80.1905587194504,25.7598342532814],[-80.1905582884628,25.7598321875865],[-80.1905728205091,25.7597689915239],[-80.1905759529345,25.7597668062948],[-80.1905798579111,25.7597669956112],[-80.1906006027059,25.7596849342038],[-80.1905974568058,25.7596842214351],[-80.1905955885657,25.7596829667127],[-80.1905952460519,25.7596808905967],[-80.1906215828594,25.7595846052982],[-80.1906251383913,25.7595825713573],[-80.1906495977198,25.7595870793599],[-80.1906558023835,25.7595630102484],[-80.1906571637119,25.7595612956851],[-80.1906594746964,25.7595609625534],[-80.1908955097322,25.7596126905072],[-80.1908973724345,25.759613908094],[-80.190897762707,25.7596159509606],[-80.1908913676005,25.7596424730867],[-80.1909172247076,25.7596475862529],[-80.1909191187567,25.7596487672361],[-80.1909195585307,25.7596508038259],[-80.1909166686504,25.7596641328456],[-80.1909334689429,25.7596671198403],[-80.1909354076397,25.7596682889626],[-80.1909358647497,25.7596703495484],[-80.19088093816,25.7599237130821],[-80.1908796539431,25.7599254646965],[-80.1908773700517,25.7599258829365],[-80.1908253836479,25.7599166404246],[-80.1908204393206,25.7599366294591],[-80.1908579745264,25.7599440524311],[-80.1908598857448,25.7599452582329],[-80.1908602939765,25.7599473274382],[-80.1908504789837,25.7599880239236],[-80.1908491409786,25.759989758491],[-80.190846830027,25.7599901177267],[-80.190564018816,25.7599312533663],[-80.1905621245403,25.7599300244891],[-80.1905617496716,25.7599279492332],[-80.1905617811126,25.7599278246405]]]},"properties":{"OBJECTID":82442,"UBID":"CJXRX8X6+X7R-0-0-0-0","UNIQUEID":"D1_MDC_Building_103","ADDRESS":null,"SOURCE":"P","TYPE":"L","BLDG_HEIGHT":298,"FLOORS":0,"YEAR_BUILT":0,"BLDG_TYPE":"REFERENCE FOLIO"}},{"type":"Feature","id":83323,"geometry":{"type":"Polygon","coordinates":[[[-80.1911870292116,25.7627937565739],[-80.1908858735042,25.7627279359949],[-80.1908825353646,25.7627292692669],[-80.1907953008656,25.7627107943872],[-80.1907952658314,25.762710787106],[-80.1907538840395,25.7627015351026],[-80.1907515906406,25.7626985862085],[-80.1902662928763,25.7625925190068],[-80.1902643758715,25.7625912237574],[-80.1902265334418,25.7625320993713],[-80.1899130986628,25.7624632965771],[-80.1899111906893,25.762462008671],[-80.1899108897055,25.7624598784419],[-80.1899189422037,25.7624338739129],[-80.189858357126,25.7624149224707],[-80.1898563952054,25.7624116774657],[-80.1898644935177,25.7623812491686],[-80.189852499212,25.7623784855336],[-80.1898510735857,25.7623826843819],[-80.1898479019381,25.7623846162689],[-80.1898451554846,25.7623822135284],[-80.1898374614142,25.7623257701537],[-80.1898374443462,25.7623252742202],[-80.1898409810135,25.7622697264118],[-80.1898409899966,25.7622696212382],[-80.1898410241326,25.7622693971376],[-80.189851918002,25.7622146397233],[-80.1898520042403,25.7622143169212],[-80.1898700963101,25.7621611443675],[-80.1898701627855,25.7621609720445],[-80.1898702256675,25.7621608345098],[-80.1898952536297,25.7621100210593],[-80.1898952994437,25.7621099320661],[-80.1898954234113,25.7621097265729],[-80.1899270270413,25.7620619987365],[-80.1899300992795,25.7620607002452],[-80.1899447534968,25.7620627762131],[-80.1899534437988,25.762030629449],[-80.1899548505606,25.7620289151164],[-80.1899615744505,25.7620253254545],[-80.1899635175064,25.7620249662456],[-80.1900136309228,25.7620309991752],[-80.1900175655438,25.7620162101237],[-80.1900189312292,25.7620145099253],[-80.1900212324668,25.7620141810786],[-80.1902514221651,25.7620644031701],[-80.1902522800562,25.7620647219274],[-80.1902703245153,25.762074580752],[-80.1904865292413,25.7620972618703],[-80.1904886739418,25.7620984233663],[-80.1904891343556,25.7621006387555],[-80.1904861357792,25.7621119085227],[-80.1913167279723,25.7622931194368],[-80.1913187473851,25.7622855283339],[-80.1913201122502,25.7622838275011],[-80.1913224134098,25.7622834976754],[-80.1913737988406,25.7622947075573],[-80.1914008929279,25.7623006191191],[-80.1915370182362,25.7623303176945],[-80.1915389003492,25.7623315603971],[-80.1915392595328,25.7623336371322],[-80.1915294005226,25.7623706962247],[-80.1915134437482,25.7624306685507],[-80.1915160210147,25.7624754004157],[-80.191516024608,25.7624755597938],[-80.1915160192181,25.7624757167449],[-80.1915128625382,25.7625208215537],[-80.1915128553517,25.7625209105465],[-80.1915128203174,25.7625211370737],[-80.1915039485556,25.7625656100165],[-80.1915038659106,25.7625659190642],[-80.1914893967463,25.7626091727894],[-80.1914893266778,25.7626093572471],[-80.1914892763721,25.7626094697016],[-80.1914694029431,25.7626509257578],[-80.1914693454509,25.7626510406393],[-80.1914692448396,25.7626512105346],[-80.191444454931,25.7626899741426],[-80.1914177974249,25.7627901661261],[-80.1914164217208,25.7627918724892],[-80.1914141071458,25.7627921911128],[-80.1913780703298,25.7627840482875],[-80.1913766734496,25.7627840223988],[-80.1913425186041,25.762776016298],[-80.1913373290367,25.7627748432133],[-80.1913372302221,25.7627751846214],[-80.1913371960861,25.7627753027389],[-80.1913319166871,25.7627935162938],[-80.1913233153183,25.7628231848121],[-80.1913232560295,25.7628233862589],[-80.191321850881,25.7628250561476],[-80.1913195459874,25.76282534086],[-80.1911870974836,25.7627937719453],[-80.1911870292116,25.7627937565739]]]},"properties":{"OBJECTID":83323,"UBID":"C8XQXMXQ+X2R-0-0-0-0","UNIQUEID":"D1_MDC_Building_321","ADDRESS":"1111 BRICKELL AVE","SOURCE":"P","TYPE":"L","BLDG_HEIGHT":404.84411621,"FLOORS":30,"YEAR_BUILT":2000,"BLDG_TYPE":"OFFICE BUILDING - MULTISTORY : OFFICE BUILDING"}},{"type":"Feature","id":87251,"geometry":{"type":"Polygon","coordinates":[[[-80.1941438411558,25.7662649293593],[-80.1941381332605,25.7661176734383],[-80.1938918915664,25.766125888036],[-80.1938897084381,25.7661251506851],[-80.1938887429713,25.7661232393663],[-80.1938820819635,25.7659594852877],[-80.1938828873558,25.7659575160451],[-80.1938850023865,25.7659566351727],[-80.1939065996825,25.7659559143516],[-80.1939055962644,25.7659312106555],[-80.1939064025531,25.765929241076],[-80.193908518484,25.7659283605398],[-80.194130510157,25.76592095574],[-80.1941300484229,25.7659090132442],[-80.1934263711114,25.7659313692199],[-80.193424189602,25.7659306289811],[-80.1934232279062,25.7659287165009],[-80.1934117824712,25.7656333703674],[-80.1934117124026,25.7656308875326],[-80.193411710606,25.7656308066321],[-80.1934117204874,25.7656283326964],[-80.1934117213858,25.765628255841],[-80.1934118112173,25.7656257859502],[-80.1934118148106,25.7656257050497],[-80.1934119827955,25.7656232400129],[-80.1934119908803,25.7656231599214],[-80.1934122379171,25.7656206924575],[-80.1934122460019,25.7656206196471],[-80.1934125720903,25.7656181659362],[-80.1934125837684,25.7656180874628],[-80.1934129889086,25.7656156434599],[-80.1934130023834,25.7656155649865],[-80.1934134874736,25.7656131217926],[-80.1934135036433,25.7656130538362],[-80.1934140632937,25.7656106349124],[-80.1934140830567,25.7656105572479],[-80.1934147208605,25.7656081536951],[-80.1934147442167,25.7656080784577],[-80.1934154583774,25.7656056927029],[-80.1934154664622,25.7656056651968],[-80.1934154817335,25.7656056158475],[-80.1934162749459,25.7656032511268],[-80.1934163009971,25.7656031750804],[-80.1934171687696,25.7656008322028],[-80.1934171975157,25.7656007561564],[-80.1934181407468,25.7655984367399],[-80.1934181533232,25.7655984043797],[-80.1934181712895,25.7655983623114],[-80.1934191872841,25.7655960695921],[-80.1934192214201,25.7655959951636],[-80.1934203110765,25.7655937299503],[-80.1934203479074,25.7655936579489],[-80.1934215094291,25.7655914210508],[-80.1934215291921,25.7655913830275],[-80.1934215480567,25.7655913498583],[-80.1934227814435,25.7655891437023],[-80.1934228218677,25.7655890733189],[-80.1934241253232,25.7655869027591],[-80.1934241684423,25.7655868331846],[-80.1934255401698,25.765584698221],[-80.1934255680176,25.7655846553437],[-80.1934255868822,25.7655846286466],[-80.1934270268816,25.7655825300881],[-80.1934270744923,25.7655824621317],[-80.193428580967,25.7655804024054],[-80.193428632171,25.765580336876],[-80.1934302051211,25.7655783167909],[-80.1934302482402,25.7655782625875],[-80.1934318930555,25.7655762764806],[-80.1934319478527,25.7655762125692],[-80.1934336474652,25.7655742790476],[-80.1934337031608,25.7655742167542],[-80.193435464757,25.7655723293458],[-80.1934355150627,25.7655722751425],[-80.1934373431343,25.7655704289933],[-80.1934374033214,25.7655703699359],[-80.1934392816987,25.765568578799],[-80.1934393445808,25.7655685213597],[-80.1934412813485,25.7655667795721],[-80.1934413388407,25.7655667277958],[-80.1934433357956,25.7655650345484],[-80.1934434004743,25.7655649803451],[-80.1934454468365,25.7655633437281],[-80.1934455124135,25.7655632919518],[-80.1934476090814,25.7655617087291],[-80.1934476755567,25.7655616609978],[-80.1934498243269,25.7655601335964],[-80.1934498943955,25.7655600850561],[-80.1934520880814,25.765558615903],[-80.1934521599466,25.7655585697897],[-80.1934544003449,25.7655571588851],[-80.1934544740068,25.7655571135808],[-80.1934567611175,25.7655557633514],[-80.193456833881,25.7655557204742],[-80.1934591614159,25.7655544301111],[-80.1934592377727,25.7655543888519],[-80.1934616048335,25.7655531615913],[-80.1934616820886,25.7655531227591],[-80.1934640931668,25.7655519545558],[-80.193464167727,25.7655519205776],[-80.1934666084496,25.7655508179037],[-80.193466689298,25.7655507847345],[-80.1934691668516,25.765549746781],[-80.1934692476999,25.7655497144208],[-80.1934717647794,25.7655487403787],[-80.1934718375429,25.7655487136816],[-80.1934743779785,25.7655478084049],[-80.1934744606235,25.7655477800897],[-80.1934770280086,25.7655469427695],[-80.1934771115519,25.7655469168813],[-80.1934797175646,25.7655461434725],[-80.1934797894298,25.7655461240564],[-80.1934824062222,25.765545422649],[-80.1934824915622,25.7655454016149],[-80.1934851299142,25.7655447689729],[-80.1934852161524,25.7655447503657],[-80.193487873369,25.7655441889162],[-80.1934884509858,25.7655441177238],[-80.194578311343,25.76550948502],[-80.1945805059425,25.7655102369174],[-80.1945814554465,25.7655121709176],[-80.1945817177545,25.7655223967442],[-80.1951414750761,25.7655046067178],[-80.1951436726179,25.7655053556845],[-80.1951446227728,25.7655072909975],[-80.1951446254677,25.765507371898],[-80.1951534352457,25.7658498880835],[-80.19515259944,25.7658518491321],[-80.1951504690087,25.7658527042229],[-80.1950941715898,25.7658538894123],[-80.1950942039292,25.7658551498389],[-80.1950933673051,25.7658571102482],[-80.1950912367938,25.7658579643602],[-80.1947422197463,25.7658653198147],[-80.1947428288041,25.7658890001362],[-80.1947519961116,25.7662457139857],[-80.1947511735505,25.7662476606235],[-80.1947490702987,25.7662485268797],[-80.1941469915475,25.7662676953309],[-80.1941448072868,25.7662669569469],[-80.1941438456474,25.7662650426194],[-80.1941438411558,25.7662649293593]]]},"properties":{"OBJECTID":87251,"UBID":"CPX7X6X7+X8V-0-0-0-0","UNIQUEID":null,"ADDRESS":"10 SW 8 ST","SOURCE":null,"TYPE":null,"BLDG_HEIGHT":21.89999962,"FLOORS":1,"YEAR_BUILT":1997,"BLDG_TYPE":"STORE : RETAIL OUTLET"}},{"type":"Feature","id":92122,"geometry":{"type":"Polygon","coordinates":[[[-80.1975080004538,25.7648576393266],[-80.1977487022375,25.7648510831113],[-80.1977508790401,25.764851834206],[-80.1977518292731,25.7648537512256],[-80.1977595691575,25.7650866770512],[-80.1977587471771,25.7650886429554],[-80.1977566226834,25.7650895101979],[-80.1975159523407,25.7650960688271],[-80.1974947583882,25.7650966456499],[-80.1974925806865,25.7650958948924],[-80.1974916295561,25.765093977541],[-80.1974838923665,25.7648610484937],[-80.197484714347,25.7648590825857],[-80.1974868388407,25.7648582153416],[-80.1975080004538,25.7648576393266]]]},"properties":{"OBJECTID":92122,"UBID":"CRXJXCXX+X6X-0-0-0-0","UNIQUEID":"D3_MDC_Building_1881","ADDRESS":"900 SW 2 AVE","SOURCE":"P","TYPE":"L","BLDG_HEIGHT":13.80000019,"FLOORS":1,"YEAR_BUILT":1961,"BLDG_TYPE":"STORE : RETAIL OUTLET"}},{"type":"Feature","id":92749,"geometry":{"type":"Polygon","coordinates":[[[-80.1988587908583,25.7654026849433],[-80.1989332162796,25.7654006009437],[-80.1989353939621,25.7654013499117],[-80.1989363469084,25.7654032658096],[-80.1989451054824,25.7656595505584],[-80.1989442852612,25.7656615167933],[-80.1989421617032,25.7656623853094],[-80.1988677362819,25.7656644701135],[-80.1988655583353,25.7656637217198],[-80.1988646047548,25.7656618060624],[-80.1988558542657,25.7654056645125],[-80.1988558488758,25.7654055197004],[-80.1988566673295,25.7654035530647],[-80.1988587908583,25.7654026849433]]]},"properties":{"OBJECTID":92749,"UBID":"CCXJXWXW+XJV-0-0-0-0","UNIQUEID":"D3_MDC_Building_2518","ADDRESS":"885 SW 3 AVE","SOURCE":"P","TYPE":"L","BLDG_HEIGHT":18.34765053,"FLOORS":0,"YEAR_BUILT":0,"BLDG_TYPE":"VACANT LAND - COMMERCIAL : VACANT LAND"}},{"type":"Feature","id":92772,"geometry":{"type":"Polygon","coordinates":[[[-80.1884102854644,25.7673246363839],[-80.1884111226943,25.7673247124292],[-80.1885063018936,25.7673457413901],[-80.1885081805913,25.7673469891698],[-80.188508534207,25.7673490671595],[-80.1884639562094,25.7675144842259],[-80.1884639175818,25.7675146274174],[-80.1884625491378,25.7675163245351],[-80.1884602479639,25.7675166474696],[-80.1883650696629,25.767495619348],[-80.1883631914143,25.7674943714028],[-80.1883628382477,25.7674922935827],[-80.1884074512797,25.7673267332936],[-80.188408478417,25.7673252573793],[-80.1884102854644,25.7673246363839]]]},"properties":{"OBJECTID":92772,"UBID":"CCX2X7XV+XRR-0-0-0-0","UNIQUEID":null,"ADDRESS":"609 BRICKELL AVE","SOURCE":null,"TYPE":null,"BLDG_HEIGHT":null,"FLOORS":1,"YEAR_BUILT":1948,"BLDG_TYPE":"EDUCATIONAL/SCIENTIFIC - EX : EDUCATIONAL - PRIVATE"}},{"type":"Feature","id":93041,"geometry":{"type":"Polygon","coordinates":[[[-80.197978587407,25.767362603226],[-80.1979786664587,25.767362599181],[-80.1979798218677,25.7673627640656],[-80.1979808231747,25.7673633087974],[-80.1979815228341,25.7673641531084],[-80.1979818177487,25.7673651725867],[-80.1979873720321,25.767443161882],[-80.1979872181737,25.7674442236255],[-80.1979866251141,25.7674451516591],[-80.1979856830263,25.7674458048779],[-80.1979845351525,25.7674460839616],[-80.1979101959694,25.7674504379571],[-80.1979090180076,25.7674502949031],[-80.1979079907505,25.7674497563903],[-80.1979072709162,25.767448904574],[-80.1979069683226,25.7674478694072],[-80.1979014176325,25.7673699294636],[-80.1979014140392,25.7673698768791],[-80.1979015668375,25.7673688152186],[-80.1979021593613,25.7673678871446],[-80.1979031013082,25.7673672340984],[-80.1979042491223,25.7673669556066],[-80.1979043272757,25.7673669507526],[-80.197978587407,25.767362603226]]]},"properties":{"OBJECTID":93041,"UBID":"C8XQXXXQ+XRX-0-0-0-0","UNIQUEID":"D3_MDC_Building_25710","ADDRESS":"220 SW 6 ST","SOURCE":"P","TYPE":"L","BLDG_HEIGHT":14.65999985,"FLOORS":0,"YEAR_BUILT":0,"BLDG_TYPE":"VACANT LAND - COMMERCIAL : VACANT LAND"}},{"type":"Feature","id":94753,"geometry":{"type":"Polygon","coordinates":[[[-80.1900620204723,25.7607930237834],[-80.1900628154813,25.7607930909335],[-80.1902092660254,25.7608234476333],[-80.1902111580049,25.7608246712549],[-80.1902115414581,25.760826740415],[-80.190169654813,25.7609924513508],[-80.1901683117076,25.7609941662975],[-80.1901660148395,25.7609945200561],[-80.1900672324976,25.760974044969],[-80.1900653408182,25.7609728206724],[-80.1900649570649,25.7609707513824],[-80.1900717627015,25.7609438315071],[-80.1900666602707,25.7609427732874],[-80.1900647684068,25.7609415485857],[-80.1900643848381,25.760939478891],[-80.190083138068,25.7608653064046],[-80.1900464814145,25.7608577071201],[-80.1900445833023,25.760856484735],[-80.1900441987954,25.7608544119123],[-80.1900442329313,25.7608542776121],[-80.1900591764061,25.7607951588333],[-80.1900601965007,25.7607936570273],[-80.1900620204723,25.7607930237834]]]},"properties":{"OBJECTID":94753,"UBID":"CQX4XRXX+XGX-0-0-0-0","UNIQUEID":"D1_MDC_Building_166","ADDRESS":"1250 BRICKELL BAY DR","SOURCE":"P","TYPE":"L","BLDG_HEIGHT":30.98999977,"FLOORS":0,"YEAR_BUILT":0,"BLDG_TYPE":"VACANT LAND - COMMERCIAL : EXTRA FEA OTHER THAN PARKING"}},{"type":"Feature","id":95762,"geometry":{"type":"Polygon","coordinates":[[[-80.1894448724822,25.7707922320821],[-80.1894441484401,25.770769503278],[-80.1894428422897,25.7707698098775],[-80.1892734820108,25.7707742268507],[-80.1892713058448,25.7707734736419],[-80.1892703576703,25.7707715556336],[-80.1892699821745,25.7707597576224],[-80.1892646102491,25.7707632394272],[-80.1892641862442,25.7707634699835],[-80.1892581558538,25.770766163043],[-80.189257695018,25.7707663280728],[-80.189251261284,25.770768098098],[-80.1892510349085,25.770768152299],[-80.189250777092,25.7707681935564],[-80.1892441053044,25.7707689944362],[-80.1892438286233,25.7707690154694],[-80.1892436166209,25.7707690154694],[-80.1892368945276,25.7707688245527],[-80.1892364022509,25.7707687743965],[-80.18922980682,25.770767596537],[-80.1892293298146,25.7707674735736],[-80.1892230317262,25.77076534113],[-80.1892225834668,25.7707651510222],[-80.189216751604,25.7707621198134],[-80.1892165746359,25.7707620203102],[-80.1892163482604,25.7707618706508],[-80.1892126121672,25.7707591088288],[-80.1891858648296,25.7707703421794],[-80.1891835259152,25.7707704245426],[-80.1891818197159,25.7707689814927],[-80.189178857072,25.7707630582181],[-80.1891756959006,25.7707580838644],[-80.1891237364462,25.7707594388884],[-80.18907626767,25.7707606774208],[-80.189049373907,25.7707613771794],[-80.1890471985619,25.7707606246122],[-80.1890462504648,25.7707587075799],[-80.1890446550568,25.7707085781536],[-80.1890346190785,25.7707088394509],[-80.1890324430984,25.7707080866462],[-80.1890314947379,25.7707061690413],[-80.18902483912,25.7704969239377],[-80.1890261167322,25.7704946012843],[-80.1890289731669,25.7704942826463],[-80.1890219707993,25.7704066645454],[-80.1890219636127,25.7704065472444],[-80.189019759147,25.7703372498784],[-80.18902058313,25.7703352851017],[-80.1890227083161,25.7703344200929],[-80.1890553045845,25.7703335698628],[-80.1890547772734,25.7703169527588],[-80.1890479446874,25.7703171307327],[-80.1890449065851,25.7703150330669],[-80.1890385150718,25.7702913342131],[-80.1890355533263,25.7702917621597],[-80.1890323032217,25.7702901741462],[-80.1890110625568,25.7702474304459],[-80.1890112261672,25.770244888225],[-80.1890136362301,25.770243556274],[-80.1896218962887,25.7702078263557],[-80.1896224415661,25.7702078409172],[-80.1896738323869,25.7701890241968],[-80.1896740506775,25.7701889538161],[-80.1896741791366,25.7701889198392],[-80.1897291542353,25.7701754560937],[-80.1897292898809,25.7701754261617],[-80.1897294920019,25.7701753921848],[-80.1897857921157,25.7701676397913],[-80.1897858603876,25.7701676308926],[-80.1897861334755,25.7701676114772],[-80.1898430444437,25.7701656667047],[-80.1898433130399,25.7701656683227],[-80.1898433884984,25.7701656731765],[-80.1899001772957,25.7701695635304],[-80.1899003740268,25.7701695837548],[-80.1899005168589,25.7701696047881],[-80.1899564693247,25.7701792833473],[-80.1899586964381,25.7701809116167],[-80.1899584465166,25.7701834851556],[-80.1899409365551,25.7702078813659],[-80.1899433197856,25.7702117523031],[-80.1899434114138,25.7702119132887],[-80.1899435192116,25.770212147082],[-80.189945819797,25.7702178810844],[-80.1899458979504,25.770218105979],[-80.1899459491544,25.7702183049864],[-80.1899472112874,25.770224293815],[-80.1899472633897,25.7702247314695],[-80.1899474529342,25.7702308238464],[-80.1899474268831,25.7702312639278],[-80.1899465438391,25.770237306957],[-80.1899464405329,25.7702377381397],[-80.1899445028668,25.7702435773073],[-80.1899444310016,25.770243766607],[-80.1899443258987,25.7702439850298],[-80.1899413821195,25.7702494722938],[-80.1899412500672,25.7702496931435],[-80.1899411368794,25.7702498484663],[-80.1899372678355,25.7702548365938],[-80.189936958815,25.7702551739355],[-80.1899322588295,25.7702595423895],[-80.1899318932152,25.7702598320018],[-80.1899277097609,25.7702626415648],[-80.189927687303,25.7702658467155],[-80.1899383592886,25.7702655376879],[-80.1899407565368,25.7702664892481],[-80.1899414485948,25.7702687646808],[-80.1899225174985,25.7703658761729],[-80.1899271959245,25.7703657540181],[-80.1899293722105,25.7703665071157],[-80.1899303202651,25.7703684252444],[-80.1899324663403,25.7704359040237],[-80.1899316414807,25.7704378691521],[-80.1899295153746,25.7704387338068],[-80.1899250246965,25.7704388502988],[-80.1899256499239,25.7704585228715],[-80.189936266214,25.7704582453942],[-80.1899384501763,25.7704590048476],[-80.1899393914528,25.7704609352248],[-80.1899441525239,25.7706565905015],[-80.1899440968283,25.770657174578],[-80.1899385784775,25.7706829289516],[-80.1899385191887,25.7706831514184],[-80.189938437442,25.77068337793],[-80.1899281822747,25.7707079188431],[-80.1899280717819,25.7707081493996],[-80.1899279612892,25.7707083346537],[-80.189913272936,25.7707309494047],[-80.1899129746953,25.7707313296205],[-80.1898942735677,25.7707513661811],[-80.1898938810039,25.7707517164649],[-80.1898775963444,25.7707638332109],[-80.1898772001874,25.7707640831824],[-80.1898589967265,25.7707737074923],[-80.1898585601453,25.7707738976001],[-80.1898389041085,25.7707807859747],[-80.1898384405778,25.770780910556],[-80.1898178233438,25.7707848890674],[-80.1898172807613,25.7707849489311],[-80.1894480156874,25.7707949987571],[-80.1894458280992,25.7707942517446],[-80.1894448751771,25.7707923275405],[-80.1894448724822,25.7707922320821]]]},"properties":{"OBJECTID":95762,"UBID":"CFXMXXX8+X5V-0-0-0-0","UNIQUEID":"D1_MDC_Building_22","ADDRESS":"270 BISCAYNE BOULEVARD ","SOURCE":"P","TYPE":"L","BLDG_HEIGHT":559.84002686,"FLOORS":0,"YEAR_BUILT":2008,"BLDG_TYPE":"HOTEL OR MOTEL : COMMERCIAL - TOTAL VALUE"}},{"type":"Feature","id":96648,"geometry":{"type":"Polygon","coordinates":[[[-80.1905511100253,25.7635726902525],[-80.1903435084649,25.7635290307509],[-80.1903416173505,25.7635278017567],[-80.1903412402188,25.7635257291451],[-80.1903419966002,25.7635227818894],[-80.1902860612025,25.7635110171365],[-80.1902841705158,25.7635097889195],[-80.1902837929564,25.7635077171482],[-80.1902860153884,25.7634990525548],[-80.1902642366326,25.763494472698],[-80.1902623455757,25.7634932436714],[-80.1902619683865,25.7634911710912],[-80.1902626412247,25.7634885482513],[-80.1902347045177,25.763485656008],[-80.19023201586,25.763483033168],[-80.1902296496975,25.7634294291661],[-80.1902283462421,25.7634289194839],[-80.19022828336,25.7634288919772],[-80.1902252623257,25.7634276299068],[-80.190225197647,25.7634276024001],[-80.1902222098504,25.7634262756081],[-80.1902221451717,25.7634262464834],[-80.190219194206,25.7634248557788],[-80.1902191349172,25.7634248290812],[-80.1902162153925,25.763423372037],[-80.1902161534087,25.7634233404853],[-80.1902132770032,25.7634218251916],[-80.1902132150194,25.7634217912128],[-80.1902103799364,25.7634202152427],[-80.190210318851,25.7634201804549],[-80.1902075259887,25.7634185438083],[-80.1902074756831,25.7634185146836],[-80.1902047151602,25.7634168116974],[-80.1902046567697,25.7634167744825],[-80.1902019519424,25.76341501891],[-80.1902018935519,25.7634149816951],[-80.1901992363353,25.7634131694912],[-80.1901991779448,25.7634131290402],[-80.1901965683389,25.7634112602049],[-80.1901965431861,25.7634112424064],[-80.1901965135417,25.7634112197539],[-80.1901939524448,25.7634092959052],[-80.1901938976476,25.7634092538362],[-80.1901913877547,25.7634072749742],[-80.1901913338557,25.7634072320961],[-80.1901888769634,25.7634052006478],[-80.1901888239628,25.7634051569607],[-80.1901864146812,25.7634030672629],[-80.1901863688672,25.7634030260029],[-80.1901840224676,25.763400892618],[-80.1901839712637,25.7634008456948],[-80.1901816796614,25.7633986613416],[-80.1901816293557,25.7633986136095],[-80.1901793961439,25.7633963815241],[-80.1901793485332,25.7633963321739],[-80.1901771728136,25.7633940515472],[-80.1901771269995,25.7633940030061],[-80.1901750123653,25.7633916754562],[-80.1901749674496,25.763391625297],[-80.1901729130025,25.7633892548691],[-80.1901728698834,25.7633892039008],[-80.1901708792167,25.7633867889768],[-80.1901708405892,25.7633867428627],[-80.1901689092113,25.7633842810154],[-80.1901688678888,25.7633842276201],[-80.1901670056812,25.763381730176],[-80.1901669670537,25.7633816759717],[-80.1901651686265,25.7633791405035],[-80.1901651317955,25.7633790846811],[-80.1901634016403,25.763376511998],[-80.1901633719959,25.7633764658839],[-80.1901617029261,25.7633738462775],[-80.1901616669935,25.7633737888371],[-80.1901600733822,25.7633711441511],[-80.1901600401445,25.7633710867107],[-80.1901585166018,25.7633684080458],[-80.1901584851608,25.7633683497964],[-80.1901570236018,25.7633656282533],[-80.1901570002456,25.7633655813302],[-80.19015561684,25.7633628403706],[-80.1901555880939,25.7633627805031],[-80.1901542792486,25.7633600112278],[-80.1901542496042,25.7633599505513],[-80.1901530135223,25.7633571537692],[-80.1901529865729,25.7633570930927],[-80.1901518394243,25.763354310873],[-80.1901503095933,25.7633509113708],[-80.1901502889321,25.7633508620206],[-80.1901488174917,25.7633474018419],[-80.1901487977287,25.7633473581548],[-80.1901473963569,25.7633438680422],[-80.1901473765939,25.763343818692],[-80.1901460497823,25.7633403099718],[-80.1901460309176,25.7633402614306],[-80.1901447768695,25.7633367300578],[-80.1901447606998,25.7633366798985],[-80.1901435794152,25.7633331283001],[-80.1901435632456,25.7633330797589],[-80.1901424574194,25.7633295079349],[-80.1901424466397,25.7633294699109],[-80.1901414108821,25.7633258681531],[-80.1901413965091,25.7633258179938],[-80.1901404407016,25.7633222113817],[-80.1901404281252,25.7633221612224],[-80.1901395477762,25.7633185384298],[-80.1901395351998,25.7633184882705],[-80.1901387303093,25.7633148517244],[-80.1901387186312,25.7633148007561],[-80.1901379891992,25.7633111439844],[-80.1901379802161,25.7633111011063],[-80.1901373280392,25.7633074386714],[-80.190137319056,25.7633073868941],[-80.1901367414393,25.7633037163688],[-80.1901367342528,25.7633036645915],[-80.1901362347895,25.7632999827398],[-80.1901362285013,25.7632999317715],[-80.1901358035981,25.7632962426385],[-80.1901357982082,25.7632961916702],[-80.1901354514585,25.7632924936379],[-80.1901354478653,25.7632924434786],[-80.1901351783707,25.7632887430191],[-80.1901351747774,25.7632886912418],[-80.1901349843346,25.7632849867371],[-80.1901349816396,25.7632849341507],[-80.190134865757,25.7632812272188],[-80.1901348648587,25.7632811746325],[-80.1901348271294,25.7632774660824],[-80.1901348271294,25.7632774183502],[-80.1901348666553,25.7632737057549],[-80.1901348675536,25.7632736539776],[-80.1901349852329,25.7632699462363],[-80.1901349879279,25.763269895268],[-80.190135181964,25.7632661899537],[-80.1901351846589,25.7632661381763],[-80.1901354559501,25.763262436907],[-80.19013546134,25.7632623859387],[-80.190135808988,25.7632586911414],[-80.1901358125813,25.7632586498813],[-80.1901362401794,25.7632549494208],[-80.1901362464676,25.7632548984525],[-80.1901367486258,25.7632512174083],[-80.1901367809652,25.7632510345696],[-80.1901376604158,25.7632469983652],[-80.1901376711956,25.76324695306],[-80.1901386234098,25.7632429427442],[-80.1901386341896,25.763242897439],[-80.1901396618623,25.7632389033034],[-80.1901396726421,25.7632388596163],[-80.1901407748749,25.7632348808519],[-80.1901407874513,25.7632348363558],[-80.190141963346,25.7632308753897],[-80.1901419750241,25.7632308365567],[-80.1901432272756,25.7632268885349],[-80.1901432416487,25.7632268448478],[-80.1901445639688,25.7632229219055],[-80.1901445792401,25.7632228774094],[-80.1901459734255,25.7632189763105],[-80.1901459913918,25.7632189326233],[-80.1901474583406,25.7632150525589],[-80.1901474772053,25.7632150080627],[-80.190149017816,25.7632111530778],[-80.190149034884,25.7632111085816],[-80.1901506491565,25.7632072746311],[-80.1901506671228,25.763207233371],[-80.1901523496674,25.7632034253091],[-80.1901523694303,25.76320338324],[-80.19015412384,25.7631996018756],[-80.1901541445013,25.7631995589975],[-80.1901559698779,25.7631958059487],[-80.1901559914375,25.7631957638796],[-80.1901573281307,25.763193133752],[-80.1901260263346,25.7631249486244],[-80.1901201648273,25.7631271540172],[-80.1901163245295,25.7631259194503],[-80.1901055752888,25.7631078620875],[-80.1900948835403,25.7630897723611],[-80.1900842564705,25.7630716518892],[-80.1900736886895,25.7630535014807],[-80.1900631837906,25.7630353227536],[-80.1900527408754,25.7630171124719],[-80.190042359944,25.7629988754896],[-80.1900321218447,25.7629807509587],[-80.1899325983927,25.7628455276156],[-80.1899282218006,25.76284037899],[-80.1899282020376,25.7628403539103],[-80.1899238281405,25.7628350936393],[-80.1899238083776,25.7628350693686],[-80.1899194973626,25.7628297654101],[-80.1899194793963,25.7628297411394],[-80.1899152227293,25.762824382167],[-80.1899110316393,25.7628189843613],[-80.1899110127747,25.7628189600906],[-80.1899068957957,25.7628135315417],[-80.1899068778294,25.762813507271],[-80.1899028246309,25.7628080382707],[-80.1899028066646,25.762808014809],[-80.1898988199413,25.7628025069753],[-80.189898801975,25.7628024818956],[-80.1898948817271,25.7627969360375],[-80.1898948637608,25.7627969109578],[-80.1898910108866,25.7627913270753],[-80.1898909938186,25.7627913011865],[-80.1898872074197,25.7627856792797],[-80.1898871894534,25.7627856542],[-80.1898834605466,25.7627799805153],[-80.1898798026068,25.7627742744694],[-80.1898797864371,25.7627742493897],[-80.1898762021591,25.7627685174548],[-80.1898761868878,25.7627684931841],[-80.1898726735767,25.7627627272698],[-80.189872657407,25.7627627013811],[-80.1898692114696,25.7627569014876],[-80.1898691970965,25.7627568755988],[-80.189865822126,25.762751042535],[-80.1898658068547,25.7627510166462],[-80.1898625010544,25.7627451504122],[-80.1898624866814,25.7627451237144],[-80.1898592509497,25.7627392267372],[-80.189859237475,25.7627392000393],[-80.1898560673203,25.7627332593745],[-80.1898529654377,25.7627272847303],[-80.1898529510646,25.7627272572235],[-80.1898499300303,25.7627212663985],[-80.1898499165556,25.7627212405097],[-80.1898469673865,25.7627152213686],[-80.1898469548101,25.7627151946708],[-80.1898440766079,25.7627091464045],[-80.1898440640315,25.7627091188977],[-80.1898412594912,25.7627030431242],[-80.1898412460165,25.7627030156174],[-80.189838515138,25.7626969131458],[-80.1898385025616,25.762696885639],[-80.1898358435484,25.7626907564693],[-80.1898358318703,25.7626907289624],[-80.1898332456205,25.7626845739037],[-80.1898332348408,25.7626845463968],[-80.1898307231512,25.7626783662579],[-80.1898307114731,25.7626783379421],[-80.1898282752421,25.7626721343412],[-80.1898282644623,25.7626721052163],[-80.1898259009948,25.7626658781533],[-80.189825890215,25.7626658498374],[-80.1898236031043,25.7626595993124],[-80.1898235914262,25.7626595718056],[-80.1898213788756,25.7626532986275],[-80.1898213689942,25.7626532703117],[-80.1898192319021,25.7626469760987],[-80.1898192211223,25.7626469477828],[-80.1898171585904,25.7626406333438],[-80.1898174190274,25.7626385126364],[-80.1898192831061,25.7626371957971],[-80.1898324937307,25.762633977496],[-80.1898198202986,25.7625913248856],[-80.1898205632081,25.7625887038368],[-80.1898234414075,25.7625879302157],[-80.1899458934589,25.7626136839132],[-80.1899482811809,25.7626043752705],[-80.1899496299004,25.7626026646318],[-80.1899519274426,25.7626023179196],[-80.1900430911726,25.7626214918138],[-80.1900449826988,25.7626227201632],[-80.190045360317,25.7626247926357],[-80.1900429734933,25.7626340996588],[-80.1907021761134,25.7627727357059],[-80.1907040678827,25.7627739644262],[-80.1907044452578,25.7627760373326],[-80.1907034373481,25.7627799683799],[-80.1908194799198,25.7628043725841],[-80.1908213709969,25.7628056010987],[-80.1908217481659,25.762807673401],[-80.1907736784168,25.7629951005908],[-80.1907723296972,25.7629968112238],[-80.190770032155,25.762997157935],[-80.1907450751598,25.7629919089972],[-80.1906405867192,25.7633992964221],[-80.1906405588714,25.7633994088759],[-80.190639209278,25.7634011215029],[-80.1906369090164,25.7634014662129],[-80.1906232357595,25.7633985901479],[-80.1905945372811,25.763510481566],[-80.1906060195471,25.7635128972965],[-80.1906079110741,25.7635141256363],[-80.1906082886915,25.7635161980937],[-80.1905966555086,25.7635615573481],[-80.190595306789,25.7635632679729],[-80.1905930092468,25.7635636146824],[-80.1905818881036,25.7635612758096],[-80.1905804157649,25.7635670166055],[-80.1905790672311,25.7635687276336],[-80.1905767695031,25.7635690747486],[-80.1905562618635,25.7635647618707],[-80.1905547562871,25.7635706329184],[-80.1905534075675,25.763572343543],[-80.1905511100253,25.7635726902525]]]},"properties":{"OBJECTID":96648,"UBID":"C2X6XFX3+XMX-0-0-0-0","UNIQUEID":null,"ADDRESS":"1100 BRICKELL BAY DR","SOURCE":null,"TYPE":null,"BLDG_HEIGHT":null,"FLOORS":81,"YEAR_BUILT":2016,"BLDG_TYPE":"MIXED USE-STORE/RESIDENTIAL : MIXED USE - COMMERCIAL"}},{"type":"Feature","id":97362,"geometry":{"type":"Polygon","coordinates":[[[-80.1922705699208,25.7629821311511],[-80.1923920230455,25.7625181452967],[-80.1923920553849,25.7625180190887],[-80.1923934096696,25.7625163148339],[-80.1923957061382,25.7625159762988],[-80.1928660083254,25.7626169167773],[-80.1928678952484,25.7626181533902],[-80.1928682621984,25.7626202289257],[-80.1928401188789,25.7627277531554],[-80.1928387621825,25.7627294570527],[-80.1928364645323,25.7627297951326],[-80.1928313818645,25.7627287045679],[-80.192830411684,25.762732408281],[-80.1928354925552,25.7627334988457],[-80.1928373803781,25.7627347351222],[-80.1928377482249,25.7627368109909],[-80.1928101950985,25.7628420771304],[-80.1928088388115,25.7628437808006],[-80.1928065416502,25.7628441191057],[-80.1928000405425,25.7628427251582],[-80.1927845499938,25.7629019035942],[-80.1927910475082,25.76290329835],[-80.1927929346959,25.7629045343876],[-80.1927933022796,25.7629066096814],[-80.1927777488487,25.7629660291743],[-80.1927763925237,25.7629677338751],[-80.1927740945022,25.7629680727655],[-80.1927683363012,25.7629668373879],[-80.1927668918102,25.7629723581584],[-80.1927726473162,25.7629735943449],[-80.1927745345039,25.7629748303818],[-80.1927749020876,25.7629769056744],[-80.1927467794293,25.7630843422066],[-80.1927454233673,25.7630860463337],[-80.1927431259811,25.7630863849868],[-80.1922728246921,25.7629854432894],[-80.1922709373188,25.7629842068481],[-80.1922705699208,25.7629821311511]]]},"properties":{"OBJECTID":97362,"UBID":"CMXJXRXJ+X6W-0-0-0-0","UNIQUEID":null,"ADDRESS":"1080 BRICKELL AVE","SOURCE":null,"TYPE":null,"BLDG_HEIGHT":null,"FLOORS":0,"YEAR_BUILT":2016,"BLDG_TYPE":"PVT PARK -REC AREA -ROADWAY : COMMON AREA"}},{"type":"Feature","id":97635,"geometry":{"type":"Polygon","coordinates":[[[-80.1976373389901,25.7660689270623],[-80.1976368835442,25.7660545357336],[-80.1975708879136,25.766056247581],[-80.1975687111772,25.7660554946248],[-80.1975677626747,25.7660535762577],[-80.1975644344166,25.7659485022725],[-80.1975652585653,25.7659465378105],[-80.1975673835856,25.7659456731914],[-80.1976584826369,25.7659433052415],[-80.1976584089751,25.7659409712696],[-80.1976592341856,25.7659390068579],[-80.1976613599408,25.7659381429972],[-80.1976689363319,25.7659379464097],[-80.1977393480805,25.7659361156372],[-80.1978316140433,25.765933719372],[-80.1978337901446,25.765934472092],[-80.1978347383839,25.765936389889],[-80.1978371449705,25.7660122694371],[-80.1978363194771,25.766014234403],[-80.1978341931065,25.7660150985167],[-80.1978026011546,25.7660159180356],[-80.1978028230385,25.7660229434077],[-80.1978030961263,25.7660315269167],[-80.1978039144915,25.7660574384314],[-80.1978030897095,25.7660594026561],[-80.1978009644241,25.7660602667009],[-80.1977283158705,25.7660621541015],[-80.1977284587026,25.7660666545771],[-80.1977276345054,25.7660686192435],[-80.1977255095335,25.7660694844644],[-80.1977158562375,25.7660697368729],[-80.1976478232278,25.7660715029231],[-80.1976404974666,25.7660716930385],[-80.1976404651273,25.7660716930385],[-80.1976382896718,25.7660709404822],[-80.1976373434817,25.7660690225245],[-80.1976373389901,25.7660689270623]]]},"properties":{"OBJECTID":97635,"UBID":"CVX6XWXQ+X8W-0-0-0-0","UNIQUEID":"D3_MDC_Building_25602","ADDRESS":"200 SW 8 ST","SOURCE":"P","TYPE":"L","BLDG_HEIGHT":15.7505064,"FLOORS":1,"YEAR_BUILT":1979,"BLDG_TYPE":"DRIVE-IN RESTAURANT : RETAIL OUTLET"}},{"type":"Feature","id":100558,"geometry":{"type":"Polygon","coordinates":[[[-80.193438040227,25.7677902643076],[-80.1934342699977,25.7676815683913],[-80.1934251700639,25.7676818272683],[-80.1934229909526,25.7676810800582],[-80.1934220367402,25.7676791640715],[-80.1934189025181,25.7675887819965],[-80.1934197212199,25.7675868159033],[-80.1934218436024,25.7675859464825],[-80.1934309453329,25.7675856884143],[-80.1934279081289,25.7674980827279],[-80.1934162138605,25.7674984160325],[-80.19341403475,25.7674976688205],[-80.1934130805368,25.7674957528316],[-80.1934124220717,25.767476755276],[-80.1934132412216,25.7674747890127],[-80.1934153640542,25.7674739197593],[-80.1934270601192,25.7674735880726],[-80.1934260522095,25.7674445404046],[-80.1934268710916,25.7674425739154],[-80.1934289941921,25.7674417048871],[-80.1937353628231,25.7674329936593],[-80.1937375408111,25.7674337410997],[-80.1937384952485,25.7674356560527],[-80.19374289879,25.7675626370176],[-80.1937420801115,25.7675646033788],[-80.1937399577057,25.7675654733412],[-80.1935468702253,25.767570965583],[-80.1935469959895,25.7675746076617],[-80.193601998936,25.7675730422636],[-80.1936041780464,25.7675737894752],[-80.1936051322597,25.7675757054628],[-80.1936087219276,25.7676792255547],[-80.1936079032267,25.7676811916472],[-80.1936057808433,25.7676820610665],[-80.193597052812,25.7676823094266],[-80.1936006361917,25.7677856425489],[-80.1935998170864,25.7677876090927],[-80.1935976942092,25.7677884788672],[-80.1934411726524,25.7677929283109],[-80.1934389941731,25.7677921801777],[-80.193438040227,25.7677902643076]]]},"properties":{"OBJECTID":100558,"UBID":"CGXGX7XX+X5W-0-0-0-0","UNIQUEID":null,"ADDRESS":"11 SW 7 ST","SOURCE":null,"TYPE":null,"BLDG_HEIGHT":15,"FLOORS":2,"YEAR_BUILT":1925,"BLDG_TYPE":"MIXED USE-STORE/RESIDENTIAL : MIXED USE - RESIDENTIAL"}},{"type":"Feature","id":101500,"geometry":{"type":"Polygon","coordinates":[[[-80.1931779411213,25.760500024032],[-80.193030435955,25.7604694382913],[-80.1930245582781,25.7604926925162],[-80.1930232154355,25.7604944068979],[-80.1930209192029,25.7604947604212],[-80.1927401220147,25.760436546779],[-80.1927382299074,25.7604353217001],[-80.1927378465821,25.7604332515595],[-80.1927551661008,25.7603647816826],[-80.1927565090333,25.7603630674273],[-80.192758805176,25.7603627137754],[-80.1930395772113,25.7604209395894],[-80.1930743725555,25.7604281554169],[-80.1931900701743,25.7604521499213],[-80.193191962378,25.7604533744377],[-80.1931923456069,25.7604554443313],[-80.1931816143325,25.760497851761],[-80.193181587383,25.7604979577452],[-80.1931802412159,25.76049967358],[-80.1931779411213,25.760500024032]]]},"properties":{"OBJECTID":101500,"UBID":"C8XJXRXJ+X2V-0-0-0-0","UNIQUEID":"D1_MDC_Building_239","ADDRESS":"1414 BRICKELL AVE","SOURCE":"P","TYPE":"L","BLDG_HEIGHT":51,"FLOORS":1,"YEAR_BUILT":1966,"BLDG_TYPE":"STORE : RETAIL OUTLET"}},{"type":"Feature","id":105429,"geometry":{"type":"Polygon","coordinates":[[[-80.1886195165688,25.7658547558544],[-80.188620334934,25.7658548278557],[-80.1893958810615,25.7660232548734],[-80.1893977648305,25.7660244955062],[-80.1893981268497,25.7660265717808],[-80.1893389943478,25.7662498317971],[-80.189330592405,25.7662815518847],[-80.1893165158045,25.7663346975138],[-80.1892661697244,25.7665247855938],[-80.1892648099322,25.7665264853742],[-80.1892625135812,25.7665268202248],[-80.1885404962648,25.7663700184354],[-80.1884869629621,25.7663583923036],[-80.1884850790083,25.7663571512694],[-80.1884847171739,25.7663550745965],[-80.1884923187178,25.7663263793786],[-80.1884923510572,25.7663262458937],[-80.1884923815999,25.7663261391057],[-80.1886166787908,25.7658568633072],[-80.1886195165688,25.7658547558544]]]},"properties":{"OBJECTID":105429,"UBID":"C5XJX7X5+XFV-0-0-0-0","UNIQUEID":"D1_MDC_Building_422","ADDRESS":"777 BRICKELL AVE","SOURCE":"P","TYPE":"L","BLDG_HEIGHT":69.26999664,"FLOORS":13,"YEAR_BUILT":1980,"BLDG_TYPE":"OFFICE BUILDING - MULTISTORY : OFFICE BUILDING"}},{"type":"Feature","id":110163,"geometry":{"type":"Polygon","coordinates":[[[-80.1917417703406,25.7672203830344],[-80.1913966214387,25.7671406550643],[-80.191382772112,25.7671897423955],[-80.1913813817466,25.7671914256969],[-80.1913790764429,25.7671917276664],[-80.1910552113251,25.76711690461],[-80.1910533437192,25.7671156341716],[-80.1910530212325,25.7671135464743],[-80.1910700901212,25.7670540659559],[-80.1906664483179,25.7669623445175],[-80.1906653568649,25.7669620929199],[-80.1906634927945,25.766960827867],[-80.1906631631789,25.7669587469148],[-80.1906805599527,25.7668969906134],[-80.1906805725292,25.7668969485457],[-80.1906818355604,25.7668953378349],[-80.1907252358668,25.7667384127558],[-80.1907266183333,25.7667367229289],[-80.190728923451,25.7667364129154],[-80.1909221340006,25.7667803446782],[-80.1909403338683,25.766784484314],[-80.1911402530365,25.7668299426351],[-80.1911608235581,25.7667557002103],[-80.1911622113607,25.7667540089061],[-80.1911645219222,25.7667537044152],[-80.1912754881143,25.7667793399043],[-80.1913694770458,25.7664457998174],[-80.1913708663467,25.7664441165905],[-80.1913731709183,25.766443814534],[-80.191555178578,25.7664858832812],[-80.1915570421981,25.7664871485069],[-80.1915573713656,25.7664892292997],[-80.1915456079269,25.7665309817124],[-80.1915798660786,25.7665388977611],[-80.1915821415112,25.766541327992],[-80.1916800803351,25.7665619291316],[-80.1916846868959,25.7665458559553],[-80.191686084198,25.7665441775917],[-80.1916883906498,25.7665438844266],[-80.191701372204,25.766546935159],[-80.1917555558869,25.7665596712178],[-80.1917756898274,25.766564403857],[-80.1917775478454,25.7665656758727],[-80.1917778673436,25.7665677579632],[-80.1917732904273,25.7665837227308],[-80.1919564784733,25.7666242947826],[-80.1919583640127,25.7666255547121],[-80.1919587009053,25.7666276472692],[-80.1919403267645,25.7666928039262],[-80.1919914732435,25.7667046120496],[-80.1919933368935,25.7667058767539],[-80.1919936660311,25.7667079572529],[-80.1919623660316,25.766819078623],[-80.1919449378168,25.7668809530783],[-80.191943547936,25.7668826372385],[-80.1919412421477,25.7668829391634],[-80.1919012716092,25.7668737044742],[-80.1918804028468,25.7669437780711],[-80.1918790010874,25.7669454374546],[-80.191876708076,25.7669457253234],[-80.1918241099195,25.7669334132197],[-80.1917457157413,25.7672182764149],[-80.1917456744188,25.7672184317417],[-80.1917442894789,25.7672201271101],[-80.1917419769531,25.767220431574],[-80.1917417703406,25.7672203830344]]]},"properties":{"OBJECTID":110163,"UBID":"CQXJXFX3+XMX-0-0-0-0","UNIQUEID":"D1_MDC_Building_400","ADDRESS":"700 BRICKELL AVE","SOURCE":"P","TYPE":"L","BLDG_HEIGHT":149.83000183,"FLOORS":0,"YEAR_BUILT":0,"BLDG_TYPE":"VACANT LAND - COMMERCIAL : VACANT LAND"}},{"type":"Feature","id":112159,"geometry":{"type":"Polygon","coordinates":[[[-80.1927046152048,25.7594164943826],[-80.1927054838757,25.7594165777144],[-80.1927809145118,25.7594339786926],[-80.1929892392161,25.7594820344403],[-80.1929911064136,25.7594833018661],[-80.1929914320037,25.7594853871285],[-80.1929611596769,25.7595916011161],[-80.1929389919507,25.7596693754581],[-80.1929021879735,25.7597985022253],[-80.1928894633375,25.7598431485142],[-80.192888058876,25.7598448338641],[-80.1928857407189,25.7598451193453],[-80.192610574171,25.759778867529],[-80.192610488831,25.7597788464938],[-80.1926086594233,25.7597775986012],[-80.1926083140097,25.7597755553013],[-80.1926083436541,25.759775440417],[-80.1927017765285,25.7594186092311],[-80.1927046152048,25.7594164943826]]]},"properties":{"OBJECTID":112159,"UBID":"CFXXXQXG+X2W-0-0-0-0","UNIQUEID":"D1_MDC_Building_31","ADDRESS":"1428 BRICKELL AVE","SOURCE":"P","TYPE":"L","BLDG_HEIGHT":122,"FLOORS":0,"YEAR_BUILT":0,"BLDG_TYPE":"VACANT LAND - COMMERCIAL : VACANT LAND"}},{"type":"Feature","id":113062,"geometry":{"type":"Polygon","coordinates":[[[-80.1950645092191,25.7635564346422],[-80.1950891868383,25.7635557162337],[-80.1950913653804,25.7635564622668],[-80.195092320162,25.7635583770959],[-80.1950931502053,25.7635817375063],[-80.1950978825303,25.7637150135146],[-80.1950970654603,25.7637169804497],[-80.1950949432426,25.7637178507391],[-80.1949730876727,25.7637213982809],[-80.1949709090103,25.7637206523638],[-80.194969954349,25.7637187374223],[-80.1949643910824,25.7635621042447],[-80.1949652080956,25.7635601370111],[-80.19496733037,25.7635592662074],[-80.1950645092191,25.7635564346422]]]},"properties":{"OBJECTID":113062,"UBID":"CGXJX8X5+X8W-0-0-0-0","UNIQUEID":"D3_MDC_Building_13622","ADDRESS":"1099 SW 1 AVE","SOURCE":"P","TYPE":"L","BLDG_HEIGHT":24.58548737,"FLOORS":0,"YEAR_BUILT":2012,"BLDG_TYPE":"STORE : RETAIL OUTLET"}},{"type":"Feature","id":116358,"geometry":{"type":"Polygon","coordinates":[[[-80.1924722120577,25.7653753381086],[-80.1924705043603,25.7653744271676],[-80.1924704028507,25.7653743713461],[-80.1924687355775,25.7653734005386],[-80.1924686879668,25.7653733738414],[-80.1924686367628,25.7653733406721],[-80.1924670126088,25.7653723132342],[-80.1924669164891,25.7653722493227],[-80.1924653381491,25.7653711644453],[-80.1924652555041,25.7653711061969],[-80.1924637130968,25.765369958217],[-80.1924636232652,25.7653698886424],[-80.192462141045,25.7653686961672],[-80.1924620557051,25.7653686233566],[-80.1924606228922,25.7653673758689],[-80.1924605429421,25.7653673030584],[-80.1924591676214,25.7653660102663],[-80.1924590885697,25.7653659317927],[-80.1924577707412,25.7653645896512],[-80.1924577393001,25.765364558909],[-80.192457693486,25.7653645087506],[-80.1924564807604,25.7653631730812],[-80.1924564349463,25.7653631229228],[-80.1924563612845,25.7653630387861],[-80.1924563109788,25.7653629781107],[-80.192455154847,25.7653616003729],[-80.192455106338,25.7653615396974],[-80.1924550856768,25.7653615130002],[-80.1924539421214,25.7653600333276],[-80.1924538765444,25.7653599435279],[-80.1924527976677,25.765358423405],[-80.1924527365823,25.7653583327963],[-80.1924517250793,25.765356775459],[-80.1924516657905,25.7653566816143],[-80.1924507234578,25.7653550911078],[-80.1924506695588,25.765354994027],[-80.1924497954981,25.7653533711602],[-80.192449781125,25.765353344463],[-80.1924497451924,25.7653532740794],[-80.1924489420986,25.7653516204704],[-80.1924488971828,25.7653515209626],[-80.1924481659541,25.7653498406563],[-80.1924481425979,25.7653497832168],[-80.1924481246317,25.7653497395305],[-80.1924474670649,25.765348034954],[-80.1924474311322,25.7653479322101],[-80.1924468472273,25.7653462057904],[-80.1924468157863,25.7653461087096],[-80.1924463064415,25.7653443555927],[-80.1924462776954,25.7653442512308],[-80.1924458456058,25.7653424867878],[-80.1924458231479,25.7653423824259],[-80.1924454647201,25.7653405977577],[-80.1924454476521,25.7653404990589],[-80.1924451691743,25.7653387103455],[-80.1924451548013,25.7653386043657],[-80.1924449535787,25.7653368075623],[-80.1924449490871,25.7653367598309],[-80.1924449445955,25.7653366999644],[-80.192444820628,25.7653348974979],[-80.1924448161365,25.7653347899001],[-80.1924447694241,25.7653329850065],[-80.1924447694241,25.7653328907572],[-80.1924448026617,25.765331070897],[-80.1924448071533,25.7653309632992],[-80.1924449176461,25.7653291608326],[-80.1924449266292,25.7653290532347],[-80.1924451152754,25.7653272540041],[-80.1924451278518,25.7653271488333],[-80.1924453946515,25.7653253585018],[-80.1924454135161,25.7653252525219],[-80.1924457548759,25.7653234735164],[-80.1924457620624,25.7653234395381],[-80.1924457791304,25.7653233675365],[-80.1924461986437,25.7653216022842],[-80.1924462264914,25.7653214971133],[-80.1924467223615,25.765319748041],[-80.1924467412261,25.7653196841295],[-80.1924467538025,25.7653196444882],[-80.192447325131,25.765317914832],[-80.192447361962,25.7653178112792],[-80.1924480069523,25.7653161026571],[-80.1924480455799,25.7653160063854],[-80.1924487678254,25.7653143171795],[-80.1924488118428,25.7653142176716],[-80.1924496032586,25.765312560017],[-80.1924496526659,25.7653124621272],[-80.1924505195402,25.7653108246977],[-80.1924505689475,25.765310737325],[-80.1924514996022,25.7653091419638],[-80.1924515579927,25.76530904731],[-80.1924525578176,25.7653074843091],[-80.1924525883603,25.7653074390047],[-80.1924526198013,25.7653073928913],[-80.1924536869999,25.7653058671047],[-80.1924537516786,25.7653057773049],[-80.1924548745727,25.7653043041037],[-80.1924549356581,25.765304226439],[-80.1924561268242,25.7653027847891],[-80.1924561995877,25.7653026998434],[-80.1924574446527,25.7653013091608],[-80.1924575201112,25.7653012282601],[-80.1924588271599,25.7652998772188],[-80.1924589035167,25.7652998035992],[-80.1924602635661,25.7652985043344],[-80.1924603462111,25.7652984282877],[-80.1924617601593,25.7652971775633],[-80.1924617960919,25.765297146821],[-80.1924618463976,25.7652971047527],[-80.1924633133465,25.7652959049956],[-80.192463403178,25.765295835421],[-80.1924649204325,25.7652946882494],[-80.1924649878062,25.7652946389],[-80.1924650111623,25.7652946219109],[-80.1924665778242,25.7652935289427],[-80.1924666730456,25.7652934650312],[-80.1924682846232,25.7652924278844],[-80.192468380743,25.7652923680179],[-80.1924700372364,25.7652913866927],[-80.192470136051,25.7652913316802],[-80.1924718302737,25.7652904102215],[-80.1924719326816,25.765290357636],[-80.1924736655318,25.7652894968528],[-80.192473703261,25.7652894782456],[-80.1924737697364,25.7652894475034],[-80.1924755394175,25.7652886498226],[-80.192475646317,25.7652886029002],[-80.1924774474391,25.765287865895],[-80.1924775202027,25.7652878375797],[-80.1924775561353,25.7652878246357],[-80.1924793878001,25.765287152351],[-80.1924794973946,25.7652871143277],[-80.1924813569073,25.7652865067635],[-80.1924814682984,25.7652864735942],[-80.1924833520655,25.7652859307506],[-80.1924834661516,25.7652859000084],[-80.1924853714783,25.7652854243124],[-80.1924854864626,25.7652853984241],[-80.1924868977159,25.7652850982826],[-80.1924822121034,25.7651849035507],[-80.192483007621,25.7651829291594],[-80.19248511995,25.765182038855],[-80.1925485814332,25.7651796037422],[-80.1925452082593,25.765107441054],[-80.1925460029586,25.765105466022],[-80.1925481152076,25.7651045747384],[-80.1926899870387,25.7650991349679],[-80.1926921707579,25.7650998630066],[-80.1926931455153,25.7651017674803],[-80.192696939999,25.7651828656607],[-80.1927203698583,25.7651819668533],[-80.1927201767205,25.7651778158355],[-80.1927209714206,25.7651758408054],[-80.1927230836687,25.7651749495216],[-80.1927331367151,25.765174564434],[-80.1927324863348,25.7651606656825],[-80.192734170676,25.7651580857569],[-80.1927563878096,25.7651480831851],[-80.19275968822,25.7651462685806],[-80.192763021868,25.7651443528501],[-80.1927663123968,25.765142378871],[-80.1927695616032,25.7651403450253],[-80.192772791945,25.7651382391779],[-80.1927759495232,25.7651360928801],[-80.1927790612874,25.7651338907606],[-80.1927821254408,25.7651316336286],[-80.1927851392886,25.765129323102],[-80.1927880839661,25.7651269761701],[-80.1927909963042,25.7651245612814],[-80.192793896066,25.7651220606378],[-80.19279668264,25.7651195608031],[-80.1927994530443,25.7651169784496],[-80.1928021470918,25.7651143629268],[-80.1928047692742,25.7651117198975],[-80.1928073663036,25.7651089943495],[-80.192809871705,25.7651062607112],[-80.1928123474619,25.7651034469811],[-80.1928147531502,25.7651006008906],[-80.1928170914649,25.7650977200127],[-80.1928193677958,25.7650947994933],[-80.1928215974144,25.7650918118262],[-80.1928237273199,25.7650888379121],[-80.192825827581,25.7650857750071],[-80.1928278434006,25.7650827032028],[-80.1928297828633,25.7650796095553],[-80.1928316594439,25.7650764786934],[-80.1928316863933,25.7650764309619],[-80.1928334866172,25.7650732806836],[-80.1928352311455,25.7650700762017],[-80.1928369208765,25.7650668118531],[-80.1928385189794,25.7650635604485],[-80.1928400667766,25.7650602386602],[-80.192841523844,25.7650569330519],[-80.1928429135378,25.7650535910381],[-80.1928442385528,25.7650502037198],[-80.1928454836178,25.7650468147833],[-80.1928466613091,25.7650433829693],[-80.1928477581521,25.7650399543912],[-80.1928487813332,25.7650365072059],[-80.1928497344457,25.765033026851],[-80.1928506013199,25.7650295667213],[-80.1928506138964,25.7650295133268],[-80.1928514089054,25.7650260264997],[-80.1928521302526,25.7650225194473],[-80.1928527815312,25.7650189759894],[-80.192853351063,25.7650154487115],[-80.1928538442381,25.7650119165795],[-80.1928542646497,25.765008339952],[-80.1928546078061,25.7650047544252],[-80.1928548692159,25.7650012004496],[-80.1928550587604,25.7649976092596],[-80.1928551683549,25.7649940496207],[-80.1928551997959,25.7649904527674],[-80.1928551566768,25.7649868907014],[-80.1928550354042,25.7649833310622],[-80.1928548350799,25.7649797414896],[-80.1928545575005,25.7649761494899],[-80.1928542071575,25.7649726027946],[-80.1928537750679,25.7649690237388],[-80.1928532693163,25.7649654964595],[-80.1928526845131,25.7649619408648],[-80.1928520287429,25.7649584297654],[-80.192851296616,25.764954924329],[-80.1928504746575,25.7649513800601],[-80.1928504629794,25.7649513307105],[-80.1928500263982,25.7649492539841],[-80.1928495574776,25.764947215281],[-80.1928495475961,25.7649471699765],[-80.1928490454379,25.7649451579707],[-80.1928482755817,25.7649423369557],[-80.1928474527249,25.7649395855154],[-80.1928465481214,25.764936825176],[-80.1928455770426,25.7649340923428],[-80.192844529607,25.7649313619366],[-80.1928434219842,25.7649286735988],[-80.1928422406996,25.764925998205],[-80.1928409920414,25.7649233486996],[-80.1928396822977,25.7649207388355],[-80.1928383051803,25.7649181572867],[-80.1928368642826,25.7649156032441],[-80.1928353299601,25.7649130330213],[-80.1928337749764,25.7649105679697],[-80.1928321490257,25.7649081223342],[-80.1928304467182,25.7649056888339],[-80.1928286716472,25.7649032779857],[-80.1928268480672,25.7649009197231],[-80.1928249517236,25.7648985857308],[-80.1928230239391,25.7648963253582],[-80.1928210233909,25.7648940860199],[-80.1928189842152,25.7648919073573],[-80.1928168588013,25.7648897400207],[-80.1928146929631,25.7648876341689],[-80.192812475921,25.7648855736215],[-80.1928102049799,25.7648835599966],[-80.1928079025979,25.7648816094745],[-80.1928055319438,25.7648796913127],[-80.1928031127808,25.7648778225005],[-80.1928006172609,25.7648759844306],[-80.1927994979601,25.7648739667605],[-80.1927981675551,25.7648455001344],[-80.1927989633359,25.7648435251654],[-80.1928010763,25.7648426346215],[-80.1928197576647,25.7648419178388],[-80.1928181703416,25.764807992005],[-80.1928189658591,25.7648060176073],[-80.1928210781881,25.7648051273001],[-80.1928400407255,25.764804399191],[-80.1928422250787,25.7648051274695],[-80.1928432001003,25.764807032519],[-80.1928447856268,25.7648409583531],[-80.1928489286569,25.7648407997871],[-80.1928442493326,25.7647407939887],[-80.1928382620612,25.7647410229387],[-80.192836078342,25.7647402948979],[-80.1928351035847,25.7647383904183],[-80.1928281569126,25.7645898956249],[-80.1928289411102,25.7645879319863],[-80.1928310315215,25.7645870317238],[-80.1930829433817,25.7645748148389],[-80.1930851537979,25.7645755286452],[-80.1930861431807,25.7645774465539],[-80.1930884922752,25.7646276772691],[-80.1931374145256,25.7646257866096],[-80.1931395989764,25.7646265147942],[-80.1931405739004,25.7646284199415],[-80.193150197552,25.7648341756141],[-80.1931494018485,25.7648361496067],[-80.1931472897055,25.7648370395092],[-80.1930791030838,25.7648396542291],[-80.1930811934635,25.7648843277467],[-80.1930803122162,25.7648863826311],[-80.1930702968991,25.7648955058316],[-80.1930961369383,25.764907501824],[-80.1930977474744,25.7649095028993],[-80.1930969337439,25.7649118631937],[-80.1930950841127,25.7649135952828],[-80.1930933359912,25.7649153225178],[-80.1930916193107,25.7649171201367],[-80.1930899574274,25.7649189614419],[-80.1930883745959,25.7649208165004],[-80.1930868267986,25.7649227395155],[-80.1930853526633,25.7649246835649],[-80.1930839252403,25.7649266810089],[-80.193082579564,25.7649286841159],[-80.1930812743119,25.7649307592247],[-80.1930800472132,25.7649328375694],[-80.1930788910814,25.7649349361394],[-80.1930778391542,25.7649369861688],[-80.1930724016518,25.7649517886097],[-80.1930966238251,25.7649731998432],[-80.1930975401672,25.7649751512229],[-80.1930966516729,25.7649771130196],[-80.1930748648323,25.7649968601174],[-80.1930752843456,25.7649979765496],[-80.193076374002,25.7650006737849],[-80.1930775319304,25.7650033475589],[-80.1930787500459,25.7650059873545],[-80.193080040925,25.7650086101609],[-80.1930813839063,25.7650111811906],[-80.1930828194142,25.7650137724455],[-80.1930842917529,25.7650162868445],[-80.1930858413468,25.7650187931534],[-80.1930874367547,25.7650212436406],[-80.1930891363672,25.7650237192071],[-80.1930908449629,25.7650260871753],[-80.1930926236272,25.7650284341093],[-80.1930944768516,25.765030764054],[-80.193096401043,25.7650330681105],[-80.1930983692517,25.7650353187723],[-80.1931003778847,25.7650375103764],[-80.1931024709593,25.7650396898454],[-80.1931045882884,25.7650417948856],[-80.1931067729912,25.7650438716104],[-80.1931090106946,25.7650459030307],[-80.1931112987036,25.7650478875285],[-80.1931136352217,25.7650498234858],[-80.19311604091,25.7650517278917],[-80.1931170766675,25.7650536824561],[-80.193122212336,25.7651634818383],[-80.1931535240135,25.7651622804619],[-80.1931557077327,25.7651630085001],[-80.1931566824901,25.7651649129728],[-80.1931656009642,25.7653556104899],[-80.1931648049975,25.7653575850458],[-80.1931626922193,25.7653584751814],[-80.1931189002476,25.7653601562966],[-80.1931197832915,25.7653790474021],[-80.1931189879599,25.7653810221948],[-80.1931168754449,25.7653819129021],[-80.1929715450999,25.7653874861456],[-80.1929693609316,25.7653867582761],[-80.1929683857251,25.7653848536396],[-80.192968055145,25.7653777780714],[-80.1928711646551,25.7653814938369],[-80.1928689806717,25.7653807663727],[-80.1928680052803,25.7653788621397],[-80.1928676019367,25.7653702365151],[-80.1927908920997,25.7653731780619],[-80.1927914050377,25.7653841425231],[-80.1927906094412,25.7653861178862],[-80.1927884962928,25.765387008832],[-80.1926856742271,25.7653909511189],[-80.1926834898738,25.765390222844],[-80.1926825148522,25.7653883178039],[-80.1926819623883,25.7653764844704],[-80.1926117707269,25.7653791760341],[-80.1926125495663,25.7653958318528],[-80.1926117540488,25.7653978062407],[-80.1926096417197,25.7653986965434],[-80.1924786368086,25.765403718853],[-80.1924764537243,25.7654029910535],[-80.1924754792304,25.7654010871563],[-80.1924743222003,25.7653763582654],[-80.1924741658934,25.7653762903089],[-80.1924740607905,25.7653762409595],[-80.1924723063808,25.7653753866489],[-80.1924722120577,25.7653753381086]],[[-80.1928201313638,25.7651528021274],[-80.1929008315174,25.7651497068637],[-80.1929175985722,25.7651358202444],[-80.1929182714103,25.7651130264455],[-80.1928565867947,25.765115394412],[-80.1928549500642,25.7651174727535],[-80.1928549231148,25.7651175091589],[-80.1928523647129,25.7651206464919],[-80.1928523332718,25.7651206828972],[-80.192849720971,25.7651237797797],[-80.1928496904283,25.765123816185],[-80.1928470188386,25.7651268726171],[-80.1928469864992,25.7651269082134],[-80.1928442583157,25.7651299233859],[-80.1928442259764,25.7651299589823],[-80.192841443894,25.7651329312773],[-80.1928414088596,25.7651329660646],[-80.1928385665901,25.7651359011452],[-80.1928385369457,25.7651359310785],[-80.1928356443705,25.7651388168095],[-80.1928356102345,25.7651388507879],[-80.1928326646587,25.7651416928324],[-80.1928326287261,25.7651417268107],[-80.192829631048,25.7651445211237],[-80.1928295951154,25.7651445559111],[-80.192826545335,25.7651473057286],[-80.1928265094024,25.7651473380889],[-80.192823408418,25.7651500409839],[-80.1928233787736,25.7651500660631],[-80.1928202202971,25.7651527285077],[-80.1928201825678,25.76515275925],[-80.1928201313638,25.7651528021274]],[[-80.1930050926842,25.7651096941414],[-80.1930071417414,25.7651534428615],[-80.1930825157836,25.7651505490408],[-80.1930804649298,25.7651068011286],[-80.1930050926842,25.7651096941414]]]},"properties":{"OBJECTID":116358,"UBID":"C2XPXXX7+XRW-0-0-0-0","UNIQUEID":null,"ADDRESS":"901 S MIAMI AVE","SOURCE":null,"TYPE":null,"BLDG_HEIGHT":55.59999847,"FLOORS":3,"YEAR_BUILT":2006,"BLDG_TYPE":"COMMUNITY SHOPPING CENTER : RETAIL OUTLET"}},{"type":"Feature","id":124655,"geometry":{"type":"Polygon","coordinates":[[[-80.1972668315461,25.7659630133464],[-80.1972668728686,25.7659630109194],[-80.1972680365108,25.765963178678],[-80.1972690424055,25.7659637315905],[-80.1972697400485,25.7659645869289],[-80.1972700250569,25.7659656167156],[-80.1972732482122,25.7660214823503],[-80.1972732527038,25.7660215681045],[-80.1972730859622,25.7660226284717],[-80.197272480978,25.766023550471],[-80.1972715300136,25.7660241934939],[-80.1972703780948,25.766024459477],[-80.1972703367723,25.766024461095],[-80.1972034383348,25.7660276275281],[-80.1972022623592,25.7660274712024],[-80.1972012424242,25.7660269213469],[-80.1972005339298,25.7660260617392],[-80.197200244824,25.7660250233513],[-80.1971970162788,25.765969071964],[-80.1971971842619,25.7659680119474],[-80.197197789613,25.765967090364],[-80.1971987402993,25.765966447324],[-80.1971998917861,25.7659661805901],[-80.1972668315461,25.7659630133464]]]},"properties":{"OBJECTID":124655,"UBID":"CVX6XFXQ+X4V-0-0-0-0","UNIQUEID":null,"ADDRESS":"190 SW 8 ST","SOURCE":null,"TYPE":null,"BLDG_HEIGHT":null,"FLOORS":1,"YEAR_BUILT":1970,"BLDG_TYPE":"SERVICE STATION : SERVICE STATION - AUTOMOTIVE"}},{"type":"Feature","id":125730,"geometry":{"type":"Polygon","coordinates":[[[-80.1929139244626,25.7694455688165],[-80.1929164460336,25.7694466366681],[-80.1929483919218,25.7694840899393],[-80.1929484934314,25.7694842080501],[-80.192970995331,25.7695105855914],[-80.1929881082371,25.7695306522903],[-80.1929882106451,25.7695307704011],[-80.1930107125446,25.769557147123],[-80.1930107754267,25.7695572264029],[-80.1930445763359,25.769596836373],[-80.1930451858398,25.7695988676958],[-80.1930440292619,25.7696006960044],[-80.1928053504842,25.7697676421339],[-80.1928031045841,25.7697681933641],[-80.1928010879781,25.7697671462314],[-80.1927672259835,25.7697274610833],[-80.1927671622031,25.7697273826126],[-80.1927447168974,25.7697010763094],[-80.1927274952951,25.7696808850569],[-80.1927050895153,25.7696546191923],[-80.192704988904,25.7696545018906],[-80.1926729468961,25.7696169337985],[-80.1926723374542,25.7696149028663],[-80.1926734939701,25.7696130749766],[-80.1929121835276,25.7694461407643],[-80.1929139244626,25.7694455688165]]]},"properties":{"OBJECTID":125730,"UBID":"CHX7XXX9+XRR-0-0-0-0","UNIQUEID":null,"ADDRESS":"451 S MIAMI AVE","SOURCE":null,"TYPE":null,"BLDG_HEIGHT":17.59000015,"FLOORS":0,"YEAR_BUILT":0,"BLDG_TYPE":"VACANT LAND - COMMERCIAL : EXTRA FEA OTHER THAN PARKING"}},{"type":"Feature","id":126011,"geometry":{"type":"Polygon","coordinates":[[[-80.1917375985644,25.7655309633003],[-80.1918656543065,25.7650432268306],[-80.1918670110018,25.7650415239187],[-80.1918693077547,25.7650411857022],[-80.1919072786435,25.7650493583059],[-80.1919256869203,25.7649772610682],[-80.1918907640153,25.7649697429478],[-80.1918888772083,25.7649685057884],[-80.1918885101422,25.7649664300559],[-80.1920163610684,25.7644794614465],[-80.1920177186611,25.7644777581896],[-80.1920200163133,25.7644774203083],[-80.1923726715377,25.7645533371945],[-80.1923745580792,25.7645545749309],[-80.1923749245124,25.7645566509069],[-80.1923280638956,25.7647351390047],[-80.192231573156,25.7651026581982],[-80.1920986826811,25.7656088114159],[-80.1920973260247,25.7656105143762],[-80.1920950292328,25.7656108525346],[-80.1917398245897,25.7655343886282],[-80.1917379353617,25.7655331522231],[-80.1917375698183,25.7655310749431],[-80.1917375985644,25.7655309633003]]]},"properties":{"OBJECTID":126011,"UBID":"C2XFXHX7+X7X-0-0-0-0","UNIQUEID":"D1_MDC_Building_213","ADDRESS":"909 SE 1 AVE","SOURCE":"P","TYPE":"L","BLDG_HEIGHT":121.25842285,"FLOORS":9,"YEAR_BUILT":1971,"BLDG_TYPE":"FEDERAL : FEDERAL"}},{"type":"Feature","id":126234,"geometry":{"type":"Polygon","coordinates":[[[-80.1978995751878,25.767836379952],[-80.1978984693617,25.7677993573524],[-80.1978865208701,25.7677996421168],[-80.197884347706,25.767798884884],[-80.1978834046144,25.7677969659787],[-80.1978826670976,25.7677721542611],[-80.1978810258755,25.767716901047],[-80.1978818542051,25.7677149372525],[-80.1978839822311,25.7677140768619],[-80.1979100270862,25.7677134563663],[-80.1979089823455,25.7676784998902],[-80.1979062146361,25.7675858591114],[-80.1979070427699,25.7675838956975],[-80.1979091700934,25.7675830349232],[-80.1979923666651,25.7675810164902],[-80.1979945409347,25.7675817731937],[-80.1979954847174,25.767583692633],[-80.1979982398504,25.7676763520203],[-80.1979993627445,25.7677140768619],[-80.1980010012716,25.7677692507963],[-80.1980029263613,25.7678339335678],[-80.1980055476453,25.7679221465569],[-80.1980047198333,25.7679241096897],[-80.1980025930863,25.7679249707371],[-80.1979053262023,25.7679273515912],[-80.197903151194,25.7679265947508],[-80.1979022072516,25.7679246746471],[-80.197899581476,25.7678366266937],[-80.1978995760861,25.7678364705588],[-80.1978995751878,25.767836379952]]]},"properties":{"OBJECTID":126234,"UBID":"CMX6X9XV+X4V-0-0-0-0","UNIQUEID":"D3_MDC_Building_14549","ADDRESS":"220 SW 6 ST","SOURCE":"P","TYPE":"L","BLDG_HEIGHT":13.85999966,"FLOORS":0,"YEAR_BUILT":0,"BLDG_TYPE":"VACANT LAND - COMMERCIAL : VACANT LAND"}},{"type":"Feature","id":129516,"geometry":{"type":"Polygon","coordinates":[[[-80.194162974373,25.7614511480471],[-80.1941607213983,25.7613923912035],[-80.194133296731,25.7613254752247],[-80.1941331089831,25.7613246176488],[-80.1941303960709,25.7612538716635],[-80.194131473151,25.7612516727082],[-80.194159657793,25.7612301426844],[-80.1941528782076,25.7610534162509],[-80.1941244159861,25.7610228638231],[-80.1941237018254,25.7610211850736],[-80.1941198399681,25.7609205409639],[-80.1941206495103,25.7609185743849],[-80.1941227648826,25.7609176972002],[-80.1941511965614,25.7609168007876],[-80.1941502982461,25.7608933646125],[-80.1941402874206,25.7608936777097],[-80.1941381063971,25.7608929363342],[-80.194137146012,25.76089102326],[-80.194136368071,25.7608707560775],[-80.1941269492352,25.760871051376],[-80.1941247682117,25.7608703100003],[-80.1941238078267,25.7608683969258],[-80.1941212063056,25.7608005729118],[-80.1941220159812,25.7607986056505],[-80.1941241321185,25.7607977283362],[-80.1941386587749,25.7607972712301],[-80.1941385914013,25.7607954897296],[-80.1941240683381,25.7607959468357],[-80.1941218872139,25.7607952055562],[-80.1941209269295,25.7607932923839],[-80.1941187781594,25.7607372624812],[-80.1941195875725,25.7607352957915],[-80.1941217030739,25.7607344187132],[-80.1941412719741,25.7607338030354],[-80.1941401670463,25.7607050077561],[-80.194140977171,25.7607030403258],[-80.1941430937575,25.7607021631782],[-80.1945426976335,25.7606895923438],[-80.194544878657,25.7606903337206],[-80.1945458390421,25.760692246798],[-80.1945612352677,25.7610935565498],[-80.1945604257688,25.7610955234116],[-80.1945583103532,25.7610964011183],[-80.1945419412521,25.7610969164738],[-80.1945443505336,25.7611596984128],[-80.1945607142449,25.7611591830575],[-80.1945628948184,25.7611599245997],[-80.1945638547551,25.7611618375012],[-80.1945744584687,25.7614382051369],[-80.1945736489698,25.761440171993],[-80.1945715335542,25.7614410496971],[-80.1944373854378,25.7614452696134],[-80.1944352047211,25.7614445285298],[-80.1944342440293,25.761442615985],[-80.1944338721268,25.7614329253869],[-80.1944329342856,25.7614333938171],[-80.194432881285,25.7614334197062],[-80.1944301845425,25.76143468827],[-80.1944301198638,25.7614347182043],[-80.1944274024601,25.7614359228545],[-80.1944273377814,25.7614359511707],[-80.1944245880383,25.7614370967615],[-80.1944245224613,25.7614371242687],[-80.1944217439721,25.761438209182],[-80.1944217161243,25.7614382205085],[-80.1944216765985,25.7614382358801],[-80.1944188702615,25.761439260925],[-80.1944188028879,25.761439285196],[-80.1944159704998,25.7614402479453],[-80.1944159013295,25.7614402705983],[-80.1944130446869,25.7614411734791],[-80.1944129755166,25.761441194514],[-80.1944100910262,25.7614420359083],[-80.1944100254492,25.7614420537071],[-80.1944071247892,25.7614428311878],[-80.1944070556189,25.7614428489866],[-80.1944041325009,25.7614435625537],[-80.1944040633307,25.7614435795434],[-80.1944011240431,25.761444230006],[-80.1944010557711,25.7614442445686],[-80.1943980976189,25.7614448311175],[-80.1943980257536,25.7614448448711],[-80.1943950559233,25.7614453666973],[-80.1943949831598,25.7614453788329],[-80.194392000753,25.7614458359365],[-80.1943919297861,25.7614458464539],[-80.1943889339047,25.7614462388349],[-80.1943888737175,25.7614462461163],[-80.1943858580731,25.7614465745836],[-80.1943857862079,25.7614465818649],[-80.1943827732585,25.7614468439916],[-80.1943827013932,25.7614468496549],[-80.1943796830539,25.7614470454409],[-80.1943796102903,25.7614470511041],[-80.1943765883577,25.7614471821674],[-80.1943765587133,25.7614471829764],[-80.1943762550827,25.7614471943029],[-80.1943762056754,25.7614471943029],[-80.1943730588769,25.7614472549804],[-80.1943729825202,25.7614472549804],[-80.1943698375184,25.7614472436539],[-80.1943697611616,25.7614472428449],[-80.1943666161597,25.7614471603235],[-80.1943665442945,25.7614471578964],[-80.1943633983944,25.7614470049892],[-80.1943633229359,25.761447000944],[-80.1943601860189,25.7614467760329],[-80.1943601114588,25.7614467703696],[-80.1943569817283,25.7614464758816],[-80.1943569062698,25.7614464669822],[-80.1943537864209,25.7614461029174],[-80.1943537495899,25.7614460980632],[-80.1943537118607,25.761446093209],[-80.1943506018932,25.7614456571402],[-80.1943505264347,25.7614456458137],[-80.1943474317385,25.7614451409771],[-80.1943473562801,25.7614451280326],[-80.1943442741603,25.7614445528101],[-80.1943442004985,25.7614445374385],[-80.1943411327518,25.7614438926392],[-80.1943410626832,25.7614438772675],[-80.194338016496,25.7614431628914],[-80.1943379428342,25.7614431450926],[-80.19433491641,25.7614423635667],[-80.1943348454431,25.7614423433409],[-80.1943318423751,25.7614414930472],[-80.1943317812897,25.7614414760575],[-80.1943287898998,25.7614405545688],[-80.1943287198312,25.7614405319159],[-80.1943257670688,25.7614395465136],[-80.1943256961019,25.7614395222427],[-80.194322772984,25.7614384713087],[-80.1943227029154,25.7614384454197],[-80.1943197977638,25.7614373249089],[-80.194319738475,25.7614373014469],[-80.1943168755441,25.7614361186405],[-80.1943168063739,25.7614360895153],[-80.194313977579,25.7614348444134],[-80.1943139093071,25.7614348136702],[-80.1943111146482,25.7614335046546],[-80.1943110508678,25.7614334739114],[-80.194308290345,25.7614320993641],[-80.194308224768,25.7614320661938],[-80.1943055055676,25.761430631778],[-80.1943054408889,25.7614305961806],[-80.1943027621127,25.7614291027054],[-80.1943026983323,25.761429066299],[-80.1943018467294,25.7614285638894],[-80.194301070585,25.7614290938061],[-80.1943010121945,25.7614291334487],[-80.1942984897252,25.7614307709317],[-80.1942984295381,25.7614308073383],[-80.1942958639496,25.761432389807],[-80.1942958073558,25.7614324237864],[-80.1942931959533,25.7614339512409],[-80.1942931330712,25.7614339868384],[-80.1942904866344,25.7614354528063],[-80.1942904237523,25.7614354875947],[-80.1942877386879,25.7614368961213],[-80.1942876740092,25.7614369284827],[-80.1942849512156,25.7614382779498],[-80.1942849161813,25.7614382941305],[-80.1942848865369,25.7614383095021],[-80.1942821296073,25.7614395982918],[-80.1942820640302,25.761439627417],[-80.1942792720664,25.7614408555291],[-80.1942792064893,25.7614408838453],[-80.1942763821861,25.7614420496619],[-80.1942763148124,25.761442077169],[-80.1942734527799,25.7614431847353],[-80.1942733934911,25.7614432065792],[-80.1942705107974,25.7614442478047],[-80.1942704416271,25.7614442712666],[-80.1942675319839,25.7614452493875],[-80.194267463712,25.7614452720405],[-80.1942645289159,25.7614461854388],[-80.1942644597456,25.7614462056646],[-80.1942615006951,25.7614470551492],[-80.1942614306265,25.7614470753751],[-80.1942584500164,25.76144785771],[-80.1942583790495,25.7614478755087],[-80.1942553786764,25.76144859393],[-80.1942553077095,25.7614486101107],[-80.1942522884718,25.7614492621913],[-80.1942522300814,25.7614492751358],[-80.1942491820976,25.7614498624937],[-80.1942491093341,25.7614498746293],[-80.194246060452,25.7614503948374],[-80.1942459867902,25.761450406973],[-80.1942429253317,25.7614508567953],[-80.1942428507715,25.7614508681217],[-80.1942397650585,25.7614512540305],[-80.1942397057697,25.7614512605027],[-80.194236620955,25.7614515776437],[-80.194236390088,25.7614515938243],[-80.1941661157816,25.7614538024843],[-80.1941639347581,25.7614530611123],[-80.194162974373,25.7614511480471]]]},"properties":{"OBJECTID":129516,"UBID":"CVXXXVXX+X3W-0-0-0-0","UNIQUEID":null,"ADDRESS":"34 SW 13 ST","SOURCE":null,"TYPE":null,"BLDG_HEIGHT":539.59997559,"FLOORS":0,"YEAR_BUILT":2008,"BLDG_TYPE":"PVT PARK -REC AREA -ROADWAY : COMMON AREA"}},{"type":"Feature","id":133508,"geometry":{"type":"Polygon","coordinates":[[[-80.1931836373385,25.7692521435187],[-80.1933022140577,25.769250164754],[-80.1933043822501,25.7692509379165],[-80.1933053087538,25.7692528651287],[-80.193306728092,25.7693227091889],[-80.1933067325836,25.7693228879733],[-80.1933058873269,25.7693248448101],[-80.1933037519735,25.7693256878508],[-80.1933035408694,25.7693256894687],[-80.1931851734576,25.7693276682321],[-80.1931830057144,25.7693268949026],[-80.1931820796598,25.7693249678591],[-80.1931806549318,25.7692549450157],[-80.1931815018438,25.7692529880086],[-80.1931836373385,25.7692521435187]]]},"properties":{"OBJECTID":133508,"UBID":"C7XFXJXC+X2W-0-0-0-0","UNIQUEID":null,"ADDRESS":"431 S MIAMI AVE","SOURCE":null,"TYPE":null,"BLDG_HEIGHT":null,"FLOORS":0,"YEAR_BUILT":0,"BLDG_TYPE":"VACANT LAND - COMMERCIAL : EXTRA FEA OTHER THAN PARKING"}},{"type":"Feature","id":133714,"geometry":{"type":"Polygon","coordinates":[[[-80.1976840567748,25.761998232686],[-80.1978026119344,25.7619955920145],[-80.1978037826045,25.7619957777122],[-80.1978047852408,25.7619963527652],[-80.1978054671824,25.761997229616],[-80.1978057245968,25.7619982747556],[-80.1978063507226,25.7620214510143],[-80.1978063552142,25.7620216136291],[-80.1978059527689,25.7620230375203],[-80.1978065501486,25.7620525258177],[-80.1978065555385,25.762052704613],[-80.1978063497176,25.7620537589863],[-80.1978057109162,25.7620546618053],[-80.1978047366915,25.7620552751922],[-80.1978035758267,25.762055505471],[-80.1978033647226,25.762055507089],[-80.1976875835606,25.7620574447132],[-80.1976864142371,25.7620572524497],[-80.1976854155531,25.7620566719094],[-80.1976847394707,25.7620557914287],[-80.1976844888644,25.7620547449839],[-80.1976839238241,25.7620269621203],[-80.1976823599209,25.7620259982761],[-80.1976817301382,25.7620243885989],[-80.1976810950293,25.7620010505349],[-80.1976812947257,25.761999995187],[-80.1976819277427,25.7619990890464],[-80.1976828976677,25.7619984701241],[-80.1976840567748,25.761998232686]]]},"properties":{"OBJECTID":133714,"UBID":"CVX2XWXX+X6W-0-0-0-0","UNIQUEID":null,"ADDRESS":"230 SW 12 ST","SOURCE":null,"TYPE":null,"BLDG_HEIGHT":null,"FLOORS":16,"YEAR_BUILT":2015,"BLDG_TYPE":"MULTIFAMILY 10 UNITS PLUS : MULTIFAMILY 3 OR MORE UNITS"}},{"type":"Feature","id":136381,"geometry":{"type":"Polygon","coordinates":[[[-80.1989334875708,25.7613153995169],[-80.1989083033018,25.7612850753042],[-80.1988826537055,25.7612541888049],[-80.1988793110744,25.7612501638591],[-80.1987059721571,25.7610414400949],[-80.198680693565,25.7610110017382],[-80.1986514183682,25.7609757487993],[-80.1986293234055,25.7609491428312],[-80.1986287428253,25.760947104434],[-80.1986299252768,25.7609452893907],[-80.1986636489308,25.7609223248895],[-80.1986578368309,25.7609153267229],[-80.1986572573337,25.7609132883963],[-80.1986584404988,25.7609114740904],[-80.1987726154731,25.7608337224061],[-80.1987748686936,25.7608331976147],[-80.1987768698943,25.7608342676971],[-80.1989071965774,25.760991199772],[-80.1989121858205,25.760997207674],[-80.1990961041968,25.7612186705748],[-80.199096684777,25.7612207089674],[-80.1990955023256,25.7612225240064],[-80.199066529861,25.7612422555481],[-80.1990481341606,25.7612547818271],[-80.1989834392905,25.7612988402098],[-80.1989811854339,25.7612993647626],[-80.198979183971,25.7612982941118],[-80.1989736180095,25.7612915912648],[-80.1989378372134,25.7613159561322],[-80.1989377815179,25.7613159925388],[-80.19893552959,25.761316518759],[-80.1989335297916,25.7613154480589],[-80.1989334875708,25.7613153995169]]]},"properties":{"OBJECTID":136381,"UBID":"CVXPX7X5+X2R-0-0-0-0","UNIQUEID":"D3_MDC_Building_15148","ADDRESS":"298 SW 15 RD","SOURCE":"P","TYPE":"L","BLDG_HEIGHT":81.04666901,"FLOORS":5,"YEAR_BUILT":2001,"BLDG_TYPE":"HOTEL OR MOTEL : HOTEL"}},{"type":"Feature","id":138562,"geometry":{"type":"Polygon","coordinates":[[[-80.1974767552516,25.7639249428665],[-80.1974763635861,25.7639130252494],[-80.1974652110019,25.7639133270125],[-80.1974630403935,25.7639125816349],[-80.1974620839664,25.7639106750573],[-80.1974616752329,25.7639003285485],[-80.1974591105428,25.7639003981239],[-80.1974569403844,25.7638996525786],[-80.1974559844056,25.7638977461684],[-80.1974530909321,25.7638244379422],[-80.1974539061672,25.7638224621817],[-80.1974560365079,25.763821589394],[-80.1974585643671,25.7638215214365],[-80.1974583748225,25.7638167061683],[-80.1974559296084,25.7638167725077],[-80.1974537583648,25.7638160268926],[-80.1974528016745,25.7638141197414],[-80.1974516212883,25.763784178832],[-80.1974524369724,25.7637822029026],[-80.1974545677624,25.7637813302828],[-80.1974569752473,25.7637812655615],[-80.1974569321282,25.763780154781],[-80.1974577473633,25.7637781790197],[-80.197459877704,25.7637773062317],[-80.1974625349206,25.7637772342292],[-80.1974619186764,25.7637585572583],[-80.1974627406849,25.7637565923974],[-80.1974648642522,25.7637557256979],[-80.19749765276,25.7637548373969],[-80.1974998296826,25.7637555883845],[-80.1975007797955,25.7637575055359],[-80.1975021937438,25.7638003389471],[-80.1975371310218,25.7637993932062],[-80.1975368812902,25.7637918418415],[-80.1975363674538,25.7637763079046],[-80.1975371889851,25.7637743421461],[-80.1975393130297,25.7637734747265],[-80.1976200230647,25.7637712887622],[-80.1976222005813,25.7637720391227],[-80.1976231518968,25.7637739560917],[-80.1976235732067,25.7637867409891],[-80.1976330504329,25.7637864845307],[-80.1976352363382,25.7637872311228],[-80.1976361918415,25.7637891526689],[-80.1976361945364,25.763789251369],[-80.197636415522,25.7637959176693],[-80.1976552001929,25.7637954087976],[-80.1976547025262,25.7637803586533],[-80.1976555248282,25.7637783924522],[-80.1976576498987,25.7637775254754],[-80.1977683609692,25.7637745304939],[-80.1977680339825,25.7637646515851],[-80.1977688563907,25.7637626854735],[-80.1977709813549,25.7637618184068],[-80.1978127080998,25.7637606890187],[-80.1978148848008,25.763761440217],[-80.1978158351354,25.7637633571576],[-80.1978162510553,25.7637759875338],[-80.1978162555469,25.7637760862339],[-80.1978164316167,25.7637814233198],[-80.1978388930921,25.763780816557],[-80.1978410699122,25.7637815676418],[-80.1978420201276,25.7637834846953],[-80.1978420695349,25.7637849935122],[-80.1978451857906,25.7637849093744],[-80.1978473626116,25.7637856604584],[-80.1978483128261,25.7637875775127],[-80.1978485490831,25.7637947445946],[-80.1978507418707,25.7638612037052],[-80.1978507472606,25.7638613509462],[-80.1978499256175,25.7638633164131],[-80.1978478007864,25.7638641816951],[-80.1978385355626,25.7638644341083],[-80.1978390619753,25.7638803693059],[-80.197839063772,25.7638804680059],[-80.197839345843,25.7638890015108],[-80.1978385239911,25.7638909675433],[-80.1978363993688,25.7638918346861],[-80.1977656103278,25.7638937504368],[-80.197766032536,25.7639065806262],[-80.1977660379259,25.7639067286761],[-80.19776521578,25.7639086942127],[-80.1977630914518,25.763909561042],[-80.1976855749276,25.763911658012],[-80.1976833974715,25.7639109066918],[-80.1976824469938,25.7639089890675],[-80.1976821146171,25.7638988990167],[-80.1975759930393,25.7639017710245],[-80.197576325416,25.7639118821095],[-80.1975763317042,25.7639120285414],[-80.1975755101145,25.7639139940007],[-80.1975733861284,25.7639148609072],[-80.1975562336963,25.7639153252825],[-80.1975249822059,25.7639161715134],[-80.1975252283443,25.7639236322604],[-80.1975293093907,25.7639235222342],[-80.1978646019772,25.7639144499269],[-80.1978632239615,25.7638727362357],[-80.1978640473732,25.7638707711688],[-80.1978661722323,25.763869905487],[-80.1981704289241,25.7638616721258],[-80.1981726061942,25.7638624230418],[-80.1981735568579,25.7638643402624],[-80.1981861287803,25.7642452173547],[-80.1981863821052,25.7642529199761],[-80.1981855597751,25.7642548851039],[-80.1981834356311,25.7642557515247],[-80.1974771424255,25.7642748644758],[-80.1974645094176,25.7642752074976],[-80.1974623320459,25.7642744566808],[-80.1974613814838,25.7642725393703],[-80.197450104932,25.763930847066],[-80.1974509272622,25.7639288819328],[-80.1974530514062,25.7639280155097],[-80.1974626759561,25.7639277541975],[-80.1974656035657,25.7639252462475],[-80.1974749361631,25.7639249930255],[-80.1974767552516,25.7639249428665]]]},"properties":{"OBJECTID":138562,"UBID":"CVXMX6XF+X6R-0-0-0-0","UNIQUEID":null,"ADDRESS":"251 SW 11 ST","SOURCE":null,"TYPE":null,"BLDG_HEIGHT":111.5,"FLOORS":24,"YEAR_BUILT":2017,"BLDG_TYPE":"MULTIFAMILY 10 UNITS PLUS : MULTIFAMILY 3 OR MORE UNITS"}},{"type":"Feature","id":139168,"geometry":{"type":"Polygon","coordinates":[[[-80.1984197347716,25.7615911519307],[-80.1985105104294,25.7615885800179],[-80.1985126889081,25.7615893281907],[-80.1985136428548,25.7615912441604],[-80.1985207503253,25.7617968165928],[-80.1985199312197,25.7617987832355],[-80.1985178083428,25.7617996530541],[-80.1984270290917,25.7618022241533],[-80.1984248506131,25.7618014759818],[-80.1984238966663,25.7617995600156],[-80.1984167999756,25.7615941315956],[-80.1984167945857,25.7615939875879],[-80.1984176121071,25.761592020948],[-80.1984197347716,25.7615911519307]]]},"properties":{"OBJECTID":139168,"UBID":"CGXXX4XV+X8R-0-0-0-0","UNIQUEID":"D3_MDC_Building_21023","ADDRESS":"259 SW 13 ST","SOURCE":"P","TYPE":"L","BLDG_HEIGHT":32.70133972,"FLOORS":3,"YEAR_BUILT":1982,"BLDG_TYPE":"OFFICE BUILDING - MULTISTORY : OFFICE BUILDING"}},{"type":"Feature","id":141519,"geometry":{"type":"Polygon","coordinates":[[[-80.1930673585098,25.7690037241645],[-80.1931421252909,25.7690035146383],[-80.1931432911412,25.7690037232547],[-80.1931442797008,25.769004317634],[-80.1931449405901,25.7690052073593],[-80.1931451732747,25.7690062570855],[-80.1931453439546,25.7690573952214],[-80.1931453466495,25.7690576168823],[-80.1931451222267,25.769058667982],[-80.1931444677116,25.7690595614214],[-80.1931434830103,25.769060160825],[-80.1931423184287,25.769060374699],[-80.1931421549353,25.769060374699],[-80.1930675516476,25.769060585034],[-80.1930663856602,25.7690603762314],[-80.1930653970527,25.7690597816334],[-80.1930647362116,25.76905889169],[-80.1930645036638,25.769057841779],[-80.1930643284924,25.7690064836004],[-80.1930645537923,25.7690054322632],[-80.193065208769,25.7690045386399],[-80.1930661936733,25.7690039388241],[-80.1930673585098,25.7690037241645]]]},"properties":{"OBJECTID":141519,"UBID":"C2XRXGXQ+X3W-0-0-0-0","UNIQUEID":null,"ADDRESS":"431 S MIAMI AVE","SOURCE":null,"TYPE":null,"BLDG_HEIGHT":null,"FLOORS":0,"YEAR_BUILT":0,"BLDG_TYPE":"VACANT LAND - COMMERCIAL : EXTRA FEA OTHER THAN PARKING"}},{"type":"Feature","id":142712,"geometry":{"type":"Polygon","coordinates":[[[-80.1970310309705,25.7650275126485],[-80.1972242451134,25.7650210729398],[-80.1972264282646,25.7650218102755],[-80.1972273937085,25.7650237216341],[-80.1972351937801,25.7652156474511],[-80.1972343874294,25.7652176172408],[-80.1972322715605,25.7652184983929],[-80.1970390565193,25.7652249364728],[-80.1970368742671,25.7652241988028],[-80.1970359097209,25.765222287783],[-80.1970281159375,25.7650304906092],[-80.1970281114459,25.7650303627858],[-80.1970289158922,25.7650283932824],[-80.1970310309705,25.7650275126485]]]},"properties":{"OBJECTID":142712,"UBID":"C3X9XJXQ+X8X-0-0-0-0","UNIQUEID":"D3_MDC_Building_6481","ADDRESS":"180 SW 9 ST","SOURCE":"P","TYPE":"L","BLDG_HEIGHT":26.54999924,"FLOORS":3,"YEAR_BUILT":1964,"BLDG_TYPE":"MULTIFAMILY 10 UNITS PLUS : MULTIFAMILY 3 OR MORE UNITS"}},{"type":"Feature","id":145366,"geometry":{"type":"Polygon","coordinates":[[[-80.1962005762196,25.7699591743991],[-80.1962012571426,25.7699592197017],[-80.1962470263063,25.769967031164],[-80.1962920076475,25.769974705909],[-80.1962939626634,25.769975868906],[-80.1962944277089,25.7699779369547],[-80.1962848256168,25.7700224774845],[-80.1963159261903,25.7700277803127],[-80.1963178814727,25.7700289431472],[-80.1963183462517,25.7700310113569],[-80.1963004670826,25.7701138818672],[-80.1962991934479,25.7701156284675],[-80.1962969223305,25.7701160563891],[-80.1962178274663,25.7701025667482],[-80.1961721723886,25.7700947787551],[-80.1961720376414,25.7700947552948],[-80.1961700820514,25.7700935932703],[-80.1961696184783,25.7700915250613],[-80.1961977123905,25.7699613958445],[-80.1961987151083,25.7699598363965],[-80.1962005762196,25.7699591743991]]]},"properties":{"OBJECTID":145366,"UBID":"C2XVX2XH+XXX-0-0-0-0","UNIQUEID":"D3_MDC_Building_15670","ADDRESS":"122 SW 3 ST","SOURCE":"P","TYPE":"L","BLDG_HEIGHT":18.5,"FLOORS":2,"YEAR_BUILT":1946,"BLDG_TYPE":"UTILITY : UTILITY"}},{"type":"Feature","id":147546,"geometry":{"type":"Polygon","coordinates":[[[-80.1917465403947,25.7610026581499],[-80.1917246035355,25.7609980086197],[-80.191719667293,25.7610154304011],[-80.1917180840925,25.7610172076091],[-80.191715555704,25.7610172871386],[-80.191477785123,25.7609275763459],[-80.1914564097108,25.7609195126784],[-80.1914287308202,25.7609133114126],[-80.1911948247916,25.7608609133338],[-80.191032140792,25.7608244702564],[-80.1907174088457,25.7607539634483],[-80.1907155350772,25.7607527104616],[-80.1907151891086,25.7607506318308],[-80.1908055344734,25.7604199331436],[-80.1908496911612,25.760258300594],[-80.1908510272002,25.7602566312249],[-80.1908532772358,25.760256273137],[-80.1911664919276,25.7603170507176],[-80.1913286063953,25.7603485086433],[-80.1915522150359,25.760391899095],[-80.1916172072483,25.760404510413],[-80.1917919196896,25.7604384116159],[-80.1918672470195,25.7604530277295],[-80.1918910011705,25.7604576376381],[-80.1918932703149,25.7604480472805],[-80.1918945870777,25.7604463163874],[-80.1918968779491,25.7604459348775],[-80.1919456636556,25.7604554022612],[-80.1919475969747,25.760456624675],[-80.1919479840039,25.7604587233694],[-80.1917965037925,25.7610403244346],[-80.1917951344927,25.7610420393635],[-80.1917928171066,25.7610423648228],[-80.1917419374272,25.7610309663174],[-80.1917400634739,25.7610297129288],[-80.1917397176902,25.7610276338987],[-80.1917465403947,25.7610026581499]]]},"properties":{"OBJECTID":147546,"UBID":"CGX6XGX7+X9R-0-0-0-0","UNIQUEID":"D1_MDC_Building_225","ADDRESS":"1395 BRICKELL AVE","SOURCE":"P","TYPE":"L","BLDG_HEIGHT":485,"FLOORS":0,"YEAR_BUILT":2004,"BLDG_TYPE":"OFFICE BUILDING - MULTISTORY : COMMERCIAL - TOTAL VALUE"}},{"type":"Feature","id":152022,"geometry":{"type":"Polygon","coordinates":[[[-80.1913883021409,25.7715125563989],[-80.1913784745717,25.7712693442371],[-80.1913783640789,25.7712693620343],[-80.1913780891944,25.7712693830674],[-80.1909015203598,25.7712851765108],[-80.1908985226817,25.7712832908112],[-80.1908802967629,25.7712333614211],[-80.1908802482539,25.7712332133803],[-80.1908802105246,25.7712330718112],[-80.1908681003363,25.7711816458117],[-80.190868079675,25.7711815463087],[-80.1908680491323,25.7711813497299],[-80.1908621966082,25.7711290370801],[-80.1908621912183,25.77112899016],[-80.1908621804386,25.7711287401892],[-80.1908626538507,25.771076159748],[-80.1908626673255,25.7710759178668],[-80.1908626754103,25.7710758596211],[-80.1908694702671,25.7710236399561],[-80.1908695008098,25.7710234547025],[-80.1908695259626,25.7710233446829],[-80.190882183225,25.7709736004372],[-80.1908440326732,25.7709391836942],[-80.1906686635634,25.7711051005525],[-80.1906665369581,25.7711059490106],[-80.1906643696164,25.7711051887299],[-80.1906226599394,25.7710691419558],[-80.1905209419031,25.7711653750641],[-80.1905188133973,25.7711662231204],[-80.1905166452612,25.7711654608146],[-80.1903830864397,25.7710497202642],[-80.1903821557139,25.7710477938214],[-80.1903829984048,25.7710458347929],[-80.1904845358796,25.77094977228],[-80.190445912814,25.7709163918188],[-80.1904449732484,25.7709144642667],[-80.1904458157959,25.7709125006803],[-80.19057725639,25.770788145978],[-80.1905557803665,25.7707695348278],[-80.1903291776411,25.7709839204425],[-80.1903270486916,25.7709847688919],[-80.1903248801008,25.7709840061931],[-80.1902373482595,25.7709081516656],[-80.1902364185032,25.7709062546344],[-80.1902319404015,25.770774086899],[-80.1902327830213,25.77077210007],[-80.1904388286997,25.7705771617318],[-80.1904049765865,25.7705478260208],[-80.1903526631959,25.7705973196641],[-80.190350419156,25.770598167914],[-80.1903482066538,25.7705972549464],[-80.1903270180912,25.7705759005464],[-80.1903267027825,25.7705755219481],[-80.1903098782356,25.7705512018566],[-80.1903096392837,25.7705507787648],[-80.1902976701309,25.7705242064927],[-80.1902975156206,25.7705237550868],[-80.1902907522049,25.7704957177615],[-80.1902906848312,25.7704952485581],[-80.1902893310701,25.7704665761834],[-80.1902893544263,25.770466103744],[-80.190293448049,25.7704376457398],[-80.1902935558468,25.7704371959516],[-80.1903023036411,25.7704113120891],[-80.1903023701164,25.7704111349242],[-80.1903024824058,25.7704109035583],[-80.1903157397428,25.7703866376342],[-80.1903158637103,25.7703864313463],[-80.1903159930677,25.7703862541815],[-80.1903334078078,25.7703642541836],[-80.190333727608,25.7703639136063],[-80.1903548452038,25.7703447522884],[-80.1903552215979,25.7703444626763],[-80.1903794823987,25.7703286488834],[-80.1903799028103,25.7703284191352],[-80.190406459705,25.7703164431061],[-80.1904069133543,25.7703162772667],[-80.1904352498116,25.7703083169764],[-80.190435493255,25.7703082595393],[-80.190435726817,25.7703082198997],[-80.190465108015,25.7703044824461],[-80.1904655966985,25.7703044557501],[-80.1904952590692,25.7703050382104],[-80.1904957459561,25.7703050843218],[-80.1905249187449,25.7703099697074],[-80.1905253912588,25.7703100853905],[-80.1905533207793,25.7703191499282],[-80.1905535076288,25.7703192162639],[-80.1905537591571,25.7703193295201],[-80.190579726757,25.7703323394158],[-80.1905799450476,25.7703324591437],[-80.1905801336939,25.7703325829165],[-80.1906034602468,25.7703492016363],[-80.190604611453,25.7703511714142],[-80.1906037746572,25.7703532659132],[-80.1904505103916,25.770498269257],[-80.1904897047858,25.770532234722],[-80.1904950578466,25.7705271697539],[-80.1906227569575,25.7704063547091],[-80.1906248856534,25.7704055071821],[-80.1906270535995,25.770406269767],[-80.1906890292692,25.7704599790204],[-80.1907425661652,25.7704093284899],[-80.1906891020328,25.7703629994677],[-80.1906881703057,25.7703609907254],[-80.1906891442536,25.7703589982909],[-80.1907096357235,25.7703418238084],[-80.1907098189799,25.7703416806203],[-80.1907100148126,25.7703415528026],[-80.1907332425509,25.7703275405911],[-80.1907336638608,25.7703273270223],[-80.1907590493524,25.770316826559],[-80.1907595047982,25.7703166768991],[-80.1907864084426,25.7703099494831],[-80.1907868827531,25.7703098669679],[-80.190814625424,25.7703070857201],[-80.190814841918,25.7703070719676],[-80.1908151078194,25.7703070727765],[-80.1908429879325,25.7703083088867],[-80.190843262817,25.7703083323469],[-80.1908434631413,25.7703083630878],[-80.1908707728242,25.770313585006],[-80.1908712363549,25.7703137095877],[-80.1908972874982,25.7703227830238],[-80.1908977222828,25.7703229723234],[-80.1909218555229,25.7703356691463],[-80.1909222525782,25.7703359183098],[-80.1909438651457,25.7703519230192],[-80.1909449775856,25.770353932343],[-80.1909440636733,25.7703560212729],[-80.1909316076336,25.7703670265314],[-80.1909462941902,25.7703663453768],[-80.1909485229104,25.7703670815415],[-80.1910386733407,25.7704432122742],[-80.1910396400015,25.7704451935069],[-80.1910387236464,25.7704471940328],[-80.191010073677,25.7704725075626],[-80.1911446772392,25.7705861769019],[-80.1911511280413,25.7705799146594],[-80.1911501336063,25.7705762208988],[-80.1911500500629,25.7705756877871],[-80.1911497958397,25.7705703154119],[-80.1911498200942,25.7705698397371],[-80.1911505953403,25.7705645102371],[-80.191150708528,25.7705640450789],[-80.1911524889889,25.7705589162034],[-80.1911526893132,25.7705584761233],[-80.1911554192934,25.7705537023858],[-80.1911557013644,25.7705532995183],[-80.1911593000154,25.7705490241068],[-80.19115965485,25.7705486722044],[-80.191164014374,25.7705450229363],[-80.1911641976303,25.7705448813663],[-80.1911644240058,25.7705447341336],[-80.1911694204354,25.7705418169841],[-80.1911696432176,25.7705416988744],[-80.191169886661,25.7705415945171],[-80.1911753582994,25.7705395057539],[-80.1911756170142,25.770539420003],[-80.1911758568644,25.7705393601391],[-80.1911816429132,25.7705381580082],[-80.1911821648343,25.7705380908636],[-80.1911880919186,25.7705378093416],[-80.1911886183313,25.7705378255211],[-80.1911945130762,25.7705384751248],[-80.1911950287092,25.7705385738193],[-80.1912007096551,25.7705401359424],[-80.1912011965419,25.770540312298],[-80.1912064957038,25.7705427367842],[-80.1912069439631,25.7705429883742],[-80.1912117005426,25.7705462056519],[-80.1912120931063,25.7705465227685],[-80.1912161651695,25.7705504349521],[-80.1912164921563,25.7705508086967],[-80.1912197575324,25.7705552976765],[-80.1912200081623,25.7705557167235],[-80.1912223680366,25.7705606498281],[-80.1912225342249,25.7705611012338],[-80.1912239212237,25.7705663263767],[-80.1912239993771,25.7705667996246],[-80.1912243676864,25.7705721663372],[-80.1912243542117,25.770572642821],[-80.1912236948482,25.7705779852641],[-80.1912235906437,25.7705784512313],[-80.1912219215739,25.7705836124647],[-80.1912218434204,25.7705838219881],[-80.1912217329277,25.7705840509268],[-80.1912191053554,25.7705888756282],[-80.1912189777947,25.7705890843426],[-80.1912188331659,25.7705892841584],[-80.1912153243464,25.7705936259041],[-80.1912151518699,25.770593820866],[-80.1912149793934,25.7705939818512],[-80.1912106998193,25.770597706352],[-80.1912102892892,25.7705980048622],[-80.1912053656232,25.7706010061432],[-80.1912049038891,25.7706012375088],[-80.1911994789631,25.7706034225384],[-80.1911989839914,25.7706035778608],[-80.1911932239938,25.7706048835394],[-80.191192702971,25.7706049587736],[-80.1911867812766,25.7706053462705],[-80.1911862557621,25.7706053381808],[-80.1911803493392,25.7706047937436],[-80.1911798310112,25.7706047047569],[-80.1911741186243,25.7706032445649],[-80.191173986572,25.7706032073523],[-80.1911737332471,25.7706031199835],[-80.1911722842645,25.7706025504681],[-80.191167136918,25.7706120591083],[-80.1911666329631,25.7706127232731],[-80.1911261521814,25.7706520796833],[-80.1911362896694,25.7706596484089],[-80.1911373942321,25.7706617394964],[-80.19113634267,25.7706638526271],[-80.1911291283,25.770669496003],[-80.1912078557531,25.7706235100858],[-80.1912080794337,25.7706233919761],[-80.1912082851479,25.7706233021804],[-80.1912641441888,25.7706012075769],[-80.191264184613,25.7706011913975],[-80.1912644325481,25.7706011088825],[-80.1913224744952,25.770584239417],[-80.1913227556679,25.7705841706545],[-80.1913823939213,25.7705727002579],[-80.1913826364664,25.7705726622363],[-80.1913826975519,25.7705726549555],[-80.1914432987992,25.7705667025481],[-80.1914435081067,25.7705666896046],[-80.1914436051247,25.7705666871777],[-80.1915045603083,25.7705663126242],[-80.1915047345815,25.7705663166691],[-80.1915048666338,25.7705663247588],[-80.1915655523229,25.7705715312951],[-80.1915656906634,25.7705715458565],[-80.1915658550551,25.7705715717436],[-80.1916256550053,25.7705823075949],[-80.1916281002195,25.7705849060089],[-80.1916349606533,25.7707545939697],[-80.1916864323225,25.7707528870439],[-80.1916860864711,25.770744339471],[-80.191686892734,25.77074236995],[-80.1916890086907,25.7707414894709],[-80.1917099268604,25.7707407961839],[-80.1917121089263,25.7707415334155],[-80.1917130736588,25.7707434439416],[-80.1917134195102,25.7707519939415],[-80.191726023772,25.7707515748953],[-80.1917578950999,25.770750517572],[-80.1917576291986,25.7707439463118],[-80.1917584365438,25.7707419768589],[-80.1917605532148,25.7707410971206],[-80.1917824837859,25.7707403698569],[-80.1917846664868,25.7707411073256],[-80.1917856314826,25.7707430184236],[-80.1917858964857,25.7707495904928],[-80.1918334371271,25.770748015429],[-80.1918356200929,25.770748752324],[-80.1918365857222,25.7707506631865],[-80.1918384398449,25.770796529327],[-80.1918499248059,25.7707961499204],[-80.1918521070568,25.770796887557],[-80.1918530716043,25.7707987984858],[-80.1918537731885,25.7708161379319],[-80.191852966839,25.7708181076297],[-80.1918508509689,25.7708189887392],[-80.1918393651097,25.7708193681457],[-80.1918409874671,25.770859487345],[-80.1918529557216,25.7708608003015],[-80.1918556255146,25.7708634310681],[-80.1918569882589,25.7708971140986],[-80.1918567879346,25.7708982013523],[-80.1918536474244,25.7709055888533],[-80.1918539923774,25.7709140983931],[-80.1919864327964,25.7709083959741],[-80.1919886372703,25.7709091222253],[-80.1919896137308,25.770911044537],[-80.1919901419402,25.7709241158494],[-80.1919976258048,25.7711091963533],[-80.1919982195913,25.7711239179367],[-80.1919974019483,25.7711258982974],[-80.191995264134,25.7711267687365],[-80.1919361522933,25.7711281933275],[-80.1919408262278,25.7712438318716],[-80.1919400200632,25.771245801966],[-80.1919379040081,25.7712466834776],[-80.1916528218561,25.7712561322026],[-80.1916506393403,25.7712553951425],[-80.1916496741593,25.7712534844563],[-80.1916444154217,25.771123419613],[-80.1916367276395,25.7711309066029],[-80.1916384398284,25.7711732746244],[-80.191637633478,25.7711752443155],[-80.1916355176088,25.771176125423],[-80.1916273671942,25.771176394],[-80.1916305086027,25.771254113832],[-80.1916297071483,25.7712560786986],[-80.1916276007562,25.7712569638198],[-80.1915266525761,25.7712608347227],[-80.1915342442386,25.7714486214979],[-80.1915334378883,25.7714505911845],[-80.191531322019,25.7714514722899],[-80.1915242459895,25.7714517060807],[-80.1915265214221,25.7715079768514],[-80.1915257148868,25.7715099461332],[-80.1915235992025,25.771510826833],[-80.1913914516343,25.7715152057573],[-80.1913892678483,25.7715144682247],[-80.1913883021409,25.7715125563989]]]},"properties":{"OBJECTID":152022,"UBID":"CRX7XXXQ+XVX-0-0-0-0","UNIQUEID":"D1_MDC_Building_408","ADDRESS":"64 SE 4 ST","SOURCE":"P","TYPE":"L","BLDG_HEIGHT":264.63000488,"FLOORS":0,"YEAR_BUILT":0,"BLDG_TYPE":"VACANT GOVERNMENTAL : EXTRA FEA OTHER THAN PARKING"}},{"type":"Feature","id":152112,"geometry":{"type":"Polygon","coordinates":[[[-80.1964408144727,25.7691222398961],[-80.1966605774255,25.7691156272876],[-80.1966627610053,25.7691163732149],[-80.1966637170374,25.7691182920702],[-80.1966663859321,25.7691967348604],[-80.1966655704697,25.7691986963222],[-80.196663456526,25.7691995695269],[-80.1964436890816,25.7692061505804],[-80.1964415065016,25.7692054042212],[-80.1964405512663,25.7692034857999],[-80.1964392145731,25.7691642801886],[-80.1964378868632,25.769125217754],[-80.196437880575,25.7691250729464],[-80.1964386964861,25.7691231096376],[-80.1964408144727,25.7691222398961]]]},"properties":{"OBJECTID":152112,"UBID":"C4XRXCXP+XWX-0-0-0-0","UNIQUEID":"D3_MDC_Building_1682","ADDRESS":"122 SW 3 ST","SOURCE":"P","TYPE":"L","BLDG_HEIGHT":14.20571995,"FLOORS":2,"YEAR_BUILT":1946,"BLDG_TYPE":"UTILITY : UTILITY"}},{"type":"Feature","id":158013,"geometry":{"type":"Polygon","coordinates":[[[-80.1958906493618,25.7652555306965],[-80.1958901094743,25.765242822004],[-80.1957977716462,25.7652460321443],[-80.1957955869852,25.7652452984419],[-80.1957946185596,25.765243388309],[-80.1957934381733,25.7652155010207],[-80.1957908995343,25.7651555268655],[-80.1957762884362,25.7648105492859],[-80.1957770908313,25.7648085776563],[-80.1957792061642,25.7648076942892],[-80.1959578181922,25.7648014867545],[-80.1959600031598,25.7648022207476],[-80.1959609712788,25.7648041314087],[-80.195979956274,25.7652525478874],[-80.1959791528999,25.7652545184871],[-80.1959770376477,25.7652554004464],[-80.1958938060417,25.7652582966916],[-80.1958916219281,25.7652575635778],[-80.1958906547517,25.7652556536656],[-80.1958906493618,25.7652555306965]]]},"properties":{"OBJECTID":158013,"UBID":"CVXQXFX6+X7W-0-0-0-0","UNIQUEID":"D3_MDC_Building_17816","ADDRESS":null,"SOURCE":"P","TYPE":"L","BLDG_HEIGHT":138.1000061,"FLOORS":0,"YEAR_BUILT":0,"BLDG_TYPE":"REFERENCE FOLIO"}},{"type":"Feature","id":158614,"geometry":{"type":"Polygon","coordinates":[[[-80.1970277979338,25.7616042687662],[-80.1970300320439,25.7616050454369],[-80.1971124102505,25.7616778364445],[-80.1971133255383,25.7616797281381],[-80.1971125297264,25.7616816631631],[-80.1970204802575,25.7617727212313],[-80.197023675565,25.7618027419329],[-80.1970229139483,25.7618048431986],[-80.1970206796835,25.7618057579989],[-80.1969094134541,25.7618066705854],[-80.1969093227243,25.7618066705854],[-80.1969071763383,25.7618058916571],[-80.1969062594691,25.7618039781316],[-80.1969062567742,25.7618039037008],[-80.1969038986966,25.7617014108091],[-80.1969047613368,25.7616994332187],[-80.1969069332056,25.7616986034706],[-80.1969361221641,25.7616985703002],[-80.1970256222142,25.7616052137155],[-80.1970277979338,25.7616042687662]]]},"properties":{"OBJECTID":158614,"UBID":"CHXFXQXG+X7W-0-0-0-0","UNIQUEID":"D1_MDC_Building_101","ADDRESS":"1245 SW 2 AVE","SOURCE":"P","TYPE":"L","BLDG_HEIGHT":16.81749916,"FLOORS":1,"YEAR_BUILT":2000,"BLDG_TYPE":"SERVICE STATION : SERVICE STATION - AUTOMOTIVE"}},{"type":"Feature","id":159439,"geometry":{"type":"Polygon","coordinates":[[[-80.1983693177246,25.7686838702433],[-80.1983695009809,25.7686838686253],[-80.1984494070238,25.768685418638],[-80.1984515389842,25.7686862699735],[-80.1984523795491,25.7686882290473],[-80.1984498391134,25.7687955487708],[-80.1984498373168,25.7687955908379],[-80.198448906202,25.7687975148606],[-80.1984467363324,25.7687982807061],[-80.1984466473992,25.7687982807061],[-80.1983668302896,25.7687967331218],[-80.1983646983292,25.7687958817871],[-80.1983638577643,25.7687939227151],[-80.1983663982,25.768686560923],[-80.1983672652752,25.7686846940312],[-80.1983693177246,25.7686838702433]]]},"properties":{"OBJECTID":159439,"UBID":"CMX2X4XG+XRW-0-0-0-0","UNIQUEID":null,"ADDRESS":"275 SW 6 ST","SOURCE":null,"TYPE":null,"BLDG_HEIGHT":null,"FLOORS":55,"YEAR_BUILT":2025,"BLDG_TYPE":"MIXED USE-STORE/RESIDENTIAL : MIXED USE - COMMERCIAL"}},{"type":"Feature","id":163812,"geometry":{"type":"Polygon","coordinates":[[[-80.1946268841487,25.7674111338787],[-80.1948915529842,25.7674028020661],[-80.1948938419442,25.7674036385386],[-80.1948946916978,25.7674057273826],[-80.1948938832141,25.7674172102202],[-80.1948926013182,25.7674192836675],[-80.1946383852793,25.7675815625593],[-80.1946353021781,25.7675817859903],[-80.1946336017504,25.7675794591821],[-80.1946239655223,25.7674141125885],[-80.1946239619291,25.7674140276443],[-80.1946247490946,25.7674120288051],[-80.1946268841487,25.7674111338787]]]},"properties":{"OBJECTID":163812,"UBID":"CCX6X5XG+X9X-0-0-0-0","UNIQUEID":"D3_MDC_Building_12367","ADDRESS":"69 SW 7 ST","SOURCE":"P","TYPE":"L","BLDG_HEIGHT":15.99915028,"FLOORS":1,"YEAR_BUILT":1953,"BLDG_TYPE":"WHOLESALE OUTLET : WHOLESALE OUTLET"}},{"type":"Feature","id":164584,"geometry":{"type":"Polygon","coordinates":[[[-80.1982768334712,25.7655799469356],[-80.1982754410825,25.7655225545002],[-80.1982493998207,25.7655230714546],[-80.198247230021,25.7655223053434],[-80.1982462961414,25.7655203823212],[-80.198244323441,25.7654392940794],[-80.1982451625171,25.7654373345354],[-80.1982472941697,25.7654364827842],[-80.198352827351,25.7654343777511],[-80.198354997891,25.7654351440014],[-80.1983559319286,25.7654370676954],[-80.198361286786,25.7656570806683],[-80.1983604477109,25.7656590402094],[-80.1983583160573,25.7656598919582],[-80.1982639920542,25.7656617737022],[-80.198261821515,25.7656610074526],[-80.1982608874766,25.7656590837629],[-80.1982590387437,25.7655830551322],[-80.198259878082,25.7655810950178],[-80.1982620103707,25.7655802430314],[-80.1982768334712,25.7655799469356]]]},"properties":{"OBJECTID":164584,"UBID":"CCXWXMX4+XJX-0-0-0-0","UNIQUEID":"D3_MDC_Building_8153","ADDRESS":"243 SW 9 ST","SOURCE":"P","TYPE":"L","BLDG_HEIGHT":20.54177094,"FLOORS":0,"YEAR_BUILT":0,"BLDG_TYPE":"VACANT LAND - COMMERCIAL : VACANT LAND"}},{"type":"Feature","id":164827,"geometry":{"type":"Polygon","coordinates":[[[-80.1919895382724,25.7636493552499],[-80.1916522298663,25.7635794172413],[-80.1916503378178,25.7635781921619],[-80.1916499544337,25.763576122109],[-80.1916755932502,25.7634747204961],[-80.1916769361698,25.7634730051816],[-80.1916792332238,25.763472651025],[-80.1920699222189,25.7635536524271],[-80.1920718146495,25.7635548758525],[-80.1920721985499,25.763556945133],[-80.1920559363483,25.7636212612875],[-80.1920545935056,25.7636229756239],[-80.1920522972731,25.763623329138],[-80.1920275864162,25.7636182056258],[-80.192022240542,25.7636393436518],[-80.1920208967114,25.7636410581959],[-80.1920185996701,25.7636414115019],[-80.1919958642086,25.7636366965446],[-80.1919932114835,25.7636471830366],[-80.1919931845341,25.7636472882089],[-80.1919918385537,25.7636490044027],[-80.1919895382724,25.7636493552499]]]},"properties":{"OBJECTID":164827,"UBID":"CFXHXJX9+XHV-0-0-0-0","UNIQUEID":"D1_MDC_Building_105","ADDRESS":"1038 BRICKELL AVE","SOURCE":"P","TYPE":"L","BLDG_HEIGHT":22.43000031,"FLOORS":1,"YEAR_BUILT":1949,"BLDG_TYPE":"FEDERAL : FEDERAL"}},{"type":"Feature","id":165606,"geometry":{"type":"Polygon","coordinates":[[[-80.192989672204,25.7632637281039],[-80.1929877605891,25.7632340758762],[-80.1929885200634,25.7632320896162],[-80.1929906163334,25.7632311682553],[-80.1930433222877,25.7632283811784],[-80.1930455230718,25.7632290748548],[-80.1930465328666,25.7632309676181],[-80.1930484435832,25.7632606206557],[-80.1930908036404,25.7632583837135],[-80.1930930035765,25.7632590773669],[-80.1930940133209,25.7632609693436],[-80.1931048739527,25.763429423503],[-80.1931041138443,25.7634314095235],[-80.1931020173101,25.7634323303101],[-80.1929692265482,25.7634393501719],[-80.1929670159177,25.7634386483298],[-80.192966015071,25.7634367394661],[-80.1929568585433,25.7632681930887],[-80.1929576287019,25.7632662233064],[-80.1929597151859,25.7632653121663],[-80.192989672204,25.7632637281039]]]},"properties":{"OBJECTID":165606,"UBID":"C7XCX9X3+XVV-0-0-0-0","UNIQUEID":"D1_Small_Building_382","ADDRESS":"1101 S MIAMI AVE","SOURCE":"L","TYPE":"S","BLDG_HEIGHT":16.40859985,"FLOORS":0,"YEAR_BUILT":0,"BLDG_TYPE":"VACANT LAND - COMMERCIAL : VACANT LAND"}},{"type":"Feature","id":168546,"geometry":{"type":"Polygon","coordinates":[[[-80.1923432193728,25.761077458362],[-80.1923440736706,25.7610775384565],[-80.1923810483277,25.7610859046926],[-80.1924180229848,25.7610942717371],[-80.1924198941297,25.7610955289165],[-80.1924202337387,25.7610976090081],[-80.1923902677375,25.7612061046494],[-80.1923888877983,25.7612077946395],[-80.1923865846448,25.7612081078191],[-80.1923496090894,25.7611997432097],[-80.1923126766531,25.7611913866901],[-80.1923126353306,25.7611913777907],[-80.1923107642869,25.7611901217146],[-80.1923104263733,25.7611880421404],[-80.1923104479329,25.7611879612369],[-80.1923403905779,25.7610795400104],[-80.1923414195546,25.7610780743645],[-80.1923432193728,25.761077458362]]]},"properties":{"OBJECTID":168546,"UBID":"C3XGXHX6+X8X-0-0-0-0","UNIQUEID":"D1_MDC_Building_386","ADDRESS":"1300 BRICKELL AVE","SOURCE":"P","TYPE":"L","BLDG_HEIGHT":13.84000015,"FLOORS":4,"YEAR_BUILT":1995,"BLDG_TYPE":"OFFICE BUILDING - MULTISTORY : OFFICE BUILDING"}},{"type":"Feature","id":179398,"geometry":{"type":"Polygon","coordinates":[[[-80.1991520198317,25.7699263211111],[-80.1989863058146,25.7697668857411],[-80.1989800715065,25.7697721351882],[-80.1989779020684,25.7697728698289],[-80.1989757910342,25.7697720081789],[-80.1989129475919,25.7697117086904],[-80.198912942202,25.7697079364321],[-80.1990148857154,25.769609629542],[-80.199015286364,25.769609307569],[-80.1990475475608,25.769587562255],[-80.1990492444783,25.7695870194311],[-80.199113382393,25.7695848182032],[-80.1991049678737,25.7692846855362],[-80.1990397115566,25.7692294386891],[-80.1988073596134,25.769236779373],[-80.1987203676596,25.7693121649518],[-80.1987182329428,25.7693129274412],[-80.1987161177299,25.7693121220759],[-80.1986773176962,25.7692770091286],[-80.1986768891998,25.7692765213139],[-80.1986338221684,25.769214092338],[-80.1986337104476,25.7692113533217],[-80.1986362808574,25.7692098856416],[-80.1988389605484,25.7692027091789],[-80.1990469888086,25.7691953434144],[-80.1990491815963,25.7691960844403],[-80.1991389700055,25.769272102667],[-80.1991399321012,25.7692740142859],[-80.1991533125074,25.7696150893301],[-80.1991569830236,25.7697086523765],[-80.1991652376428,25.769919038716],[-80.1991640321037,25.7699213321608],[-80.1991562014893,25.7699266859589],[-80.1991561529803,25.7699267183179],[-80.1991521114598,25.7699264068625],[-80.1991520198317,25.7699263211111]]]},"properties":{"OBJECTID":179398,"UBID":"CFXPX7XV+X8X-0-0-0-0","UNIQUEID":"D3_MDC_Building_49","ADDRESS":"401 SW 3 AVE","SOURCE":"P","TYPE":"L","BLDG_HEIGHT":24.72100067,"FLOORS":0,"YEAR_BUILT":0,"BLDG_TYPE":"VACANT LAND - INDUSTRIAL : VACANT LAND"}},{"type":"Feature","id":180495,"geometry":{"type":"Polygon","coordinates":[[[-80.1975951154768,25.7667639236628],[-80.19758898178,25.7665752339145],[-80.197587887632,25.7665752557574],[-80.1975857131436,25.7665744853562],[-80.1975847839527,25.7665725545129],[-80.1975842907776,25.766547857417],[-80.1975851333623,25.7665459043968],[-80.1975872606079,25.766545055856],[-80.1980681961532,25.7665354376753],[-80.1980703710784,25.7665362079204],[-80.1980713007308,25.7665381389207],[-80.1980717948042,25.7665628368276],[-80.1980709516949,25.7665647897048],[-80.1980688240756,25.7665656375791],[-80.1980675278066,25.766565664276],[-80.198073563587,25.7667512491097],[-80.198072740829,25.7667532143816],[-80.1980706162146,25.7667540805987],[-80.1975982568853,25.7667666896227],[-80.197596071845,25.7667659432661],[-80.1975951190701,25.7667640215514],[-80.1975951154768,25.7667639236628]]]},"properties":{"OBJECTID":180495,"UBID":"CHX3X7XQ+X4V-0-0-0-0","UNIQUEID":"D3_MDC_Building_2356","ADDRESS":"201 SW 8 ST","SOURCE":"P","TYPE":"L","BLDG_HEIGHT":28,"FLOORS":1,"YEAR_BUILT":1997,"BLDG_TYPE":"STORE : RETAIL OUTLET"}},{"type":"Feature","id":187953,"geometry":{"type":"Polygon","coordinates":[[[-80.1986813708948,25.7686747360081],[-80.1991086330001,25.768664563846],[-80.1991108067112,25.7686653211368],[-80.1991117492558,25.7686672407734],[-80.1991150676325,25.7687814918826],[-80.1991142377129,25.7687834549142],[-80.1991121094802,25.7687843144243],[-80.1986846120163,25.7687944906211],[-80.1986824381218,25.7687937329241],[-80.1986814957606,25.7687918128875],[-80.1986781845705,25.7686777187311],[-80.1986781800789,25.7686775617883],[-80.1986790088642,25.7686755985866],[-80.1986811373328,25.768674740053],[-80.1986813708948,25.7686747360081]]]},"properties":{"OBJECTID":187953,"UBID":"CJXPXXX2+XRV-0-0-0-0","UNIQUEID":"D3_MDC_Building_28183","ADDRESS":"275 SW 6 ST","SOURCE":"P","TYPE":"L","BLDG_HEIGHT":12.97000027,"FLOORS":55,"YEAR_BUILT":2025,"BLDG_TYPE":"MIXED USE-STORE/RESIDENTIAL : MIXED USE - COMMERCIAL"}},{"type":"Feature","id":189145,"geometry":{"type":"Polygon","coordinates":[[[-80.19617625074,25.765281969853],[-80.1961758707527,25.7652713184681],[-80.1961150988254,25.7652730901933],[-80.1961129195269,25.7652723440498],[-80.1961119646034,25.7652704285605],[-80.1961100188524,25.7652156676762],[-80.1961108346547,25.7652137002944],[-80.1961129563434,25.7652128288695],[-80.196118984039,25.7652126533149],[-80.196118502542,25.7651991161942],[-80.1961090881978,25.7649343398996],[-80.1960437761851,25.7649362443074],[-80.1960415914261,25.7649355024563],[-80.1960406347765,25.764933584285],[-80.1960406293866,25.7649334791138],[-80.1960328832139,25.7647155666097],[-80.1957850982142,25.7647227894573],[-80.1957829196712,25.7647220434324],[-80.1957819648905,25.7647201286211],[-80.1957786024964,25.7646255341981],[-80.1957785980048,25.7646253934301],[-80.1957794126941,25.7646234258973],[-80.1957815345975,25.7646225554183],[-80.1957858114765,25.7646224308305],[-80.1957856767292,25.7646186770177],[-80.195786493877,25.7646167091216],[-80.1957886169152,25.7646158381967],[-80.1957971796565,25.7646155890211],[-80.1957967008544,25.7646021424417],[-80.1957881372148,25.7646023924262],[-80.1957808258267,25.7646026051963],[-80.1957786470198,25.7646018597434],[-80.1957776916047,25.7645999451664],[-80.1957741127166,25.7644992595948],[-80.1957749290465,25.7644972923478],[-80.1957770511059,25.76449642158],[-80.1960115859552,25.7644895854264],[-80.1960110595424,25.7644748233786],[-80.1960118761354,25.764472855559],[-80.1960139988301,25.7644719845541],[-80.1961068442062,25.7644692784076],[-80.1961090227483,25.764470024435],[-80.19610997753,25.7644719392494],[-80.1961105030444,25.7644867029157],[-80.1963470608997,25.7644798068947],[-80.1963492401983,25.7644805530432],[-80.1963501951218,25.7644824685453],[-80.1963537632301,25.7645828604599],[-80.1963529464222,25.7645848268077],[-80.1963508248408,25.7645856968546],[-80.1963403585694,25.764586002661],[-80.1963398806657,25.7645860172232],[-80.1963403765357,25.7645999629647],[-80.1963408562361,25.7645999492115],[-80.1963513207108,25.7645996442141],[-80.1963534995594,25.7646003905302],[-80.1963544540345,25.764602305862],[-80.1963580463973,25.7647033351758],[-80.1963572296978,25.764705302902],[-80.1963551071097,25.7647061739947],[-80.1961073140251,25.7647133968429],[-80.1961101697694,25.7647937380551],[-80.196161269536,25.7647922478583],[-80.1961608859554,25.7647813974128],[-80.1961608814638,25.764781255027],[-80.1961616971357,25.7647792885211],[-80.1961638189548,25.764778419446],[-80.1962722563894,25.7647752578336],[-80.1962744356463,25.764776003117],[-80.1962753915097,25.7647779178596],[-80.1962758334809,25.7647903596284],[-80.1962877145988,25.7647900133721],[-80.1962873202384,25.7647788813908],[-80.1962873148485,25.764778740623],[-80.196288129986,25.7647767729242],[-80.1962902523395,25.7647759026149],[-80.1963498375923,25.7647741648607],[-80.1963520166859,25.7647749106207],[-80.1963529718143,25.7647768256956],[-80.1963533742596,25.7647881000629],[-80.1963705850821,25.7647875984765],[-80.1963727637445,25.7647883443869],[-80.1963737184058,25.7647902593112],[-80.1963756156477,25.7648436110964],[-80.1963747987629,25.7648455784166],[-80.1963726763601,25.764846449103],[-80.1963676889136,25.7648465939158],[-80.1963699284136,25.7649095348647],[-80.1963699275153,25.7649096400359],[-80.1963755365959,25.7650673409446],[-80.1963783707806,25.7651470816334],[-80.1963783698823,25.7651471859954],[-80.1963805042794,25.7652070768272],[-80.196385523167,25.7652069312058],[-80.1963877025442,25.7652076763715],[-80.1963886582873,25.765209591222],[-80.1963905312746,25.7652623093664],[-80.1963897150233,25.765264276915],[-80.1963875928854,25.7652651481719],[-80.1963702032981,25.7652656538013],[-80.1963705689124,25.7652759136275],[-80.196369752475,25.7652778807714],[-80.1963676305231,25.7652787516237],[-80.1963083219514,25.7652804796624],[-80.1963061429585,25.7652797338093],[-80.1963051877294,25.7652778188387],[-80.1963048221151,25.7652675590127],[-80.1962903700188,25.7652679805054],[-80.1962907518028,25.7652787362525],[-80.1962899358712,25.7652807035247],[-80.1962878143118,25.7652815750577],[-80.1961793975385,25.7652847358475],[-80.1961772121436,25.7652839937623],[-80.1961762552316,25.7652820750239],[-80.19617625074,25.765281969853]]]},"properties":{"OBJECTID":189145,"UBID":"CMXVXQXX+XGR-0-0-0-0","UNIQUEID":null,"ADDRESS":null,"SOURCE":null,"TYPE":null,"BLDG_HEIGHT":119.80000305,"FLOORS":0,"YEAR_BUILT":0,"BLDG_TYPE":"REFERENCE FOLIO"}},{"type":"Feature","id":189793,"geometry":{"type":"Polygon","coordinates":[[[-80.1895574484553,25.7607765938495],[-80.1895099590178,25.7607679832622],[-80.1894935009835,25.7607689330724],[-80.1894903505918,25.760766818248],[-80.1894832835454,25.7607396507609],[-80.1893520280043,25.7607104331652],[-80.189325799893,25.7607291640121],[-80.18932276367,25.7607295475365],[-80.1893209058713,25.7607273509582],[-80.1893103982774,25.7606526379016],[-80.1893103803111,25.7606521273984],[-80.189312009855,25.7606273093331],[-80.189251922444,25.7606152918732],[-80.1892513735734,25.7606175442369],[-80.1892500449579,25.7606192678414],[-80.1892477515661,25.7606196372199],[-80.1892207769548,25.760614241741],[-80.1892188479579,25.7606130028736],[-80.1892184817592,25.7606108947479],[-80.1892192884464,25.7606079409476],[-80.1891939972779,25.7606028820283],[-80.1891932687442,25.7606057743419],[-80.1891919260458,25.7606074892046],[-80.1891896296689,25.7606078438629],[-80.1891610479715,25.760601937071],[-80.1891591295083,25.7606006851357],[-80.1891587806238,25.7605985747059],[-80.1891599628067,25.7605943782216],[-80.1891344272964,25.7605891016703],[-80.189133537066,25.760592345107],[-80.1891321739824,25.760594028589],[-80.1891298899059,25.7605943596137],[-80.1891063199095,25.7605892950306],[-80.1891044783631,25.7605963215328],[-80.1891030297188,25.7605980749236],[-80.1891006174041,25.7605983125773],[-80.1890849211411,25.7605938741904],[-80.1890844980346,25.7605937229001],[-80.1890382312042,25.7605733658636],[-80.1890032373323,25.7605651476455],[-80.1889881564153,25.7605686079054],[-80.1889876641386,25.760568682337],[-80.1889640213786,25.7605704775944],[-80.188963885733,25.7605704848758],[-80.1889636252215,25.7605704832577],[-80.1889474636313,25.7605698028559],[-80.1889446240567,25.7605675529185],[-80.1889355618521,25.7605230719459],[-80.1889355124447,25.7605225015732],[-80.1889362526565,25.7604968404617],[-80.188937455106,25.7604947187021],[-80.1889400480386,25.7604942482992],[-80.1889601828774,25.7604989504367],[-80.188960865597,25.7604850519468],[-80.1889563030537,25.7604818303512],[-80.188955306822,25.7604805763399],[-80.1889441003388,25.7604518505766],[-80.1889439314556,25.7604510908882],[-80.1889415500218,25.7604131760413],[-80.1889415464285,25.7604131024187],[-80.1889415401403,25.7604129292841],[-80.188941553615,25.7604126954715],[-80.1889420494851,25.7604075184241],[-80.1889433206595,25.7604055107648],[-80.1889458448671,25.7604050945399],[-80.1889645756391,25.7604095280796],[-80.1889653338172,25.7603940899759],[-80.1889614495019,25.7603935802806],[-80.1889589755416,25.7603916523378],[-80.1889519570043,25.7603705647031],[-80.1889519327498,25.7603704870353],[-80.1889518878341,25.7603703187549],[-80.1889454343371,25.7603415444225],[-80.1889453966078,25.760341375333],[-80.188945337319,25.7603409433054],[-80.1889453310308,25.7603408114318],[-80.1889443294092,25.7603192011478],[-80.1889454554838,25.7603169462432],[-80.1889481391644,25.7603164253291],[-80.1889689055188,25.7603213750401],[-80.1889696681885,25.7603058341767],[-80.1889683000543,25.7603047241728],[-80.188957566085,25.7602881809055],[-80.1889572426915,25.7602874729947],[-80.1889519462245,25.7602688310726],[-80.1889518959189,25.7602686191039],[-80.1889518752576,25.7602684928935],[-80.188949502807,25.760251691537],[-80.1889494848407,25.7602515653266],[-80.1889494695693,25.7602514472066],[-80.1889494614845,25.7602512489915],[-80.1889494587895,25.760251200449],[-80.1889492306174,25.7602332615782],[-80.1889504874848,25.7602310013345],[-80.1889532640531,25.7602306313849],[-80.1889730557354,25.76023684644],[-80.1889733180435,25.7602315011043],[-80.1889746003831,25.7602293758411],[-80.1889772526644,25.7602289955034],[-80.1889922087156,25.7602331928096],[-80.1889921036127,25.7602315714909],[-80.1889839549947,25.7602231704058],[-80.1889833162926,25.7602221105617],[-80.1889779623335,25.7602051570989],[-80.1889778464508,25.7602043270223],[-80.1889782983034,25.7601891599209],[-80.1889757363082,25.7601863630641],[-80.1889750401139,25.7601844545349],[-80.1889753715922,25.7601790064486],[-80.1889754048299,25.7601772128033],[-80.1889530277961,25.7601726166375],[-80.1889511310706,25.76017140201],[-80.1889507334989,25.7601693367824],[-80.1889581356169,25.7601391376785],[-80.188958178736,25.7601389847696],[-80.1889582568894,25.7601387703735],[-80.1889770226957,25.7600933539875],[-80.1889796996752,25.7600774061459],[-80.1889602340813,25.7600732856932],[-80.1889583478619,25.760072060449],[-80.188957964937,25.7600699945088],[-80.1889673424502,25.7600327898796],[-80.1889680116951,25.7600315981598],[-80.1889825895555,25.7600164043378],[-80.1889836846019,25.7600156818626],[-80.1889846592739,25.7599995430765],[-80.1889638480038,25.759995213079],[-80.1889615105874,25.7599922681628],[-80.1889633880663,25.7599749230904],[-80.1889634976608,25.7599744093481],[-80.1889706024364,25.7599527027212],[-80.1889706141145,25.7599526703595],[-80.1889709994917,25.7599519260398],[-80.1889710776451,25.7599518200551],[-80.1889817397493,25.7599373389901],[-80.188985668082,25.7599364231531],[-80.1889883989604,25.7599377062957],[-80.1889893727342,25.7599215877251],[-80.1889670100735,25.7599162334758],[-80.1889647849466,25.7599131421207],[-80.188969259455,25.7598875892894],[-80.1889693681511,25.7598871782952],[-80.1889802620206,25.7598564993566],[-80.1889803168178,25.7598563585829],[-80.1889803994628,25.7598561814023],[-80.1889893017673,25.7598388597723],[-80.1889911961398,25.7598373818603],[-80.1889936783594,25.7598376939399],[-80.1890541538426,25.7598722457759],[-80.1890555354515,25.7598741688728],[-80.1891167915708,25.7598870124413],[-80.1891376800961,25.7598819162753],[-80.189138825448,25.7598818402252],[-80.1891816544259,25.7598864129399],[-80.1891837845538,25.7598875639774],[-80.1891842595402,25.7598897599534],[-80.1891814594914,25.7599008195792],[-80.1892078475029,25.7599087263615],[-80.1892269501774,25.759914450344],[-80.1892791593634,25.7599247535119],[-80.1893049706565,25.7599298472489],[-80.1893050173689,25.7599298569574],[-80.1893050811493,25.7599298707112],[-80.1893368967817,25.7599372953017],[-80.1893645568076,25.7599438016277],[-80.1893935876626,25.7599506323797],[-80.1893937799021,25.7599506841585],[-80.1893940404135,25.7599507771985],[-80.1893946880988,25.7599508314043],[-80.1894216159978,25.7599557997385],[-80.189505090149,25.7599711998743],[-80.1895071501287,25.7599725756603],[-80.1895073215641,25.7599748802111],[-80.1894833015117,25.7600315172555],[-80.1894913055009,25.7600178250169],[-80.1894916315893,25.7600173776162],[-80.1895132315804,25.7599932843207],[-80.1895160170252,25.7599922931508],[-80.1895183879101,25.7599939412635],[-80.1895351540666,25.7600296993367],[-80.1895682057808,25.7600365511188],[-80.1896149029042,25.7600462305043],[-80.1896421874343,25.7600518865206],[-80.189670043293,25.760057662275],[-80.1896932386919,25.7600624704143],[-80.1896979710169,25.7600430396404],[-80.1896993089438,25.7600413096797],[-80.189701615482,25.7600409498834],[-80.1897559455903,25.7600522117557],[-80.1897578383888,25.7600534360278],[-80.1897582219213,25.7600555061768],[-80.1897469875903,25.7600999444453],[-80.1897419992456,25.7601196769826],[-80.1897661863846,25.7601246922342],[-80.1897680785482,25.7601259162681],[-80.1897684618172,25.7601279858442],[-80.1897399456968,25.7602407848527],[-80.1897385559775,25.7602425251816],[-80.1897361997221,25.7602428284909],[-80.1897151324321,25.760237728295],[-80.1897126539802,25.7602498355966],[-80.1897253858027,25.7602523638502],[-80.1897274250799,25.760253771242],[-80.1897275534375,25.7602560822033],[-80.1897006264368,25.7603164245201],[-80.1896980437804,25.7603350971782],[-80.1896980267124,25.7603351991174],[-80.1896820798195,25.7604234330506],[-80.1896819917846,25.7604237785107],[-80.1896555292129,25.7605038831502],[-80.1896551689885,25.7605045886326],[-80.1896468901149,25.7605161773128],[-80.1896438690806,25.7605474038005],[-80.1896442364915,25.7605484539333],[-80.1896551662936,25.7606441988215],[-80.18965509353,25.7606451421604],[-80.1896514796076,25.7606583853104],[-80.1896514526582,25.7606584734956],[-80.189651378098,25.7606586854637],[-80.1896291160486,25.7607128101189],[-80.1896288654187,25.7607132785519],[-80.1895786037802,25.7607881258705],[-80.1895763562405,25.7607894292413],[-80.1895738382176,25.7607886210015],[-80.1895659402297,25.7607813194379],[-80.1895574484553,25.7607765938495]]]},"properties":{"OBJECTID":189793,"UBID":"C6XGXHX2+X7R-0-0-0-0","UNIQUEID":"D1_MDC_Building_34","ADDRESS":"1331 BRICKELL BAY DR","SOURCE":"P","TYPE":"L","BLDG_HEIGHT":519,"FLOORS":0,"YEAR_BUILT":0,"BLDG_TYPE":"REFERENCE FOLIO"}},{"type":"Feature","id":195419,"geometry":{"type":"Polygon","coordinates":[[[-80.1908175467454,25.7693293371564],[-80.1908183821786,25.7693294132004],[-80.1913864471198,25.7694545978252],[-80.1913883263857,25.7694558434061],[-80.1913886812299,25.7694579202995],[-80.1912854917533,25.7698423996102],[-80.1912841333585,25.7698440920904],[-80.1912818445932,25.7698444277125],[-80.1907156733005,25.7697236176355],[-80.1907137833335,25.7697223838147],[-80.1907134140376,25.7697203081122],[-80.1907134445803,25.7697201900016],[-80.1908147071707,25.7693314542552],[-80.1908175467454,25.7693293371564]]]},"properties":{"OBJECTID":195419,"UBID":"CHX4XMX6+X3W-0-0-0-0","UNIQUEID":"D1_MDC_Building_347","ADDRESS":"99 SE 5 ST","SOURCE":"P","TYPE":"L","BLDG_HEIGHT":152.05999756,"FLOORS":0,"YEAR_BUILT":0,"BLDG_TYPE":"VACANT LAND - COMMERCIAL : VACANT LAND"}},{"type":"Feature","id":199947,"geometry":{"type":"Polygon","coordinates":[[[-80.1987363055693,25.7655582162546],[-80.1987346850086,25.7655086185753],[-80.1987100558984,25.7655092779146],[-80.198707878874,25.7655085264537],[-80.1987069288629,25.765506609006],[-80.1987041081529,25.7654201222584],[-80.1987049315434,25.7654181571992],[-80.1987070564237,25.7654172915466],[-80.198811823342,25.7654144875319],[-80.1988140010015,25.7654152392306],[-80.1988149512758,25.7654171572516],[-80.1988223614786,25.7656442935454],[-80.1988215380092,25.7656462595758],[-80.1988194123095,25.7656471258697],[-80.1987183877727,25.7656498271354],[-80.1987162107482,25.7656490756753],[-80.1987152607372,25.7656471582299],[-80.1987124696716,25.7655616059854],[-80.1987132919805,25.7655596408614],[-80.1987154161457,25.765558774468],[-80.1987363055693,25.7655582162546]]]},"properties":{"OBJECTID":199947,"UBID":"CCXJXMXR+X8V-0-0-0-0","UNIQUEID":"D3_MDC_Building_22532","ADDRESS":"267 SW 9 ST","SOURCE":"P","TYPE":"L","BLDG_HEIGHT":21,"FLOORS":0,"YEAR_BUILT":0,"BLDG_TYPE":"VACANT LAND - COMMERCIAL : VACANT LAND"}},{"type":"Feature","id":206458,"geometry":{"type":"Polygon","coordinates":[[[-80.1979264060687,25.7631960518911],[-80.1979262641349,25.7631828438121],[-80.1978595094278,25.7631834295434],[-80.1978573484623,25.7631826393056],[-80.1978564398845,25.7631807047601],[-80.1978563680193,25.7631740772583],[-80.1978324710361,25.7631742867948],[-80.1978325527828,25.7631818721776],[-80.1978316870066,25.7631838225861],[-80.1978295434266,25.7631846503563],[-80.1977556731642,25.7631852959553],[-80.1977535129419,25.7631845058557],[-80.1977526045191,25.763182571981],[-80.1977523413128,25.7631579858247],[-80.197723792853,25.7631582390484],[-80.1977216327858,25.7631574484756],[-80.1977207251064,25.7631555142645],[-80.1977199031479,25.7630786798626],[-80.1977207685964,25.7630767297266],[-80.1977229116058,25.7630759016814],[-80.1977421660955,25.7630757334048],[-80.197741745684,25.763036871222],[-80.197742611765,25.7630349213201],[-80.1977447550402,25.7630340938489],[-80.1978199386396,25.7630334312597],[-80.1978220985209,25.7630342214289],[-80.1978230063863,25.7630361552374],[-80.1978231249639,25.7630470543837],[-80.1978501112533,25.7630468173402],[-80.1978499989639,25.7630362579832],[-80.1978508644125,25.7630343078466],[-80.1978530074218,25.763033479801],[-80.1979560127439,25.7630325761232],[-80.1979558627252,25.7630181892805],[-80.1979567278355,25.7630162394086],[-80.1979588702848,25.7630154110979],[-80.1980233073384,25.7630148407372],[-80.1980254683049,25.7630156309753],[-80.1980263768818,25.7630175655243],[-80.1980264855779,25.7630277381704],[-80.1981342106485,25.7630267924234],[-80.1981363710967,25.7630275823176],[-80.1981372792935,25.7630295164012],[-80.1981373215143,25.7630336674942],[-80.1981588828777,25.763033478992],[-80.198158803826,25.7630260821019],[-80.1981596688254,25.7630241321327],[-80.1981618113856,25.7630233039194],[-80.1982333918424,25.7630226769272],[-80.1982355521737,25.7630234669281],[-80.1982364604874,25.7630254009051],[-80.1982366536252,25.7630435691164],[-80.1982417839037,25.7630435230022],[-80.1982700754453,25.7630432746324],[-80.1982722357767,25.7630440646332],[-80.1982731440903,25.7630459986098],[-80.1982738025554,25.763107394473],[-80.1982729366595,25.7631093447775],[-80.1982707931992,25.7631101726534],[-80.1982455568279,25.7631103951344],[-80.1982462503273,25.7631752284955],[-80.1982453842463,25.7631771783951],[-80.1982432409711,25.7631780058653],[-80.1981720216371,25.7631786320478],[-80.1981698619407,25.7631778422849],[-80.1981689538904,25.7631759088823],[-80.1981688371094,25.7631651076395],[-80.1981401673771,25.7631653600541],[-80.1981402670901,25.763174715576],[-80.1981394008991,25.763176665379],[-80.1981372577339,25.7631774929459],[-80.1980763034486,25.763178030136],[-80.1980764822134,25.7631947768739],[-80.1980756167657,25.7631967270086],[-80.1980734737555,25.7631975550523],[-80.1979295618503,25.7631988187432],[-80.1979294747138,25.7631988187432],[-80.1979273143724,25.7631980298125],[-80.1979264078654,25.7631960955783],[-80.1979264060687,25.7631960518911]]]},"properties":{"OBJECTID":206458,"UBID":"C2XJXWXC+XXX-0-0-0-0","UNIQUEID":"D3_MDC_Building_1636","ADDRESS":null,"SOURCE":"P","TYPE":"L","BLDG_HEIGHT":60.125,"FLOORS":0,"YEAR_BUILT":0,"BLDG_TYPE":"REFERENCE FOLIO"}},{"type":"Feature","id":208216,"geometry":{"type":"Polygon","coordinates":[[[-80.1981721087737,25.7673563586112],[-80.1982784621168,25.7673532245733],[-80.1982806419047,25.7673539695948],[-80.1982815981354,25.7673558845415],[-80.1982937038322,25.7676927462128],[-80.1982928879851,25.7676947135158],[-80.1982907663412,25.7676955849602],[-80.1981844067099,25.7676987181801],[-80.1981822269228,25.76769797316],[-80.1981812706913,25.7676960582196],[-80.1981691775709,25.7673593365134],[-80.1981691730793,25.7673591973667],[-80.1981699871572,25.7673572296627],[-80.1981721087737,25.7673563586112]]]},"properties":{"OBJECTID":208216,"UBID":"CCXWXRXJ+XVX-0-0-0-0","UNIQUEID":"D3_MDC_Building_28818","ADDRESS":"220 SW 6 ST","SOURCE":"P","TYPE":"L","BLDG_HEIGHT":13.60000038,"FLOORS":0,"YEAR_BUILT":0,"BLDG_TYPE":"VACANT LAND - COMMERCIAL : VACANT LAND"}},{"type":"Feature","id":215101,"geometry":{"type":"Polygon","coordinates":[[[-80.1905306760476,25.7660405027909],[-80.1900234261527,25.7659333116348],[-80.1900215357057,25.7659320810196],[-80.1900211606016,25.7659300076688],[-80.1900405687033,25.7658547065053],[-80.1896947855909,25.7657816357165],[-80.1896928951438,25.7657804050998],[-80.1896925200397,25.7657783317463],[-80.1898495257884,25.7651691481279],[-80.1898508761098,25.7651674387466],[-80.1898531738468,25.7651670940575],[-80.1899106372789,25.7651792372618],[-80.1899296240708,25.7651055682003],[-80.1899038945244,25.7651001300479],[-80.1899020033627,25.7650989001637],[-80.1899016271766,25.7650968268677],[-80.1899096644035,25.7650656428361],[-80.189880885975,25.7650595615202],[-80.1898786114407,25.7650574726605],[-80.1898777149221,25.7650537795371],[-80.1898777023457,25.7650537277605],[-80.1898768839804,25.7650500192658],[-80.1898768723023,25.7650499674893],[-80.1898761302939,25.7650462379602],[-80.1898761222091,25.7650461942738],[-80.1898754583541,25.7650424590816],[-80.1898754493709,25.7650424073051],[-80.1898748645677,25.7650386615956],[-80.1898748573811,25.7650386106281],[-80.1898743507313,25.7650348560194],[-80.1898743435448,25.7650348034339],[-80.1898739159467,25.765031040735],[-80.1898739105568,25.7650309889584],[-80.1898735620105,25.7650272197874],[-80.1898735575189,25.7650271672018],[-80.1898732880243,25.7650233923676],[-80.1898732862277,25.765023340591],[-80.1898730939882,25.7650195617116],[-80.1898730930899,25.7650195091261],[-80.1898729808005,25.7650157286285],[-80.1898729799022,25.765015676852],[-80.1898729466645,25.7650118947363],[-80.1898729466645,25.7650118486228],[-80.1898729942752,25.7650080600349],[-80.1898729951736,25.7650080074494],[-80.1898731209377,25.7650042269515],[-80.1898731227343,25.7650041743659],[-80.1898733275502,25.7650003962949],[-80.1898733320418,25.7650003437093],[-80.1898736159094,25.7649965704923],[-80.189873620401,25.7649965187157],[-80.1898739842187,25.7649927382174],[-80.1898739887103,25.764992697767],[-80.1898744315797,25.7649889366848],[-80.1898744378679,25.7649888849082],[-80.1898749570941,25.764985132725],[-80.1898749660773,25.7649850801395],[-80.1898755643553,25.7649813360462],[-80.1898755733384,25.7649812850786],[-80.1898762524648,25.7649775523114],[-80.1898762614479,25.7649775005349],[-80.1898770178294,25.7649737758576],[-80.1898770277109,25.7649737297441],[-80.1898778595508,25.7649700228649],[-80.1898778730256,25.7649699718974],[-80.1898787839172,25.7649662803892],[-80.1898787964937,25.7649662294217],[-80.1898797846405,25.7649625540936],[-80.1898797981152,25.764962503126],[-80.1898808626188,25.7649588472141],[-80.1898808778902,25.7649587978645],[-80.1898820196489,25.7649551573236],[-80.1898820358186,25.7649551071651],[-80.1898832521375,25.7649514876583],[-80.1898832701038,25.7649514391177],[-80.1898845618812,25.7649478414541],[-80.1898845807458,25.7649477921046],[-80.18988594888,25.7649442170931],[-80.1898859677446,25.7649441685525],[-80.1898874104389,25.7649406186202],[-80.1898874266086,25.7649405789787],[-80.1898889465581,25.7649370452265],[-80.1898889681176,25.764936995877],[-80.1898905581357,25.76493349853],[-80.1898905796952,25.7649334507985],[-80.1898922433752,25.7649299809578],[-80.1898922667313,25.7649299332262],[-80.1898940013782,25.7649264917007],[-80.1898940256327,25.7649264447782],[-80.1898958375346,25.7649230250958],[-80.1898958581959,25.7649229878814],[-80.1898977365731,25.7649196094584],[-80.1898977635226,25.7649195625359],[-80.1898997119684,25.7649162164732],[-80.1898997389179,25.7649161703597],[-80.189901756534,25.7649128582753],[-80.1899017834835,25.7649128137798],[-80.1899038720665,25.7649095364827],[-80.1899039008126,25.7649094919872],[-80.1899060576676,25.7649062486684],[-80.1899060864137,25.7649062065999],[-80.189908309744,25.7649030037315],[-80.1899083402867,25.764902960854],[-80.1899106291941,25.7648997951999],[-80.1899106615334,25.7648997531315],[-80.1899130178144,25.7648966287368],[-80.1899130501538,25.7648965858593],[-80.1899154702151,25.7648935027241],[-80.1899155016562,25.7648934638916],[-80.1899179881929,25.7648904203978],[-80.1899180241255,25.7648903783292],[-80.1899205708493,25.7648873809489],[-80.1899206058836,25.7648873396894],[-80.1899232163878,25.7648843851864],[-80.1899262787446,25.7648834257011],[-80.1899550544781,25.7648895062169],[-80.1899633755726,25.7648572154055],[-80.1899647260801,25.7648555064236],[-80.189967023631,25.7648551621386],[-80.189992321986,25.7648605072662],[-80.1899952271376,25.7648492393779],[-80.1899381913036,25.764837189176],[-80.1899363008566,25.7648359585494],[-80.1899359257525,25.7648338851795],[-80.1899442315756,25.7648016558377],[-80.189935169371,25.7647997417196],[-80.1899332784737,25.7647985112604],[-80.1899329029215,25.7647964377221],[-80.1899563723067,25.7647053633659],[-80.1899577234484,25.7647036546162],[-80.1899600212633,25.7647033109054],[-80.1899690798747,25.764705225025],[-80.1899729821563,25.7646900860049],[-80.1899641535136,25.7646882204257],[-80.1899622632515,25.7646869902025],[-80.1899618879625,25.7646849172341],[-80.1899931322664,25.7645636658482],[-80.1899944827743,25.7645619568627],[-80.1899967803248,25.7645616125763],[-80.1900084197959,25.7645640711631],[-80.1900130434247,25.7645461313258],[-80.1900014021569,25.7645436711207],[-80.1899995114444,25.7645424410636],[-80.1899991357074,25.764540367925],[-80.190029834734,25.7644212384319],[-80.1900311850548,25.7644195290392],[-80.1900334827923,25.7644191843486],[-80.1900423114349,25.7644210491229],[-80.1900450243471,25.7644105214396],[-80.1900361939079,25.7644086558561],[-80.1900343030117,25.7644074253921],[-80.1900339274584,25.7644053518477],[-80.1900728936805,25.764254139969],[-80.1900742440309,25.7642524304807],[-80.1900765417388,25.7642520850738],[-80.1900853712798,25.7642539498508],[-80.1900918517262,25.7642288040788],[-80.1900932024963,25.7642270945153],[-80.1900955006829,25.7642267499921],[-80.1901383673899,25.7642358060951],[-80.1901389512949,25.7642335351928],[-80.1901423756727,25.7642202479458],[-80.1901437264428,25.7642185383822],[-80.1901460246294,25.764218193859],[-80.1905326388665,25.7642998824139],[-80.1905329945993,25.7642996138214],[-80.1905330767952,25.7642995539544],[-80.190534654686,25.7642984496509],[-80.1905347508057,25.7642983857388],[-80.1905363650783,25.7642973461564],[-80.190536463893,25.7642972854803],[-80.1905381230813,25.7642963033378],[-80.1905382227943,25.7642962458979],[-80.1905399224068,25.7642953260494],[-80.190540025713,25.7642952718455],[-80.1905417639531,25.7642944126731],[-80.1905417971908,25.7642943964928],[-80.1905418699543,25.7642943633232],[-80.190543644127,25.7642935656358],[-80.1905437519248,25.764293519522],[-80.1905455593352,25.7642927865557],[-80.1905456249122,25.7642927606673],[-80.190545669828,25.764292743678],[-80.190547507781,25.7642920762418],[-80.1905476191722,25.7642920374091],[-80.190549484973,25.764291436312],[-80.1905495909742,25.7642914031424],[-80.1905514882161,25.7642908667664],[-80.1905516040987,25.7642908368329],[-80.190553516612,25.764290369223],[-80.1905536315963,25.7642903433346],[-80.190555571059,25.7642899436818],[-80.1905556797552,25.7642899234565],[-80.1905576264044,25.7642895933789],[-80.1905577440837,25.7642895763896],[-80.1905597033094,25.7642893175053],[-80.190559753615,25.7642893110332],[-80.1905598227853,25.764289302943],[-80.1905617918924,25.7642891136339],[-80.1905619113683,25.7642891039257],[-80.1905638876619,25.7642889858097],[-80.190563970307,25.7642889809556],[-80.1905640062396,25.7642889801466],[-80.1905659861264,25.7642889324148],[-80.1905661056024,25.7642889316058],[-80.1905680872859,25.7642889542582],[-80.1905682040669,25.7642889574942],[-80.1905701830555,25.7642890497218],[-80.1905703025314,25.7642890578119],[-80.1905722743334,25.7642892212327],[-80.1905723938094,25.7642892325589],[-80.1905743566283,25.7642894671728],[-80.190574387171,25.7642894704089],[-80.1905744752059,25.7642894833531],[-80.1905764263467,25.7642897867332],[-80.1905765449243,25.7642898077675],[-80.190578481692,25.7642901799138],[-80.1905785436758,25.764290192858],[-80.1905785975747,25.7642902049933],[-80.1905805172745,25.7642906475237],[-80.1905806322588,25.7642906758392],[-80.190582530399,25.7642911863268],[-80.1905826337053,25.7642912154513],[-80.1905845201674,25.764291795514],[-80.1905846324568,25.7642918327286],[-80.1905864811897,25.7642924767035],[-80.1905865916824,25.7642925171542],[-80.1905884152625,25.7642932290862],[-80.190588519467,25.7642932719639],[-80.1905903053178,25.7642940453809],[-80.1905904131156,25.7642940939217],[-80.1905921648304,25.7642949304418],[-80.190592203458,25.7642949490491],[-80.190592269035,25.7642949822186],[-80.1905939830206,25.7642958810328],[-80.1905940854285,25.7642959376637],[-80.1905957589899,25.7642968963448],[-80.190595821872,25.7642969335594],[-80.1905958587029,25.7642969562118],[-80.1905974891452,25.7642979739509],[-80.1905975852649,25.764298037863],[-80.1905991707913,25.764299113042],[-80.1905992615212,25.7642991761451],[-80.1906008012336,25.7643003103821],[-80.1906008946584,25.7643003799573],[-80.1906023804719,25.7643015651621],[-80.1906024667101,25.7643016387824],[-80.1906039103028,25.7643028830452],[-80.1906039866596,25.7643029518113],[-80.1906053646752,25.7643042397609],[-80.1906054464219,25.7643043182352],[-80.1906067678437,25.7643056539165],[-80.1906068046746,25.7643056927492],[-80.1906068468955,25.7643057356269],[-80.1906081090284,25.764307118231],[-80.1906081835886,25.7643072023684],[-80.1906093837378,25.7643086278502],[-80.1906094466199,25.764308704302],[-80.1906105937685,25.7643101827742],[-80.1906106602438,25.7643102725747],[-80.1906117337306,25.7643117797668],[-80.1906117966127,25.7643118711853],[-80.1906128045224,25.7643134164011],[-80.1906128620146,25.7643135102467],[-80.1906138025507,25.7643150886319],[-80.1906138573479,25.7643151849045],[-80.1906147260188,25.7643167964593],[-80.1906147421885,25.7643168255838],[-80.1906147772228,25.76431689435],[-80.1906149640724,25.7643172786314],[-80.190633747845,25.7643212476513],[-80.1906364382992,25.7643106552381],[-80.1906377830006,25.7643089415522],[-80.1906400800694,25.7643085898266],[-80.1906706308739,25.7643149519087],[-80.1906725233334,25.764316177174],[-80.1906729054082,25.7643182478295],[-80.1906606407096,25.764366543495],[-80.1906844388781,25.7643715707024],[-80.1906915849762,25.7643438433939],[-80.1906940230039,25.7643417585667],[-80.1906983268324,25.7643410814226],[-80.1906983807313,25.7643410733325],[-80.1907026980346,25.7643404673816],[-80.1907027528318,25.7643404601004],[-80.1907070916946,25.7643399253426],[-80.1907071357121,25.7643399196795],[-80.1907114736766,25.7643394569239],[-80.1907115293722,25.7643394520699],[-80.1907158754215,25.7643390613164],[-80.1907159302187,25.7643390572714],[-80.1907202843529,25.7643387385201],[-80.1907203391501,25.764338733666],[-80.1907246995725,25.764338486108],[-80.1907247543698,25.7643384844899],[-80.1907291246736,25.7643383089341],[-80.1907291731826,25.764338306507],[-80.1907335398932,25.7643382045714],[-80.1907335955888,25.7643382029533],[-80.190737964096,25.7643381714018],[-80.1907380179949,25.7643381722108],[-80.1907423865022,25.7643382126615],[-80.1907424404011,25.7643382142795],[-80.1907468071117,25.7643383283504],[-80.1907468628072,25.7643383299684],[-80.1907512331111,25.7643385160415],[-80.1907512816201,25.7643385176595],[-80.1907556402459,25.7643387749257],[-80.1907556950431,25.7643387789708],[-80.190760048279,25.7643391082392],[-80.1907601030762,25.7643391122843],[-80.1907644500238,25.7643395143639],[-80.1907645039228,25.764339519218],[-80.1907688400907,25.7643399924907],[-80.1907688957862,25.7643399981538],[-80.1907732256659,25.7643405434288],[-80.1907732759715,25.7643405499009],[-80.1907775914781,25.764341166369],[-80.1907776453771,25.7643411744592],[-80.190781947409,25.7643418613114],[-80.1907820013079,25.7643418710196],[-80.1907862889667,25.764342628256],[-80.1907863428656,25.7643426371552],[-80.1907906143548,25.7643434663938],[-80.1907906682537,25.76434347772],[-80.1907949235732,25.7643443765337],[-80.1907949756755,25.7643443878599],[-80.1907992103338,25.7643453578668],[-80.1907992642327,25.764345370002],[-80.1908034782297,25.764346407966],[-80.1908035330269,25.7643464217192],[-80.1908077254644,25.7643475292583],[-80.190807778465,25.7643475446296],[-80.1908119475462,25.7643487209348],[-80.1908120005468,25.7643487371151],[-80.1908161462718,25.7643499829955],[-80.1908162001707,25.7643499983667],[-80.1908203189463,25.7643513122042],[-80.1908203719469,25.7643513300025],[-80.190824463773,25.764352711797],[-80.190824514977,25.7643527304044],[-80.1908285789554,25.764354178538],[-80.1908286310576,25.7643541979543],[-80.1908326644933,25.764355713236],[-80.1908327139006,25.7643557326523],[-80.1908367194885,25.7643573158911],[-80.1908367697941,25.7643573361165],[-80.190840741246,25.7643589840763],[-80.1908407906533,25.7643590059196],[-80.1908447270709,25.7643607194095],[-80.1908447773766,25.7643607420619],[-80.1908486787598,25.7643625202728],[-80.1908487281672,25.7643625429251],[-80.1908525936179,25.764364385048],[-80.1908526385336,25.7643644068914],[-80.1908564698483,25.7643663137353],[-80.190856517459,25.7643663388147],[-80.1908603065529,25.7643683079526],[-80.1908603541636,25.764368333032],[-80.1908641028333,25.7643703628459],[-80.1908641495457,25.7643703895433],[-80.1908678559945,25.7643724824601],[-80.1908679027069,25.7643725099666],[-80.190871566935,25.7643746627503],[-80.1908716073591,25.7643746878298],[-80.1908752329596,25.7643769045255],[-80.1908752787737,25.764376932032],[-80.1908788531702,25.7643792053586],[-80.190878898086,25.764379234483],[-80.1908824266685,25.7643815668676],[-80.1908836654452,25.7643838725546],[-80.1908904818616,25.7643872461388],[-80.1908920125908,25.7643901610125],[-80.1908870574837,25.7644143812397],[-80.190895916669,25.7644162541043],[-80.190911812358,25.7644196131253],[-80.1909137041929,25.7644208431495],[-80.1909140797058,25.7644229171333],[-80.1909137239729,25.764424294882],[-80.1909142593688,25.7644265326111],[-80.1909007765547,25.7644811555183],[-80.1909036071462,25.7644817541874],[-80.1909054983455,25.7644829839741],[-80.1909058735957,25.7644850573847],[-80.1908874491492,25.7645565513985],[-80.1908977725884,25.7645587341123],[-80.1908996644222,25.7645599641358],[-80.1909000399362,25.7645620381165],[-80.190829492542,25.764835800106],[-80.1908281420345,25.7648375090882],[-80.1908258444836,25.7648378533731],[-80.1908112199108,25.7648347645733],[-80.1908060330384,25.7648557794131],[-80.190804699813,25.7648574997064],[-80.1908024056412,25.7648578634223],[-80.190780733785,25.7648534777803],[-80.1907629480407,25.7649255362607],[-80.1907616141808,25.7649272563181],[-80.1907593197453,25.7649276194597],[-80.1907243231784,25.7649205373921],[-80.1907230520623,25.7649256843094],[-80.1907196213962,25.7649278022957],[-80.1906645636525,25.7649200738298],[-80.1906645241266,25.7649200673577],[-80.1906642950562,25.7649200277162],[-80.1906640992235,25.7649199775577],[-80.1906640327481,25.7649199605685],[-80.1906033946698,25.7649031008126],[-80.1906013213581,25.7648998704378],[-80.1906028197481,25.7648938044846],[-80.1905647698076,25.7648868478115],[-80.19056282054,25.764885645229],[-80.19056240634,25.7648835502885],[-80.1905648569441,25.7648736229315],[-80.1905509501252,25.7648705228064],[-80.1905502278797,25.7648702687773],[-80.1904471470992,25.7648195980633],[-80.1904028601557,25.7648097232865],[-80.1903694122844,25.7649327218811],[-80.1904170059265,25.7649465413764],[-80.1904190433055,25.7649497579968],[-80.1904167678729,25.7649590292411],[-80.1904600540932,25.7649687341136],[-80.1905062616348,25.7649790942825],[-80.1905082604126,25.764980555779],[-80.1905083124886,25.7649828739722],[-80.190501823059,25.7649962185734],[-80.1906262981163,25.7650254067991],[-80.1906281705799,25.7650266976028],[-80.1906284648528,25.7650288046352],[-80.1906280246783,25.7650302390075],[-80.1906608329491,25.7650375540629],[-80.190662708126,25.7650388055364],[-80.1906630562794,25.765040883942],[-80.1906628685315,25.7650415756443],[-80.1906663333336,25.7650423531015],[-80.1906681853783,25.7650435749396],[-80.1906685692403,25.7650456134057],[-80.1906685279178,25.7650457849155],[-80.1906864124768,25.7650497733272],[-80.190688287918,25.7650510242287],[-80.1906886367054,25.765053102397],[-80.1906742214401,25.7651061126627],[-80.1906728461936,25.7651078070508],[-80.190670542839,25.7651081262838],[-80.1906542905189,25.7651045019277],[-80.1906539572439,25.7651058740054],[-80.1906526634985,25.7651075808296],[-80.1906504133901,25.7651079863254],[-80.1906450630243,25.7651070519211],[-80.1906329348696,25.7651516565724],[-80.1906572333997,25.7651570744973],[-80.1906591085755,25.7651583259701],[-80.1906594567301,25.765160404373],[-80.1906436526693,25.765218519427],[-80.1906422785833,25.7652202129044],[-80.1906399767631,25.7652205322372],[-80.190620407863,25.7652161708788],[-80.1906188816253,25.7652208712113],[-80.1906174536918,25.7652224946925],[-80.1906151715832,25.7652227505352],[-80.1906122457703,25.7652220337547],[-80.190610654854,25.7652220758231],[-80.1905775195964,25.7652146871594],[-80.1905753878942,25.7652232456476],[-80.1905753636397,25.7652233403015],[-80.190574020571,25.7652250648444],[-80.190571714683,25.7652254178321],[-80.190450540036,25.7652003790548],[-80.1904464059891,25.7652145253579],[-80.1904450354661,25.7652161786907],[-80.1904427723038,25.7652164993358],[-80.1903967570017,25.7652066626154],[-80.1903537815985,25.7651974739091],[-80.1903517046935,25.7652060065104],[-80.190348261451,25.7652081309638],[-80.1902551995809,25.7651947564531],[-80.1902549821886,25.7651947176207],[-80.1902548115087,25.7651946763613],[-80.1902453226043,25.7651921247517],[-80.1902306028101,25.7652462578573],[-80.1907580117982,25.7653638558825],[-80.1907598805094,25.7653650959149],[-80.1907602432134,25.7653671606732],[-80.1905907239327,25.7660151737539],[-80.1905893702467,25.7660168767748],[-80.1905870758744,25.7660172189106],[-80.1905422382636,25.7660077438804],[-80.1905343250043,25.7660384487356],[-80.1905329742342,25.766040158273],[-80.1905306760476,25.7660405027909]],[[-80.1906440605044,25.7643736102243],[-80.1906321542337,25.764370988213],[-80.1906285331247,25.7643850334883],[-80.1906404672433,25.7643875567998],[-80.1906440605044,25.7643736102243]]]},"properties":{"OBJECTID":215101,"UBID":"C4X5X6X5+X4V-0-0-0-0","UNIQUEID":"D1_MDC_Building_3","ADDRESS":"801 BRICKELL AVE","SOURCE":"P","TYPE":"L","BLDG_HEIGHT":92,"FLOORS":28,"YEAR_BUILT":1984,"BLDG_TYPE":"OFFICE BUILDING - MULTISTORY : OFFICE BUILDING"}},{"type":"Feature","id":216843,"geometry":{"type":"Polygon","coordinates":[[[-80.1918668275062,25.7699594737199],[-80.1918665804695,25.7699519850382],[-80.1918039139953,25.769953674178],[-80.191802816254,25.7699568704383],[-80.1918012877091,25.7699585080047],[-80.1917989175657,25.7699586518013],[-80.1917846487257,25.769954160372],[-80.1917835258316,25.7699538068499],[-80.1916990240078,25.7699272077479],[-80.1916972856515,25.769925804573],[-80.191697152817,25.7699237056942],[-80.1917000139512,25.7699162517961],[-80.1916178405606,25.7698903856175],[-80.1914839044467,25.7698646294539],[-80.1914819856337,25.769863434112],[-80.1914815634371,25.7698613676641],[-80.1914894362722,25.769827807304],[-80.1914322315549,25.7698168068494],[-80.1914303125571,25.7698156111021],[-80.1914298905453,25.7698135442493],[-80.191438944665,25.7697749382909],[-80.1914128207583,25.7697699145483],[-80.1914108848988,25.7697686950349],[-80.1914104932234,25.7697665969366],[-80.1915786255052,25.7691152066177],[-80.1915705792952,25.7691133686134],[-80.191568711493,25.7691121083734],[-80.1915683766261,25.7691100283318],[-80.191584112415,25.7690535307185],[-80.1915849999505,25.7690495723735],[-80.1915847403373,25.7690478783669],[-80.1915847286593,25.7690478104125],[-80.1915843855028,25.7690450817189],[-80.191584377418,25.7690450137644],[-80.1915841079234,25.7690422705091],[-80.1915841025335,25.7690422090265],[-80.1915839084974,25.769039469007],[-80.1915839058024,25.7690393994346],[-80.1915837863265,25.7690366553701],[-80.1915837845299,25.7690365874157],[-80.1915837414107,25.7690338409242],[-80.1915837405124,25.7690337786327],[-80.1915837728518,25.7690310264782],[-80.1915837755467,25.7690309577148],[-80.1915838833446,25.7690282128412],[-80.1915838869378,25.7690281448867],[-80.1915840692958,25.76902540244],[-80.191584075584,25.7690253336765],[-80.1915843342988,25.7690225977015],[-80.1915843369938,25.7690225685782],[-80.1915843414853,25.7690225297471],[-80.1915846756586,25.7690198002439],[-80.1915846846418,25.7690197322894],[-80.1915850924769,25.769017010876],[-80.191585104155,25.7690169429216],[-80.1915855865503,25.7690142320248],[-80.1915855991268,25.7690141640704],[-80.1915861578789,25.7690114636903],[-80.1915861722519,25.7690113965449],[-80.1915868037675,25.7690087107264],[-80.1915868199372,25.7690086435809],[-80.1915875260131,25.7690059723241],[-80.1915875439793,25.7690059067966],[-80.1915883219204,25.7690032517193],[-80.1915883380901,25.7690031975175],[-80.1915891932862,25.769000549721],[-80.1915892157441,25.7690004841935],[-80.1915901392122,25.7689978679472],[-80.1915901634667,25.7689978032287],[-80.1915911579017,25.7689952072069],[-80.1915911830546,25.7689951432973],[-80.1915922520497,25.7689925642641],[-80.1915922763043,25.7689925092533],[-80.1915934135714,25.7689899617703],[-80.1915934423175,25.7689898994787],[-80.1915946478566,25.768987378692],[-80.1915946783993,25.7689873147825],[-80.1915959531087,25.7689848231191],[-80.1915959818548,25.7689847664903],[-80.1915973284294,25.7689822990963],[-80.1915973634637,25.7689822376137],[-80.1915987729204,25.7689798058148],[-80.191598808853,25.7689797459502],[-80.1916002856833,25.7689773473195],[-80.1916003225143,25.7689772882639],[-80.1916016798687,25.768975207563],[-80.191611219977,25.7689326712975],[-80.1916140793145,25.7689304700574],[-80.19161480156,25.7689305218323],[-80.191629269826,25.7689331833831],[-80.191642057344,25.7688872736464],[-80.1916434414423,25.7688855862033],[-80.1916457458266,25.768885278696],[-80.1917841438725,25.7689168815859],[-80.1917898167335,25.7689175012662],[-80.1917898571577,25.7689175053111],[-80.1917957087835,25.7689182164064],[-80.1917957393262,25.7689182204513],[-80.191801588257,25.768919002737],[-80.1918016295795,25.7689190083998],[-80.1918074578491,25.7689198610669],[-80.1918074982733,25.7689198659208],[-80.1918133121698,25.7689207881604],[-80.1918133534923,25.7689207954413],[-80.1918191548124,25.7689217880622],[-80.1918191952366,25.7689217945341],[-80.1918249812854,25.7689228567275],[-80.1918250217095,25.7689228640084],[-80.1918307915886,25.7689239957743],[-80.1918308302162,25.7689240038641],[-80.1918365884171,25.7689252060114],[-80.1918366234514,25.7689252132922],[-80.1918423582962,25.7689264833941],[-80.1918423969238,25.7689264922929],[-80.1918481138022,25.7689278319671],[-80.1918481515315,25.7689278416749],[-80.191853848647,25.7689292501126],[-80.1918538872746,25.7689292590114],[-80.1918595619322,25.7689307370215],[-80.1918596005598,25.7689307467293],[-80.1918652518612,25.7689322926939],[-80.1918652904888,25.7689323024017],[-80.1918709202307,25.7689339155118],[-80.1918709579599,25.7689339276465],[-80.1918765643456,25.7689356079021],[-80.1918766020748,25.7689356200368],[-80.1918821806128,25.7689373682468],[-80.1918822192403,25.7689373811905],[-80.1918877726254,25.768939195737],[-80.1918878103546,25.7689392086807],[-80.1918933367903,25.7689410911817],[-80.1918933736212,25.7689411041254],[-80.1918988722091,25.7689430537719],[-80.19189890904,25.7689430675246],[-80.1919043788817,25.7689450810806],[-80.1919044157127,25.7689450956422],[-80.1919098541134,25.7689471763437],[-80.1919098873511,25.7689471909053],[-80.1919152988023,25.7689493379433],[-80.1919153365316,25.768949351696],[-80.1919207120502,25.7689515634524],[-80.1919207479828,25.7689515788231],[-80.1919260893655,25.768953855298],[-80.1919261270948,25.7689538706687],[-80.1919314352398,25.7689562110531],[-80.1919314720707,25.7689562272328],[-80.1919367469781,25.7689586307177],[-80.191936781114,25.7689586477063],[-80.1919420191904,25.7689611142919],[-80.1919420551231,25.7689611320895],[-80.1919469257885,25.7689635007882],[-80.1920447918489,25.7689858489078],[-80.1920466590176,25.768987108911],[-80.1920469936196,25.7689891883839],[-80.1920444954048,25.7689981559447],[-80.192048798335,25.7689991372393],[-80.1920506666987,25.7690003977569],[-80.1920510019024,25.769002478333],[-80.1920488136064,25.7690103400151],[-80.1920542672785,25.7690113423431],[-80.1920561987798,25.7690125230348],[-80.1920566415258,25.7690145871676],[-80.1920469783483,25.769057669466],[-80.1920472577243,25.769060071331],[-80.1920472649108,25.7690601295777],[-80.1920475694397,25.7690634229398],[-80.1920475739313,25.7690634828044],[-80.192047801205,25.7690667794023],[-80.1920478030017,25.7690668392669],[-80.192047952122,25.7690701399097],[-80.1920479530203,25.7690702005832],[-80.192048020394,25.7690735028438],[-80.1920480212923,25.7690735627084],[-80.1920480105125,25.7690768706318],[-80.1920480096142,25.7690769264515],[-80.1920479197827,25.7690802287119],[-80.192047917986,25.7690802877676],[-80.1920477482044,25.7690835884099],[-80.1920477446112,25.7690836482745],[-80.1920474966762,25.7690869448719],[-80.1920474912863,25.7690870039275],[-80.1920471634012,25.7690903021428],[-80.1920471580113,25.7690903522996],[-80.1920467519728,25.769093637571],[-80.1920467447863,25.7690936958177],[-80.192046259696,25.7690969705723],[-80.1920462498146,25.7690970296279],[-80.1920456874692,25.7691002938656],[-80.1920456766894,25.7691003529212],[-80.1920450339448,25.7691036171589],[-80.1920450227159,25.7691036632708],[-80.1920443058603,25.76910690243],[-80.1920442923856,25.7691069606766],[-80.1920434955799,25.7691101852741],[-80.1920434821052,25.7691102427117],[-80.1920426080444,25.7691134511294],[-80.192042592773,25.7691135085671],[-80.1920416423555,25.7691166999961],[-80.1920416293299,25.7691167432766],[-80.1920405994114,25.7691199270202],[-80.1920405805468,25.7691199836489],[-80.1920394783139,25.7691231346287],[-80.192039458551,25.7691231896394],[-80.192038281758,25.7691263179677],[-80.1920382601984,25.7691263737874],[-80.1920370097436,25.7691294762282],[-80.1920369890823,25.769129523958],[-80.192035660474,25.7691326118372],[-80.1920356371178,25.7691326668478],[-80.1920342384409,25.7691357183227],[-80.1920342114914,25.7691357741424],[-80.1920327409493,25.7691387964939],[-80.1920327139999,25.7691388506956],[-80.1920311706942,25.7691418439237],[-80.1920311455414,25.7691418932715],[-80.1920295285739,25.7691448606122],[-80.1920294980311,25.7691449140049],[-80.1920278127917,25.7691478441324],[-80.1920277813506,25.7691478975252],[-80.1920261275522,25.7691506270254],[-80.1920187595702,25.7691834764832],[-80.1920174634241,25.7691852202686],[-80.1920151770889,25.7691856251348],[-80.1920049407862,25.7691837426378],[-80.1919979384186,25.7692088808883],[-80.1919965547686,25.7692105681575],[-80.1919942508343,25.7692108758332],[-80.191993039007,25.7692105983531],[-80.1919906045726,25.7692193418096],[-80.1919920391821,25.7692585037178],[-80.1920226268175,25.7692575847168],[-80.1920248067017,25.7692583278285],[-80.1920257646328,25.7692602414064],[-80.1920266872026,25.7692854103819],[-80.1920549077773,25.7692845617623],[-80.1920570880335,25.7692853056829],[-80.1920580455925,25.7692872200692],[-80.1920621886226,25.7694001050254],[-80.1920764790222,25.7693997207604],[-80.192078655842,25.76940047181],[-80.1920796060577,25.7694023887725],[-80.1920813389079,25.7694551325599],[-80.1920838775469,25.769455055707],[-80.1920860571663,25.7694557993911],[-80.1920870144638,25.7694577132011],[-80.1920883834963,25.7694949941564],[-80.1920875719577,25.7694969600544],[-80.1920854558868,25.7694978360966],[-80.1920827456696,25.7694979161855],[-80.1920851926804,25.769572371274],[-80.1921012437779,25.7696525692444],[-80.1921012716257,25.7696533838843],[-80.1920905439446,25.7697352426287],[-80.1920918563832,25.7697751494337],[-80.1921025867593,25.7697748598202],[-80.1921047637659,25.7697756112711],[-80.1921057137948,25.7697775286329],[-80.1921081329578,25.7698511769972],[-80.1921073101798,25.7698531422009],[-80.1921051855854,25.7698540084123],[-80.192094457006,25.7698542980256],[-80.1920973729374,25.7699430159315],[-80.1920965499734,25.7699449807291],[-80.1920944255649,25.7699458465354],[-80.1919532229787,25.7699496519541],[-80.1919534502525,25.7699583816037],[-80.191950901732,25.7699611612417],[-80.1919068124179,25.7699676945235],[-80.1919058233727,25.7699676937145],[-80.1918694407054,25.7699622145271],[-80.1918693697385,25.7699622032015],[-80.1918668328961,25.7699595716058],[-80.1918668275062,25.7699594737199]]]},"properties":{"OBJECTID":216843,"UBID":"CCXWX9X9+XCX-0-0-0-0","UNIQUEID":"D1_MDC_Building_430","ADDRESS":"31 SE 5 ST","SOURCE":"P","TYPE":"L","BLDG_HEIGHT":116.90000153,"FLOORS":0,"YEAR_BUILT":2006,"BLDG_TYPE":"STORE : COMMERCIAL - TOTAL VALUE"}},{"type":"Feature","id":218510,"geometry":{"type":"Polygon","coordinates":[[[-80.191132259827,25.7615914019216],[-80.1911473227777,25.7615337122611],[-80.1911393637043,25.761519755642],[-80.1911168240755,25.7615302965262],[-80.1911147336959,25.7615305303366],[-80.1907552036646,25.7614535557293],[-80.1907532911514,25.7614522839294],[-80.1907376460924,25.7614284659964],[-80.1907373038343,25.7614264328961],[-80.1908181899391,25.7611166399461],[-80.1902497638751,25.7609949399459],[-80.1902478756412,25.7609937056635],[-80.1902475055104,25.7609916309882],[-80.1902734317879,25.7608923371358],[-80.1902747871656,25.7608906315823],[-80.1902770852361,25.7608902918908],[-80.1902798736068,25.7608908889599],[-80.1902886708083,25.7608571998539],[-80.1902900676886,25.7608554709417],[-80.1903046590238,25.7608475642225],[-80.1903069155918,25.760847247889],[-80.1903178292242,25.7608495843881],[-80.1903184517566,25.7608472009648],[-80.1903198073208,25.7608454958153],[-80.1903221052049,25.7608451565281],[-80.1908470662839,25.7609575503371],[-80.1908489617292,25.760958793826],[-80.1908611545625,25.7609768652692],[-80.1908827222142,25.7609653761454],[-80.1908849599175,25.7609650703297],[-80.1912528622472,25.7610438364589],[-80.191254781947,25.7610451179715],[-80.191266275891,25.7610628099639],[-80.1912867853273,25.7610518847463],[-80.191289021234,25.7610515789308],[-80.1915262150966,25.7611023596639],[-80.1915280611345,25.7611035351922],[-80.1915451830238,25.761127318402],[-80.1915455935539,25.7611294534458],[-80.1915297526622,25.7611901294501],[-80.1915457678271,25.7611935581394],[-80.1915481564474,25.7611844095742],[-80.1915495182934,25.7611827017017],[-80.1915880847651,25.7611611554848],[-80.1915903763674,25.7611608189262],[-80.1917162150674,25.7611877597872],[-80.1917180278676,25.7611888891998],[-80.1917323613863,25.76120796462],[-80.191732805154,25.7612101449683],[-80.1917174700138,25.7612688824854],[-80.1917162231522,25.7612705256339],[-80.1916998324915,25.7612806248075],[-80.191709894521,25.7612940151308],[-80.1917103391871,25.7612961946685],[-80.191696258095,25.7613501248651],[-80.1916950112334,25.7613517672034],[-80.191679504515,25.7613613218905],[-80.1916890158772,25.7613739808384],[-80.1916894623399,25.7613761611837],[-80.1916734202256,25.7614376040253],[-80.1916720601762,25.7614393118941],[-80.1916521624927,25.7614504393343],[-80.1916498690938,25.761450775892],[-80.1916098419613,25.7614422066143],[-80.1915937549312,25.7614512014433],[-80.1915759943397,25.7615178689782],[-80.1915746369853,25.7615195630923],[-80.1915169426862,25.7615518289226],[-80.1915146340159,25.7615521622439],[-80.1914417078829,25.761536230779],[-80.1914350253155,25.7615399676996],[-80.1914256460056,25.7615758887316],[-80.1914242859562,25.7615775965983],[-80.1914061022583,25.7615877653226],[-80.1914038088593,25.761588102689],[-80.1913357866294,25.7615735384932],[-80.1913338678279,25.7615722602224],[-80.1913253086799,25.7615591304388],[-80.1913108044813,25.7615673380707],[-80.191308498506,25.7615676827184],[-80.1912461221876,25.7615543288324],[-80.1912442402171,25.7615531031485],[-80.1912363449241,25.7615415995178],[-80.19122037198,25.7615490693134],[-80.1912182816003,25.7615493023147],[-80.1912135007664,25.7615482780798],[-80.1911985375287,25.7616055907244],[-80.1911971821611,25.7616072964167],[-80.1911948840804,25.7616076367661],[-80.1911345172933,25.7615947108625],[-80.1911326297159,25.7615934763046],[-80.191132259827,25.7615914019216]]]},"properties":{"OBJECTID":218510,"UBID":"C5X8X9XC+XQW-0-0-0-0","UNIQUEID":null,"ADDRESS":"1221 BRICKELL AVE","SOURCE":null,"TYPE":null,"BLDG_HEIGHT":64,"FLOORS":26,"YEAR_BUILT":1986,"BLDG_TYPE":"OFFICE BUILDING - MULTISTORY : OFFICE BUILDING"}},{"type":"Feature","id":220144,"geometry":{"type":"Polygon","coordinates":[[[-80.1971064229791,25.76840606492],[-80.1970966582919,25.768390578508],[-80.1970302503345,25.7683906480808],[-80.1970281779212,25.7683899110949],[-80.1969925857713,25.7683599325083],[-80.1968889480353,25.768351387999],[-80.1968883183163,25.768351274741],[-80.1967675676741,25.7683172107645],[-80.1967038852053,25.7683212920998],[-80.1967031234339,25.7683212540774],[-80.196580239293,25.768300892703],[-80.196578277374,25.7682997384115],[-80.196577800367,25.7682976721285],[-80.1965833501588,25.7682715993056],[-80.196582541675,25.7682499815664],[-80.1965766047093,25.7682353494241],[-80.1965764762503,25.7682338649334],[-80.196576771796,25.7682325203974],[-80.1965757971239,25.768227157624],[-80.1965757674795,25.7682269408156],[-80.1965757566997,25.7682266916477],[-80.1965758168868,25.7682201582701],[-80.1965758294632,25.768219918001],[-80.1965758644975,25.7682196906757],[-80.1965771481901,25.7682132657019],[-80.1965772838357,25.7682128094333],[-80.1965797604909,25.7682066765034],[-80.19658005424,25.7682061393361],[-80.1965805366353,25.7682054565512],[-80.1965788145649,25.7681414939809],[-80.1965697460721,25.7681027669395],[-80.1965701576612,25.7681007153249],[-80.1965720484542,25.7680995123822],[-80.1967293811897,25.7680672750281],[-80.196730476236,25.7680672361967],[-80.1970821846361,25.7681133727671],[-80.1972329614666,25.7680671625788],[-80.1972876517995,25.7680275076038],[-80.1972899631647,25.7680269291772],[-80.1973427975781,25.7680334860261],[-80.1973454161672,25.7680362673273],[-80.1973433347707,25.768128813912],[-80.1973588459807,25.768139688321],[-80.197360006604,25.7681421500696],[-80.1973495591972,25.7682325082626],[-80.1973657423471,25.7683118358602],[-80.1973651988663,25.7683139691568],[-80.1973524796202,25.7683295518482],[-80.1973664960336,25.7684238132534],[-80.1973656908388,25.7684260728122],[-80.1973632306576,25.7684269229934],[-80.1971090191102,25.7684076327341],[-80.1971089202956,25.7684076238352],[-80.1971065361668,25.7684062469418],[-80.1971064229791,25.76840606492]]]},"properties":{"OBJECTID":220144,"UBID":"C5XQXXX6+X7V-0-0-0-0","UNIQUEID":"D3_MDC_Building_46","ADDRESS":"615 SW 2 AVE","SOURCE":"P","TYPE":"L","BLDG_HEIGHT":470.95999146,"FLOORS":0,"YEAR_BUILT":0,"BLDG_TYPE":"PVT PARK -REC AREA -ROADWAY : COMMON AREA"}},{"type":"Feature","id":220453,"geometry":{"type":"Polygon","coordinates":[[[-80.1947984453,25.7659002015876],[-80.1951725504967,25.7658923146204],[-80.1951747098226,25.7658930675659],[-80.1951756586676,25.7658949697673],[-80.1951887165785,25.7662318347756],[-80.1951879077161,25.766233802832],[-80.195185791664,25.766234681648],[-80.1948071598566,25.766246715528],[-80.1948049657053,25.7662459634672],[-80.1948040166514,25.766244029647],[-80.1947952589757,25.7659031835713],[-80.1947952535858,25.7659030169168],[-80.1947960882492,25.7659010564259],[-80.1947982189245,25.7659002040146],[-80.1947984453,25.7659002015876]]]},"properties":{"OBJECTID":220453,"UBID":"C2XQXPX6+X8W-0-0-0-0","UNIQUEID":null,"ADDRESS":"90 SW 8 ST","SOURCE":null,"TYPE":null,"BLDG_HEIGHT":null,"FLOORS":0,"YEAR_BUILT":0,"BLDG_TYPE":"VACANT LAND - COMMERCIAL : VACANT LAND"}},{"type":"Feature","id":229376,"geometry":{"type":"Polygon","coordinates":[[[-80.1968914210973,25.7690925567725],[-80.1968928497485,25.7690928231456],[-80.1968939750076,25.7690936594135],[-80.1969062855203,25.7691085940088],[-80.1969185969313,25.7691235269844],[-80.1969191076252,25.7691244960721],[-80.1969191697295,25.7691255672946],[-80.1969187738726,25.7691265790062],[-80.1969179797887,25.7691273785413],[-80.1968564362085,25.7691689787468],[-80.1968553657528,25.7691694403978],[-80.1968541804914,25.7691694960665],[-80.1968530625168,25.7691691372004],[-80.196852183584,25.7691684189323],[-80.1968276928144,25.7691387042701],[-80.1968275616604,25.7691385497548],[-80.1968270505594,25.7691375815092],[-80.1968269883285,25.769136510897],[-80.1968273843822,25.7691354998878],[-80.196828178803,25.7691347014341],[-80.1968283351098,25.7691345970756],[-80.1968897223831,25.7690931004077],[-80.1968914210973,25.7690925567725]]]},"properties":{"OBJECTID":229376,"UBID":"C4X6XWXR+XHV-0-0-0-0","UNIQUEID":"D3_Small_Building_8392","ADDRESS":"122 SW 3 ST","SOURCE":"L","TYPE":"S","BLDG_HEIGHT":9.93950272,"FLOORS":2,"YEAR_BUILT":1946,"BLDG_TYPE":"UTILITY : UTILITY"}},{"type":"Feature","id":233907,"geometry":{"type":"Polygon","coordinates":[[[-80.1952929741521,25.7625575553595],[-80.1952933649192,25.7625575432241],[-80.1952955528257,25.7625582905051],[-80.1952965072261,25.7625602146261],[-80.1953043611966,25.7628098480568],[-80.1953035457902,25.7628118038738],[-80.1953014380787,25.7628126764037],[-80.1952914164734,25.7628130000132],[-80.1952910993681,25.7628130105305],[-80.1952262185467,25.762815110756],[-80.1952240509119,25.7628151819501],[-80.1952224123848,25.7628152345366],[-80.1952195683186,25.7628153267653],[-80.1952188002591,25.762815351845],[-80.1952184148818,25.7628153631713],[-80.1952162269754,25.7628146158919],[-80.195215272575,25.7628126917751],[-80.1952074204011,25.7625630680587],[-80.1952082358519,25.7625611125243],[-80.195210343519,25.7625602405149],[-80.1952325193301,25.7625595196732],[-80.1952895686388,25.762557665387],[-80.1952910679271,25.7625576168454],[-80.1952922105841,25.7625575796302],[-80.1952929741521,25.7625575553595]]]},"properties":{"OBJECTID":233907,"UBID":"CHX7XRX2+X2V-0-0-0-0","UNIQUEID":"D3_MDC_Building_22302","ADDRESS":null,"SOURCE":"P","TYPE":"L","BLDG_HEIGHT":43.12327957,"FLOORS":null,"YEAR_BUILT":null,"BLDG_TYPE":null}},{"type":"Feature","id":236159,"geometry":{"type":"Polygon","coordinates":[[[-80.1958859718341,25.7637169947985],[-80.1958839497264,25.7636546842514],[-80.1957702140282,25.7636577107875],[-80.195768037639,25.7636569595518],[-80.1957670878911,25.7636550426463],[-80.1957642222653,25.7635667860352],[-80.1957650452083,25.7635648211143],[-80.1957671696377,25.7635639552792],[-80.1959981291922,25.7635578099739],[-80.1960003062165,25.7635585614473],[-80.1960012562277,25.7635604789263],[-80.1960087391941,25.7637910239253],[-80.1960079158532,25.763792990095],[-80.196005790025,25.7637938562939],[-80.195798959219,25.7637993551824],[-80.1957967828898,25.7637986029875],[-80.1957958339801,25.7637966854264],[-80.1957934184103,25.7637222097255],[-80.1957942418298,25.7637202457044],[-80.1957963657828,25.7637193805913],[-80.1958859718341,25.7637169947985]]]},"properties":{"OBJECTID":236159,"UBID":"CHX5XGXM+X7V-0-0-0-0","UNIQUEID":"D3_MDC_Building_2079","ADDRESS":"1020 SW 1 AVE","SOURCE":"P","TYPE":"L","BLDG_HEIGHT":19.5,"FLOORS":2,"YEAR_BUILT":1958,"BLDG_TYPE":"MULTIFAMILY 10 UNITS PLUS : MULTIFAMILY 3 OR MORE UNITS"}},{"type":"Feature","id":236416,"geometry":{"type":"Polygon","coordinates":[[[-80.198270937828,25.7642597011303],[-80.1982705847901,25.7642499031633],[-80.198247346272,25.7642505892071],[-80.198245166934,25.7642498439979],[-80.1982442111516,25.7642479291694],[-80.1982435679579,25.7642300588595],[-80.1982139406215,25.7642311413203],[-80.1982117568188,25.7642304103379],[-80.1982107857382,25.7642285031255],[-80.1982083539988,25.7641739610036],[-80.1982083495072,25.7641738420784],[-80.198197607453,25.7639328194472],[-80.1981938012912,25.7638474172533],[-80.1981945999398,25.7638454442393],[-80.1981967136293,25.7638445573794],[-80.1983306838792,25.7638396636375],[-80.1983297119021,25.7638124758191],[-80.1983305283615,25.7638105086694],[-80.1983326502913,25.7638096377878],[-80.1983432728696,25.7638093255072],[-80.1983420547541,25.763775197124],[-80.1983328407342,25.7637754665267],[-80.1983306550096,25.7637747244859],[-80.198329697529,25.7637728056694],[-80.1983296921391,25.7637727004971],[-80.1983286249406,25.7637428364339],[-80.1983294412139,25.7637408688786],[-80.1983315633299,25.763739997592],[-80.1983407881295,25.7637397281892],[-80.1983393840627,25.7637004058927],[-80.1982497214176,25.7637030465263],[-80.1982500151667,25.7637112621001],[-80.1982491997677,25.7637132293008],[-80.198247078574,25.7637141009428],[-80.1982127692184,25.7637151105967],[-80.1982105896156,25.7637143659578],[-80.1982096331997,25.763712451356],[-80.198209337654,25.7637042349733],[-80.1981581893783,25.763705740555],[-80.19815600992,25.7637049954575],[-80.198155054258,25.7637030805051],[-80.1981547560173,25.7636947346789],[-80.1981376799421,25.7636952338428],[-80.1981354948533,25.7636944920378],[-80.1981345376352,25.7636925737926],[-80.1981345322453,25.7636924686203],[-80.1981317860955,25.7636155196853],[-80.1981326023698,25.7636135521286],[-80.1981347244848,25.7636126808403],[-80.1981518077466,25.763612180867],[-80.1981479351094,25.7635036809525],[-80.1981487511188,25.7635017139645],[-80.1981508726004,25.7635008429138],[-80.1985067276237,25.7634904178944],[-80.1985411151328,25.7634894147107],[-80.1987017159393,25.7634847094556],[-80.1987373961241,25.7634836642029],[-80.1987371463924,25.7634767203915],[-80.1987379626658,25.7634747528317],[-80.1987400847817,25.7634738815432],[-80.1987726406259,25.7634729285186],[-80.1987748262752,25.7634736700501],[-80.1987757838311,25.7634755885737],[-80.1987757883227,25.7634756945552],[-80.1987760326645,25.7634825331941],[-80.1987808404479,25.7634823924248],[-80.1987805916145,25.7634754502314],[-80.1987814078879,25.7634734826716],[-80.1987835300038,25.763472611383],[-80.1988160849497,25.7634716583584],[-80.1988182716848,25.7634723999573],[-80.1988192299515,25.7634743192226],[-80.1988192326465,25.763474423586],[-80.1988194787849,25.763481260607],[-80.1988666735749,25.7634798796114],[-80.1988688585883,25.7634806209064],[-80.1988698158818,25.7634825388573],[-80.1988698203734,25.7634826440298],[-80.1988769386237,25.7636819376363],[-80.198876939522,25.7636820436177],[-80.1988773365774,25.7636931190705],[-80.1988792535822,25.7637474284164],[-80.1988784371455,25.7637493955862],[-80.1988763151929,25.7637502664492],[-80.1987130589664,25.7637550113356],[-80.1987152086349,25.7638124758191],[-80.1987172765567,25.7638123997715],[-80.1987202993876,25.7638143737727],[-80.1987213504165,25.7638141561471],[-80.1987984644954,25.7638113383413],[-80.1988006481023,25.7638120686631],[-80.1988016184804,25.7638139757364],[-80.1988016238703,25.76381410437],[-80.1988019966711,25.7638224461428],[-80.1988033890598,25.7638223959837],[-80.1988030737511,25.7638153106142],[-80.198803872849,25.7638133374321],[-80.1988059869876,25.7638124507395],[-80.1988741206086,25.7638099613945],[-80.1988763041367,25.7638106926947],[-80.1988772736953,25.7638126004077],[-80.1988772799835,25.7638127274233],[-80.1988775908006,25.7638196841593],[-80.1988788673066,25.7638196380454],[-80.1988810508347,25.7638203693454],[-80.1988820203933,25.7638222770583],[-80.1988820248848,25.7638224040739],[-80.1988829393698,25.7638428924231],[-80.1988962003,25.7641405632654],[-80.1988962003,25.7641406918987],[-80.1988969989023,25.7641585549409],[-80.1988961999905,25.7641605285218],[-80.1988940856658,25.7641614156162],[-80.1988934748114,25.7641614366506],[-80.1988939392404,25.7641718082162],[-80.1988931401435,25.7641737813931],[-80.198891026004,25.7641746680822],[-80.19886119475,25.7641757578246],[-80.198863137806,25.7642296486894],[-80.1988623227774,25.764231616689],[-80.1988602012133,25.7642324891377],[-80.1988356960707,25.7642332115872],[-80.1988360428204,25.7642428720232],[-80.1988360482103,25.7642430119827],[-80.1988352339461,25.7642449793337],[-80.1988331125159,25.7642458500036],[-80.1987602447733,25.7642480027896],[-80.1987580656206,25.7642472579857],[-80.198757109653,25.7642453435608],[-80.1987567575134,25.7642355431656],[-80.1987137201264,25.7642368149356],[-80.1987140677745,25.7642464737533],[-80.1987140722661,25.7642466145217],[-80.1987132575527,25.7642485820405],[-80.1987111356734,25.7642494525425],[-80.1986382697274,25.7642516061376],[-80.1986360903895,25.7642508609284],[-80.1986351346071,25.7642489460999],[-80.1986347806709,25.7642391457049],[-80.1985928464151,25.7642403834963],[-80.1985931931648,25.7642500455497],[-80.1985931985547,25.7642501847001],[-80.1985923840276,25.7642521526234],[-80.198590261962,25.7642530235299],[-80.1985173960161,25.7642551755068],[-80.1985152170493,25.7642544311075],[-80.1985142608957,25.7642525170872],[-80.1985139069595,25.7642427150745],[-80.1984712495599,25.7642439755182],[-80.1984715963096,25.7642536359534],[-80.1984716016995,25.7642537759128],[-80.1984707874353,25.7642557432637],[-80.1984686660052,25.7642566139335],[-80.1983957982626,25.7642587667193],[-80.1983936191098,25.7642580219155],[-80.1983926631422,25.7642561074908],[-80.1983923110026,25.7642463079054],[-80.1983495242457,25.7642475707762],[-80.1983498709954,25.764257230402],[-80.1983498763852,25.7642573703614],[-80.1983490618582,25.7642593382846],[-80.1983469397926,25.764260209191],[-80.19827407205,25.7642623619768],[-80.1982718929768,25.764261616194],[-80.198270937828,25.7642597011303]]]},"properties":{"OBJECTID":236416,"UBID":"CPXCXMX3+XFV-0-0-0-0","UNIQUEID":null,"ADDRESS":"251 SW 11 ST","SOURCE":null,"TYPE":null,"BLDG_HEIGHT":59.59999847,"FLOORS":24,"YEAR_BUILT":2017,"BLDG_TYPE":"MULTIFAMILY 10 UNITS PLUS : MULTIFAMILY 3 OR MORE UNITS"}},{"type":"Feature","id":236847,"geometry":{"type":"Polygon","coordinates":[[[-80.1926440292288,25.7693761770479],[-80.1926443014183,25.7693761778568],[-80.192644434369,25.7693761867556],[-80.1927265637422,25.769383280692],[-80.1927277018214,25.7693835915025],[-80.1927286214702,25.7693842705608],[-80.1927291829395,25.7693852146776],[-80.1927293009088,25.7693862803858],[-80.1927209771194,25.7694652957555],[-80.1927206395361,25.7694663213846],[-80.1927198912922,25.7694671522207],[-80.1927188466257,25.769467661416],[-80.1927176650309,25.7694677712292],[-80.192717528487,25.7694677590946],[-80.1926355347595,25.7694606797249],[-80.1926343968865,25.7694603687906],[-80.1926334774808,25.7694596896892],[-80.1926329162545,25.7694587456165],[-80.1926327984911,25.769457680033],[-80.1926411213822,25.7693786638492],[-80.1926420570384,25.7693769289741],[-80.1926440292288,25.7693761770479]]]},"properties":{"OBJECTID":236847,"UBID":"C9XXX4X9+X9W-0-0-0-0","UNIQUEID":null,"ADDRESS":"451 S MIAMI AVE","SOURCE":null,"TYPE":null,"BLDG_HEIGHT":null,"FLOORS":0,"YEAR_BUILT":0,"BLDG_TYPE":"VACANT LAND - COMMERCIAL : EXTRA FEA OTHER THAN PARKING"}},{"type":"Feature","id":238713,"geometry":{"type":"Polygon","coordinates":[[[-80.1974804715819,25.7637453144541],[-80.1974804212763,25.763741207882],[-80.1974540799772,25.7637414716217],[-80.1974519188951,25.7637406833056],[-80.1974510086372,25.7637387500872],[-80.1974501139152,25.7636657079296],[-80.1974509773257,25.7636637567348],[-80.1974531196782,25.7636629265261],[-80.1974794645705,25.7636626627862],[-80.1974793657558,25.7636544609624],[-80.1974802282697,25.763652510104],[-80.1974823697221,25.7636516795586],[-80.197608410543,25.7636504215356],[-80.197610572075,25.7636512096841],[-80.1976114827813,25.7636531430721],[-80.197611860972,25.7636843112945],[-80.1976232192705,25.763684198032],[-80.1976253801683,25.7636849859424],[-80.1976262906104,25.7636869187587],[-80.1976269868048,25.7637438978647],[-80.1976261244768,25.7637458491262],[-80.1976239828384,25.7637466800754],[-80.1976095855394,25.7637468232714],[-80.1974836273635,25.7637480812934],[-80.1974835429219,25.7637480812934],[-80.1974813815662,25.7637472946211],[-80.1974804724802,25.7637453613771],[-80.1974804715819,25.7637453144541]]]},"properties":{"OBJECTID":238713,"UBID":"CHXFXRX9+XMX-0-0-0-0","UNIQUEID":"D3_MDC_Building_26416","ADDRESS":"1034 SW 2 AVE","SOURCE":"P","TYPE":"L","BLDG_HEIGHT":18.69776726,"FLOORS":0,"YEAR_BUILT":0,"BLDG_TYPE":"VACANT LAND - COMMERCIAL : VACANT LAND"}},{"type":"Feature","id":242408,"geometry":{"type":"Polygon","coordinates":[[[-80.194640655322,25.7624135697785],[-80.1946381202763,25.7623473177774],[-80.1946248162269,25.76198346062],[-80.1946131138737,25.7619838117388],[-80.194610934048,25.7619830676227],[-80.1946099769567,25.7619811532683],[-80.1946096212239,25.7619714133633],[-80.1945417499109,25.7619734472633],[-80.1945395696352,25.7619727033156],[-80.1945386120956,25.7619707887926],[-80.1945376751528,25.7619451773449],[-80.1944708934962,25.7619471796932],[-80.1944725239385,25.7619918130388],[-80.1944717125576,25.761993778401],[-80.1944695972273,25.7619946543496],[-80.1943344313197,25.7619987237668],[-80.1943322506151,25.7619979799674],[-80.1943312926061,25.7619960652967],[-80.1943301715087,25.7619655212018],[-80.194272025357,25.7619672743687],[-80.1942553032179,25.761967778394],[-80.1942566974033,25.7620220359423],[-80.1942558740112,25.7620239835831],[-80.1942537688954,25.7620248489364],[-80.1942078470181,25.7620262323761],[-80.1942056671338,25.7620254892193],[-80.1942047092028,25.7620235755246],[-80.1942041603322,25.7620086667359],[-80.1940166459998,25.7620143145684],[-80.1940174553819,25.7620357295679],[-80.1940166445307,25.7620376966625],[-80.1940145277723,25.7620385733048],[-80.1938661835796,25.7620430415717],[-80.1938639997412,25.7620423003653],[-80.1938630394761,25.7620403847206],[-80.1938630349845,25.7620402763108],[-80.1938536484881,25.7617856657232],[-80.193854460256,25.7617837003877],[-80.1938565760976,25.7617828252163],[-80.1938962654635,25.7617816294689],[-80.1938954830309,25.7617593795038],[-80.1938962962309,25.761757416612],[-80.1938984106404,25.7617565430415],[-80.1939552335737,25.7617548359863],[-80.1939574067245,25.7617555745922],[-80.1939583695924,25.7617574782812],[-80.1939593262981,25.7617797290557],[-80.1940016441345,25.7617784548323],[-80.1940038106459,25.7617791858118],[-80.1940047819498,25.761781076901],[-80.1940114761953,25.761912952073],[-80.1942405789321,25.7619057824504],[-80.194237168029,25.7618134138549],[-80.1941221432484,25.7618162972396],[-80.1941199744839,25.7618155475333],[-80.1941190233995,25.7618136387653],[-80.1941180325577,25.7617866697303],[-80.1940575885155,25.7617884900493],[-80.1940554082608,25.7617877460802],[-80.1940544507002,25.7617858315745],[-80.1940510865095,25.7616942686808],[-80.1940518978292,25.7616923035119],[-80.1940540132207,25.7616914281718],[-80.1941144913988,25.7616896078512],[-80.1942590150567,25.7616852520264],[-80.1943309575345,25.7616830862493],[-80.1943331376041,25.7616838298137],[-80.1943340953498,25.7616857439174],[-80.1943374316928,25.7617765398565],[-80.1943366208665,25.7617785051432],[-80.1943345058799,25.7617793811725],[-80.1942731293864,25.7617812306168],[-80.1942765771205,25.7618749980504],[-80.1943636130918,25.7618727093043],[-80.1943624407903,25.7618407493746],[-80.1943632516618,25.7618387843762],[-80.1943653666032,25.7618379088691],[-80.1944637482965,25.7618349445819],[-80.1944659286725,25.7618356884344],[-80.1944668861118,25.7618376030556],[-80.1944691390865,25.7618992373985],[-80.1945214192394,25.7618975983038],[-80.1945212629326,25.7618934843865],[-80.1945220723457,25.761891517716],[-80.1945241878471,25.7618906406462],[-80.1945342211305,25.7618903259335],[-80.1945296424175,25.7617706145151],[-80.1944454109866,25.7617732551916],[-80.194443230414,25.7617725136524],[-80.1944422704763,25.7617706007616],[-80.1944410379878,25.7617383867687],[-80.1944418474009,25.7617364200955],[-80.1944439629023,25.7617355430246],[-80.1946869823395,25.76172792357],[-80.1946891631779,25.761728664535],[-80.1946901237481,25.761730577192],[-80.1946902405291,25.7617336466558],[-80.1947879439943,25.7617305820462],[-80.1947901252029,25.7617313238218],[-80.1947910854029,25.7617332372861],[-80.1947921678728,25.7617615153453],[-80.1948714316202,25.7617590300025],[-80.1948706725438,25.7617391642475],[-80.1948714817712,25.7617371971699],[-80.1948735974583,25.7617363196944],[-80.1949548581606,25.7617337712466],[-80.1949570391841,25.7617345126169],[-80.1949579995692,25.7617364256775],[-80.1949582079783,25.7617418858278],[-80.1950079207461,25.7617403292521],[-80.1950101015837,25.7617410702178],[-80.1950110621547,25.7617429828738],[-80.1950126773256,25.7617852684891],[-80.1950118680123,25.7617872357439],[-80.195009752411,25.76178811385],[-80.1950055788382,25.761788243295],[-80.1950070511769,25.7618267135067],[-80.1950179576228,25.7618263712868],[-80.1950201396461,25.761827112224],[-80.195021100828,25.7618290257156],[-80.1950424780368,25.762387916357],[-80.195041668353,25.7623898827936],[-80.1950395531222,25.7623907600854],[-80.1949121091329,25.7623947582947],[-80.1949127702929,25.7624120293922],[-80.194911960794,25.7624139962322],[-80.1949098453784,25.7624148739291],[-80.1948528553584,25.7624166594504],[-80.1948506747858,25.7624159179152],[-80.1948497148482,25.7624140050348],[-80.1948496205251,25.7624115375042],[-80.1948067466315,25.7624128821061],[-80.194804565608,25.7624121407401],[-80.194803605223,25.7624102276903],[-80.194802739247,25.7623875781839],[-80.1947865920298,25.7623880846345],[-80.1947873969203,25.76240911447],[-80.194786587233,25.7624110816948],[-80.1947844711074,25.7624119590069],[-80.1946437931373,25.7624162241942],[-80.1946416143146,25.7624154817706],[-80.194640655322,25.7624135697785]]]},"properties":{"OBJECTID":242408,"UBID":"CRXVXFX7+X3R-0-0-0-0","UNIQUEID":null,"ADDRESS":"45 SW 13 ST","SOURCE":null,"TYPE":null,"BLDG_HEIGHT":26.79999924,"FLOORS":0,"YEAR_BUILT":1925,"BLDG_TYPE":"BOARD OF PUBLIC INSTRUCTION : BOARD OF PUBLIC INSTRUCTION"}},{"type":"Feature","id":243203,"geometry":{"type":"Polygon","coordinates":[[[-80.1966137464531,25.7638498871811],[-80.1966130242076,25.7638260041987],[-80.1964319831351,25.763830500714],[-80.196429807447,25.7638297445562],[-80.1964288623878,25.7638278244865],[-80.1964233521219,25.7636459687005],[-80.1964224681796,25.7636166693002],[-80.1964224690779,25.7636165770721],[-80.1964224106874,25.7636147349376],[-80.1964224061959,25.7636146419005],[-80.1964202107133,25.7635420842688],[-80.1964202125099,25.7635419920407],[-80.1964194534335,25.763517110667],[-80.1964202806508,25.7635151472587],[-80.1964224070942,25.763514285573],[-80.1964822690281,25.7635127985962],[-80.1967285466548,25.7635066832219],[-80.1967847398691,25.7635052876642],[-80.196786914551,25.763506042777],[-80.1967878597181,25.7635079614719],[-80.1967886160995,25.7635329350756],[-80.1967908187686,25.763605584941],[-80.1967972390279,25.7638175305565],[-80.1967964121818,25.763819494768],[-80.1967942853673,25.7638203572613],[-80.1967411275604,25.7638216775768],[-80.1967418848402,25.7638467053187],[-80.1967410573598,25.7638486692935],[-80.1967389302812,25.7638495312138],[-80.1966742946999,25.7638511354938],[-80.1966742596656,25.7638511363028],[-80.1966740207137,25.7638511419659],[-80.1966564487684,25.7638515796439],[-80.1966168672004,25.7638525617901],[-80.1966146918833,25.7638518064424],[-80.1966137464531,25.7638498871811]]]},"properties":{"OBJECTID":243203,"UBID":"CHX3XGXG+XMR-0-0-0-0","UNIQUEID":null,"ADDRESS":"1020 SW 1 AVE","SOURCE":null,"TYPE":null,"BLDG_HEIGHT":263.5,"FLOORS":2,"YEAR_BUILT":1958,"BLDG_TYPE":"MULTIFAMILY 10 UNITS PLUS : MULTIFAMILY 3 OR MORE UNITS"}},{"type":"Feature","id":243889,"geometry":{"type":"Polygon","coordinates":[[[-80.1917418188496,25.7684571143262],[-80.1917426596727,25.7684571903707],[-80.191743808618,25.7684574460101],[-80.1918029168653,25.7684705450982],[-80.1920585405643,25.7685271918423],[-80.1920608555228,25.7685297458071],[-80.1920720943453,25.7687669123897],[-80.1920709992322,25.768769147811],[-80.192068358252,25.7687697074264],[-80.1917482642618,25.7687003735093],[-80.1916825722617,25.7686861442964],[-80.1916806842487,25.7686849079215],[-80.1916803192869,25.7686828315082],[-80.191680348033,25.7686827198685],[-80.1917389810716,25.7684592265866],[-80.1917418188496,25.7684571143262]]]},"properties":{"OBJECTID":243889,"UBID":"CHX9X2XH+X6W-0-0-0-0","UNIQUEID":"D1_MDC_Building_16","ADDRESS":"31 SE 6 ST","SOURCE":"P","TYPE":"L","BLDG_HEIGHT":274.79000854,"FLOORS":0,"YEAR_BUILT":0,"BLDG_TYPE":"REFERENCE FOLIO"}},{"type":"Feature","id":243971,"geometry":{"type":"Polygon","coordinates":[[[-80.1861901333757,25.7689313251514],[-80.1859993294127,25.7685401121371],[-80.1859992548525,25.7685399535761],[-80.1859887023429,25.7685183213241],[-80.1859886268844,25.768518162763],[-80.1859683555017,25.7684766043968],[-80.1859683004432,25.7684745021671],[-80.1859699068922,25.7684729760985],[-80.1860159778899,25.7684545546969],[-80.1860400410614,25.7684449318169],[-80.1862686012158,25.7683535366657],[-80.1862709288757,25.7683534891156],[-80.1862726077019,25.7683549418742],[-80.1863259640366,25.768464342609],[-80.186333920415,25.7684611600612],[-80.1863212541695,25.7684351900153],[-80.1863029608771,25.7683976822111],[-80.186302905789,25.7683955799874],[-80.1863045131659,25.7683940547195],[-80.1863841542057,25.7683622073766],[-80.1863807927099,25.7683553148168],[-80.1863807365402,25.7683532125223],[-80.1863823432021,25.7683516865148],[-80.1863976594777,25.768345562491],[-80.1863987697954,25.7683453286941],[-80.1863990419849,25.768345330312],[-80.1863992027834,25.7683453416379],[-80.1864433864206,25.7683495176235],[-80.186444094293,25.7683393195459],[-80.1864452450349,25.7683373310582],[-80.1864473102618,25.7683367469703],[-80.1864518341775,25.7683369953291],[-80.186456320364,25.768337171688],[-80.1864608101438,25.7683372776652],[-80.1864653017203,25.7683373140695],[-80.1864698400091,25.7683372768562],[-80.1864743306872,25.768337171688],[-80.1864788159754,25.7683369953291],[-80.186483299467,25.7683367485883],[-80.1864877811619,25.7683364314658],[-80.1864922969929,25.7683360415345],[-80.1864967158057,25.7683355885023],[-80.186496767908,25.7683355820304],[-80.1865012136704,25.7683350553805],[-80.1865056639243,25.7683344575398],[-80.1865100863304,25.7683337917442],[-80.1865144934652,25.7683330579938],[-80.1865145464658,25.768333049904],[-80.1865189041933,25.7683322514347],[-80.1865189553972,25.7683322417269],[-80.1865232987516,25.7683313761118],[-80.1865233499556,25.768331365595],[-80.1865277211578,25.7683304223172],[-80.1865320708004,25.7683294102756],[-80.1865364006801,25.7683283302791],[-80.1865407206783,25.7683271807098],[-80.1865450056422,25.7683259664217],[-80.1865492672499,25.7683246849877],[-80.1865535171795,25.7683233331718],[-80.1865577644141,25.7683219061202],[-80.1865619451735,25.7683204256756],[-80.1865660738305,25.7683188886019],[-80.1865671401308,25.768318472783],[-80.1865383823636,25.7682726056848],[-80.1865393112216,25.7682689757624],[-80.1865429952126,25.7682666968473],[-80.1865466046434,25.7682643831458],[-80.186550190718,25.7682619974445],[-80.1865537103173,25.7682595729117],[-80.1865572047637,25.7682570779971],[-80.1865606524978,25.7682545304982],[-80.1865640517228,25.7682519287973],[-80.1865673763877,25.7682492923098],[-80.1865706507469,25.7682466080921],[-80.186573899055,25.7682438526835],[-80.1865770925658,25.7682410471176],[-80.1865802339743,25.7682381913945],[-80.1865832837547,25.7682353235365],[-80.1865833196874,25.7682352903681],[-80.1865863290435,25.768232361027],[-80.1865892836025,25.7682293847647],[-80.1865922022289,25.7682263429743],[-80.1865950444984,25.7682232761053],[-80.1865978427505,25.7682201509892],[-80.1866005889004,25.7682169716708],[-80.1866032497102,25.7682137834535],[-80.1866058691976,25.7682105280902],[-80.1866084132265,25.7682072508842],[-80.1866109096447,25.768203917049],[-80.1866133288077,25.768200562989],[-80.1866156976651,25.7681971531088],[-80.1866180162169,25.7681936849815],[-80.1866219930586,25.7681926583769],[-80.1867270887604,25.7682410552075],[-80.1867284910305,25.7682423965074],[-80.1867348789505,25.7682554923833],[-80.1867362911021,25.7682549277107],[-80.1867364896298,25.768254846003],[-80.1867375981509,25.7682546122059],[-80.186740493421,25.7682562504038],[-80.1867405688795,25.7682564089652],[-80.1867433707249,25.7682621487249],[-80.1867455590209,25.7682666353643],[-80.1867981329229,25.7682456106115],[-80.186797016317,25.7682433236062],[-80.1867969604116,25.7682412207385],[-80.1867985677075,25.7682396944918],[-80.1868859899543,25.7682047389797],[-80.1868861902786,25.7682046572721],[-80.1868872987997,25.7682044242838],[-80.1868901931716,25.7682060624824],[-80.1868902695283,25.7682062218528],[-80.186895097973,25.7682161214256],[-80.1869434084707,25.7681968036265],[-80.1869430832805,25.7681961345942],[-80.1869430280075,25.7681940319625],[-80.1869446355693,25.7681925062874],[-80.1869975032205,25.7681713682633],[-80.1869977017481,25.7681712857465],[-80.1869988111675,25.7681710535672],[-80.1870017055394,25.7681726917663],[-80.1870017827945,25.7681728503277],[-80.1870214630857,25.7682131953201],[-80.1870215173307,25.7682152975772],[-80.1870199098986,25.7682168228172],[-80.1870160183968,25.768218379308],[-80.1870231177825,25.7682329345987],[-80.1870275931892,25.7682311443109],[-80.1870299213884,25.7682310972206],[-80.1870316005737,25.7682325503299],[-80.1870639381273,25.7682988516306],[-80.1870639924733,25.7683009546017],[-80.1870623849402,25.7683024807431],[-80.1870579086351,25.7683042710298],[-80.1870648274594,25.7683184566032],[-80.1870690082187,25.7683167844288],[-80.1870692067464,25.7683167027212],[-80.1870703161658,25.7683164689242],[-80.1870732105376,25.7683181071212],[-80.1870732877928,25.7683182664915],[-80.1870929671857,25.7683586106254],[-80.1870930218009,25.7683607136888],[-80.1870914139986,25.7683622397361],[-80.1870369015322,25.7683840378586],[-80.187034574345,25.7683840860224],[-80.1870328959443,25.7683826334594],[-80.1870318134744,25.7683804144115],[-80.1870263400394,25.7683826027179],[-80.1870604311044,25.7684525039192],[-80.18709341814,25.768520136686],[-80.1871138943386,25.7685621246078],[-80.187113969797,25.7685622831688],[-80.1871381668175,25.7686118892799],[-80.1871382234114,25.7686139885939],[-80.1870742795329,25.7687634831102],[-80.1870726733451,25.7687650072344],[-80.1867035789511,25.7689126004526],[-80.1867035286454,25.7689126214861],[-80.1867011076857,25.7689135890287],[-80.186702456057,25.7689163508937],[-80.186702487498,25.7689164180392],[-80.1867025438089,25.768918520015],[-80.1867009361075,25.7689200447059],[-80.1867008867002,25.7689200657394],[-80.1866574944787,25.7689374175947],[-80.1866551664896,25.7689374658717],[-80.1866534870942,25.768936013202],[-80.1866521081802,25.7689331825741],[-80.1866488383126,25.768934490698],[-80.1862690629498,25.7690863543158],[-80.1862667347511,25.7690864014048],[-80.1862650555653,25.7690849483069],[-80.1861902097325,25.7689314845209],[-80.1861901333757,25.7689313251514]]]},"properties":{"OBJECTID":243971,"UBID":"CHXQXVXG+X9W-0-0-0-0","UNIQUEID":null,"ADDRESS":"898 BRICKELL KEY BLVD","SOURCE":null,"TYPE":null,"BLDG_HEIGHT":37.20000076,"FLOORS":0,"YEAR_BUILT":0,"BLDG_TYPE":"PVT PARK -REC AREA -ROADWAY : COMMON AREA"}},{"type":"Feature","id":247047,"geometry":{"type":"Polygon","coordinates":[[[-80.197603863271,25.7633056669168],[-80.1976037419984,25.7633022601321],[-80.197438414257,25.763307106973],[-80.1974362437968,25.7633063683318],[-80.1974352809332,25.7633044671397],[-80.1974216516937,25.7629959031411],[-80.1974224592131,25.7629939223354],[-80.1974245891847,25.7629930432467],[-80.1974466509098,25.7629923968378],[-80.1974434430259,25.7629026414232],[-80.1974442594844,25.7629006742577],[-80.1974463814152,25.7628998033702],[-80.1974556511306,25.7628995331565],[-80.1974551489724,25.7628849869201],[-80.1974207884128,25.762885994154],[-80.197418597396,25.7628852388273],[-80.1974176523941,25.7628833049608],[-80.1974138498255,25.7627240567234],[-80.1974146789333,25.7627221080715],[-80.1974167900114,25.762721247791],[-80.1974320757443,25.7627208004005],[-80.1974308001366,25.7626851102869],[-80.1974159608664,25.7626855455422],[-80.1974137813235,25.7626847999366],[-80.1974128257461,25.7626828846603],[-80.1974078427912,25.7625434621355],[-80.1974086592506,25.7625414949647],[-80.1974107811805,25.7625406240739],[-80.1975097665416,25.7625377220992],[-80.1975119460845,25.7625384677057],[-80.197512901662,25.7625403829843],[-80.197513480177,25.7625565910012],[-80.1976321233715,25.7625531121917],[-80.1976343018301,25.7625538577286],[-80.1976352566953,25.7625557722674],[-80.1976358091592,25.7625712448782],[-80.1976582176339,25.7625705879496],[-80.1976566958878,25.762528082559],[-80.1976575126094,25.7625261148151],[-80.1976596351755,25.7625252436881],[-80.1982688546348,25.7625073844453],[-80.1982710404699,25.7625081263882],[-80.19827199784,25.762510045331],[-80.1982720023316,25.7625101513134],[-80.1982842930813,25.7628539212338],[-80.1982834770719,25.7628558882326],[-80.1982813555903,25.762856759288],[-80.1978827272847,25.7628684456304],[-80.1978829680332,25.7628751726591],[-80.1978821524999,25.7628771405538],[-80.1978800305422,25.7628780123308],[-80.1978645283153,25.7628784661928],[-80.1978623494067,25.7628777208263],[-80.1978613940933,25.7628758061244],[-80.197861162328,25.7628693112854],[-80.1977880610234,25.7628714535791],[-80.1977885721648,25.7628857603463],[-80.1977877557054,25.7628877275113],[-80.1977856337755,25.7628885983996],[-80.197730961409,25.7628902010745],[-80.1977287823153,25.7628894553027],[-80.197727827187,25.7628875401973],[-80.1977268776677,25.7628609864351],[-80.1976766420804,25.7628624588577],[-80.1976777532964,25.7628935431492],[-80.1976769372862,25.7628955101466],[-80.1976748158054,25.7628963812024],[-80.1976334313186,25.7628975939281],[-80.1976334699462,25.7628986513213],[-80.1976424027933,25.7628983891978],[-80.1976445825222,25.7628991352065],[-80.1976455379137,25.7629010508838],[-80.1976465215689,25.7629285819367],[-80.1976457051095,25.762930549101],[-80.1976435831796,25.762931419989],[-80.1976363346736,25.762931631144],[-80.1976369491212,25.7629488293514],[-80.1976438886068,25.7629486246686],[-80.1976460681497,25.7629493702725],[-80.1976470237272,25.7629512855445],[-80.1976479597717,25.762977428303],[-80.1976471433698,25.7629793957631],[-80.1976450213824,25.7629802671631],[-80.1976377342488,25.7629804807451],[-80.1976383738493,25.7629983439618],[-80.1976457580009,25.7629981279529],[-80.1976479375438,25.7629988735564],[-80.1976488931213,25.7630007888276],[-80.1976498570136,25.7630277875207],[-80.1976490410024,25.7630297545151],[-80.1976469195226,25.7630306255707],[-80.1976401426321,25.7630308245902],[-80.1976413113403,25.7630635333538],[-80.1976486577627,25.763063318154],[-80.1976508373064,25.7630640637563],[-80.197651792883,25.7630659790272],[-80.1976542758265,25.7631354359705],[-80.1976534595532,25.763137403536],[-80.1976513374372,25.763138274827],[-80.1976429157314,25.7631385207695],[-80.1976446728361,25.7631876477797],[-80.1976536865316,25.7631873840388],[-80.1976558660745,25.7631881296412],[-80.197656821652,25.7631900449093],[-80.1976577738662,25.7632166754549],[-80.197656957856,25.7632186424469],[-80.1976548363752,25.7632195135004],[-80.1976494770262,25.7632196704504],[-80.197651029315,25.7632631003039],[-80.1976555927567,25.7632629668155],[-80.1976577721135,25.7632637120129],[-80.197658727877,25.7632656268753],[-80.1976601005028,25.7633040197514],[-80.1976592842295,25.7633059873141],[-80.1976571621135,25.7633068586038],[-80.1976069983914,25.7633083285937],[-80.1976048186633,25.7633075825868],[-80.197603863271,25.7633056669168]]]},"properties":{"OBJECTID":247047,"UBID":"CJXXX5XR+XHR-0-0-0-0","UNIQUEID":null,"ADDRESS":"239 SW 12 ST","SOURCE":null,"TYPE":null,"BLDG_HEIGHT":66.69999695,"FLOORS":0,"YEAR_BUILT":0,"BLDG_TYPE":"VACANT LAND - COMMERCIAL : VACANT LAND"}},{"type":"Feature","id":247452,"geometry":{"type":"Polygon","coordinates":[[[-80.1925736147853,25.7639124637922],[-80.1925744475235,25.7639125390307],[-80.1925748320024,25.7639126231684],[-80.1925764256138,25.7639129734724],[-80.1925767490073,25.7639130446658],[-80.192605713387,25.7639193962518],[-80.1926365974665,25.7639261685259],[-80.1926369855386,25.7639262550907],[-80.1926388620806,25.7639275000367],[-80.1926392178521,25.7639295744837],[-80.1925726329266,25.764178704255],[-80.192571268066,25.7641804030214],[-80.1925689686986,25.7641807324541],[-80.1925683165217,25.7641805908766],[-80.1925678089736,25.7641804784236],[-80.1925568728833,25.764178082932],[-80.1925553646119,25.7641777528541],[-80.1925397743502,25.7641743380043],[-80.1925377037334,25.7641738841472],[-80.1925120945613,25.7641682768681],[-80.1925102440319,25.7641678723608],[-80.1925101425222,25.7641678505175],[-80.1925075895102,25.7641672914885],[-80.1925069049939,25.7641671402028],[-80.1925064450565,25.7641670390759],[-80.1925045566946,25.7641657973193],[-80.19250419837,25.7641637164535],[-80.1925042244211,25.7641636145177],[-80.1925707788039,25.7639145656163],[-80.1925718050301,25.7639130859693],[-80.1925736147853,25.7639124637922]]]},"properties":{"OBJECTID":247452,"UBID":"C2X7XHXM+X3W-0-0-0-0","UNIQUEID":"D1_MDC_Building_142","ADDRESS":null,"SOURCE":"P","TYPE":"L","BLDG_HEIGHT":47.36000061,"FLOORS":null,"YEAR_BUILT":null,"BLDG_TYPE":null}},{"type":"Feature","id":248178,"geometry":{"type":"Polygon","coordinates":[[[-80.1919627864432,25.7669237149799],[-80.1919645055278,25.7669241264865],[-80.1919656736285,25.7669253345892],[-80.1920090775281,25.7670125491447],[-80.1920091017826,25.7670125984934],[-80.1920091756557,25.7670146996959],[-80.1920075809348,25.7670162349262],[-80.1920075090696,25.767016264859],[-80.1919370649817,25.7670450092588],[-80.1919347379808,25.7670450724467],[-80.1919330477157,25.7670436307316],[-80.1918896186633,25.7669563676592],[-80.1918895456562,25.7669542660661],[-80.1918911395111,25.7669527296065],[-80.1919616554643,25.7669239568696],[-80.1919627864432,25.7669237149799]]]},"properties":{"OBJECTID":248178,"UBID":"CVXPXJXW+X8X-0-0-0-0","UNIQUEID":null,"ADDRESS":"700 BRICKELL AVE","SOURCE":null,"TYPE":null,"BLDG_HEIGHT":null,"FLOORS":0,"YEAR_BUILT":0,"BLDG_TYPE":"VACANT LAND - COMMERCIAL : VACANT LAND"}},{"type":"Feature","id":248856,"geometry":{"type":"Polygon","coordinates":[[[-80.1965467770487,25.7649167779257],[-80.19666002047,25.7649133614791],[-80.1966622007256,25.7649141054277],[-80.1966631582853,25.7649160198839],[-80.1966711398166,25.7651330332123],[-80.1966703282776,25.7651349991823],[-80.1966682122071,25.765135875257],[-80.1965549633958,25.7651392892701],[-80.1965527826911,25.7651385454905],[-80.1965518246822,25.7651366308703],[-80.1965438485408,25.7649197566981],[-80.1965438431509,25.7649196183575],[-80.1965446560306,25.7649176502006],[-80.1965467770487,25.7649167779257]]]},"properties":{"OBJECTID":248856,"UBID":"CVXMXGXX+XXV-0-0-0-0","UNIQUEID":"D3_MDC_Building_24124","ADDRESS":"142 SW 9 ST","SOURCE":"P","TYPE":"L","BLDG_HEIGHT":18.60000038,"FLOORS":1,"YEAR_BUILT":1977,"BLDG_TYPE":"MULTIFAMILY 2-9 UNITS : MULTIFAMILY 3 OR MORE UNITS"}},{"type":"Feature","id":257158,"geometry":{"type":"Polygon","coordinates":[[[-80.1932772651473,25.769333215403],[-80.1932773325209,25.7693332121671],[-80.1932794919315,25.7693339240919],[-80.1932804829126,25.7693357928109],[-80.1932874358729,25.7694382548417],[-80.1932874394662,25.7694383163241],[-80.1932866870572,25.7694403038642],[-80.1932845936034,25.7694412286468],[-80.1932845253314,25.7694412343097],[-80.1931507796603,25.7694486769119],[-80.1931485772939,25.7694479891017],[-80.193147561895,25.7694460995064],[-80.1931406035448,25.769343574382],[-80.1931413569005,25.7693415865529],[-80.1931434503059,25.7693406604389],[-80.1932772651473,25.769333215403]]]},"properties":{"OBJECTID":257158,"UBID":"C9X8XQX7+XQR-0-0-0-0","UNIQUEID":null,"ADDRESS":"431 S MIAMI AVE","SOURCE":null,"TYPE":null,"BLDG_HEIGHT":null,"FLOORS":0,"YEAR_BUILT":0,"BLDG_TYPE":"VACANT LAND - COMMERCIAL : EXTRA FEA OTHER THAN PARKING"}},{"type":"Feature","id":262979,"geometry":{"type":"Polygon","coordinates":[[[-80.1924526952598,25.7637292554587],[-80.1924015640521,25.7637147683822],[-80.1924000099667,25.7637192705649],[-80.1923968182525,25.7637211871274],[-80.1923921110804,25.7637207761465],[-80.1923920625714,25.7637207712924],[-80.1923873652808,25.763720291545],[-80.1923873167717,25.7637202858818],[-80.1923826284643,25.763719737368],[-80.1923825862435,25.7637197325139],[-80.1923779015293,25.7637191144245],[-80.1923778539185,25.7637191079523],[-80.1923731871706,25.7637184235235],[-80.1923731395599,25.7637184154333],[-80.1923684853884,25.763717663856],[-80.1923684377777,25.7637176557659],[-80.1923637979793,25.7637168354221],[-80.1923637485719,25.7637168273319],[-80.1923591249432,25.7637159382216],[-80.1923590773325,25.7637159293224],[-80.1923544599919,25.7637149738727],[-80.1923544213643,25.7637149649735],[-80.1923498309732,25.7637139431844],[-80.1923497833625,25.7637139310491],[-80.1923452109377,25.7637128437295],[-80.1923451642254,25.7637128315942],[-80.1923406115635,25.7637116779352],[-80.1923405648511,25.7637116657999],[-80.1923360328505,25.7637104441834],[-80.1923359870364,25.7637104312391],[-80.192331478392,25.7637091449011],[-80.1923314325779,25.7637091319568],[-80.1923269463914,25.7637077792794],[-80.1923269014756,25.7637077647171],[-80.1923224395436,25.7637063497453],[-80.1923223919329,25.7637063335649],[-80.1923179578487,25.7637048514447],[-80.1923161091158,25.7637014487165],[-80.1923170631266,25.7636986915843],[-80.1922639502355,25.7636836430458],[-80.1922619478907,25.7636894356129],[-80.1922586358022,25.7636913392316],[-80.1922162299309,25.7636860676721],[-80.1922141436607,25.7636848981872],[-80.1922136894953,25.7636827231926],[-80.1922148555086,25.7636781522421],[-80.1921873230434,25.7636723904172],[-80.1921854321108,25.7636711626799],[-80.1921850530007,25.7636690912424],[-80.1922243372264,25.7635151520322],[-80.1919300302747,25.7634535444169],[-80.1919281390753,25.7634523172504],[-80.1919277593336,25.763450246045],[-80.1919497986008,25.7633639131311],[-80.1919492066111,25.76336379016],[-80.1919491572037,25.7633637796428],[-80.1919456205364,25.7633629819491],[-80.1919455621459,25.7633629681958],[-80.191942043445,25.7633621057805],[-80.1919419859528,25.7633620912181],[-80.1919384870148,25.7633611665083],[-80.1919384304209,25.7633611503279],[-80.1919349512458,25.7633601625145],[-80.1919348991435,25.7633601471432],[-80.191931438833,25.7633590970352],[-80.1919313822392,25.7633590784278],[-80.1919279506748,25.7633579668343],[-80.1919278940809,25.7633579474178],[-80.1919244876694,25.7633567743388],[-80.1919244310755,25.7633567541133],[-80.1919210507151,25.7633555195488],[-80.1919209950196,25.7633554985143],[-80.1919176326254,25.7633542000372],[-80.1919175877097,25.7633541822388],[-80.1919142648414,25.7633528271302],[-80.1919125517542,25.7633496986498],[-80.1919130063017,25.7633479188057],[-80.1918792359352,25.7633408503973],[-80.1918780905833,25.7633453347956],[-80.1918767442845,25.7633470472806],[-80.1918744470165,25.7633473969877],[-80.1917963097564,25.7633310466912],[-80.1917944186392,25.7633298185455],[-80.1917940397137,25.7633277466979],[-80.1917951850657,25.763323262299],[-80.1917618162461,25.7633162804542],[-80.1917617138382,25.7633166776832],[-80.1917587467028,25.7633188102606],[-80.1917553726306,25.7633188013614],[-80.191755305257,25.7633188013614],[-80.1917519329814,25.7633187269315],[-80.1917518683027,25.7633187245044],[-80.1917484888406,25.7633185845439],[-80.1917484313484,25.7633185804988],[-80.191745065361,25.7633183741987],[-80.1917450006823,25.7633183701535],[-80.1917416391866,25.7633180967047],[-80.1917415736095,25.7633180910416],[-80.1917382210969,25.7633177528711],[-80.1917381555199,25.7633177447809],[-80.1917347985157,25.7633173402708],[-80.1917347455151,25.7633173337986],[-80.191731411867,25.7633168629488],[-80.1917313471883,25.7633168540496],[-80.1917280252184,25.7633163192872],[-80.1917279605397,25.7633163071519],[-80.1917246520445,25.7633157076679],[-80.1917245873658,25.7633156955326],[-80.191721294142,25.7633150297089],[-80.1917212618026,25.7633150232367],[-80.1917212303616,25.7633150167646],[-80.1917179542058,25.7633142878373],[-80.1917160895014,25.7633130539355],[-80.1917157200957,25.7633109967427],[-80.1917167756161,25.7633068561767],[-80.1917156311624,25.7633066167067],[-80.1917137397792,25.7633053891334],[-80.1917133602214,25.7633033175217],[-80.1917247607407,25.7632586458363],[-80.1917036727894,25.7632542326284],[-80.1917016949692,25.763252870798],[-80.1917014970698,25.7632506357224],[-80.1917031203255,25.7632464733107],[-80.1917046636311,25.7632423052358],[-80.1917061314783,25.7632381298795],[-80.1917061458514,25.7632380878104],[-80.1917075364434,25.7632339035548],[-80.1917088650517,25.7632296618585],[-80.19171011371,25.7632254233981],[-80.1917112994861,25.7632211299242],[-80.1917192010674,25.7631925245591],[-80.1917205824054,25.7631908355131],[-80.1917228859567,25.7631905246589],[-80.1917270703093,25.7631914720226],[-80.1917309932521,25.7631772737011],[-80.1917278823863,25.7631765682346],[-80.1917255818009,25.7631739017007],[-80.1917255800042,25.7631708266109],[-80.1917255800042,25.7631707724064],[-80.1917256554627,25.7631677078339],[-80.1917256581576,25.7631676439212],[-80.1917258108712,25.7631645809666],[-80.1917258153628,25.7631645170539],[-80.1917260471282,25.7631614589533],[-80.191726052518,25.7631613950406],[-80.1917263624368,25.763158336131],[-80.1917263696234,25.7631582786904],[-80.1917267576956,25.7631552335341],[-80.1917267657804,25.7631551688124],[-80.1917272311077,25.7631521325552],[-80.1917272409892,25.7631520702605],[-80.1917277826733,25.7631490437114],[-80.191727796148,25.7631489806078],[-80.1917284150872,25.7631459645759],[-80.191728428562,25.7631459055173],[-80.1917291247563,25.7631429032388],[-80.1917291400277,25.7631428417532],[-80.1917299125788,25.763139856464],[-80.1917299296468,25.7631397949783],[-80.1917307776564,25.7631368266785],[-80.1917307956228,25.7631367668109],[-80.1917317199892,25.7631338163095],[-80.1917317397521,25.7631337548239],[-80.191732739577,25.7631308253569],[-80.19173632655,25.7631289565172],[-80.1917449189357,25.7631307549721],[-80.1917454875692,25.7631285277358],[-80.1917370299308,25.7631267584056],[-80.1917347149723,25.7631236671342],[-80.1917351578418,25.7631210183975],[-80.1917351695199,25.7631209512487],[-80.1917356833562,25.7631183138383],[-80.1917356905427,25.7631182847135],[-80.1917356995259,25.7631182466895],[-80.1917362852274,25.7631156214143],[-80.1917363022954,25.7631155558835],[-80.1917369589639,25.7631129443617],[-80.1917369769302,25.7631128780219],[-80.1917377063622,25.7631102818714],[-80.1917377261252,25.7631102163406],[-80.1917385256258,25.7631076347524],[-80.1917385453887,25.7631075716487],[-80.1917394158562,25.7631050119041],[-80.1917394383141,25.7631049471823],[-80.1917403770536,25.7631024076631],[-80.1917404031047,25.7631023429414],[-80.1917414110145,25.7630998252658],[-80.191741432574,25.7630997710613],[-80.1917425141456,25.763097267139],[-80.1917425419934,25.7630972040353],[-80.1917436864471,25.7630947332828],[-80.1917437160915,25.7630946709881],[-80.1917449279188,25.7630922277423],[-80.1917449593598,25.7630921662567],[-80.1917462412558,25.7630897391913],[-80.1917462691035,25.7630896898409],[-80.1917476129832,25.7630873024175],[-80.1917476471192,25.7630872425499],[-80.1917490547792,25.7630848866783],[-80.1917490925085,25.7630848268107],[-80.191750561254,25.763082504109],[-80.1917538832239,25.7630811918755],[-80.1917557912455,25.7630815915323],[-80.1917662943478,25.7630404373917],[-80.1917633299074,25.7630398176808],[-80.1917609853045,25.7630370111829],[-80.191761157781,25.7630336019634],[-80.1917611613743,25.7630335445228],[-80.1917614120043,25.7630301385393],[-80.1917614164959,25.7630300835258],[-80.1917617461776,25.763026669452],[-80.1917617506691,25.7630266257648],[-80.1917621567076,25.7630232311074],[-80.1917621638942,25.7630231752849],[-80.1917626462895,25.7630197895266],[-80.1917626543743,25.7630197337041],[-80.1917632140247,25.7630163576541],[-80.1917632248045,25.7630163010225],[-80.1917638608117,25.7630129371076],[-80.1917638706932,25.7630128869483],[-80.1917645839555,25.7630095295055],[-80.1917645974303,25.763009473683],[-80.1917653861511,25.7630061348477],[-80.1917654005241,25.7630060806431],[-80.1917662638051,25.7630027587972],[-80.1917676132894,25.7630010544269],[-80.1917699055753,25.7630007079254],[-80.1917905380807,25.763005028105],[-80.1918015101036,25.7629620317933],[-80.1918028609915,25.7629603173574],[-80.1918051635519,25.7629599720215],[-80.1918075899014,25.7629604865599],[-80.1918091574616,25.7629543420324],[-80.1918105568071,25.7629526006706],[-80.1918129214027,25.7629523081492],[-80.1918183921427,25.7629536673075],[-80.1918184316686,25.7629536778247],[-80.1918238826457,25.7629551065589],[-80.1918239230699,25.7629551170762],[-80.1918293497926,25.7629566145772],[-80.1918293902168,25.7629566267126],[-80.1918347917866,25.7629581921715],[-80.1918348286175,25.7629582034979],[-80.1918402113227,25.7629598393418],[-80.1918402508485,25.7629598522861],[-80.1918456039093,25.7629615544699],[-80.1918456434352,25.7629615674142],[-80.1918509695465,25.7629633375559],[-80.1918528820597,25.7629665388585],[-80.1918522235947,25.7629691180228],[-80.191884888135,25.7629759526458],[-80.1918855816344,25.7629732351389],[-80.1918886071603,25.7629711049823],[-80.1918923252873,25.7629711769853],[-80.1918923845761,25.7629711786034],[-80.1918961009064,25.7629713177553],[-80.1918961305508,25.7629713185643],[-80.1918961619918,25.7629713201823],[-80.1918998738306,25.7629715272921],[-80.1918999331194,25.7629715313372],[-80.1919036413649,25.7629718055959],[-80.191903701552,25.76297181045],[-80.1919074008143,25.7629721518576],[-80.1919074618998,25.7629721575207],[-80.191911152179,25.7629725660772],[-80.1919112105695,25.7629725733584],[-80.1919148945605,25.7629730482546],[-80.1919149547476,25.7629730563449],[-80.1919186243655,25.76297359839],[-80.1919186845526,25.7629736072893],[-80.1919223415942,25.7629742156742],[-80.1919224017813,25.7629742261915],[-80.1919260444498,25.7629749009164],[-80.1919261046369,25.7629749122427],[-80.1919297455087,25.7629756549255],[-80.1919297913228,25.7629756654427],[-80.1919334016519,25.7629764704202],[-80.1919334609407,25.7629764841736],[-80.1919370533036,25.7629773562999],[-80.1919371116941,25.7629773700533],[-80.1919406842939,25.7629783069015],[-80.1919407417861,25.7629783222729],[-80.1919442919281,25.7629793230338],[-80.191944348522,25.7629793400233],[-80.1919478789011,25.762980405506],[-80.1919479363932,25.7629804224955],[-80.1919514398228,25.762981551891],[-80.1919514964167,25.7629815704985],[-80.1919549737952,25.7629827621887],[-80.191955030389,25.7629827824143],[-80.191958480818,25.7629840372082],[-80.1919585374119,25.7629840582428],[-80.1919619716712,25.7629853793766],[-80.1919620156887,25.7629853979841],[-80.1919654086255,25.7629867757495],[-80.1919654643211,25.7629867992111],[-80.1919688258168,25.7629882392712],[-80.1919704859035,25.7629913459176],[-80.1919698750491,25.762993737388],[-80.192003242072,25.7630007208697],[-80.192003543906,25.7629995372699],[-80.1920068497062,25.7629974224853],[-80.1920466342935,25.7630015396004],[-80.1920487735634,25.7630026896855],[-80.1920492492893,25.7630048921892],[-80.1920479296641,25.7630100691234],[-80.1926732442385,25.7631406573952],[-80.1926751360308,25.7631418847419],[-80.1926755151795,25.7631439565847],[-80.1926622156217,25.7631960891061],[-80.1926608685021,25.7631978009542],[-80.1926585711566,25.7631981496828],[-80.1926548593179,25.7631973730226],[-80.1926507117962,25.7632136254459],[-80.1926671635423,25.7632170670211],[-80.1926690552274,25.7632182939187],[-80.1926694344833,25.7632203653994],[-80.1926686035417,25.7632236217086],[-80.1926762113739,25.7632252154797],[-80.192678103059,25.7632264423773],[-80.1926784823149,25.7632285138579],[-80.1926061320019,25.7635120834234],[-80.1926047848821,25.7635137952667],[-80.1926024875368,25.7635141439947],[-80.192592923174,25.7635121424818],[-80.1925908453707,25.7635202836391],[-80.1926056846409,25.7635233878445],[-80.1926075767752,25.7635246145719],[-80.1926079564802,25.7635266862143],[-80.1925976150747,25.763567214815],[-80.1925962682177,25.7635689260853],[-80.1925939715079,25.7635692745762],[-80.1925794879706,25.7635662456108],[-80.1925767732618,25.7635768882495],[-80.1925912603924,25.7635799196418],[-80.1925931518927,25.7635811461308],[-80.1925935313334,25.763583217201],[-80.1925833704892,25.7636230467907],[-80.1925820235552,25.7636247590358],[-80.1925797260241,25.763625108169],[-80.1925580101504,25.7636205655319],[-80.1925553664086,25.7636309290545],[-80.1925540197377,25.7636326407278],[-80.1925517228418,25.7636329896237],[-80.1925447698815,25.7636315342001],[-80.1925370506582,25.7636617971371],[-80.1925357033525,25.7636635085747],[-80.1925334061931,25.7636638568967],[-80.1925211235283,25.7636612882648],[-80.1925004622767,25.7637422636497],[-80.1924991156058,25.7637439753213],[-80.1924968187099,25.7637443242169],[-80.1924693805679,25.7637385850476],[-80.1924684517099,25.7637382339341],[-80.1924526952598,25.7637292554587]]]},"properties":{"OBJECTID":262979,"UBID":"C6XWXJXM+XWX-0-0-0-0","UNIQUEID":null,"ADDRESS":"1060 BRICKELL AVE","SOURCE":null,"TYPE":null,"BLDG_HEIGHT":null,"FLOORS":0,"YEAR_BUILT":0,"BLDG_TYPE":"REFERENCE FOLIO"}},{"type":"Feature","id":266216,"geometry":{"type":"Polygon","coordinates":[[[-80.1988375457018,25.7675643350904],[-80.1988375286339,25.7675537332587],[-80.1988233774732,25.7675537518655],[-80.1988212243616,25.767552946016],[-80.198820333981,25.7675510053397],[-80.1988202881669,25.7675245755874],[-80.1987846546945,25.7675246273629],[-80.1987825011329,25.7675238216815],[-80.1987816103041,25.7675218808364],[-80.1987815492186,25.7674872640805],[-80.1987824324477,25.7674853198415],[-80.1987845837276,25.7674845078452],[-80.1988178402578,25.7674844601147],[-80.1988177647993,25.7674412769303],[-80.1988186468679,25.7674393335986],[-80.1988207966134,25.767438521503],[-80.1989464969728,25.7674383394797],[-80.1989486507195,25.767439145567],[-80.1989495413633,25.7674410868171],[-80.1989495683127,25.767456269981],[-80.1989779155498,25.7674562311493],[-80.1989800689264,25.7674570364259],[-80.1989809599403,25.7674589768684],[-80.1989811458916,25.7675641376965],[-80.1989802626625,25.7675660819342],[-80.1989781113826,25.7675668939299],[-80.1988407014834,25.7675670921328],[-80.198840589194,25.7675670913238],[-80.1988384312919,25.767566282912],[-80.1988375457018,25.7675643350904]]]},"properties":{"OBJECTID":266216,"UBID":"CCXFX8XH+X3X-0-0-0-0","UNIQUEID":"D3_Small_Building_8419","ADDRESS":"220 SW 6 ST","SOURCE":"L","TYPE":"S","BLDG_HEIGHT":28.81096077,"FLOORS":0,"YEAR_BUILT":0,"BLDG_TYPE":"VACANT LAND - COMMERCIAL : VACANT LAND"}},{"type":"Feature","id":266514,"geometry":{"type":"Polygon","coordinates":[[[-80.1936388577104,25.76342552322],[-80.1936387023019,25.7634204231608],[-80.1935852157115,25.7634217523799],[-80.1935830399447,25.7634209971976],[-80.1935820940659,25.7634190777612],[-80.1935817571977,25.7634079359432],[-80.1935796901742,25.7634079189538],[-80.1935796587332,25.7634079173358],[-80.1935721542073,25.7634077903197],[-80.1935721236646,25.7634077895107],[-80.1935646218336,25.7634075929189],[-80.1935645921892,25.7634075929189],[-80.1935570912566,25.7634073275604],[-80.1935570607139,25.7634073259424],[-80.1935495472049,25.7634069926263],[-80.1935420417807,25.7634065897345],[-80.1935420103396,25.7634065889255],[-80.1935345228817,25.763406118076],[-80.1935344932373,25.763406116458],[-80.1935270111693,25.7634055784599],[-80.1935269806266,25.7634055760329],[-80.1935195039485,25.7634049700771],[-80.1935194743041,25.7634049668411],[-80.1935120057108,25.7634042929277],[-80.1935119742698,25.7634042905006],[-80.1935045146597,25.7634035470115],[-80.193504484117,25.7634035445845],[-80.1934970325917,25.7634027331378],[-80.1934970020489,25.7634027299017],[-80.1934895595068,25.7634018513063],[-80.1934895280658,25.7634018480702],[-80.1934820954051,25.7634009015172],[-80.1934795064605,25.7633985278534],[-80.1934786755188,25.7633926762137],[-80.1934059020994,25.7634014039184],[-80.1934027247582,25.7633997794069],[-80.1934001753394,25.7633945045983],[-80.1933552649651,25.7634143271982],[-80.1933507904567,25.763416298779],[-80.1933492965584,25.7634165714186],[-80.1933120757629,25.7634146742676],[-80.1933093691389,25.7634128110955],[-80.1933070065697,25.7634064999333],[-80.1933069975866,25.7634064724266],[-80.1933047086792,25.7634001394206],[-80.1933046987978,25.7634001111049],[-80.1933024862472,25.7633937562551],[-80.1933024763657,25.7633937279393],[-80.193300340172,25.7633873520546],[-80.1933003302905,25.7633873237389],[-80.193298268657,25.7633809268193],[-80.1932982596738,25.7633808993126],[-80.193296274397,25.7633744829762],[-80.1932962654139,25.7633744554695],[-80.1932943555956,25.7633680197162],[-80.1932943475107,25.7633679905915],[-80.1932925122526,25.7633615386575],[-80.1932925059644,25.7633615095328],[-80.1932907488597,25.763355038991],[-80.1932907398766,25.7633550106753],[-80.193289060027,25.7633485239527],[-80.1932890519421,25.763348495637],[-80.1932874484494,25.7633419919246],[-80.1932874421612,25.7633419627999],[-80.1932859150252,25.7633354445248],[-80.1932859078386,25.7633354154001],[-80.1932844579578,25.7633288833713],[-80.1932844516696,25.7633288542466],[-80.1932830790438,25.7633223076551],[-80.1932830727556,25.7633222785303],[-80.19328177469,25.7633157028138],[-80.1932805556762,25.7633091190066],[-80.1932805502863,25.7633090898819],[-80.1932794112225,25.7633025060743],[-80.1932794058326,25.7633024777586],[-80.193278344024,25.7632958842425],[-80.1932783386341,25.7632958551177],[-80.1932773558772,25.763289251084],[-80.1932773513856,25.7632892227682],[-80.1932764458838,25.7632826098349],[-80.1932764422905,25.7632825807101],[-80.1932756149421,25.7632759596862],[-80.1932756113489,25.7632759305614],[-80.1932748621539,25.7632693014469],[-80.1932748576623,25.7632692715132],[-80.1932741866208,25.7632626245998],[-80.1932735937327,25.7632559663598],[-80.1932735910378,25.763255936426],[-80.1932730772014,25.7632492895119],[-80.1932730745065,25.7632492603872],[-80.1932726406202,25.7632426086186],[-80.1932726379253,25.7632425786848],[-80.1932722817433,25.7632359079038],[-80.1932720028164,25.7632292355044],[-80.1932720028164,25.7632292047617],[-80.1932718033904,25.7632225449017],[-80.1932718033904,25.763222515777],[-80.1932716821178,25.7632158534896],[-80.1932716830161,25.7632158235558],[-80.1932716416936,25.7632091604591],[-80.1932716416936,25.7632091313343],[-80.1932716785245,25.7632024528658],[-80.1932717953055,25.7631957760149],[-80.1932717962038,25.7631957468902],[-80.1932719911383,25.7631890862193],[-80.1932719929349,25.7631890562856],[-80.1932722664719,25.7631823830745],[-80.1932726208573,25.7631756981323],[-80.1932730542944,25.7631690164258],[-80.1932735649867,25.7631623545399],[-80.1932735676816,25.7631623246061],[-80.1932741574256,25.7631556683831],[-80.1932748271196,25.7631490000243],[-80.1932755745179,25.7631423603854],[-80.1932755772129,25.7631423304516],[-80.193276400968,25.7631357102288],[-80.1932764054596,25.763135679486],[-80.1932773064698,25.7631290665441],[-80.1932773118597,25.7631290366103],[-80.1932782910234,25.7631224333763],[-80.1932782955149,25.7631224042515],[-80.1932793537303,25.7631158099163],[-80.1932793591202,25.7631157807915],[-80.1932804945908,25.7631091977823],[-80.1932804999806,25.7631091686575],[-80.1932817127063,25.7631025961652],[-80.1932817189945,25.7631025678494],[-80.1932830134668,25.7630959941432],[-80.1932843851942,25.763089431763],[-80.1932843914825,25.7630894026382],[-80.1932858377701,25.7630828689778],[-80.19328584316,25.7630828406621],[-80.1932873684993,25.7630763215637],[-80.1932873756858,25.763076293248],[-80.193288974687,25.7630697887117],[-80.1932889818736,25.7630697603959],[-80.1932906599265,25.7630632728487],[-80.193290667113,25.7630632437239],[-80.1932924197261,25.7630567731659],[-80.1932924287093,25.763056744041],[-80.1932942630691,25.7630502759097],[-80.1932961737857,25.7630438255764],[-80.1932961818706,25.7630437972607],[-80.1932981671473,25.7630373768609],[-80.1933009734843,25.763035372913],[-80.1933021107514,25.7630355322903],[-80.1933023020926,25.7630355953941],[-80.1933325600463,25.7630453651455],[-80.1933327810319,25.7630399811032],[-80.1933340613263,25.7630378377347],[-80.1933367309242,25.7630374593812],[-80.1933908535217,25.7630529076585],[-80.1935196800183,25.7630497039311],[-80.1935192012163,25.7630338705588],[-80.1935200282474,25.7630319067379],[-80.1935221548769,25.7630310446442],[-80.1935713169775,25.7630298222116],[-80.1935713511134,25.7630298222116],[-80.1939267120634,25.7630209868796],[-80.194001175214,25.7630191342186],[-80.1940012084516,25.7630191350276],[-80.1940033839402,25.7630198893801],[-80.1940043283006,25.7630218088463],[-80.1940043309956,25.7630219010748],[-80.1940160495184,25.7634082870577],[-80.1940152223022,25.7634102504686],[-80.1940130958578,25.7634111121543],[-80.193964973108,25.7634123095033],[-80.1939651267199,25.7634174111809],[-80.1939642997659,25.7634193740188],[-80.1939621739576,25.7634202354682],[-80.1938296158593,25.7634235322229],[-80.1938274409924,25.7634227767041],[-80.1938264960103,25.7634208576043],[-80.1938263423984,25.7634157567359],[-80.1937796874958,25.7634169168699],[-80.1937798375145,25.7634218640246],[-80.1937798429044,25.7634220177383],[-80.1937790172689,25.7634239811456],[-80.1937768910403,25.7634248420255],[-80.1937766520885,25.7634248468796],[-80.1936419775594,25.7634281978385],[-80.1936398026925,25.7634274423197],[-80.1936388577104,25.76342552322]]]},"properties":{"OBJECTID":266514,"UBID":"C5X6X7X2+XWR-0-0-0-0","UNIQUEID":null,"ADDRESS":"1100 S MIAMI AVE","SOURCE":null,"TYPE":null,"BLDG_HEIGHT":443.20001221,"FLOORS":0,"YEAR_BUILT":0,"BLDG_TYPE":"REFERENCE FOLIO"}},{"type":"Feature","id":268488,"geometry":{"type":"Polygon","coordinates":[[[-80.19805856801,25.7605125115554],[-80.1980261567945,25.7604686842663],[-80.1980047032289,25.7604816936236],[-80.1980024201963,25.7604821064748],[-80.198000486537,25.7604809379806],[-80.1979675444172,25.7604363890162],[-80.1979670894311,25.7604343259338],[-80.1979683798504,25.760432572775],[-80.1980473031363,25.7603847140088],[-80.1980495862097,25.7603843009725],[-80.1980515198282,25.7603854696524],[-80.1981186635058,25.7604762649678],[-80.1981191193118,25.7604783283203],[-80.1981178289709,25.7604800820167],[-80.1980630703662,25.7605132793338],[-80.1980628772284,25.7605133998807],[-80.1980605956377,25.7605138124111],[-80.1980586641297,25.7605126434289],[-80.19805856801,25.7605125115554]]]},"properties":{"OBJECTID":268488,"UBID":"C8X9X4XH+XMW-0-0-0-0","UNIQUEID":"D1_MDC_Building_233","ADDRESS":"222 SW 15 RD","SOURCE":"P","TYPE":"L","BLDG_HEIGHT":12,"FLOORS":2,"YEAR_BUILT":1953,"BLDG_TYPE":"PROFESSIONAL SERVICE BLDG : OFFICE BUILDING"}},{"type":"Feature","id":273521,"geometry":{"type":"Polygon","coordinates":[[[-80.198686585615,25.764648718034],[-80.1986788789682,25.7644487214005],[-80.1986796877714,25.7644467545559],[-80.1986818029844,25.7644458769123],[-80.1987794309912,25.7644427905293],[-80.198781612443,25.7644435317352],[-80.198782573298,25.7644454448996],[-80.198786804363,25.7645552076299],[-80.1988908131033,25.7645519230418],[-80.198892994184,25.764552663437],[-80.1988939554101,25.7645545757916],[-80.198897328584,25.7646421715153],[-80.1988965201946,25.7646441394506],[-80.1988944045678,25.7646450184258],[-80.1986897360067,25.7646514824252],[-80.1986875519107,25.7646507444565],[-80.1986865901066,25.7646488304865],[-80.198686585615,25.764648718034]]]},"properties":{"OBJECTID":273521,"UBID":"CFX3X5XJ+X4R-0-0-0-0","UNIQUEID":"D3_MDC_Building_9124","ADDRESS":"945 SW 3 AVE","SOURCE":"P","TYPE":"L","BLDG_HEIGHT":19.70680046,"FLOORS":0,"YEAR_BUILT":0,"BLDG_TYPE":"VACANT LAND - COMMERCIAL : EXTRA FEA OTHER THAN PARKING"}},{"type":"Feature","id":275646,"geometry":{"type":"Polygon","coordinates":[[[-80.1885805943642,25.7688335475017],[-80.1890482105887,25.7688186217705],[-80.1890505523521,25.7688195068709],[-80.1890513367259,25.7688216821523],[-80.1890230892018,25.7690462450338],[-80.1890201840502,25.7690486824942],[-80.1886880229907,25.7690593893599],[-80.1884421936233,25.7693426667073],[-80.1884418863995,25.7693430218492],[-80.1884381871371,25.769343808986],[-80.1881917541019,25.7692374710509],[-80.1881901034187,25.7692356132557],[-80.1881906707336,25.7692332894337],[-80.1883432971954,25.7690569713153],[-80.1883366685269,25.7690522670899],[-80.1883355270083,25.7690504314305],[-80.1883361519956,25.7690484042047],[-80.1885098529339,25.7688477378658],[-80.1885116145302,25.7688467436262],[-80.1885800472902,25.7688336114113],[-80.1885800760363,25.7688336057484],[-80.1885803158865,25.7688335669173],[-80.1885805943642,25.7688335475017]]]},"properties":{"OBJECTID":275646,"UBID":"C3X7X7XR+X4X-0-0-0-0","UNIQUEID":"D1_MDC_Building_247","ADDRESS":"465 BRICKELL AVE","SOURCE":"P","TYPE":"L","BLDG_HEIGHT":612.65002441,"FLOORS":0,"YEAR_BUILT":2009,"BLDG_TYPE":"STORE : COMMERCIAL - TOTAL VALUE"}},{"type":"Feature","id":276654,"geometry":{"type":"Polygon","coordinates":[[[-80.1934450425946,25.7678609012291],[-80.1935903944992,25.7678578367776],[-80.1935925660226,25.7678586007896],[-80.19359350267,25.7678605234311],[-80.1935968578776,25.7679910934231],[-80.1935968614709,25.7679912600747],[-80.1935960274422,25.7679932207671],[-80.1935938970304,25.7679940737363],[-80.1935936724516,25.7679940769723],[-80.1934485451259,25.7679971381843],[-80.1934463729682,25.7679963739353],[-80.1934454360567,25.7679944507249],[-80.1934420745609,25.7678637157028],[-80.193442911634,25.767861755159],[-80.1934450425946,25.7678609012291]]]},"properties":{"OBJECTID":276654,"UBID":"CRXPX6XJ+X9R-0-0-0-0","UNIQUEID":null,"ADDRESS":"11 SW 7 ST","SOURCE":null,"TYPE":null,"BLDG_HEIGHT":13.59999943,"FLOORS":2,"YEAR_BUILT":1925,"BLDG_TYPE":"MIXED USE-STORE/RESIDENTIAL : MIXED USE - RESIDENTIAL"}},{"type":"Feature","id":276663,"geometry":{"type":"Polygon","coordinates":[[[-80.1983336132853,25.7597637796595],[-80.1984117002397,25.7598562032465],[-80.19841226528,25.7598584175995],[-80.1984108279756,25.7598648939952],[-80.1984251974269,25.7598819000944],[-80.1984337862193,25.7598834631668],[-80.1984355999179,25.7598844882251],[-80.1985261078777,25.7599916185013],[-80.1985262174721,25.7599917463301],[-80.1985482603326,25.7600178331073],[-80.1986355657984,25.76012116562],[-80.1986593460006,25.7601493113802],[-80.1987406758732,25.7602455703315],[-80.1987412747297,25.7602476040807],[-80.1987401081379,25.7602494270308],[-80.1985644668386,25.7603711140415],[-80.1985642835823,25.7603712386337],[-80.1985262543031,25.7603975639944],[-80.1985240057042,25.7603981049322],[-80.1985219953903,25.7603970486358],[-80.1981151852291,25.7599150862522],[-80.198114586325,25.7599130521092],[-80.1981157529643,25.759911228733],[-80.1981539646016,25.7598847802899],[-80.1981661915709,25.7598763104115],[-80.1983184191806,25.7597708385723],[-80.1983293543726,25.7597632659162],[-80.1983316026161,25.7597627240407],[-80.1983336132853,25.7597637796595]]]},"properties":{"OBJECTID":276663,"UBID":"CVXJX8X8+XCR-0-0-0-0","UNIQUEID":null,"ADDRESS":"1620 SW 2 AVE","SOURCE":null,"TYPE":null,"BLDG_HEIGHT":null,"FLOORS":0,"YEAR_BUILT":0,"BLDG_TYPE":"VACANT LAND - COMMERCIAL : VACANT LAND"}},{"type":"Feature","id":279664,"geometry":{"type":"Polygon","coordinates":[[[-80.1984163813607,25.7651817969617],[-80.1984133854792,25.7650810560621],[-80.1984142132912,25.7650790928824],[-80.1984163400382,25.7650782318143],[-80.1984756513048,25.7650767828805],[-80.1984778259429,25.7650775389284],[-80.1984787702555,25.7650794582708],[-80.1984791331749,25.765091595012],[-80.1988336182674,25.7650829410513],[-80.1988333173318,25.7650728163129],[-80.1988341455929,25.7650708529654],[-80.1988362727891,25.7650699920649],[-80.1989057952056,25.7650682955744],[-80.1989079700288,25.7650690520277],[-80.1989089141562,25.7650709717739],[-80.1989118525455,25.765169795334],[-80.1989110253687,25.7651717587492],[-80.1989088988849,25.7651726203887],[-80.1984195380406,25.7651845621495],[-80.198419502108,25.7651845629585],[-80.1984173280127,25.765183807169],[-80.1984163858523,25.7651818875706],[-80.1984163813607,25.7651817969617]]]},"properties":{"OBJECTID":279664,"UBID":"C3X9X9XC+X6X-0-0-0-0","UNIQUEID":"D3_MDC_Building_8801","ADDRESS":"901 SW 3 AVE","SOURCE":"P","TYPE":"L","BLDG_HEIGHT":33.16999817,"FLOORS":0,"YEAR_BUILT":0,"BLDG_TYPE":"VACANT LAND - COMMERCIAL : VACANT LAND"}},{"type":"Feature","id":279776,"geometry":{"type":"Polygon","coordinates":[[[-80.1985592799662,25.7656707827736],[-80.198626330219,25.7656689981103],[-80.1986275015641,25.7656691793237],[-80.1986285068767,25.7656697502405],[-80.1986291932694,25.7656706240361],[-80.1986294563562,25.7656716678242],[-80.1986301013466,25.7656914892349],[-80.1986323938471,25.7657621686645],[-80.1986321991104,25.7657632249251],[-80.1986315704769,25.765764133735],[-80.1986306035945,25.7657647568171],[-80.1986294455764,25.765764999368],[-80.1985623953236,25.7657667816029],[-80.1985612241156,25.7657666005761],[-80.1985602188509,25.7657660298786],[-80.1985595324099,25.7657651563022],[-80.1985592691864,25.7657641127001],[-80.1985569757875,25.7656934518788],[-80.1985563388819,25.7656737607181],[-80.1985563334921,25.7656736126703],[-80.19855652717,25.765672556462],[-80.1985571552797,25.7656716476029],[-80.1985581220259,25.7656710247066],[-80.1985592799662,25.7656707827736]]]},"properties":{"OBJECTID":279776,"UBID":"CJX2XWXH+XGX-0-0-0-0","UNIQUEID":"D3_MDC_Building_4546","ADDRESS":"259 SW 9 ST","SOURCE":"P","TYPE":"L","BLDG_HEIGHT":20,"FLOORS":0,"YEAR_BUILT":0,"BLDG_TYPE":"VACANT LAND - COMMERCIAL : VACANT LAND"}},{"type":"Feature","id":283124,"geometry":{"type":"Polygon","coordinates":[[[-80.1929291724663,25.7643327267421],[-80.1929288760222,25.7643313902521],[-80.1928419945612,25.7643345462131],[-80.1928419514421,25.7643345486402],[-80.1928416837441,25.7643345478312],[-80.1927676122591,25.7643362289608],[-80.1927673804937,25.7643362265338],[-80.192767235865,25.7643362176347],[-80.1927646936327,25.7643359886839],[-80.1927646011062,25.7643359789757],[-80.1927620678571,25.7643356780228],[-80.1927620364161,25.7643356755957],[-80.1927619744324,25.7643356658876],[-80.1927594537597,25.7643352961685],[-80.1927593603349,25.7643352807972],[-80.1927568531369,25.764334839076],[-80.1927567615087,25.7643348212777],[-80.1927542597007,25.7643343067452],[-80.1927541797506,25.7643342889469],[-80.1927517066886,25.7643337072663],[-80.1927516168571,25.764333685423],[-80.1927491644564,25.7643330341672],[-80.1927490746249,25.7643330090878],[-80.1927466401904,25.7643322882569],[-80.1927465584438,25.7643322615595],[-80.192744157247,25.7643314743895],[-80.1927440683138,25.764331444456],[-80.1927416949648,25.7643305893289],[-80.1927416069299,25.7643305585864],[-80.1927392641236,25.7643296363111],[-80.1927391778854,25.7643296023326],[-80.1927368683168,25.7643286153363],[-80.1927367838751,25.7643285789307],[-80.1927345093408,25.7643275272133],[-80.1927344284925,25.7643274899987],[-80.1927321880942,25.7643263735602],[-80.1927321054491,25.7643263314915],[-80.1927299063733,25.764325155995],[-80.192729825525,25.7643251106903],[-80.1927276677716,25.7643238728998],[-80.1927275968047,25.7643238308311],[-80.192725474984,25.7643225299375],[-80.1927253977289,25.7643224805877],[-80.1927233289088,25.7643211238722],[-80.1927232534503,25.7643210737134],[-80.1927212322409,25.7643196587489],[-80.1927211693589,25.7643196142532],[-80.1927191867771,25.7643181353766],[-80.1927191140135,25.7643180819817],[-80.1927171943137,25.7643165561824],[-80.1927171233468,25.7643164987424],[-80.1927152566477,25.7643149211661],[-80.1927152162235,25.7643148855695],[-80.1927151883757,25.7643148612992],[-80.1927133764738,25.764313231946],[-80.1927133099985,25.76431317127],[-80.1927115546904,25.764311491758],[-80.19271149091,25.764311429464],[-80.1927097939924,25.7643097006022],[-80.1927097625514,25.7643096690506],[-80.1927097311104,25.7643096350721],[-80.1927080952782,25.7643078609054],[-80.1927080350911,25.7643077937573],[-80.1927064612427,25.7643059726679],[-80.1927064028522,25.7643059063288],[-80.1927048900893,25.7643040423616],[-80.1927048703264,25.7643040164732],[-80.1927048352921,25.7643039727864],[-80.1927033881062,25.7643020675595],[-80.1927033360038,25.7643019963664],[-80.1927019534966,25.7643000514977],[-80.1927019040893,25.7642999786865],[-80.1927005835658,25.7642979860861],[-80.1927005431416,25.764297922174],[-80.1926992953817,25.7642959036851],[-80.1926992513643,25.7642958284469],[-80.1926980754695,25.7642937751703],[-80.1926980323504,25.7642936983141],[-80.1926969238294,25.7642916078229],[-80.1926968887951,25.7642915366297],[-80.1926958557325,25.764289421059],[-80.1926958189016,25.7642893425847],[-80.1926948595008,25.7642871995076],[-80.1926948244665,25.7642871202242],[-80.192693936931,25.7642849488316],[-80.1926939063883,25.7642848703572],[-80.1926930952096,25.7642826779302],[-80.1926930673618,25.7642825962198],[-80.1926923316416,25.7642803819493],[-80.1926923055905,25.764280301857],[-80.1926916444304,25.764278064934],[-80.1926916219725,25.7642779816056],[-80.1926910389659,25.7642757301205],[-80.192691019203,25.7642756467921],[-80.1926905134515,25.7642733807445],[-80.1926904981801,25.7642733038883],[-80.1926900687854,25.7642710168064],[-80.1926900544124,25.7642709318599],[-80.1926897067644,25.7642686407329],[-80.1926896932896,25.7642685565955],[-80.192689423795,25.7642662557603],[-80.1926894157102,25.764266182949],[-80.1926892234708,25.7642638651245],[-80.1926892189792,25.764263779369],[-80.1926891057914,25.7642614696346],[-80.1926891030965,25.7642613838791],[-80.1926890689605,25.7642590709085],[-80.1926890689605,25.7642590199407],[-80.1926890689605,25.7642589859621],[-80.1926891156729,25.7642566738005],[-80.1926891192662,25.764256588045],[-80.1926892450303,25.7642542783104],[-80.1926892522168,25.764254193364],[-80.1926894552361,25.7642518876744],[-80.1926895235081,25.7642514888305],[-80.1928430455901,25.7636500210718],[-80.1928434121027,25.7636492080086],[-80.1928450937489,25.7636467275594],[-80.1928451314782,25.7636466717372],[-80.1928468724132,25.7636442325478],[-80.1928469119391,25.7636441799617],[-80.1928487166545,25.7636417787961],[-80.1928487570787,25.7636417254009],[-80.1928506228795,25.7636393638772],[-80.1928506561172,25.7636393230218],[-80.1928525910883,25.7636369902182],[-80.1928526351058,25.76363693925],[-80.1928546203825,25.7636346594371],[-80.1928546652983,25.7636346092779],[-80.1928567107622,25.7636323715338],[-80.192856755678,25.7636323221837],[-80.192858867168,25.7636301188229],[-80.1928589044481,25.7636300803945],[-80.1928610622014,25.7636279324513],[-80.1928611107105,25.7636278855283],[-80.1928633241593,25.7636257828901],[-80.1928633735667,25.7636257367761],[-80.1928656409144,25.76362368187],[-80.1928656912201,25.763623637374],[-80.19286801606,25.7636216269638],[-80.1928680627724,25.7636215881309],[-80.1928704325282,25.7636196319249],[-80.1928704855288,25.763619589856],[-80.1928729064885,25.7636176846181],[-80.1928729603874,25.7636176417401],[-80.1928754289578,25.7636157898974],[-80.1928754855517,25.7636157486375],[-80.1928780026311,25.7636139469539],[-80.1928780574283,25.76361390893],[-80.1928806194235,25.7636121630686],[-80.192880677814,25.7636121242357],[-80.1928832847249,25.7636104333876],[-80.1928833422171,25.7636103961728],[-80.1928859922472,25.7636087603378],[-80.1928860488411,25.763608727168],[-80.1928887428886,25.7636071455373],[-80.1928888021774,25.7636071107495],[-80.1928915348525,25.7636055897951],[-80.1928915968363,25.7636055566254],[-80.1928943663423,25.7636040939203],[-80.1928944274277,25.7636040615596],[-80.1928972355613,25.7636026579128],[-80.1928972894602,25.7636026312152],[-80.1929001407129,25.7636012825817],[-80.1929002044933,25.763601254266],[-80.1929030808988,25.7635999711629],[-80.1929031455776,25.7635999428473],[-80.1929060552208,25.7635987212296],[-80.1929061198995,25.763598693723],[-80.1929090591871,25.7635975352087],[-80.192909096018,25.7635975206464],[-80.1929091256624,25.7635975093201],[-80.1929120936961,25.7635964122912],[-80.1929121601714,25.7635963888297],[-80.1929151569512,25.7635953557132],[-80.1929152243249,25.7635953330607],[-80.1929181851721,25.7635943832731],[-80.1929210346281,25.7635933542018],[-80.1929211037984,25.7635933299312],[-80.1929240305096,25.7635923494009],[-80.1929241014765,25.7635923267484],[-80.1929270533405,25.7635914125576],[-80.1929271207142,25.7635913923322],[-80.1929301022226,25.7635905428629],[-80.1929301740878,25.7635905234464],[-80.1929331726642,25.7635897435527],[-80.1929332445295,25.7635897249452],[-80.1929362637671,25.7635890122],[-80.1929363365307,25.7635889960197],[-80.192939374633,25.763588350423],[-80.1929394087689,25.7635883447598],[-80.1929394482948,25.7635883366697],[-80.1929425025668,25.7635877606486],[-80.1929425762286,25.7635877477043],[-80.1929456448736,25.7635872404497],[-80.1929457203321,25.7635872299325],[-80.1929488024519,25.7635867922535],[-80.1929488770121,25.7635867825453],[-80.1929519717082,25.7635864136329],[-80.19295204537,25.7635864063517],[-80.1929551463544,25.7635861070149],[-80.1929552227112,25.7635861013518],[-80.1929566663039,25.7635859961794],[-80.1929585428845,25.7635853133678],[-80.1929587827347,25.7635853133678],[-80.1929668729621,25.7635856078505],[-80.1929679114146,25.7635856013784],[-80.1929679877714,25.7635856013784],[-80.1929711058237,25.7635856539646],[-80.1929711803839,25.7635856563916],[-80.1929743092161,25.7635857801715],[-80.1929743729964,25.7635857834075],[-80.1929774865572,25.7635859759539],[-80.1929775611174,25.763585981617],[-80.1929778530698,25.7635860058876],[-80.1930901532601,25.7635900873855],[-80.1930902745327,25.7635900922396],[-80.1930903688558,25.7635900987117],[-80.1930920055863,25.7635902014571],[-80.1930921466218,25.7635902135924],[-80.193093774369,25.7635903891494],[-80.193093842641,25.7635903972396],[-80.1930939136079,25.7635904077568],[-80.1930955305754,25.7635906504623],[-80.1930956707126,25.7635906739238],[-80.1930972733071,25.7635909845869],[-80.1930973316976,25.7635909967222],[-80.1930974107493,25.7635910145206],[-80.1930989971741,25.7635913923322],[-80.1930991319214,25.76359142712],[-80.1931006967866,25.7635918712711],[-80.193100746194,25.7635918858334],[-80.1931008306356,25.763591912531],[-80.1931023712463,25.7635924205945],[-80.1931025024004,25.7635924683266],[-80.193104014265,25.7635930403026],[-80.1931040528925,25.763593055674],[-80.1931041436224,25.7635930928888],[-80.1931055360111,25.7635936907534],[-80.1931056249443,25.7635937295863],[-80.193105752505,25.7635937878356],[-80.1931057812511,25.7635938007799],[-80.193107199691,25.7635944827824],[-80.1931072284371,25.7635944965357],[-80.1931073218618,25.7635945466949],[-80.1931087340135,25.7635953047451],[-80.1931088525911,25.7635953710846],[-80.1931102324034,25.7635961930472],[-80.1931103384046,25.7635962593867],[-80.1931116652163,25.7635971323176],[-80.193111778404,25.7635972099833],[-80.1931130638932,25.7635981411634],[-80.1931131663011,25.7635982180202],[-80.1931143987897,25.7635991977414],[-80.1931145029942,25.7635992851154],[-80.1931156860755,25.7636003182318],[-80.1931157821952,25.7636004064148],[-80.1931169095809,25.7636014848362],[-80.1931170021074,25.7636015778733],[-80.1931180737975,25.7636027048359],[-80.193118163629,25.7636028035361],[-80.1931191760304,25.7636039725676],[-80.1931192559804,25.7636040704588],[-80.1931202108895,25.7636052839862],[-80.193120289043,25.7636053907766],[-80.1931211765785,25.7636066390919],[-80.1931212457488,25.7636067394101],[-80.1931220730971,25.7636080322214],[-80.1931221422674,25.7636081438659],[-80.1931228977506,25.7636094625656],[-80.1931229538953,25.7636095640975],[-80.1931236478438,25.7636109252707],[-80.1931237035394,25.7636110409603],[-80.1931243224786,25.7636124162913],[-80.1931243593095,25.7636125036653],[-80.1931243727843,25.763612536026],[-80.19312491896,25.7636139348186],[-80.1931249638757,25.7636140569804],[-80.1931254381862,25.7636154784254],[-80.1931254642373,25.7636155601362],[-80.1931254768137,25.7636156013961],[-80.1931258783607,25.7636170414486],[-80.1931259098017,25.7636171652284],[-80.1931262376868,25.7636186206521],[-80.1931262529581,25.7636186958908],[-80.1931262619413,25.76361874605],[-80.1931265152662,25.763620213609],[-80.1931265341308,25.7636203390068],[-80.1931267110989,25.763621816274],[-80.1931267173872,25.7636218842315],[-80.1931267236753,25.7636219432899],[-80.193126825185,25.7636234254112],[-80.1931268296766,25.763623552427],[-80.193126856626,25.7636250377844],[-80.193126856626,25.7636250976518],[-80.1931268557277,25.7636251656093],[-80.193126808117,25.7636264657015],[-80.193126808117,25.7636266493486],[-80.1931440638553,25.7640547146446],[-80.1931477703042,25.7641466753709],[-80.1931540261718,25.7643019033298],[-80.1931540306634,25.7643020028385],[-80.1931540333583,25.7643020529973],[-80.1931540351549,25.7643021193364],[-80.1931542049365,25.7643041386342],[-80.1931542094281,25.7643042251987],[-80.1931543118361,25.7643064653571],[-80.193154314531,25.7643065511125],[-80.1931543378872,25.76430879208],[-80.1931543387855,25.7643088357667],[-80.1931543369889,25.7643088786444],[-80.19315428309,25.7643111196118],[-80.193154280395,25.7643112061763],[-80.1931541483427,25.7643134447166],[-80.1931541411561,25.764313531281],[-80.193153932747,25.7643157641582],[-80.193153930052,25.7643157957097],[-80.1931539228655,25.7643158507226],[-80.1931536354046,25.7643180771276],[-80.1931536246249,25.7643181636921],[-80.1931532599088,25.7643203787709],[-80.1931532455358,25.7643204645263],[-80.1931528017681,25.764322679605],[-80.1931527855984,25.7643227548432],[-80.1931522690671,25.7643249472696],[-80.1931522475075,25.764325031407],[-80.1931516546194,25.764327207653],[-80.1931516294666,25.7643272917904],[-80.1931509602217,25.7643294526651],[-80.1931509350689,25.7643295327574],[-80.1931501921622,25.7643316709797],[-80.1931501625178,25.76433175269],[-80.1931493441525,25.764333869069],[-80.1931493136098,25.7643339475433],[-80.193148422481,25.7643360412698],[-80.1931483874468,25.7643361221711],[-80.1931474262494,25.7643381867731],[-80.1931473876218,25.7643382676744],[-80.1931463536609,25.7643403023428],[-80.1931463177283,25.764340372727],[-80.193145208309,25.7643423879791],[-80.1931451651898,25.7643424648354],[-80.1931439928884,25.7643444388277],[-80.1931439470743,25.764344515684],[-80.1931427065009,25.7643464548888],[-80.1931426750599,25.7643465010025],[-80.1931426570936,25.7643465285089],[-80.1931413491465,25.7643484321171],[-80.1931412979425,25.7643485049283],[-80.1931399253168,25.7643503697038],[-80.1931398714179,25.764350440897],[-80.1931384350117,25.7643522660308],[-80.1931384071639,25.7643522992003],[-80.1931383784179,25.7643523356059],[-80.1931368782313,25.76435411948],[-80.1931368189425,25.7643541874371],[-80.1931352585689,25.7643559268155],[-80.1931351974834,25.7643559947726],[-80.1931335769227,25.7643576880372],[-80.1931335562614,25.7643577106896],[-80.1931335140406,25.7643577527582],[-80.1931318359876,25.764359400718],[-80.1931317695123,25.7643594638211],[-80.1931300357638,25.764361061622],[-80.1931299674919,25.7643611231071],[-80.193128169963,25.7643626772213],[-80.1931281079792,25.7643627306162],[-80.1931262655346,25.7643642272905],[-80.1931261936693,25.7643642847304],[-80.1931243000207,25.7643657288188],[-80.1931242263589,25.7643657830227],[-80.1931222815063,25.7643671737162],[-80.1931222078444,25.7643672246841],[-80.1931202180761,25.7643685587467],[-80.193120140821,25.7643686080965],[-80.1931181052385,25.7643698847191],[-80.1931180306784,25.7643699308329],[-80.1931159474852,25.7643711492066],[-80.1931158666368,25.7643711961293],[-80.1931137466128,25.7643723538271],[-80.1931136639678,25.7643723967048],[-80.1931115062144,25.7643734945355],[-80.1931114316543,25.7643735301321],[-80.1931092262903,25.7643745705229],[-80.1931091409503,25.7643746085465],[-80.1931069104335,25.7643755809802],[-80.1931068232969,25.7643756173857],[-80.1931045604407,25.7643765242894],[-80.1931045065418,25.7643765453237],[-80.1931044724058,25.7643765590769],[-80.1931021772102,25.7643774020685],[-80.193102088277,25.764377432811],[-80.1930997679286,25.7643782102726],[-80.1930996771988,25.764378238588],[-80.193097329901,25.7643789497104],[-80.1930972876801,25.7643789618456],[-80.1930972382728,25.7643789747899],[-80.1930948685171,25.7643796187642],[-80.1930947759906,25.7643796422256],[-80.193092383777,25.7643802182429],[-80.1930922912505,25.7643802376592],[-80.1930898801723,25.7643807465284],[-80.1930898505279,25.7643807521915],[-80.1930897867475,25.7643807643267],[-80.1930873594996,25.7643812028117],[-80.1930872651765,25.764381218992],[-80.1930848235556,25.7643815879019],[-80.1930847292325,25.7643816008461],[-80.1930822678486,25.7643819017989],[-80.193082180712,25.7643819098891],[-80.1930797193281,25.7643821388398],[-80.1930796232084,25.7643821469299],[-80.1930771555363,25.7643823046874],[-80.1930770594166,25.7643823111595],[-80.1930745827613,25.764382399342],[-80.1930744893365,25.764382401769],[-80.1930720144779,25.7643824195673],[-80.1930719201548,25.7643824187583],[-80.1930694452962,25.7643823661724],[-80.1930693554647,25.7643823637454],[-80.1930668779111,25.7643822407754],[-80.1930667144178,25.7643822286402],[-80.1929765334447,25.7643733108895],[-80.192976437325,25.7643732995633],[-80.1929763160524,25.764373280956],[-80.1929743047245,25.7643729476426],[-80.1929741942317,25.7643729274173],[-80.1929721981751,25.7643725261468],[-80.1929721631409,25.7643725188657],[-80.1929720876823,25.7643725010674],[-80.1929701104904,25.7643720334579],[-80.1929700017943,25.7643720051424],[-80.1929680443653,25.7643714703848],[-80.1929679653135,25.7643714485414],[-80.1929679365674,25.7643714380243],[-80.1929660033929,25.7643708385456],[-80.1929658964934,25.764370803758],[-80.1929639875734,25.7643701371312],[-80.1929638842672,25.7643700991076],[-80.1929619978051,25.7643693677598],[-80.192961900787,25.7643693281181],[-80.1929600547491,25.7643685360943],[-80.1929599523412,25.7643684907896],[-80.1929581395409,25.7643676356627],[-80.1929580838454,25.7643676105833],[-80.1929580389296,25.764367587931],[-80.192956262062,25.7643666737461],[-80.1929561650439,25.7643666203513],[-80.1929544259056,25.7643656471085],[-80.1929543342774,25.7643655937136],[-80.1929526346649,25.7643645597949],[-80.1929525403418,25.7643645007369],[-80.1929508874416,25.7643634134233],[-80.1929507967118,25.7643633511293],[-80.1929491887274,25.7643622071847],[-80.1929491563881,25.7643621845323],[-80.1929491015909,25.7643621432726],[-80.1929475412172,25.7643609467422],[-80.1929474558773,25.7643608787851],[-80.1929459476059,25.7643596304778],[-80.1929458748424,25.7643595681838],[-80.1929444078935,25.7643582616275],[-80.1929443297401,25.7643581880073],[-80.1929429265716,25.7643568418094],[-80.1929428502148,25.7643567657621],[-80.192941497352,25.7643553669784],[-80.1929414308767,25.7643552941672],[-80.1929401435909,25.7643538565507],[-80.1929400735223,25.7643537764584],[-80.1929388455253,25.7643522959643],[-80.1929388051011,25.7643522466145],[-80.1929387799482,25.7643522134449],[-80.1929376130367,25.7643506925001],[-80.1929375501546,25.7643506075537],[-80.1929364479218,25.7643490485852],[-80.192936388633,25.7643489620208],[-80.1929353492822,25.7643473666467],[-80.192935294485,25.7643472776552],[-80.1929343225078,25.7643456491115],[-80.1929342704055,25.7643455576931],[-80.1929333667004,25.7643438984069],[-80.1929333460391,25.7643438595742],[-80.1929333181913,25.7643438045613],[-80.1929324836564,25.7643421153416],[-80.1929324387407,25.7643420223051],[-80.1929316742743,25.7643403039609],[-80.1929316365451,25.7643402173964],[-80.1929309385541,25.7643384683097],[-80.1929309035198,25.7643383712281],[-80.1929302809874,25.7643366075791],[-80.192930248648,25.7643365088795],[-80.1929296961841,25.7643347144879],[-80.1929296719296,25.7643346263054],[-80.1929291967208,25.7643328262508],[-80.1929291724663,25.7643327267421]]]},"properties":{"OBJECTID":283124,"UBID":"CVXGXQXC+XRW-0-0-0-0","UNIQUEID":null,"ADDRESS":"20 SE 10 ST","SOURCE":null,"TYPE":null,"BLDG_HEIGHT":null,"FLOORS":0,"YEAR_BUILT":0,"BLDG_TYPE":"VACANT GOVERNMENTAL : VACANT LAND - GOVERNMENTAL"}},{"type":"Feature","id":286213,"geometry":{"type":"Polygon","coordinates":[[[-80.1885154135055,25.7679036360809],[-80.1885170457443,25.767903999317],[-80.1885885767938,25.7679412200862],[-80.188589470171,25.767941928353],[-80.1885899965219,25.7679428897282],[-80.1885900764476,25.7679439591899],[-80.1885896978913,25.7679449754119],[-80.1885486897986,25.7680095860877],[-80.1885485909839,25.7680097454584],[-80.1885478148035,25.7680105538234],[-80.1885467530468,25.7680110310839],[-80.1885455691269,25.7680111037854],[-80.1885444452588,25.7680107607387],[-80.1885442664941,25.7680106644691],[-80.1884729124128,25.7679735408003],[-80.1884720184851,25.7679728325951],[-80.1884714915998,25.767971871088],[-80.1884714112368,25.7679708013208],[-80.1884717895187,25.7679697846665],[-80.1885128973244,25.7679050145982],[-80.188513957253,25.7679040319954],[-80.1885154135055,25.7679036360809]]]},"properties":{"OBJECTID":286213,"UBID":"CVXQX5XF+XMX-0-0-0-0","UNIQUEID":null,"ADDRESS":"501 BRICKELL AVE","SOURCE":null,"TYPE":null,"BLDG_HEIGHT":null,"FLOORS":0,"YEAR_BUILT":0,"BLDG_TYPE":"VACANT GOVERNMENTAL : EXTRA FEA OTHER THAN PARKING"}},{"type":"Feature","id":288507,"geometry":{"type":"Polygon","coordinates":[[[-80.1939020317493,25.7643660410979],[-80.1939019535959,25.7643634474018],[-80.1938888660405,25.7643636140585],[-80.1938309705188,25.7643643429793],[-80.1938288198718,25.7643635727251],[-80.193827891094,25.7643616635278],[-80.1938233456186,25.7642029229074],[-80.1938241878392,25.7642009490221],[-80.1938263388052,25.7642001010658],[-80.1938830503474,25.7641993697169],[-80.1938824592559,25.7641642228965],[-80.1938827619882,25.7641629842954],[-80.1938858989051,25.7641571068049],[-80.1938868115935,25.7641561060539],[-80.1938913435941,25.7641530382707],[-80.1938892639942,25.7638787876788],[-80.1938836360489,25.7638789001321],[-80.1938814654445,25.7638781348361],[-80.193880530573,25.7638762117704],[-80.1938798002427,25.7638464189268],[-80.1938806390248,25.7638444588596],[-80.1938827709713,25.7638436067849],[-80.19389967457,25.7638432678068],[-80.1938987744581,25.7638065513883],[-80.1938931950219,25.7638052140833],[-80.1938922931133,25.7638048475986],[-80.1938859860417,25.7638010589722],[-80.1938853069153,25.7638004983234],[-80.1938808719328,25.763795525296],[-80.1938804191819,25.7637948311594],[-80.1938777691518,25.7637889059187],[-80.1938775481662,25.7637879334802],[-80.1938764576115,25.7637434156904],[-80.1938764863576,25.7637429739669],[-80.1938774628263,25.7637366668674],[-80.1938777574737,25.763735813354],[-80.1938809150519,25.7637301219164],[-80.1938814953636,25.7637293994638],[-80.193886499878,25.7637249255972],[-80.1938872382932,25.7637244401867],[-80.19389254015,25.763721956503],[-80.1938933288708,25.7637217032805],[-80.1938966840784,25.7637210835731],[-80.1938959815959,25.7636924047079],[-80.1938877898588,25.7636925689385],[-80.1938856190693,25.763691803236],[-80.1938846843829,25.7636898797636],[-80.1938824745273,25.7635996467466],[-80.1938833133085,25.7635976866745],[-80.1938854452559,25.7635968345988],[-80.1946419506926,25.763581639615],[-80.1946441162421,25.7635824016244],[-80.1946450543719,25.7635843174661],[-80.1946504613316,25.7637689159148],[-80.1946530655477,25.7638577985545],[-80.1946533691782,25.763868190372],[-80.194658705171,25.7640503856039],[-80.194659018683,25.7640610225362],[-80.194661608526,25.7641495344285],[-80.1946674143377,25.764347754973],[-80.1946665848482,25.7643497178942],[-80.1946644570838,25.7643505776202],[-80.1939051875309,25.7643688063047],[-80.1939051498017,25.7643688079227],[-80.1939029759119,25.7643680519338],[-80.1939020335459,25.7643661325164],[-80.1939020317493,25.7643660410979]]]},"properties":{"OBJECTID":288507,"UBID":"CRXWX9XV+XQX-0-0-0-0","UNIQUEID":"D3_MDC_Building_19756","ADDRESS":"1010 S MIAMI AVE","SOURCE":"P","TYPE":"L","BLDG_HEIGHT":163.4490509,"FLOORS":15,"YEAR_BUILT":2002,"BLDG_TYPE":"MULTIFAMILY 10 UNITS PLUS : MULTIFAMILY 3 OR MORE UNITS"}},{"type":"Feature","id":290322,"geometry":{"type":"Polygon","coordinates":[[[-80.1965186436106,25.7632601894477],[-80.1965185232363,25.7632570908985],[-80.1964918926797,25.7632579290439],[-80.1964897109632,25.7632571884043],[-80.1964887494745,25.7632552754561],[-80.1964808011809,25.763048421631],[-80.1964816104323,25.7630464545951],[-80.1964837260955,25.7630455771093],[-80.196510362042,25.7630447373444],[-80.1965101868705,25.7630401631332],[-80.1965109961237,25.7630381960987],[-80.1965131117851,25.7630373186113],[-80.1966165779428,25.763034060679],[-80.1966187587595,25.7630348016566],[-80.1966197193514,25.7630367142717],[-80.1966281778881,25.7632568514284],[-80.1966273691282,25.7632588185785],[-80.1966252538719,25.7632596967541],[-80.1965217949006,25.7632629554892],[-80.1965196099837,25.7632622168698],[-80.1965186481022,25.7632603019015],[-80.1965186436106,25.7632601894477]]]},"properties":{"OBJECTID":290322,"UBID":"C3XHX8XV+XHX-0-0-0-0","UNIQUEID":"D3_MDC_Building_27517","ADDRESS":"142 SW 11 ST","SOURCE":"P","TYPE":"L","BLDG_HEIGHT":22.97678757,"FLOORS":1,"YEAR_BUILT":1941,"BLDG_TYPE":"MUNICIPAL : MUNICIPAL"}},{"type":"Feature","id":290652,"geometry":{"type":"Polygon","coordinates":[[[-80.196999468663,25.7639228062549],[-80.1971662364039,25.7639172742024],[-80.1971684191044,25.7639180117139],[-80.1971693841007,25.7639199229213],[-80.1971784301356,25.7641435428663],[-80.1971807666537,25.7642012984068],[-80.1971828193041,25.7642520680845],[-80.1971820127684,25.7642540374864],[-80.1971798970845,25.7642549182404],[-80.196892713773,25.7642644451874],[-80.1968665171027,25.7642653148772],[-80.1968279245798,25.7642665947371],[-80.1968257416144,25.7642658578013],[-80.1968247759847,25.7642639468349],[-80.1968186512711,25.7641125025889],[-80.1968194575343,25.7641105329581],[-80.1968215734907,25.7641096524296],[-80.1969912266203,25.764104024922],[-80.1970033197407,25.764093030409],[-80.1969965545282,25.7639257850523],[-80.1969965491384,25.7639256556097],[-80.1969973537717,25.7639236864933],[-80.196999468663,25.7639228062549]]]},"properties":{"OBJECTID":290652,"UBID":"C3X5XHXW+X2X-0-0-0-0","UNIQUEID":"D3_MDC_Building_27861","ADDRESS":"1001 SW 2 AVE","SOURCE":"P","TYPE":"L","BLDG_HEIGHT":142.8999939,"FLOORS":14,"YEAR_BUILT":2013,"BLDG_TYPE":"HOTEL OR MOTEL : HOTEL"}},{"type":"Feature","id":291893,"geometry":{"type":"Polygon","coordinates":[[[-80.1969120769589,25.7654555761291],[-80.1969996860553,25.7654536838647],[-80.197001858791,25.765454446034],[-80.1970027978195,25.7654563681456],[-80.1970034275385,25.7654803276555],[-80.1970063533514,25.7655916621342],[-80.1970055176969,25.765593623562],[-80.1970033871143,25.7655944790887],[-80.1969594810565,25.7655954264333],[-80.1969155552357,25.7655963729688],[-80.1969133827642,25.7655956102277],[-80.1969124443699,25.7655936878821],[-80.196909515862,25.7654823695855],[-80.1969088924313,25.765458558124],[-80.1969088870414,25.7654583947048],[-80.1969097210354,25.7654564334503],[-80.1969118514818,25.7654555793651],[-80.1969120769589,25.7654555761291]]]},"properties":{"OBJECTID":291893,"UBID":"CCXPX4X5+XJR-0-0-0-0","UNIQUEID":"D3_MDC_Building_17058","ADDRESS":"161 SW 9 ST","SOURCE":"P","TYPE":"L","BLDG_HEIGHT":16.20000076,"FLOORS":0,"YEAR_BUILT":0,"BLDG_TYPE":"VACANT LAND - COMMERCIAL : VACANT LAND"}},{"type":"Feature","id":294330,"geometry":{"type":"Polygon","coordinates":[[[-80.193789700118,25.7640064277513],[-80.1938272146625,25.7640062230704],[-80.1938293713963,25.7640070209927],[-80.1938302707312,25.764008958352],[-80.1938310100446,25.7641210441673],[-80.1938301366688,25.7641229917371],[-80.1938279899086,25.7641238126158],[-80.1937903001926,25.7641240148695],[-80.1937526095782,25.7641242179323],[-80.1937504525804,25.7641234205835],[-80.1937495526113,25.7641214834623],[-80.193748819586,25.7640093976474],[-80.1937496933331,25.764007450884],[-80.193751839722,25.7640066308142],[-80.1937894279285,25.7640064285603],[-80.1937895258448,25.7640064269423],[-80.193789700118,25.7640064277513]]]},"properties":{"OBJECTID":294330,"UBID":"C2XFXVXM+X7X-0-0-0-0","UNIQUEID":"D1_MDC_Building_223","ADDRESS":"1000 S MIAMI AVE","SOURCE":"P","TYPE":"L","BLDG_HEIGHT":18.84000015,"FLOORS":1,"YEAR_BUILT":1925,"BLDG_TYPE":"NIGHTCLUB LOUNGE OR BAR : ENTERTAINMENT"}},{"type":"Feature","id":294786,"geometry":{"type":"Polygon","coordinates":[[[-80.1933605039398,25.7640355612073],[-80.1933541824952,25.7638827518592],[-80.193354987436,25.7638807817069],[-80.1933571029182,25.7638799000764],[-80.193569913809,25.7638726804135],[-80.1935720978725,25.7638734165059],[-80.193573065099,25.7638753275154],[-80.1935739517362,25.7638967454152],[-80.1935793802554,25.7638965625776],[-80.1935815628684,25.7638972992716],[-80.1935825288505,25.7638992096789],[-80.1935878567585,25.7640279742609],[-80.1935870509653,25.7640299450339],[-80.1935849345388,25.7640308268493],[-80.1933636579248,25.7640383280398],[-80.193361474025,25.7640375923225],[-80.1933605084314,25.7640356809415],[-80.1933605039398,25.7640355612073]]]},"properties":{"OBJECTID":294786,"UBID":"CRXGXPXV+XQV-0-0-0-0","UNIQUEID":"D1_MDC_Building_91","ADDRESS":"1010 S MIAMI AVE","SOURCE":"P","TYPE":"L","BLDG_HEIGHT":19.70999908,"FLOORS":15,"YEAR_BUILT":2002,"BLDG_TYPE":"MULTIFAMILY 10 UNITS PLUS : MULTIFAMILY 3 OR MORE UNITS"}},{"type":"Feature","id":297664,"geometry":{"type":"Polygon","coordinates":[[[-80.1959194691127,25.7656870607465],[-80.1959190280399,25.7656694471076],[-80.1958456976649,25.7656709502375],[-80.1958435266259,25.765670185107],[-80.1958425912907,25.7656682619164],[-80.1958384707185,25.7655031925764],[-80.1958393090081,25.7655012324217],[-80.1958414405488,25.7655003796647],[-80.1959201778835,25.765498768935],[-80.1959223486576,25.7654995346402],[-80.1959232833594,25.7655014580689],[-80.1959237253305,25.7655191421161],[-80.1959670016693,25.7655182570644],[-80.1959664815448,25.7654975125496],[-80.1959673193853,25.7654955525623],[-80.1959694504768,25.7654946996378],[-80.196048095285,25.765493089717],[-80.1960502667741,25.7654938546803],[-80.1960512025575,25.765495778042],[-80.19605531235,25.7656605262176],[-80.1960544746946,25.7656624866059],[-80.1960523434179,25.7656633399345],[-80.1959903470869,25.7656646100712],[-80.1959908734997,25.7656856789674],[-80.1959900361074,25.7656876387833],[-80.195987905466,25.7656884918747],[-80.1959226257926,25.7656898275405],[-80.1959225763853,25.7656898267315],[-80.1959204055361,25.7656890630876],[-80.1959194718076,25.7656871400288],[-80.1959194691127,25.7656870607465]]]},"properties":{"OBJECTID":297664,"UBID":"CFXXX2XH+XGW-0-0-0-0","UNIQUEID":"D3_MDC_Building_12040","ADDRESS":"120 SW 8 ST","SOURCE":"P","TYPE":"L","BLDG_HEIGHT":43.59999847,"FLOORS":0,"YEAR_BUILT":0,"BLDG_TYPE":"VACANT LAND - COMMERCIAL : VACANT LAND"}},{"type":"Feature","id":298354,"geometry":{"type":"Polygon","coordinates":[[[-80.1926127229411,25.7648544186587],[-80.192784040649,25.7648343155728],[-80.1927843119402,25.7648342953475],[-80.192786394237,25.764834945377],[-80.1927874416706,25.7648366916349],[-80.192787459637,25.7648368146044],[-80.1927891071472,25.7648483268148],[-80.1927909882194,25.764848261285],[-80.1927931724531,25.7648489951363],[-80.1927941404077,25.7648509051291],[-80.1927960861586,25.7648970882542],[-80.1928036769228,25.764950133377],[-80.1928030733548,25.7649521627131],[-80.1928010547405,25.7649532157018],[-80.1926086077588,25.764975795953],[-80.1925583272558,25.7649904584305],[-80.1925560226181,25.7649902898966],[-80.1925545192973,25.7649887077353],[-80.192552159423,25.7649822963398],[-80.1925504714026,25.7649814921293],[-80.1925496477335,25.7649799405058],[-80.1925486002979,25.7649726230198],[-80.1925393198026,25.7649473981171],[-80.1925392461408,25.7649458957871],[-80.192542819639,25.7649322251494],[-80.1925373902214,25.7648942801822],[-80.1925379937894,25.7648922508451],[-80.1925400124037,25.7648911978559],[-80.192554914556,25.7648894487773],[-80.1925559018045,25.764889084723],[-80.1925867535446,25.7648833237658],[-80.1925835456607,25.764869238908],[-80.1925845535705,25.7648665869742],[-80.1925853351048,25.76486598588],[-80.1925845490789,25.7648604991761],[-80.1925851530961,25.7648584696712],[-80.1925871721595,25.7648574168489],[-80.1925981405891,25.7648561297144],[-80.1925988574447,25.7648555763517],[-80.1925989796156,25.7648554833156],[-80.1926008292468,25.7648548296356],[-80.1926127229411,25.7648544186587]]]},"properties":{"OBJECTID":298354,"UBID":"CQXXX9X9+X8V-0-0-0-0","UNIQUEID":null,"ADDRESS":"901 S MIAMI AVE","SOURCE":null,"TYPE":null,"BLDG_HEIGHT":null,"FLOORS":3,"YEAR_BUILT":2006,"BLDG_TYPE":"COMMUNITY SHOPPING CENTER : RETAIL OUTLET"}},{"type":"Feature","id":303794,"geometry":{"type":"Polygon","coordinates":[[[-80.1979990276729,25.7656309077577],[-80.1979988264503,25.7656213744484],[-80.1979589385568,25.7656220637203],[-80.1979567704964,25.7656212918935],[-80.1979558429623,25.7656193656901],[-80.197951742153,25.7654248290548],[-80.1979525871932,25.7654228713028],[-80.1979547218648,25.7654220250403],[-80.1979780367397,25.7654216221554],[-80.1979775633275,25.765399051697],[-80.1979784090012,25.76539709418],[-80.1979805439376,25.765396248491],[-80.1980654077825,25.7653947825719],[-80.1980675760289,25.7653955548046],[-80.198068503377,25.7653974814162],[-80.1980690369763,25.765422801686],[-80.1980729850719,25.765610217466],[-80.1980721392123,25.765612174575],[-80.1980700044618,25.765613019858],[-80.1980313104293,25.7656136889048],[-80.1980316634672,25.765630412647],[-80.1980308182428,25.7656323699927],[-80.1980286837554,25.7656332158475],[-80.1980021843528,25.7656336745531],[-80.1980021241657,25.7656336737441],[-80.1979999562913,25.7656329034005],[-80.1979990303679,25.7656309773321],[-80.1979990276729,25.7656309077577]]]},"properties":{"OBJECTID":303794,"UBID":"CCX9X4X4+X5R-0-0-0-0","UNIQUEID":"D3_MDC_Building_6928","ADDRESS":"239 SW 9 ST","SOURCE":"P","TYPE":"L","BLDG_HEIGHT":36.36420822,"FLOORS":8,"YEAR_BUILT":2023,"BLDG_TYPE":"PARKING LOT/MOBILE HOME PARK : PARKING LOT"}},{"type":"Feature","id":304605,"geometry":{"type":"Polygon","coordinates":[[[-80.1978092450944,25.7648210558994],[-80.1980050014696,25.7648172414171],[-80.1980071715099,25.7648180087903],[-80.1980081042506,25.7648199329935],[-80.1980176470538,25.7652219196847],[-80.1980168064805,25.7652238793612],[-80.1980146736302,25.7652247301759],[-80.1978186989645,25.7652285454541],[-80.197816528925,25.7652277780828],[-80.1978155961835,25.765225853887],[-80.1978060605667,25.7648240362922],[-80.1978060560752,25.7648238672091],[-80.1978068940532,25.7648219072035],[-80.1978090268038,25.7648210575174],[-80.1978092450944,25.7648210558994]]]},"properties":{"OBJECTID":304605,"UBID":"CVXFXMXQ+X7V-0-0-0-0","UNIQUEID":"D3_MDC_Building_27866","ADDRESS":"240 SW 9 ST","SOURCE":"P","TYPE":"L","BLDG_HEIGHT":134.2900238,"FLOORS":13,"YEAR_BUILT":2014,"BLDG_TYPE":"LEASEHOLD INTEREST : COMMERCIAL - TOTAL VALUE"}},{"type":"Feature","id":305319,"geometry":{"type":"Polygon","coordinates":[[[-80.1983865743612,25.7606837761683],[-80.1981687445829,25.7604016172855],[-80.1981682432928,25.7603995625651],[-80.1981694937779,25.7603977856714],[-80.1983715733943,25.7602698609819],[-80.1983757361873,25.760270456436],[-80.1985463217682,25.7604746622603],[-80.1985469089122,25.7604766989703],[-80.1985457315751,25.7604785165251],[-80.1985396014716,25.7604827146315],[-80.1985937662899,25.7605528793772],[-80.1985942680228,25.7605549341652],[-80.198593017095,25.7605567109864],[-80.1983910785141,25.7606845407094],[-80.1983909365803,25.7606846305126],[-80.1983886651878,25.7606850860418],[-80.1983867073119,25.7606839533476],[-80.1983865743612,25.7606837761683]],[[-80.1984692651815,25.7605053911997],[-80.1983685370887,25.7603805701046],[-80.1982806315482,25.760438737659],[-80.1983813578444,25.760563561929],[-80.1984692651815,25.7605053911997]]]},"properties":{"OBJECTID":305319,"UBID":"C8XRXGXF+X2X-0-0-0-0","UNIQUEID":"D1_MDC_Building_93","ADDRESS":null,"SOURCE":"P","TYPE":"L","BLDG_HEIGHT":35.49000168,"FLOORS":0,"YEAR_BUILT":0,"BLDG_TYPE":"REFERENCE FOLIO"}},{"type":"Feature","id":307837,"geometry":{"type":"Polygon","coordinates":[[[-80.1968072857861,25.7626916747121],[-80.196803441895,25.7625888071991],[-80.1968030214834,25.7625775196786],[-80.1968038320088,25.7625755539044],[-80.1968059472963,25.7625746775727],[-80.1968395972886,25.7625736484924],[-80.1968684565654,25.7625727650368],[-80.1969014759403,25.7625717553732],[-80.1969339464445,25.762570761081],[-80.1969361271874,25.7625715039375],[-80.1969370860564,25.7625734179202],[-80.1969388665173,25.7626210662666],[-80.1969632018784,25.7626203235816],[-80.1969614654349,25.7625737382943],[-80.196962275854,25.7625717724313],[-80.1969643912478,25.7625708961882],[-80.1969909077184,25.7625700847358],[-80.1970235354278,25.7625690847805],[-80.1970519221908,25.7625682150782],[-80.1970844600687,25.762567219977],[-80.1970866406255,25.762567962429],[-80.1970875996806,25.7625698760073],[-80.1970879985326,25.7625805559505],[-80.1970917534905,25.7626811719553],[-80.1970920894604,25.762690186916],[-80.1970912788998,25.7626921526589],[-80.1970891636475,25.7626930290192],[-80.1970563023761,25.7626940338276],[-80.1970281554633,25.7626948970568],[-80.1969944901997,25.762695927754],[-80.1969669954638,25.7626967683304],[-80.1969648144561,25.7626960260485],[-80.1969638549536,25.762694112303],[-80.1969621041371,25.762647117678],[-80.1969398034602,25.7626477980679],[-80.1969416288368,25.7626967165529],[-80.1969408176432,25.7626986820599],[-80.1969387021256,25.7626995578468],[-80.1969060465684,25.7627005569921],[-80.1968731466695,25.7627015634185],[-80.1968447661947,25.7627024315017],[-80.1968107658595,25.7627034727162],[-80.1968085851175,25.7627027298597],[-80.1968076262476,25.7627008158799],[-80.1968072947692,25.7626919206556],[-80.1968072875827,25.7626917839304],[-80.1968072857861,25.7626916747121]]]},"properties":{"OBJECTID":307837,"UBID":"CGX5XJX7+X4R-0-0-0-0","UNIQUEID":"D3_MDC_Building_22974","ADDRESS":"191 SW 12 ST","SOURCE":"P","TYPE":"L","BLDG_HEIGHT":31.10000038,"FLOORS":0,"YEAR_BUILT":0,"BLDG_TYPE":"VACANT LAND - COMMERCIAL : VACANT LAND"}},{"type":"Feature","id":310131,"geometry":{"type":"Polygon","coordinates":[[[-80.198311331473,25.7679924379618],[-80.1983112398449,25.7679362431873],[-80.1983062946192,25.7679362504682],[-80.1980131168498,25.7679366412098],[-80.1980109638859,25.7679358348947],[-80.198010074256,25.7679338938839],[-80.1980098200328,25.7677758837045],[-80.1980107030324,25.7677739411176],[-80.1980128527452,25.7677731299029],[-80.1983029753443,25.7677727423967],[-80.1983029331234,25.7677472964258],[-80.198303817167,25.7677453528263],[-80.1983059685308,25.7677445418145],[-80.1984625035623,25.7677443339041],[-80.1984646567467,25.7677451402585],[-80.1984655470545,25.7677470812344],[-80.1984659441098,25.7679922421866],[-80.198465061593,25.7679941856776],[-80.1984629113974,25.7679949976011],[-80.1983144872546,25.7679951949942],[-80.1983143740669,25.7679951941853],[-80.1983122166143,25.767994385608],[-80.198311331473,25.7679924379618]]]},"properties":{"OBJECTID":310131,"UBID":"CQX2XHX8+XXR-0-0-0-0","UNIQUEID":"D3_MDC_Building_24346","ADDRESS":"220 SW 6 ST","SOURCE":"P","TYPE":"L","BLDG_HEIGHT":28.18000031,"FLOORS":0,"YEAR_BUILT":0,"BLDG_TYPE":"VACANT LAND - COMMERCIAL : VACANT LAND"}},{"type":"Feature","id":310209,"geometry":{"type":"Polygon","coordinates":[[[-80.1893746790242,25.7657466204233],[-80.1886095344894,25.7655814597747],[-80.1886070551392,25.7655908798266],[-80.1886056975507,25.7655925830735],[-80.1886033998943,25.7655929209456],[-80.1884811266077,25.7655665263535],[-80.1884775387365,25.7655666355692],[-80.1884774812443,25.7655666371872],[-80.1884734837413,25.7655666905815],[-80.1884734262491,25.7655666905815],[-80.1884694269495,25.7655666752105],[-80.188469368559,25.7655666735925],[-80.188465371056,25.7655665886469],[-80.1884653135638,25.7655665870289],[-80.1884613061793,25.765566433318],[-80.1884612612635,25.765566430891],[-80.188457270947,25.7655662084146],[-80.1884572134549,25.7655662043696],[-80.1884532276299,25.7655659123188],[-80.1884531701378,25.7655659074648],[-80.1884491914994,25.7655655466486],[-80.1884491340072,25.7655655409855],[-80.1884451643519,25.7655651122129],[-80.1884451077581,25.7655651057409],[-80.1884411425944,25.7655646073938],[-80.1884410877972,25.7655646001128],[-80.1884371397015,25.7655640330003],[-80.1884370831077,25.7655640241013],[-80.1884331457918,25.7655633898414],[-80.1884330882996,25.7655633809423],[-80.1884291662551,25.765562679535],[-80.1884291096612,25.765562669018],[-80.188425202888,25.7655618988452],[-80.1884251507857,25.7655618883282],[-80.188421256589,25.765561050199],[-80.1884211999951,25.765561038064],[-80.1884173291546,25.7655601335964],[-80.1884172725607,25.7655601198433],[-80.1884134205848,25.7655591498463],[-80.1884133648892,25.7655591344752],[-80.1884095344728,25.7655580965218],[-80.1884094787773,25.7655580827688],[-80.1884056717171,25.7655569800949],[-80.1884056268014,25.7655569655328],[-80.1884018314193,25.7655557949026],[-80.1884017766221,25.7655557762955],[-80.1883980180709,25.7655545433719],[-80.1883979632737,25.7655545247647],[-80.1883942307737,25.7655532263117],[-80.1883941768747,25.7655532068956],[-80.1883904731208,25.7655518445311],[-80.1883904192219,25.765551824306],[-80.1883867370276,25.7655503947941],[-80.1883866912135,25.765550376996],[-80.1883830467484,25.7655488868086],[-80.1883829946461,25.7655488649655],[-80.1883793834186,25.7655473132938],[-80.188379330418,25.7655472906417],[-80.1883757506316,25.7655456766765],[-80.188375700326,25.7655456524064],[-80.1883721555739,25.7655439761479],[-80.1883721043699,25.7655439518777],[-80.1883685964487,25.7655422149438],[-80.1883685452447,25.7655421890556],[-80.1883650750528,25.7655403922553],[-80.1883650247471,25.7655403655581],[-80.1883615922844,25.7655385097004],[-80.1883615419788,25.7655384813852],[-80.1883581499403,25.7655365656611],[-80.1883568024674,25.7655335941852],[-80.1883584679439,25.7655272661466],[-80.188293261034,25.7655131902643],[-80.1882909397874,25.765510247103],[-80.1884771821053,25.7638082754033],[-80.1884784361023,25.7638063113257],[-80.1884809038255,25.763805871005],[-80.1898076050074,25.7640915102699],[-80.1898094954478,25.7640927532285],[-80.1898098552872,25.7640948361304],[-80.1897954022926,25.7641487504934],[-80.189794034169,25.7641504489103],[-80.1897917326746,25.7641507754569],[-80.1897338425428,25.7641380512749],[-80.1897192826487,25.7641923587992],[-80.1897771736788,25.7642050837844],[-80.1897790540095,25.7642063290734],[-80.1897794104839,25.7642084064057],[-80.1896561508471,25.7646682063029],[-80.1896547827236,25.7646699047123],[-80.1896524812292,25.7646702312576],[-80.1895145655786,25.7646399184189],[-80.1895123458415,25.7646399483523],[-80.1895097667783,25.7646400535238],[-80.1895072146646,25.7646402282702],[-80.1895046454829,25.7646404717826],[-80.1895021131321,25.764640784061],[-80.1894995870695,25.7646411642963],[-80.1894970502271,25.7646416173426],[-80.1894945304528,25.7646421391548],[-80.1894920816453,25.7646427167888],[-80.1894895987019,25.764643373706],[-80.1894871337247,25.764644100198],[-80.1894847316297,25.7646448825119],[-80.1894823385177,25.7646457327826],[-80.1894799840334,25.7646466445383],[-80.189477629549,25.76464763315],[-80.1894753316585,25.7646486767744],[-80.1894730670057,25.7646497818837],[-80.1894708499636,25.7646509428147],[-80.1894686634642,25.7646521692757],[-80.1894665344569,25.7646534426592],[-80.1894644315009,25.7646547848087],[-80.1894623734606,25.764656181971],[-80.1894603648276,25.764657635764],[-80.1894584038053,25.7646591445697],[-80.1894564948853,25.7646607011071],[-80.189454638966,25.7646623118482],[-80.1894528351489,25.764663971939],[-80.189451088824,25.7646656805704],[-80.1894493990929,25.7646674345063],[-80.1894477794304,25.7646692208028],[-80.1894461948023,25.7646710782921],[-80.1894446883276,25.7646729600518],[-80.1894432384467,25.7646748919701],[-80.1894418676176,25.7646768400686],[-80.189440549789,25.7646788415618],[-80.1894393056224,25.7646808657072],[-80.1894381234395,25.7646829351573],[-80.1894370086302,25.7646850329227],[-80.1894359602963,25.7646871719476],[-80.1894349874208,25.7646893263437],[-80.1894340944954,25.7646914912568],[-80.1894332617571,25.7646937079467],[-80.1894325071723,25.7646959254455],[-80.1894318298426,25.7646981615515],[-80.1894312198865,25.764700437299],[-80.1894306907788,25.7647027057654],[-80.189430232638,25.7647050065921],[-80.189429850854,25.764707321172],[-80.1894295526133,25.7647095977284],[-80.1894293217463,25.7647119527587],[-80.1894291735243,25.7647142406411],[-80.1894290998624,25.7647165778731],[-80.189429104354,25.7647189167231],[-80.1894291852024,25.7647212313027],[-80.1894293424076,25.7647235652985],[-80.1894295759695,25.764725873406],[-80.1894298858883,25.7647281742323],[-80.1894302739605,25.7647304863847],[-80.1894307338979,25.7647327629406],[-80.1894312746837,25.7647350516316],[-80.1894318855381,25.7647373039171],[-80.1894325709527,25.7647395392133],[-80.1894333372156,25.7647417745095],[-80.1894341771404,25.7647439895804],[-80.1894350727607,25.7647461383124],[-80.1894360609076,25.7647483113146],[-80.1894371056483,25.7647504268771],[-80.1894382249491,25.7647525238323],[-80.1894394152168,25.764754590045],[-80.1894406656717,25.7647566125712],[-80.1894419888901,25.764758610018],[-80.1894433785839,25.7647605710593],[-80.1894448311597,25.764762494077],[-80.1894463466176,25.7647643766442],[-80.1894479240592,25.7647662155249],[-80.1894495724678,25.7647680220451],[-80.1894512451308,25.7647697484732],[-80.1894529968456,25.76477145144],[-80.1894548051543,25.7647731074842],[-80.18945667904,25.7647747230778],[-80.1894585664004,25.7647762561524],[-80.1894605444906,25.7647777681927],[-80.1894625585135,25.7647792163211],[-80.1894646210454,25.7647806110548],[-80.1894667392728,25.7647819540119],[-80.1894688583986,25.764783216068],[-80.1894710574744,25.7647844409095],[-80.1894732996694,25.7647856066933],[-80.1894755984582,25.7647867215094],[-80.1894771175093,25.7647897949393],[-80.1894601600117,25.7648530546682],[-80.1895954948025,25.7648828019547],[-80.189597369622,25.7648840395238],[-80.1895977360991,25.7648861067588],[-80.1894837336014,25.7653247824891],[-80.1894823694731,25.7653264947032],[-80.1894800585936,25.7653268260397],[-80.1893201324218,25.7652916746991],[-80.1893186232522,25.7652926851486],[-80.1893160226294,25.765294514313],[-80.1893135046517,25.7652963677475],[-80.18931101542,25.7652982915656],[-80.1893085603243,25.7653002792952],[-80.189306191467,25.765302290486],[-80.1893038567455,25.7653043647792],[-80.1893015768213,25.7653064859948],[-80.1892993516944,25.7653086565598],[-80.1892971831613,25.7653108716201],[-80.1892950703237,25.7653131344117],[-80.1892930015036,25.7653154546428],[-80.1892910072437,25.7653178039981],[-80.1892890902389,25.7653201760055],[-80.1892872316246,25.7653225852272],[-80.1892854224176,25.7653250551243],[-80.189283674296,25.7653275622356],[-80.1892819827683,25.7653301186963],[-80.1892803675975,25.7653326953822],[-80.1892788180036,25.7653353076642],[-80.1892773411733,25.7653379385534],[-80.1892759389031,25.7653405872406],[-80.1892745932268,25.7653432893222],[-80.1892733158225,25.765346019719],[-80.1892721138766,25.7653487654868],[-80.1892709793044,25.7653515460418],[-80.1892699156991,25.7653543484399],[-80.1892689149759,25.7653572001874],[-80.189267997796,25.7653600438447],[-80.189267154278,25.765362899637],[-80.1892663925066,25.7653657432942],[-80.189265695414,25.7653686322557],[-80.1892650710848,25.7653715454873],[-80.1892645177226,25.765374488652],[-80.1892640452088,25.7653774148276],[-80.1892636517467,25.7653803199689],[-80.1892633256582,25.7653832930666],[-80.1892630768249,25.7653862427032],[-80.1892629070433,25.7653891955756],[-80.1892628109236,25.765392150875],[-80.1892627911606,25.7653951094104],[-80.1892628468562,25.7653980655186],[-80.1892629789085,25.765401050751],[-80.1892631873177,25.7654040036231],[-80.1892634657954,25.7654069192808],[-80.1892638242232,25.7654098616357],[-80.1892642572112,25.7654127894284],[-80.1892647701492,25.7654157447272],[-80.1892653522575,25.7654186539126],[-80.189266008926,25.7654215485358],[-80.1892667419512,25.7654244350689],[-80.1892675486384,25.7654273078488],[-80.1892684271907,25.7654301620216],[-80.1892693776083,25.765432989497],[-80.1892703927045,25.7654357773311],[-80.1892714958357,25.7654385870083],[-80.1892726537641,25.765441329538],[-80.189273904219,25.7654440995738],[-80.1892752013863,25.7654467919449],[-80.1892765856901,25.7654494948331],[-80.1892780436558,25.7654521742601],[-80.1892782709296,25.7654540390182],[-80.1892608930204,25.7655188622003],[-80.1894259907932,25.7655551517436],[-80.1894278708595,25.7655563975904],[-80.1894282267,25.7655584751362],[-80.1893783675067,25.7657444522933],[-80.1893783306758,25.765744592251],[-80.1893769713283,25.7657462875131],[-80.1893746790242,25.7657466204233]]]},"properties":{"OBJECTID":310209,"UBID":"CMXCX5XG+X9X-0-0-0-0","UNIQUEID":"D1_MDC_Building_1","ADDRESS":"890 BRICKELL KEY DR","SOURCE":"P","TYPE":"L","BLDG_HEIGHT":196.5,"FLOORS":0,"YEAR_BUILT":0,"BLDG_TYPE":"AIRPORT/TERMINAL OR MARINA : AIRPORT/TERMINAL OR MARINA"}},{"type":"Feature","id":311080,"geometry":{"type":"Polygon","coordinates":[[[-80.191280892379,25.7678237119853],[-80.1908136013446,25.7677255815123],[-80.1908113025558,25.7677345507865],[-80.1908099545282,25.7677362619418],[-80.1908076571924,25.7677366104754],[-80.1905744365783,25.76768763582],[-80.190572531522,25.7676863871055],[-80.190572179112,25.7676842890264],[-80.190648444283,25.7674079440218],[-80.1906484559611,25.7674078979092],[-80.1906672675815,25.767334450277],[-80.1906686165065,25.7673327387787],[-80.1906709147415,25.767332390581],[-80.1907111601646,25.7673408429386],[-80.1907179864624,25.7673141890484],[-80.1907193321452,25.7673124792585],[-80.190721626436,25.7673121285432],[-80.1907466687711,25.7673173360312],[-80.1907653375594,25.7672444433125],[-80.1907666862202,25.7672427323833],[-80.1907689838211,25.767242384424],[-80.1913960626866,25.7673740690789],[-80.1913979537902,25.7673752976148],[-80.1913983318311,25.7673773697687],[-80.1912845700818,25.7678215406573],[-80.1912845404374,25.7678216531069],[-80.1912831919901,25.7678233659613],[-80.191280892379,25.7678237119853]]]},"properties":{"OBJECTID":311080,"UBID":"CFXQXQX6+XRR-0-0-0-0","UNIQUEID":"D1_MDC_Building_427","ADDRESS":"600 BRICKELL AVE","SOURCE":"P","TYPE":"L","BLDG_HEIGHT":507.55999756,"FLOORS":40,"YEAR_BUILT":2011,"BLDG_TYPE":"OFFICE BUILDING - MULTISTORY : OFFICE BUILDING"}},{"type":"Feature","id":311372,"geometry":{"type":"Polygon","coordinates":[[[-80.1922002731565,25.7662397467992],[-80.1923186800941,25.7657384769917],[-80.1923199966306,25.7657367454233],[-80.1923222877283,25.7657363622558],[-80.1923353797753,25.7657388984827],[-80.1923475375743,25.7656874288433],[-80.1923280962349,25.7656866538174],[-80.1923259859723,25.7656857598866],[-80.1923251946766,25.7656837842798],[-80.1923289577193,25.7656063463787],[-80.1923290214997,25.7656058917181],[-80.1923295676754,25.7656035852458],[-80.19232958654,25.7656035067723],[-80.1923302063775,25.7656012164801],[-80.1923302288354,25.7656011380066],[-80.1923309259281,25.7655988574223],[-80.192330948386,25.7655987870389],[-80.1923317164455,25.7655965339608],[-80.1923317442933,25.7655964562963],[-80.1923325869131,25.7655942250612],[-80.1923326165575,25.7655941482058],[-80.1923335337374,25.7655919315328],[-80.1923335633818,25.7655918643854],[-80.1923345488336,25.7655896824995],[-80.1923345838679,25.7655896072621],[-80.1923356402867,25.7655874512643],[-80.192335678016,25.7655873776449],[-80.1923368098932,25.7655852418722],[-80.1923368440292,25.7655851787698],[-80.1923380396868,25.7655830834474],[-80.1923380819077,25.7655830122549],[-80.1923393458373,25.7655809501016],[-80.1923393898547,25.7655808789092],[-80.1923407274462,25.765578841835],[-80.1923407660737,25.7655787819687],[-80.1923421620557,25.7655767918167],[-80.192342211463,25.7655767238603],[-80.1923436712253,25.7655747709226],[-80.1923437224293,25.7655747037751],[-80.1923452450737,25.7655727912876],[-80.19234526304,25.7655727686354],[-80.1923452989726,25.7655727257582],[-80.1923468836008,25.7655708545299],[-80.1923469392964,25.7655707906185],[-80.1923485841116,25.7655689622674],[-80.1923486416038,25.765568900783],[-80.1923503457079,25.7655671161181],[-80.1923503681658,25.765567094275],[-80.192350405895,25.7655670562518],[-80.1923521674913,25.7655653193182],[-80.1923522285767,25.7655652594518],[-80.1923540467669,25.7655635710585],[-80.192354109649,25.7655635136191],[-80.192355981738,25.7655618737661],[-80.1923560077892,25.7655618511139],[-80.1923560464167,25.7655618179447],[-80.1923579715064,25.765560229059],[-80.19235803888,25.7655601756646],[-80.1923600142753,25.7655586393642],[-80.1923600825473,25.7655585875879],[-80.1923621073499,25.7655571038727],[-80.192362138791,25.7655570812206],[-80.1923621783168,25.7655570537144],[-80.1923642507302,25.7655556250115],[-80.1923643225954,25.7655555764713],[-80.1923664408229,25.7655542052078],[-80.192366515383,25.7655541582855],[-80.1923686767296,25.7655528436523],[-80.1923687126622,25.7655528218092],[-80.1923687512898,25.7655527991571],[-80.1923709557555,25.7655515427722],[-80.192371031214,25.7655514998949],[-80.1923732761039,25.7655503033765],[-80.1923733542573,25.7655502637353],[-80.1923756359781,25.7655491262742],[-80.1923756764023,25.765549106858],[-80.1923757141315,25.7655490890599],[-80.1923780326833,25.7655480138922],[-80.1923781135317,25.765547977487],[-80.1923804653211,25.7655469654216],[-80.1923805479661,25.7655469314434],[-80.1923829311965,25.7655459832895],[-80.1923829770106,25.7655459638734],[-80.1923830138415,25.7655459509293],[-80.1923854276147,25.7655450666867],[-80.1923855120563,25.7655450359445],[-80.1923879536773,25.7655442164224],[-80.1923880381189,25.7655441897252],[-80.1923905048927,25.7655434349235],[-80.1923905560967,25.7655434203614],[-80.192390591131,25.7655434106533],[-80.1923930821592,25.765542722999],[-80.1923931683975,25.7655426995378],[-80.1923956809853,25.7655420798399],[-80.1923957672236,25.7655420596148],[-80.1923982986761,25.7655415062553],[-80.1923983543716,25.7655414949293],[-80.192398386711,25.7655414892662],[-80.1924009352314,25.7655410030541],[-80.1924010232664,25.765540987683],[-80.1924035870582,25.7655405702364],[-80.1924036759914,25.7655405581013],[-80.1924062514613,25.7655402094201],[-80.1924063098518,25.7655402029481],[-80.1924063394962,25.7655401989031],[-80.1924089266442,25.7655399197963],[-80.1924090155774,25.7655399108973],[-80.1924116081153,25.7655397013649],[-80.1924116988452,25.7655396957019],[-80.1924142985696,25.765539554935],[-80.1924143749264,25.765539552508],[-80.1924169926172,25.7655394813155],[-80.192417080652,25.7655394788885],[-80.1924196848681,25.7655394796975],[-80.1924197755979,25.7655394805065],[-80.1924223780173,25.765539549272],[-80.1924224561707,25.765539552508],[-80.1924250675732,25.7655396908478],[-80.1924251583031,25.7655396973199],[-80.1924275648897,25.7655398906721],[-80.1927235507927,25.7655305887309],[-80.1927257322652,25.7655313299101],[-80.1927266930996,25.7655332430769],[-80.192731996753,25.7656716597342],[-80.1927558694817,25.7656709089783],[-80.1927518189781,25.7655652456987],[-80.192752627758,25.7655632788533],[-80.1927547429943,25.7655624012373],[-80.19312176228,25.765550867253],[-80.1931220218932,25.76555086968],[-80.1931220524359,25.765550871298],[-80.1931239649491,25.7655509764687],[-80.1931240889166,25.7655509853677],[-80.193125993345,25.7655511617308],[-80.1931261137193,25.7655511762929],[-80.1931280118595,25.7655514222305],[-80.1931281340304,25.7655514400286],[-80.1931300177975,25.7655517571586],[-80.1931301381718,25.7655517806197],[-80.1931320147524,25.7655521689421],[-80.1931321261435,25.7655521932123],[-80.193133973978,25.7655526503001],[-80.1931340943523,25.7655526810423],[-80.1931359179323,25.7655532044685],[-80.1931359592548,25.7655532157946],[-80.1931360374082,25.7655532400648],[-80.1931378376321,25.7655538306384],[-80.193137954413,25.7655538710887],[-80.1931397258908,25.7655545271918],[-80.1931397878745,25.7655545498439],[-80.1931398399768,25.7655545724961],[-80.1931415818102,25.7655552941285],[-80.1931416932013,25.7655553434778],[-80.1931434017969,25.7655561282127],[-80.1931434808487,25.7655561662359],[-80.1931435104931,25.765556181607],[-80.1931451804612,25.7655570302533],[-80.1931452891573,25.7655570868836],[-80.1931469187013,25.7655579953962],[-80.1931470184143,25.7655580544536],[-80.1931486111273,25.7655590260686],[-80.1931487117386,25.76555908998],[-80.1931502568409,25.7655601174163],[-80.1931503547572,25.7655601861817],[-80.1931518558421,25.7655612734844],[-80.1931519456736,25.7655613414408],[-80.1931533901646,25.7655624789018],[-80.1931534835894,25.7655625541392],[-80.193154875978,25.7655637458035],[-80.1931549038258,25.7655637692647],[-80.1931549649113,25.765563823468],[-80.1931563025027,25.7655650652906],[-80.1931563869444,25.7655651461911],[-80.1931576679419,25.765566435745],[-80.1931577092645,25.7655664786223],[-80.1931577487903,25.7655665206905],[-80.1931589704991,25.7655678571667],[-80.1931590477542,25.7655679445392],[-80.1931602074793,25.7655693255106],[-80.1931602577849,25.765569387804],[-80.1931602811411,25.7655694161191],[-80.1931613770858,25.7655708375408],[-80.1931614471544,25.7655709305763],[-80.1931624784203,25.7655723916392],[-80.1931625395057,25.7655724830567],[-80.1931635078896,25.7655739861878],[-80.1931635671784,25.7655740848864],[-80.1931644645954,25.7655756179507],[-80.1931645211893,25.7655757174582],[-80.1931653485376,25.7655772869277],[-80.1931653970467,25.7655773848173],[-80.1931661058174,25.7655788839033],[-80.1931661507332,25.7655789785568],[-80.1931663950749,25.7655799671608],[-80.1931663986682,25.7655800796124],[-80.1931903405672,25.7662046305161],[-80.1931895301719,25.7662065976293],[-80.193187413856,25.7662074749621],[-80.1931710887723,25.7662079878684],[-80.1931735312915,25.7662717241516],[-80.1931735061387,25.7662721877087],[-80.1931732528138,25.7662738793279],[-80.1931732339492,25.7662739909699],[-80.1931729011234,25.7662756842072],[-80.1931728791147,25.7662757820962],[-80.1931724730762,25.7662774486364],[-80.1931724443301,25.7662775586604],[-80.1931719628331,25.7662792090206],[-80.19317194846,25.7662792535156],[-80.1931719286971,25.7662793174266],[-80.1931713726399,25.7662809475617],[-80.1931713331141,25.7662810551587],[-80.1931707024967,25.7662826626418],[-80.1931706773439,25.7662827265528],[-80.1931706593776,25.7662827694298],[-80.1931699559967,25.7662843534519],[-80.1931699065894,25.7662844578129],[-80.1931691331399,25.766286012711],[-80.1931690855292,25.7662861037235],[-80.193168235723,25.7662876412281],[-80.1931681764342,25.7662877407351],[-80.1931672637458,25.7662892341491],[-80.1931672026604,25.7662893288021],[-80.1931662208018,25.7662907890471],[-80.1931661534281,25.7662908845091],[-80.1931651068908,25.7662923043041],[-80.1931650359239,25.7662923973391],[-80.193163922013,25.7662937807291],[-80.193163851046,25.766293866483],[-80.1931626805412,25.766295202951],[-80.1931625996929,25.766295290323],[-80.1931613681026,25.7662965814869],[-80.1931613438481,25.7662966081839],[-80.1931612845593,25.7662966664319],[-80.1931599963752,25.7662979106739],[-80.1931599083403,25.7662979923828],[-80.1931585644606,25.7662991880848],[-80.1931585204431,25.7662992252987],[-80.1931584728324,25.7662992657488],[-80.1931570750539,25.7663004104837],[-80.1931569807308,25.7663004849117],[-80.1931555308499,25.7663015754436],[-80.1931554679678,25.7663016215565],[-80.1931554329335,25.7663016458266],[-80.1931539363403,25.7663026821555],[-80.1931538339323,25.7663027493024],[-80.1931522924233,25.7663037281923],[-80.1931521972019,25.7663037864403],[-80.1931506017939,25.7663047119362],[-80.1931504948944,25.7663047718022],[-80.1931488680454,25.7663056325781],[-80.193148758451,25.7663056875901],[-80.1931470938727,25.766306486882],[-80.1931469815833,25.766306538658],[-80.1931452828691,25.7663072748479],[-80.1931451678848,25.7663073209609],[-80.1931434251531,25.7663079980938],[-80.1931433200502,25.7663080369258],[-80.1931415593523,25.7663086436757],[-80.193141441673,25.7663086825077],[-80.1931396540256,25.7663092229196],[-80.1931396109064,25.7663092350546],[-80.1931395336513,25.7663092568976],[-80.193137723546,25.7663097301625],[-80.1931376031718,25.7663097592865],[-80.1931357724052,25.7663101654045],[-80.1931357086248,25.7663101783484],[-80.1931356502343,25.7663101904834],[-80.1931338032981,25.7663105270274],[-80.1931336811272,25.7663105464434],[-80.1931318189196,25.7663108150313],[-80.1931317317831,25.7663108263573],[-80.1931316949521,25.7663108312114],[-80.1931298228631,25.7663110294163],[-80.1931295884028,25.7663110447873],[-80.1931295300123,25.7663110464053],[-80.1922579557776,25.7663264020306],[-80.1922569855971,25.7663262750177],[-80.1922545960784,25.7663255954579],[-80.192254552061,25.7663255825139],[-80.1922545053486,25.7663255687609],[-80.1922521436777,25.7663248196271],[-80.1922520529478,25.7663247888851],[-80.1922497182264,25.7663239734134],[-80.1922496274966,25.7663239418624],[-80.1922473224195,25.7663230584346],[-80.1922472945718,25.7663230479176],[-80.1922472343846,25.7663230228386],[-80.1922449607487,25.7663220746909],[-80.1922448745104,25.7663220366679],[-80.1922426350104,25.7663210229911],[-80.1922425496704,25.7663209841592],[-80.1922403416115,25.7663199041444],[-80.1922402634581,25.7663198636944],[-80.1922381003148,25.7663187238137],[-80.1922380176698,25.7663186785097],[-80.1922358958491,25.766317477145],[-80.1922358158991,25.766317431032],[-80.1922337354009,25.7663161681833],[-80.1922336554508,25.7663161180253],[-80.1922316225633,25.7663147977376],[-80.1922315444099,25.7663147459616],[-80.1922295573365,25.7663133666169],[-80.1922294899628,25.7663133188859],[-80.1922275451103,25.7663118780572],[-80.1922274714484,25.7663118214272],[-80.1922255858846,25.7663103304404],[-80.1922255140194,25.7663102721924],[-80.1922236814562,25.7663087294297],[-80.1922236365405,25.7663086914067],[-80.1922236113876,25.7663086687547],[-80.1922218336217,25.7663070734069],[-80.1922217671463,25.7663070119229],[-80.1922200459743,25.7663053647992],[-80.1922199803972,25.7663053008882],[-80.192218318514,25.7663036076514],[-80.1922182888696,25.7663035761004],[-80.1922182547336,25.7663035405044],[-80.1922166530374,25.7663017987276],[-80.1922165928503,25.7663017323895],[-80.1922150513413,25.7662999444997],[-80.1922149938491,25.7662998749257],[-80.1922135089339,25.7662980352599],[-80.1922134622215,25.7662979737758],[-80.1922120491716,25.766296103368],[-80.192211996171,25.7662960297489],[-80.1922106504947,25.766294118082],[-80.192210600189,25.766294044463],[-80.1922093191914,25.7662920915371],[-80.1922092742757,25.7662920187271],[-80.1922080651433,25.7662900358681],[-80.1922080193292,25.7662899582041],[-80.1922068802655,25.7662879405581],[-80.1922068380446,25.7662878645121],[-80.1922057708461,25.766285812079],[-80.1922057313202,25.766285732797],[-80.1922047350886,25.7662836520489],[-80.1922046982576,25.7662835719579],[-80.1922037783828,25.7662814653218],[-80.1922037469417,25.7662813933207],[-80.1922028953389,25.7662792510886],[-80.1922028638978,25.7662791677615],[-80.1922020913467,25.7662770125853],[-80.1922020634989,25.7662769284493],[-80.1922013673046,25.766274752239],[-80.1922013529315,25.766274703699],[-80.1922013412534,25.766274668103],[-80.1922007223142,25.7662724716677],[-80.192200698958,25.7662723875317],[-80.1922001572739,25.7662701749163],[-80.1922001375109,25.7662700891624],[-80.1921996730819,25.7662678627939],[-80.1921996658954,25.7662678263889],[-80.1921996560139,25.7662677762309],[-80.1921992697384,25.7662655369185],[-80.1921992562636,25.7662654503554],[-80.1921989490398,25.7662632013349],[-80.1921989391583,25.7662631139629],[-80.1921987100879,25.7662608463354],[-80.1921987037997,25.7662607702894],[-80.1921985537811,25.7662585083248],[-80.1921985483912,25.7662584209527],[-80.1921984792209,25.7662561549431],[-80.1921984774243,25.7662560675711],[-80.1921984882041,25.7662537991344],[-80.1921984891024,25.7662537141894],[-80.1921985771373,25.7662514489887],[-80.1921985825272,25.7662513616167],[-80.1921987514104,25.7662490996519],[-80.192198758597,25.7662490179429],[-80.1921990056337,25.766246758405],[-80.1921990182101,25.766246671842],[-80.1921993434002,25.7662444244392],[-80.1921993586716,25.7662443378761],[-80.1921997629135,25.7662421009902],[-80.1921997772865,25.7662420281802],[-80.1922002632751,25.7662397921033],[-80.1922002731565,25.7662397467992]]]},"properties":{"OBJECTID":311372,"UBID":"CRXQXXX7+XRR-0-0-0-0","UNIQUEID":null,"ADDRESS":"16 SE 8 ST","SOURCE":null,"TYPE":null,"BLDG_HEIGHT":68.30000305,"FLOORS":0,"YEAR_BUILT":0,"BLDG_TYPE":"COMMON AREAS"}},{"type":"Feature","id":312602,"geometry":{"type":"Polygon","coordinates":[[[-80.1970469500157,25.7661546601574],[-80.1970446081077,25.7660325575849],[-80.1968989058602,25.7660348454419],[-80.1968967388609,25.7660340704172],[-80.1968958147573,25.766032142567],[-80.1968940127369,25.7659380006128],[-80.1968948616784,25.7659360446125],[-80.1968969978386,25.7659352022735],[-80.1971378999466,25.7659314209961],[-80.1971400665748,25.7659321952116],[-80.1971409910495,25.7659341222552],[-80.1971426017288,25.7660182253089],[-80.1971417524608,25.7660201815816],[-80.1971396157288,25.7660210236463],[-80.1971144602059,25.7660214184392],[-80.1971169916584,25.7661536262542],[-80.197116142731,25.7661555822631],[-80.1971140065567,25.7661564245884],[-80.1970501066956,25.7661574261315],[-80.1970500411186,25.7661574261315],[-80.1970478748593,25.7661566523224],[-80.1970469527106,25.7661547248775],[-80.1970469500157,25.7661546601574]]]},"properties":{"OBJECTID":312602,"UBID":"CVXHX2XH+X8W-0-0-0-0","UNIQUEID":"D3_MDC_Building_8246","ADDRESS":"190 SW 8 ST","SOURCE":"P","TYPE":"L","BLDG_HEIGHT":15.39999962,"FLOORS":1,"YEAR_BUILT":1970,"BLDG_TYPE":"SERVICE STATION : SERVICE STATION - AUTOMOTIVE"}},{"type":"Feature","id":319978,"geometry":{"type":"Polygon","coordinates":[[[-80.1937659010512,25.7683962624413],[-80.1940683386545,25.7683893294341],[-80.1940704909819,25.7683900706382],[-80.1940714513169,25.7683919570196],[-80.1940755449397,25.768474584361],[-80.1940745154704,25.7684767726657],[-80.1938201233617,25.7686794329677],[-80.1938180275922,25.7686801165589],[-80.1937751465121,25.7686789718469],[-80.193773086598,25.7686781658628],[-80.1937721991396,25.7686763078635],[-80.1937627156251,25.7683992427444],[-80.1937627102353,25.768399097936],[-80.1937635345308,25.7683971258843],[-80.1937656692858,25.7683962632503],[-80.1937659010512,25.7683962624413]]]},"properties":{"OBJECTID":319978,"UBID":"CFX4XWXW+XXV-0-0-0-0","UNIQUEID":"D1_MDC_Building_95","ADDRESS":"19 SW 6 ST","SOURCE":"P","TYPE":"L","BLDG_HEIGHT":19.15999985,"FLOORS":1,"YEAR_BUILT":1936,"BLDG_TYPE":"MIXED USE-STORE/RESIDENTIAL : MIXED USE - RESIDENTIAL"}},{"type":"Feature","id":323151,"geometry":{"type":"Polygon","coordinates":[[[-80.1967072251416,25.7599771511949],[-80.1969277184247,25.7597180686377],[-80.1969300064337,25.7597169990805],[-80.1969319791341,25.759717568648],[-80.1969510054518,25.7597308466904],[-80.1970782086926,25.7595813820601],[-80.1971575829328,25.759488118469],[-80.1971497208774,25.7594802755734],[-80.1971497828612,25.7594765167437],[-80.1974270604501,25.759216105446],[-80.1974271619597,25.7592160156417],[-80.197427248198,25.7592159428274],[-80.1976839849095,25.7590128302914],[-80.1976862753538,25.7590121636303],[-80.1976883821629,25.7590132121628],[-80.1978479750596,25.7591989511956],[-80.197847625615,25.7592026728179],[-80.1978296638008,25.7592175237075],[-80.1978336738803,25.7592215009884],[-80.1978387879892,25.7592265745294],[-80.1978395794263,25.7592285544224],[-80.1978385930548,25.7592304620056],[-80.1977224579565,25.7593264757514],[-80.1977224354986,25.7593264951686],[-80.1977118892772,25.7593353874088],[-80.1977466783332,25.7593691044543],[-80.1978855102654,25.7592516445014],[-80.1978879197554,25.7592509213052],[-80.1978900925717,25.7592521056587],[-80.1979419532114,25.75932093054],[-80.19794152202,25.7593244871128],[-80.1977924744464,25.759450593275],[-80.1977639044271,25.7594747643491],[-80.1979139167913,25.7593707816091],[-80.1979161646793,25.7593702387976],[-80.1979181757041,25.7593712937359],[-80.1979365552348,25.759393036067],[-80.1979789431398,25.7593636514763],[-80.1979811910278,25.7593631086647],[-80.1979832020526,25.7593641636031],[-80.1979911207018,25.7593735307512],[-80.1980537081243,25.7594475674406],[-80.1980543075669,25.7594496010531],[-80.1980531412873,25.7594514241659],[-80.1980497501471,25.7594537768734],[-80.1981845944578,25.7596132932461],[-80.1981851943492,25.7596153266889],[-80.1981840285192,25.759617149966],[-80.1979829083035,25.7597565637916],[-80.1979828750658,25.7597565864448],[-80.1979806275279,25.7597571292784],[-80.1979786179497,25.7597560727015],[-80.1979785586609,25.7597560063599],[-80.1977511941641,25.7594870408193],[-80.1977506506834,25.7594859777323],[-80.1974041426305,25.7597791458402],[-80.1974041084946,25.7597791741568],[-80.1974039512894,25.7597793003677],[-80.1972761758217,25.7598841039294],[-80.1971814098474,25.7599626571882],[-80.1971922237668,25.7599754578678],[-80.1972507867368,25.7600447839362],[-80.1972633442862,25.7600596557557],[-80.1972633990834,25.7600597245243],[-80.19736451974,25.760179422296],[-80.1973651181482,25.7601814562132],[-80.1973639511064,25.7601832789975],[-80.1973295734788,25.7602070939442],[-80.197230968105,25.7602753964405],[-80.1972309330707,25.7602754199026],[-80.1972047768246,25.7602935383742],[-80.1972012832764,25.7602936645846],[-80.197093088387,25.7602303805821],[-80.1970930479628,25.7602303538838],[-80.196862885214,25.7600957317626],[-80.196861562659,25.7600939975595],[-80.1968619806105,25.760091927646],[-80.1968710769511,25.7600791771396],[-80.1967294782078,25.7599963522114],[-80.1967292895616,25.7599962397544],[-80.1967290847457,25.7599961070714],[-80.1967289239472,25.7599959954235],[-80.1967078126397,25.7599812651786],[-80.1967076500447,25.7599811543397],[-80.1967064910824,25.7599793280104],[-80.1967070984791,25.7599772968226],[-80.1967072251416,25.7599771511949]],[[-80.1979154690802,25.7595214754456],[-80.1979924016994,25.7596124575021],[-80.1980312762933,25.7595855041479],[-80.1979543418774,25.7594945212617],[-80.1979154690802,25.7595214754456]]]},"properties":{"OBJECTID":323151,"UBID":"CFXPX6XM+XMW-0-0-0-0","UNIQUEID":"D1_MDC_Building_290","ADDRESS":"1511 SW 2 AVE","SOURCE":"P","TYPE":"L","BLDG_HEIGHT":142.80000305,"FLOORS":0,"YEAR_BUILT":0,"BLDG_TYPE":"VACANT LAND - COMMERCIAL : VACANT LAND"}},{"type":"Feature","id":324158,"geometry":{"type":"Polygon","coordinates":[[[-80.1989772103723,25.7694229206524],[-80.1988966350846,25.769356299624],[-80.198895648559,25.7693543930338],[-80.1988964401502,25.7693524140973],[-80.1989169998921,25.7693320229676],[-80.1989106946171,25.769326810714],[-80.1989099732699,25.7693259095111],[-80.198898260137,25.7693023795365],[-80.1988983026727,25.7693000363177],[-80.1989003334486,25.7692985708611],[-80.1989831545246,25.7692809197361],[-80.1989845923597,25.7692809299847],[-80.1989858629452,25.7692815361786],[-80.1990511947208,25.7693338488338],[-80.1990520367836,25.7693349679569],[-80.1990521873592,25.7693363129846],[-80.1990403718183,25.7694084617761],[-80.1990391908442,25.7694102596551],[-80.1990369456438,25.7694107843541],[-80.1990087196792,25.7694072078591],[-80.1990070955252,25.7694065145643],[-80.1990021296383,25.769402408997],[-80.1989816004391,25.7694227661375],[-80.1989815680998,25.7694227976877],[-80.1989794640252,25.7694236910557],[-80.1989772786443,25.769422973236],[-80.1989772103723,25.7694229206524]]]},"properties":{"OBJECTID":324158,"UBID":"C7XXXWX3+X6W-0-0-0-0","UNIQUEID":"D3_Small_Building_8387","ADDRESS":"401 SW 3 AVE","SOURCE":"L","TYPE":"S","BLDG_HEIGHT":13.40073013,"FLOORS":0,"YEAR_BUILT":0,"BLDG_TYPE":"VACANT LAND - INDUSTRIAL : VACANT LAND"}},{"type":"Feature","id":324786,"geometry":{"type":"Polygon","coordinates":[[[-80.196937902625,25.7656498530235],[-80.1970071789031,25.7656496184122],[-80.1970093336484,25.7656504198867],[-80.1970102286835,25.76565235851],[-80.1970103068369,25.765671442921],[-80.1970106643664,25.7657586381727],[-80.1970107694693,25.7657843531592],[-80.1970098911601,25.765786297893],[-80.1970077430451,25.7657871134789],[-80.1969421435715,25.7657873367638],[-80.1969280516996,25.765787383686],[-80.1969258966578,25.7657865819077],[-80.1969250019192,25.7657846427824],[-80.196924895918,25.7657589455941],[-80.1969245401852,25.7656717293085],[-80.1969254179784,25.7656697844419],[-80.1969275657111,25.7656689681771],[-80.1969347764879,25.765668943907],[-80.1969347136058,25.7656528325865],[-80.1969347100125,25.7656526133464],[-80.19693558706,25.7656506680556],[-80.1969377355384,25.7656498530235],[-80.196937902625,25.7656498530235]]]},"properties":{"OBJECTID":324786,"UBID":"CJX6XQXF+X9X-0-0-0-0","UNIQUEID":"D3_MDC_Building_21567","ADDRESS":"161 SW 9 ST","SOURCE":"P","TYPE":"L","BLDG_HEIGHT":17.23598099,"FLOORS":0,"YEAR_BUILT":0,"BLDG_TYPE":"VACANT LAND - COMMERCIAL : VACANT LAND"}},{"type":"Feature","id":325870,"geometry":{"type":"Polygon","coordinates":[[[-80.1922829235526,25.7628729551263],[-80.1922463854767,25.7628651116452],[-80.192244497838,25.7628638757754],[-80.192244129807,25.7628618003126],[-80.1922449005616,25.7628588562766],[-80.1922135816975,25.7628521349101],[-80.192212810943,25.7628550797554],[-80.192211454432,25.7628567840539],[-80.1922091565964,25.7628571225395],[-80.1921437754134,25.7628430892188],[-80.1921418875909,25.7628418529431],[-80.1921415197437,25.7628397770765],[-80.1921422904982,25.7628368330399],[-80.1921128050956,25.7628305048576],[-80.1921122652082,25.7628325622046],[-80.192110909912,25.7628342667609],[-80.1921086126582,25.7628346057981],[-80.1920416405588,25.7628202318758],[-80.1920397531641,25.7628189963777],[-80.1920393848892,25.762816921351],[-80.1920400828801,25.7628142539999],[-80.1920115973025,25.7628081410167],[-80.1920108975149,25.762810812413],[-80.1920095417693,25.7628125171372],[-80.1920072440666,25.7628128560069],[-80.1919398767085,25.7627983963255],[-80.1919379888867,25.762797160049],[-80.1919376210388,25.762795084182],[-80.191938359454,25.7627922639249],[-80.1919076774955,25.7627856800887],[-80.1919068690117,25.7627887648968],[-80.191905512817,25.7627904697891],[-80.1919032146651,25.762790808491],[-80.1918675838877,25.7627831615973],[-80.1918656965144,25.7627819251539],[-80.1918653291163,25.7627798494534],[-80.1918659390724,25.7627775186555],[-80.1918645574635,25.7627772217437],[-80.1918626691687,25.7627759861545],[-80.1918623008955,25.7627739104087],[-80.1918630725483,25.7627709655614],[-80.191859820647,25.7627702665646],[-80.1918579331933,25.7627690310987],[-80.1918575649773,25.7627669560385],[-80.191865330913,25.7627372891242],[-80.1918666870135,25.7627355850479],[-80.1918689843612,25.762735246338],[-80.1918722398558,25.7627359445259],[-80.1918798575694,25.762706843112],[-80.1918766065664,25.7627061457329],[-80.1918747191127,25.7627049102663],[-80.1918743508967,25.7627028352049],[-80.191899271061,25.7626076396868],[-80.1919006271616,25.7626059356087],[-80.1919029245093,25.7626055968984],[-80.1919067288745,25.7626064132048],[-80.1919136656651,25.7625799119664],[-80.1919105296465,25.7625792388574],[-80.1919086420096,25.7625780029835],[-80.1919082739768,25.7625759275168],[-80.1919163390514,25.7625451238739],[-80.1919176948885,25.7625434203663],[-80.1919199916014,25.7625430818935],[-80.191923130315,25.7625437550027],[-80.191924093309,25.7625400755545],[-80.1919254494095,25.7625383714754],[-80.1919277467572,25.762538032765],[-80.1919302180226,25.7625385618677],[-80.1919306599937,25.7625368710043],[-80.1919320153284,25.7625351664996],[-80.1919343125436,25.7625348274056],[-80.1919698984053,25.762542465416],[-80.1919717853508,25.7625437010842],[-80.1919721531766,25.7625457759485],[-80.1919712970822,25.7625490476476],[-80.1920008247056,25.7625553839352],[-80.1920016808001,25.7625521154723],[-80.192003036584,25.7625504108],[-80.1920053342483,25.7625500718739],[-80.1920689017328,25.76256371447],[-80.1920707893142,25.7625649503746],[-80.1920711574025,25.7625670258109],[-80.1920703004097,25.7625702950824],[-80.1920987042406,25.7625763927063],[-80.1920995612334,25.762573122626],[-80.1921009171483,25.7625714181439],[-80.1921032146817,25.762571079028],[-80.1921743944898,25.7625863574707],[-80.1921762821278,25.7625875933439],[-80.1921766501595,25.762589668811],[-80.1921757940651,25.7625929388909],[-80.1922048410898,25.7625991716208],[-80.1922056962859,25.7625959023501],[-80.1922070519373,25.7625941984397],[-80.1922093488358,25.7625938595615],[-80.1922770647403,25.7626083928892],[-80.1922789518715,25.7626096289611],[-80.1922793195117,25.7626117042288],[-80.1922784625189,25.7626149743082],[-80.1923069903173,25.7626210970096],[-80.1923239217638,25.7625564097795],[-80.1923252778644,25.7625547057006],[-80.1923275752121,25.7625543669902],[-80.1923634799757,25.7625620737665],[-80.1923653699333,25.7625633085196],[-80.192365737442,25.7625653851074],[-80.1923657077976,25.762565499989],[-80.1923487790461,25.7626301750788],[-80.1923532185202,25.7626311281102],[-80.1923551063646,25.7626323638688],[-80.1923554741899,25.7626344394492],[-80.1922946771097,25.7628667127024],[-80.1922933201503,25.7628684171697],[-80.1922910218649,25.7628687554863],[-80.192287349552,25.7628679674976],[-80.1922865778992,25.7628709123425],[-80.1922852213884,25.7628726166412],[-80.1922829235526,25.7628729551263]]]},"properties":{"OBJECTID":325870,"UBID":"CHXVX7XX+XWW-0-0-0-0","UNIQUEID":null,"ADDRESS":"1080 BRICKELL AVE","SOURCE":null,"TYPE":null,"BLDG_HEIGHT":null,"FLOORS":0,"YEAR_BUILT":2016,"BLDG_TYPE":"PVT PARK -REC AREA -ROADWAY : COMMON AREA"}},{"type":"Feature","id":330742,"geometry":{"type":"Polygon","coordinates":[[[-80.1961891442593,25.7640255593499],[-80.1961848287527,25.7638643879944],[-80.1961856625132,25.7638624265741],[-80.1961877922948,25.7638615709988],[-80.1962886407619,25.7638593575295],[-80.1962908133854,25.7638601189802],[-80.1962917516277,25.7638620410374],[-80.1962935689195,25.7639299474401],[-80.1963779997764,25.7639280931752],[-80.1963761303823,25.7638583357415],[-80.1963769637118,25.7638563745042],[-80.1963790930261,25.7638555187458],[-80.1964802532086,25.7638532947591],[-80.1964824258176,25.7638540562236],[-80.1964833640744,25.7638559782672],[-80.1964877325816,25.7640190831811],[-80.1964868988048,25.7640210445849],[-80.1964847690395,25.764021900173],[-80.1961923000409,25.7640283253736],[-80.1961922578201,25.7640283245646],[-80.1961900851048,25.7640275646151],[-80.1961891478526,25.7640256426785],[-80.1961891442593,25.7640255593499]]]},"properties":{"OBJECTID":330742,"UBID":"CRX4X4X5+XJR-0-0-0-0","UNIQUEID":"D3_MDC_Building_1617","ADDRESS":"1020 SW 1 AVE","SOURCE":"P","TYPE":"L","BLDG_HEIGHT":19.20000076,"FLOORS":2,"YEAR_BUILT":1958,"BLDG_TYPE":"MULTIFAMILY 10 UNITS PLUS : MULTIFAMILY 3 OR MORE UNITS"}},{"type":"Feature","id":331581,"geometry":{"type":"Polygon","coordinates":[[[-80.1981177562074,25.7651255628332],[-80.1981088979204,25.7648776485634],[-80.1981097141938,25.7648756810269],[-80.1981118363097,25.7648748097486],[-80.1988929223475,25.7648519293355],[-80.1988951014413,25.764852675095],[-80.1988960565696,25.7648545901687],[-80.1988998070359,25.7649595898844],[-80.1988989910256,25.7649615568475],[-80.1988968695449,25.7649624278882],[-80.1988244626381,25.7649645483009],[-80.1988222832803,25.7649638031151],[-80.1988213275177,25.7649618882792],[-80.198820863987,25.7649488729408],[-80.1984737423848,25.7649590381402],[-80.1984755255407,25.7650089612707],[-80.198474708633,25.7650109285689],[-80.1984725862531,25.7650117992733],[-80.1984123048059,25.7650135637213],[-80.1984101250778,25.765012817725],[-80.1984091696856,25.7650109020826],[-80.1984072742403,25.7649578731671],[-80.1982108513153,25.7649636284576],[-80.1982157498285,25.7651006275879],[-80.1982305513694,25.7651001923415],[-80.1982327309132,25.7651009379311],[-80.1982336864898,25.7651028531692],[-80.1982368593393,25.7651917267201],[-80.1982360435142,25.7651936940831],[-80.1982339218484,25.7651945655273],[-80.1981103388181,25.7651981866447],[-80.1981081597252,25.7651974408866],[-80.1981072045961,25.7651955258192],[-80.1981048168741,25.7651286945029],[-80.1981056326982,25.765126727138],[-80.198107754365,25.7651258556941],[-80.1981177562074,25.7651255628332]]]},"properties":{"OBJECTID":331581,"UBID":"CRX6XMX5+XRV-0-0-0-0","UNIQUEID":"D3_MDC_Building_29105","ADDRESS":"244 SW 9 ST","SOURCE":"P","TYPE":"L","BLDG_HEIGHT":35.18999863,"FLOORS":0,"YEAR_BUILT":0,"BLDG_TYPE":"VACANT LAND - COMMERCIAL : VACANT LAND"}},{"type":"Feature","id":331952,"geometry":{"type":"Polygon","coordinates":[[[-80.1976128850514,25.767139571821],[-80.1976066444551,25.7668432481969],[-80.1976074898648,25.7668412912749],[-80.1976096241669,25.7668404458339],[-80.1976994116779,25.766838904696],[-80.1977015792882,25.7668396766832],[-80.1977025063741,25.7668416026985],[-80.1977049803344,25.7669592209861],[-80.1978326695638,25.7669564331878],[-80.1978313131077,25.7668921932679],[-80.1978321583321,25.766890235943],[-80.1978342928195,25.766889390097],[-80.197970937354,25.7668870351099],[-80.1979731049652,25.7668878070959],[-80.1979740320501,25.7668897331113],[-80.1979783376753,25.7670943886766],[-80.1979774923276,25.7670963458919],[-80.1979753579635,25.7670971918426],[-80.1978374072786,25.7670995961743],[-80.1978352393758,25.7670988238833],[-80.1978343125824,25.7670968973686],[-80.1978329201937,25.7670305824526],[-80.1977125405558,25.7670326688506],[-80.1977147647844,25.76713789154],[-80.1977139189569,25.7671398496946],[-80.197711783276,25.767140695514],[-80.1976160417313,25.7671423385812],[-80.1976159815442,25.7671423385812],[-80.1976138134835,25.7671415678429],[-80.1976128877464,25.7671396413945],[-80.1976128850514,25.767139571821]]]},"properties":{"OBJECTID":331952,"UBID":"CVX8X4XV+X2W-0-0-0-0","UNIQUEID":"D3_MDC_Building_7075","ADDRESS":"720 SW 2 AVE","SOURCE":"P","TYPE":"L","BLDG_HEIGHT":15,"FLOORS":1,"YEAR_BUILT":1994,"BLDG_TYPE":"SERVICE STATION : SERVICE STATION - AUTOMOTIVE"}},{"type":"Feature","id":335394,"geometry":{"type":"Polygon","coordinates":[[[-80.1942219173304,25.768105484329],[-80.1943309305851,25.7681026941306],[-80.1943331063778,25.7681034483552],[-80.194334053129,25.7681053670258],[-80.1943383596525,25.7682434684148],[-80.1943375340144,25.7682454329742],[-80.1943354077885,25.7682462966322],[-80.1942263918388,25.7682490811643],[-80.1942242166812,25.7682483271777],[-80.1942232701932,25.7682464090814],[-80.1942189726529,25.7681084622124],[-80.1942189681613,25.7681083109317],[-80.1942197919542,25.7681063469456],[-80.1942219173304,25.768105484329]]]},"properties":{"OBJECTID":335394,"UBID":"C5X4XXXQ+XFR-0-0-0-0","UNIQUEID":"D1_MDC_Building_162","ADDRESS":"42 SW 6 ST","SOURCE":"P","TYPE":"L","BLDG_HEIGHT":21.61811256,"FLOORS":1,"YEAR_BUILT":1949,"BLDG_TYPE":"OFFICE BUILDING - MULTISTORY : OFFICE BUILDING"}},{"type":"Feature","id":339097,"geometry":{"type":"Polygon","coordinates":[[[-80.1964011412765,25.764842752737],[-80.1963896751802,25.7645162075903],[-80.196389668892,25.7645160652042],[-80.1963904854384,25.7645140983384],[-80.1963926081796,25.7645132296168],[-80.1967660558095,25.7645024681372],[-80.1967682346775,25.7645032144353],[-80.1967691891332,25.7645051297872],[-80.1967735926747,25.7646304966736],[-80.1967825048607,25.7646302782405],[-80.1967798206946,25.7645399561379],[-80.196780649589,25.764537993017],[-80.1967827770502,25.7645371326863],[-80.1969395734915,25.7645333125318],[-80.1969385610901,25.7644993097536],[-80.1969385557002,25.7644991544232],[-80.1969393823787,25.7644971910674],[-80.1969415093609,25.7644963309706],[-80.1969417465161,25.7644963269255],[-80.1971733052469,25.7644906719299],[-80.1971754802552,25.7644914287923],[-80.1971764241976,25.7644933489515],[-80.1971794892494,25.7645967083113],[-80.197178661311,25.7645986713918],[-80.1971765346904,25.7645995325705],[-80.1971511258426,25.7646001595545],[-80.1971519729539,25.7646280388972],[-80.1971511459217,25.7646300026907],[-80.1971490192932,25.7646308647737],[-80.1970149071095,25.7646342084174],[-80.197016592349,25.7646896402399],[-80.1970157646735,25.7646916045838],[-80.1970136368917,25.764692466115],[-80.1967875767488,25.764697976288],[-80.1967759741085,25.7646983096005],[-80.1967806633143,25.7648317890348],[-80.196779846267,25.7648337559704],[-80.1967777240267,25.7648346262326],[-80.1964042737019,25.7648454143794],[-80.196402095283,25.7648446679159],[-80.1964011412765,25.764842752737]]]},"properties":{"OBJECTID":339097,"UBID":"CGXQX8X9+X8X-0-0-0-0","UNIQUEID":"D3_MDC_Building_6419","ADDRESS":"955 SW 2 AVE","SOURCE":"P","TYPE":"L","BLDG_HEIGHT":25.5,"FLOORS":14,"YEAR_BUILT":1997,"BLDG_TYPE":"MULTIFAMILY 10 UNITS PLUS : MULTIFAMILY 3 OR MORE UNITS"}},{"type":"Feature","id":339258,"geometry":{"type":"Polygon","coordinates":[[[-80.1959138294894,25.7672008870945],[-80.1959119160778,25.7671996841208],[-80.1959118343311,25.7671996323452],[-80.1959099667336,25.7671983727418],[-80.1959098876819,25.7671983185392],[-80.1959080578137,25.7671969998793],[-80.1959079895417,25.7671969472947],[-80.1959062162673,25.7671955792861],[-80.1959061417071,25.7671955194206],[-80.1959044196367,25.7671941012544],[-80.1959043486698,25.7671940405799],[-80.1959026769051,25.76719256902],[-80.1959026059382,25.7671925051095],[-80.195900989869,25.7671909866281],[-80.195900921597,25.7671909202906],[-80.1958993621217,25.7671893548874],[-80.1958993181043,25.7671893095838],[-80.195899297443,25.767189286932],[-80.1958977945615,25.7671876754161],[-80.1958977307811,25.7671876050337],[-80.1958962880868,25.7671859506412],[-80.1958962270014,25.7671858786407],[-80.1958948453924,25.7671841813715],[-80.1958948229346,25.7671841522477],[-80.1958947879003,25.7671841077531],[-80.1958934682751,25.7671823700341],[-80.1958934134779,25.7671822956067],[-80.1958921567348,25.767180519865],[-80.1958921037342,25.7671804430106],[-80.1958909089749,25.7671786260102],[-80.1958908640591,25.7671785523918],[-80.1958897393684,25.7671767062676],[-80.195889692656,25.7671766261771],[-80.1958886353389,25.7671747476931],[-80.1958885949147,25.7671746716477],[-80.1958876031746,25.76717275595],[-80.1958875627504,25.7671726742416],[-80.1958866428756,25.767170736701],[-80.1958866060447,25.7671706533746],[-80.195885758035,25.7671686891371],[-80.1958857373738,25.7671686381705],[-80.1958857238991,25.7671686050017],[-80.1958849477546,25.7671666156855],[-80.1958849163136,25.7671665307411],[-80.1958842120344,25.7671645211999],[-80.1958841841867,25.7671644338285],[-80.1958835517727,25.7671624040625],[-80.1958835445862,25.7671623749387],[-80.1958835275182,25.7671623166911],[-80.195882971461,25.7671602691272],[-80.1958829490031,25.7671601801378],[-80.1958824666078,25.7671581180119],[-80.1958824477432,25.7671580290225],[-80.1958820408064,25.7671559499077],[-80.195882025535,25.7671558641543],[-80.1958816940567,25.7671537761405],[-80.1958816733954,25.7671536151507],[-80.1958816644123,25.7671534687228],[-80.1958718988268,25.766860771054],[-80.1958639011259,25.7668608883584],[-80.1958617280533,25.7668601043648],[-80.1958608136162,25.7668581636595],[-80.1958604569851,25.7668234447765],[-80.1958604533918,25.7668232417184],[-80.1958613106431,25.7668212978432],[-80.1958634411884,25.7668204652428],[-80.1958636442077,25.7668204644338],[-80.1958705513539,25.7668203641183],[-80.1958642523671,25.766631557964],[-80.1958650731024,25.7666295916324],[-80.1958671970446,25.7666287232361],[-80.195891168588,25.766628067948],[-80.1958877927191,25.7665269059786],[-80.195865371668,25.7665275191994],[-80.1958631937209,25.7665267690059],[-80.1958622419375,25.7665248519317],[-80.1958602584574,25.7664654107591],[-80.1958604641716,25.7664643275098],[-80.1958612178581,25.7664625792633],[-80.1958612618755,25.7664624821834],[-80.1958620874273,25.7664607614429],[-80.1958621368346,25.7664606659811],[-80.1958630378449,25.7664589654655],[-80.1958630863539,25.7664588805206],[-80.1958640538395,25.766457222073],[-80.195864109535,25.7664571306561],[-80.1958651461908,25.7664555045683],[-80.1958651785302,25.7664554568374],[-80.195865206378,25.7664554147695],[-80.1958663113058,25.7664538283227],[-80.1958663750861,25.7664537393328],[-80.1958675446926,25.7664521917179],[-80.195867608473,25.7664521092],[-80.1958688481481,25.7664505987991],[-80.1958689182167,25.7664505154722],[-80.1958702144857,25.7664490519931],[-80.1958702908425,25.7664489719023],[-80.1958716580783,25.7664475452326],[-80.195871725452,25.7664474768722],[-80.1958731420952,25.7664461072371],[-80.1958732229435,25.7664460320001],[-80.1958746961806,25.7664447125229],[-80.1958747464863,25.7664446672189],[-80.1958747797239,25.766444639713],[-80.1958763077582,25.7664433720116],[-80.1958763948948,25.7664433016287],[-80.1958779741331,25.7664420881302],[-80.195878062168,25.7664420226013],[-80.1958796935085,25.7664408616878],[-80.195879786035,25.7664407993949],[-80.195881464088,25.7664396975383],[-80.1958815584111,25.7664396360543],[-80.1958832813798,25.7664385932547],[-80.1958833119225,25.7664385746477],[-80.1958833774995,25.7664385366247],[-80.1958851435874,25.7664375528819],[-80.1958852441987,25.766437500297],[-80.1958870489141,25.7664365788471],[-80.1958871171861,25.7664365448692],[-80.1958871504237,25.7664365286892],[-80.1958889928684,25.7664356695323],[-80.1958890970729,25.7664356234193],[-80.1958909745519,25.7664348281733],[-80.1958910796548,25.7664347869143],[-80.1958929912697,25.7664340563882],[-80.1958930972709,25.7664340183653],[-80.1958950367336,25.7664333557951],[-80.1958951463281,25.7664333201991],[-80.1958971100453,25.7664327239668],[-80.1958971540627,25.7664327118318],[-80.1958972205381,25.7664326932249],[-80.1958992094081,25.7664321649485],[-80.1958993216975,25.7664321382515],[-80.1959013303305,25.7664316795491],[-80.1959014300435,25.7664316585151],[-80.1959034710158,25.7664312669596],[-80.1959040091067,25.7664312079026],[-80.1961360385547,25.766424861305],[-80.1961382154175,25.7664256114294],[-80.1961391664885,25.7664275277659],[-80.1961617770842,25.7671052664165],[-80.1961630490986,25.7671049751784],[-80.1961661518796,25.7671049047959],[-80.196155015465,25.7667712022065],[-80.1961558397778,25.7667692339242],[-80.1961579691257,25.7667683691],[-80.1962051207966,25.7667671839198],[-80.1961978309681,25.766548770776],[-80.1961903551883,25.7665489770706],[-80.196188177324,25.76654822738],[-80.1961872254579,25.7665463106123],[-80.1961840023026,25.7664497355972],[-80.1961848261662,25.7664477674773],[-80.196186955065,25.766446902483],[-80.1963042732444,25.7664439552998],[-80.1963064459374,25.7664447075704],[-80.1963073948901,25.7664466217604],[-80.1963084971229,25.7664796410473],[-80.1963092957252,25.7665035590918],[-80.1963106090621,25.7665429079656],[-80.196318760375,25.7667871548119],[-80.1963179365115,25.7667891229261],[-80.1963158076127,25.766789987918],[-80.1962652971409,25.7667912572336],[-80.196275776887,25.7671051652922],[-80.196278876973,25.7671981098188],[-80.1962780526603,25.767200078094],[-80.1962759233124,25.7672009429151],[-80.1961663189662,25.76720369673],[-80.1961641465368,25.7672029438925],[-80.196163198219,25.7672010294774],[-80.1961630526919,25.7671966932706],[-80.1961618013387,25.7671969828904],[-80.1961599220631,25.767197034666],[-80.1961578442599,25.7671978857275],[-80.1960179918415,25.7672027922749],[-80.1960150265027,25.7672009987357],[-80.1959196047583,25.7672036093586],[-80.1959179473666,25.7672032169966],[-80.1959159522084,25.767202129709],[-80.1959158659701,25.7672020827873],[-80.1959139121343,25.7672009380611],[-80.1959138726085,25.7672009146003],[-80.1959138294894,25.7672008870945]]]},"properties":{"OBJECTID":339258,"UBID":"CPX7XVX9+XQV-0-0-0-0","UNIQUEID":"D3_MDC_Building_2226","ADDRESS":"128 SW 7 ST","SOURCE":"P","TYPE":"L","BLDG_HEIGHT":250,"FLOORS":0,"YEAR_BUILT":0,"BLDG_TYPE":"VACANT LAND - COMMERCIAL : EXTRA FEA OTHER THAN PARKING"}},{"type":"Feature","id":345154,"geometry":{"type":"Polygon","coordinates":[[[-80.189794138363,25.7672006500594],[-80.1894711994082,25.767131708397],[-80.1894457977469,25.7672292601215],[-80.1894444431985,25.7672309662354],[-80.189442145197,25.7672313068753],[-80.1890497511994,25.7671475379867],[-80.1890342965833,25.7671442389085],[-80.1884371549729,25.767016755919],[-80.1883670432616,25.7670017878917],[-80.1883166396893,25.7669910266377],[-80.1883147508911,25.7669897931559],[-80.1883143804264,25.7669877186562],[-80.1884372403128,25.76651587124],[-80.1884385943842,25.766514165378],[-80.1884408919645,25.7665138252829],[-80.1884913152997,25.7665245881982],[-80.1885605340856,25.7665393669801],[-80.189159863992,25.7666673148468],[-80.1891893341232,25.7666736080377],[-80.1895868125853,25.7667584621255],[-80.1895890727466,25.7667605096964],[-80.1896029741756,25.766814104104],[-80.1901315896011,25.7669273433255],[-80.1901334770646,25.7669285778911],[-80.1901338470674,25.7669306521177],[-80.1901299753286,25.7669455246925],[-80.1900500603026,25.7672524572018],[-80.1900487061253,25.7672541641218],[-80.1900464077526,25.7672545055732],[-80.189794138363,25.7672006500594]]]},"properties":{"OBJECTID":345154,"UBID":"CRXPX8X9+XFW-0-0-0-0","UNIQUEID":"D1_MDC_Building_426","ADDRESS":"701 BRICKELL AVE","SOURCE":"P","TYPE":"L","BLDG_HEIGHT":444.86410522,"FLOORS":32,"YEAR_BUILT":1986,"BLDG_TYPE":"OFFICE BUILDING - MULTISTORY : OFFICE BUILDING"}},{"type":"Feature","id":345585,"geometry":{"type":"Polygon","coordinates":[[[-80.197835858583,25.7673320241072],[-80.1978380422297,25.7673327480153],[-80.1978390206528,25.7673346492892],[-80.197857193571,25.7677031490204],[-80.1978564038848,25.7677051253457],[-80.1978542938093,25.7677060201272],[-80.1976807743307,25.7677130348824],[-80.1976785847852,25.7677123137131],[-80.1976776041761,25.7677104088998],[-80.197676726522,25.7676926111114],[-80.197659440241,25.7673420167872],[-80.1976594357494,25.7673419108091],[-80.1976602261912,25.7673399310931],[-80.1976623417994,25.7673390388845],[-80.197835858583,25.7673320241072]]]},"properties":{"OBJECTID":345585,"UBID":"CCXWXGXH+X6X-0-0-0-0","UNIQUEID":"D3_MDC_Building_5107","ADDRESS":"640 SW 2 AVE","SOURCE":"P","TYPE":"L","BLDG_HEIGHT":122.16000366,"FLOORS":10,"YEAR_BUILT":2002,"BLDG_TYPE":"WAREHOUSE TERMINAL OR STG : WAREHOUSE OR STORAGE"}},{"type":"Feature","id":346087,"geometry":{"type":"Polygon","coordinates":[[[-80.1967113214592,25.7649791703293],[-80.1968091093661,25.7649763582142],[-80.1968112884202,25.7649771049138],[-80.1968122426898,25.7649790206627],[-80.1968193824997,25.7651827515907],[-80.1968185651884,25.7651847190918],[-80.1968164423138,25.7651855895891],[-80.196718651712,25.7651884000812],[-80.1967164728439,25.7651876537875],[-80.1967155183882,25.7651857384465],[-80.1967083884598,25.7649821482912],[-80.1967083821716,25.7649820059056],[-80.1967091987181,25.7649800390475],[-80.1967113214592,25.7649791703293]]]},"properties":{"OBJECTID":346087,"UBID":"C2XMXJX5+XWW-0-0-0-0","UNIQUEID":"D3_MDC_Building_13989","ADDRESS":"152 SW 9 ST","SOURCE":"P","TYPE":"L","BLDG_HEIGHT":27.39999962,"FLOORS":3,"YEAR_BUILT":1968,"BLDG_TYPE":"MULTIFAMILY 2-9 UNITS : MULTIFAMILY 3 OR MORE UNITS"}},{"type":"Feature","id":349515,"geometry":{"type":"Polygon","coordinates":[[[-80.1906468255189,25.7592090966612],[-80.1906476349009,25.7592091670484],[-80.1910140621969,25.7592867142984],[-80.1913033367864,25.7593479333062],[-80.1913052297,25.7593491670245],[-80.1913056005409,25.7593512447367],[-80.1912786349127,25.7594545187691],[-80.1911341013734,25.7600080323631],[-80.1911327542117,25.7600097323837],[-80.1911304676881,25.7600100808595],[-80.1909334527732,25.759969279206],[-80.1909315291338,25.7599680195794],[-80.1909311935103,25.759965899024],[-80.1909312060867,25.7599658504814],[-80.1910280229147,25.7596323147134],[-80.1905224932937,25.7595214171943],[-80.1905213712979,25.7595209341937],[-80.1904430373068,25.7594670905433],[-80.1904418697456,25.7594653027751],[-80.1904424129776,25.7594632872157],[-80.190644480916,25.7592102341831],[-80.1906468255189,25.7592090966612]]]},"properties":{"OBJECTID":349515,"UBID":"CCX6XGXF+XHR-0-0-0-0","UNIQUEID":"D1_MDC_Building_118","ADDRESS":null,"SOURCE":"P","TYPE":"L","BLDG_HEIGHT":301,"FLOORS":0,"YEAR_BUILT":0,"BLDG_TYPE":"REFERENCE FOLIO"}},{"type":"Feature","id":351944,"geometry":{"type":"Polygon","coordinates":[[[-80.1883844130859,25.770872225368],[-80.1883832587508,25.7708389678482],[-80.1883001439258,25.7708413348914],[-80.1882155666434,25.7708523619471],[-80.1882155217277,25.7708523676099],[-80.1882152684028,25.7708523878341],[-80.1881874017643,25.7708535074471],[-80.1877750328281,25.7708700775559],[-80.1877749456915,25.7708700799828],[-80.1877327347546,25.7708705645551],[-80.1877318876433,25.7708704650519],[-80.1877294693786,25.7708698615612],[-80.1877293750555,25.7708698372921],[-80.1877269792486,25.7708691642301],[-80.1877269226547,25.7708691472418],[-80.1877268885188,25.7708691375342],[-80.1877245160681,25.7708683949008],[-80.1877244244399,25.7708683657779],[-80.1877220807354,25.7708675560001],[-80.1877219909038,25.7708675236414],[-80.1877196768437,25.7708666467192],[-80.1877196382161,25.7708666321578],[-80.1877195879105,25.7708666127425],[-80.1877173052913,25.7708656702938],[-80.1877172181547,25.7708656322723],[-80.1877149705699,25.7708646242972],[-80.1877148834333,25.7708645846577],[-80.187712660103,25.7708635071112],[-80.1877125873394,25.7708634698987],[-80.1877105221126,25.7708623915432],[-80.187611561006,25.7708664307245],[-80.1876093709851,25.7708657106693],[-80.1876083890547,25.7708638064297],[-80.187608090814,25.7708578330037],[-80.1875724348838,25.7708592891476],[-80.1874657509606,25.770863642209],[-80.1874644016911,25.7708634181246],[-80.1874626158403,25.7708627135128],[-80.1874625080424,25.7708626682105],[-80.187460754531,25.7708619013081],[-80.1874606467332,25.7708618527699],[-80.1874589291544,25.7708610235769],[-80.1874589004083,25.7708610098244],[-80.1874588240515,25.7708609709939],[-80.1874571433036,25.7708600811282],[-80.1874570399973,25.7708600253093],[-80.1874553996736,25.7708590763888],[-80.1874553448764,25.7708590440301],[-80.1874552999606,25.7708590157162],[-80.1874537009594,25.7708580093589],[-80.1874536048397,25.7708579454504],[-80.1874520516525,25.7708568832743],[-80.1874519654143,25.7708568209837],[-80.1874504508547,25.7708556981348],[-80.1874503592265,25.7708556269456],[-80.1874489030575,25.7708544571766],[-80.1874488159209,25.7708543835604],[-80.1874474082608,25.7708531579725],[-80.1874473274125,25.7708530843564],[-80.1874459790412,25.7708518134662],[-80.1874458963962,25.7708517341873],[-80.1874446028222,25.7708504163769],[-80.1874445740761,25.770850386445],[-80.1874445264654,25.7708503322441],[-80.1874432912819,25.7708489707494],[-80.1874432167217,25.7708488849987],[-80.1874420417253,25.7708474782018],[-80.1874419977079,25.7708474231919],[-80.1874419716567,25.7708473908331],[-80.1874408595424,25.7708459435877],[-80.1874407939654,25.7708458529831],[-80.1874397456315,25.7708443669072],[-80.1874396854443,25.7708442787295],[-80.1874387017891,25.7708427522051],[-80.1874386425003,25.7708426583647],[-80.187437727117,25.7708411019084],[-80.1874376723198,25.7708410040231],[-80.1874368207169,25.7708394087363],[-80.1874367758011,25.7708393189408],[-80.1874359978601,25.7708377018117],[-80.187435952046,25.7708376023085],[-80.1874352468685,25.7708359592925],[-80.1874352271056,25.7708359123722],[-80.187435205546,25.7708358565534],[-80.1874345722337,25.7708341900772],[-80.1874345354028,25.7708340865292],[-80.1874339748541,25.7708323982108],[-80.1874339505996,25.7708323213587],[-80.1874339416164,25.7708322930448],[-80.1874334556278,25.7708305869291],[-80.1874334268817,25.7708304809541],[-80.1874330163517,25.77082875785],[-80.1874329929955,25.7708286518751],[-80.1874326561272,25.7708269150185],[-80.1874326372626,25.7708268082346],[-80.1874323776495,25.7708250600524],[-80.1874323650731,25.7708249532685],[-80.1874321800201,25.7708231978055],[-80.1874321773252,25.7708231670647],[-80.1874321719353,25.7708230902126],[-80.1874320623408,25.7708213290869],[-80.1874320587476,25.770821220685],[-80.1874320282048,25.7708194579413],[-80.1874320273065,25.7708193972686],[-80.1874320291032,25.7708193495394],[-80.1874320749172,25.7708175867957],[-80.1874320803071,25.7708174783938],[-80.187432202478,25.7708157188859],[-80.1874322114612,25.7708156210006],[-80.1874324126838,25.7708138566389],[-80.1874324270568,25.770813749855],[-80.1874327028396,25.7708120032905],[-80.1874327226026,25.7708118973156],[-80.1874330747422,25.7708101572228],[-80.1874330980984,25.7708100569106],[-80.1874335238998,25.7708083362332],[-80.1874335526459,25.7708082310672],[-80.1874340539058,25.770806527378],[-80.1874340664822,25.7708064877385],[-80.1874340862452,25.770806423021],[-80.1874346629636,25.770804738747],[-80.1874347006928,25.7708046360079],[-80.1874353492765,25.7708029727672],[-80.1874353762259,25.7708029072407],[-80.187435390599,25.770802871646],[-80.1874361110478,25.7708012342923],[-80.1874361568619,25.7708011339801],[-80.187436949176,25.7707995233223],[-80.187436997685,25.7707994278639],[-80.1874378600677,25.7707978430931],[-80.1874379148649,25.7707977468258],[-80.1874388446212,25.7707961968406],[-80.1874389030117,25.7707961030002],[-80.1874399055316,25.770794579711],[-80.1874399621254,25.7707944955782],[-80.1874410230358,25.7707930175913],[-80.1874410904095,25.7707929277957],[-80.1874422159985,25.7707914878303],[-80.1874422483378,25.7707914465729],[-80.1874422869654,25.7707914012706],[-80.1874434727416,25.7707900033716],[-80.1874435473017,25.7707899184298],[-80.1874447941634,25.7707885634062],[-80.1874448507572,25.7707885019245],[-80.1874448723168,25.7707884817003],[-80.1874461766706,25.7707871727879],[-80.1874462584173,25.7707870935089],[-80.1874476193649,25.7707858323257],[-80.1874477047049,25.7707857562825],[-80.1874491204498,25.7707845436375],[-80.1874501265629,25.7707839716961],[-80.1877455770699,25.7706821418237],[-80.1877287255735,25.7706420557323],[-80.1877287908936,25.770639953721],[-80.1877304835765,25.7706385051614],[-80.1887626388548,25.7702826725418],[-80.1887636027471,25.7702824945678],[-80.1887665608994,25.7702842646002],[-80.1888021045402,25.7703688184049],[-80.188826553089,25.7703603201516],[-80.188829328454,25.7703606003012],[-80.1888306781528,25.7703628020784],[-80.1888309242912,25.770369891102],[-80.1888476347521,25.7703694178533],[-80.188849813376,25.7703701646684],[-80.1888507671775,25.7703720801807],[-80.1888550826841,25.7704962249865],[-80.1888559567449,25.7705214713612],[-80.1888559621348,25.7705216137401],[-80.1888559666263,25.7705217172884],[-80.1888664095415,25.7708224600257],[-80.1888655918041,25.7708244276203],[-80.1888634684573,25.7708252978893],[-80.1888525916558,25.7708256061065],[-80.188853227663,25.7708439195473],[-80.1888524089208,25.7708458860979],[-80.1888502856805,25.7708467549835],[-80.1887858791696,25.770848589725],[-80.1887837003604,25.7708478425076],[-80.1887827467442,25.7708459265993],[-80.1887821107369,25.7708276115409],[-80.1885879749226,25.7708331392264],[-80.188588947798,25.7708611894155],[-80.1885889531879,25.770861332603],[-80.1885881372973,25.7708632996174],[-80.1885860147986,25.7708641688477],[-80.18851817313,25.7708660998563],[-80.1885159943201,25.7708653526397],[-80.1885150407047,25.7708634367309],[-80.1885140624393,25.7708352433549],[-80.1884347834205,25.7708375003784],[-80.1884359332641,25.7708706155201],[-80.188435938654,25.7708707587076],[-80.1884351221297,25.7708727254868],[-80.1884329993664,25.7708735941431],[-80.1883875464096,25.7708748876842],[-80.1883853673357,25.7708741410406],[-80.1883844130859,25.770872225368]],[[-80.1877587418804,25.7707134562419],[-80.1877539475718,25.7707020538113],[-80.1877549509899,25.7707151227198],[-80.1877587418804,25.7707134562419]]]},"properties":{"OBJECTID":351944,"UBID":"CJXPXGXJ+XMW-0-0-0-0","UNIQUEID":null,"ADDRESS":"270 BISCAYNE BOULEVARD ","SOURCE":null,"TYPE":null,"BLDG_HEIGHT":null,"FLOORS":0,"YEAR_BUILT":2008,"BLDG_TYPE":"HOTEL OR MOTEL : COMMERCIAL - TOTAL VALUE"}},{"type":"Feature","id":353077,"geometry":{"type":"Polygon","coordinates":[[[-80.1979412983395,25.7604719147617],[-80.1979427746222,25.7604722022762],[-80.1979439133353,25.7604730959596],[-80.1979982057144,25.7605440390067],[-80.1979986983864,25.7605460951381],[-80.1979974403498,25.7605478673799],[-80.1978376210776,25.76064816311],[-80.1978353466633,25.7606486090218],[-80.1978333927076,25.7606474697641],[-80.1977791263796,25.7605765631855],[-80.1977790985318,25.7605765259697],[-80.1977786054752,25.7605744702857],[-80.1977798647948,25.7605726992155],[-80.1977799357617,25.7605726531002],[-80.1979396849653,25.7604724018036],[-80.1979412983395,25.7604719147617]]]},"properties":{"OBJECTID":353077,"UBID":"CCX9XPXG+XVW-0-0-0-0","UNIQUEID":"D1_MDC_Building_117","ADDRESS":"222 SW 15 RD","SOURCE":"P","TYPE":"L","BLDG_HEIGHT":25,"FLOORS":2,"YEAR_BUILT":1953,"BLDG_TYPE":"PROFESSIONAL SERVICE BLDG : OFFICE BUILDING"}},{"type":"Feature","id":360375,"geometry":{"type":"Polygon","coordinates":[[[-80.1891221428349,25.76822538028],[-80.1891229369456,25.7682254474259],[-80.1891684950052,25.7682348705039],[-80.1891695681185,25.7682353042417],[-80.189170379728,25.7682360709514],[-80.1891708095236,25.7682370569788],[-80.1891707937941,25.7682381161587],[-80.1891669993103,25.7682545272623],[-80.1891632048265,25.7682709383636],[-80.1891627356854,25.7682719343079],[-80.1891618744748,25.7682726885568],[-80.1891607559121,25.7682730831247],[-80.1891595549715,25.7682730562903],[-80.1891133878541,25.7682635086313],[-80.1891123042443,25.7682630678431],[-80.189111489389,25.7682622880432],[-80.1891110665963,25.7682612872348],[-80.1891110998451,25.768260216865],[-80.1891151746032,25.7682439691776],[-80.1891151979595,25.7682438680542],[-80.1891152356887,25.7682437280995],[-80.1891192969721,25.7682275200501],[-80.1891196687946,25.76822669177],[-80.1891203165609,25.7682260151081],[-80.1891211714974,25.7682255619058],[-80.1891221428349,25.76822538028]]]},"properties":{"OBJECTID":360375,"UBID":"C7X2X2XH+X4R-0-0-0-0","UNIQUEID":"D1_MDC_Building_169","ADDRESS":"501 BRICKELL AVE","SOURCE":"P","TYPE":"L","BLDG_HEIGHT":608.23730469,"FLOORS":0,"YEAR_BUILT":0,"BLDG_TYPE":"VACANT GOVERNMENTAL : EXTRA FEA OTHER THAN PARKING"}},{"type":"Feature","id":361636,"geometry":{"type":"Polygon","coordinates":[[[-80.1970003840463,25.7695913288543],[-80.1970006553375,25.7695913304723],[-80.1970008906961,25.7695913490788],[-80.1970264603424,25.7695943487673],[-80.1970275859538,25.769594694501],[-80.1970284793337,25.7695954014546],[-80.1970290047934,25.7695963622543],[-80.1970290825247,25.7695974309715],[-80.1970211468075,25.7696529033519],[-80.1970211324344,25.7696529931484],[-80.1970207581229,25.7696540085932],[-80.1970199798268,25.7696548169885],[-80.1970189166787,25.7696552945946],[-80.1970177314128,25.7696553683051],[-80.1970176954802,25.7696553634512],[-80.1969921617665,25.769652369427],[-80.1969910360161,25.7696520243144],[-80.1969901422455,25.7696513178859],[-80.1969896162036,25.7696503574363],[-80.1969895377876,25.7696492888422],[-80.1969974878778,25.7695937250456],[-80.1969978036546,25.7695928106887],[-80.1969984491186,25.7695920497428],[-80.1969993456497,25.7695915348944],[-80.1970003840463,25.7695913288543]]]},"properties":{"OBJECTID":361636,"UBID":"CHX5XJX5+XXW-0-0-0-0","UNIQUEID":null,"ADDRESS":"122 SW 3 ST","SOURCE":null,"TYPE":null,"BLDG_HEIGHT":null,"FLOORS":2,"YEAR_BUILT":1946,"BLDG_TYPE":"UTILITY : UTILITY"}},{"type":"Feature","id":361929,"geometry":{"type":"Polygon","coordinates":[[[-80.1968964929854,25.760546049469],[-80.196896694208,25.7605460486599],[-80.1969688513832,25.7605478503901],[-80.196970009527,25.7605480913323],[-80.1969709772681,25.7605487129198],[-80.1969716074212,25.7605496206145],[-80.1969718041455,25.7605506763638],[-80.1969707405403,25.7605856219942],[-80.196970736947,25.760585681054],[-80.1969704772809,25.7605867252044],[-80.1969697930909,25.7605875999876],[-80.196968788872,25.7605881717998],[-80.1969676179963,25.7605883533094],[-80.1969675470294,25.7605883533094],[-80.1968954608211,25.7605865531979],[-80.1968943025402,25.7605863120694],[-80.1968933347512,25.7605856902632],[-80.1968927046463,25.7605847823502],[-80.1968925080588,25.7605837264161],[-80.196893574359,25.7605487233433],[-80.1968938145762,25.7605477204181],[-80.1968944471783,25.760546867149],[-80.1968953836563,25.7605462829189],[-80.1968964929854,25.760546049469]]]},"properties":{"OBJECTID":361929,"UBID":"CCXJX5X5+XGW-0-0-0-0","UNIQUEID":null,"ADDRESS":"199 SW 14 ST","SOURCE":null,"TYPE":null,"BLDG_HEIGHT":null,"FLOORS":1,"YEAR_BUILT":1985,"BLDG_TYPE":"UTILITY : UTILITY"}},{"type":"Feature","id":362241,"geometry":{"type":"Polygon","coordinates":[[[-80.1981616209427,25.7608393063806],[-80.197908790106,25.7606933025928],[-80.1979073873227,25.7606911009151],[-80.1979085745104,25.7606887986774],[-80.1981770027953,25.7605023500204],[-80.1981792499086,25.7605018057749],[-80.1981812617081,25.7605028589063],[-80.1982428870349,25.7605756012382],[-80.1982434891543,25.7605776342111],[-80.1982423255879,25.7605794587358],[-80.1980699182236,25.7606992247518],[-80.1981139859782,25.7607512345639],[-80.1982893236469,25.7606294193057],[-80.1982915714572,25.7606288744159],[-80.1982935843563,25.7606299273819],[-80.1983557540621,25.7607033314292],[-80.1983563563667,25.7607053648044],[-80.1983551926151,25.7607071897317],[-80.1981651899493,25.7608391809799],[-80.19816515761,25.7608392012058],[-80.1981616775366,25.7608393379331],[-80.1981616209427,25.7608393063806]]]},"properties":{"OBJECTID":362241,"UBID":"CGXHXVX9+X6R-0-0-0-0","UNIQUEID":"D1_MDC_Building_64","ADDRESS":null,"SOURCE":"P","TYPE":"L","BLDG_HEIGHT":35,"FLOORS":0,"YEAR_BUILT":0,"BLDG_TYPE":"REFERENCE FOLIO"}},{"type":"Feature","id":363234,"geometry":{"type":"Polygon","coordinates":[[[-80.1915779957862,25.7641303276116],[-80.1916216826551,25.7639781291925],[-80.1915651516743,25.7639645385359],[-80.1915633012251,25.7639632570048],[-80.1915629939209,25.7639611730299],[-80.1915689416664,25.7639408853371],[-80.1915748903102,25.7639205976408],[-80.1915762983097,25.7639189263755],[-80.1915786066406,25.7639186446758],[-80.1916348735167,25.7639321698073],[-80.1916831471835,25.763763987382],[-80.1916845523646,25.7637623053746],[-80.1916868680053,25.7637620198521],[-80.1919790872723,25.7638322659885],[-80.1919809377214,25.7638335475211],[-80.1919812450257,25.7638356314982],[-80.1919489263367,25.7639458640216],[-80.1919776921887,25.7639527778719],[-80.1919795426378,25.7639540594031],[-80.191979849942,25.7639561433781],[-80.1919392820238,25.7640945165695],[-80.1919378742101,25.7640961882359],[-80.1919355656935,25.7640964703407],[-80.1919138381417,25.764091245722],[-80.1918810145995,25.7642032141525],[-80.1918796067859,25.7642048858174],[-80.1918772982692,25.7642051679219],[-80.1915802245064,25.7641337545979],[-80.1915801409631,25.7641337335635],[-80.1915782943967,25.7641324603313],[-80.1915779805148,25.7641303850516],[-80.1915779957862,25.7641303276116]]]},"properties":{"OBJECTID":363234,"UBID":"CVX6XHXJ+XQX-0-0-0-0","UNIQUEID":"D1_MDC_Building_102","ADDRESS":"1000 BRICKELL AVE","SOURCE":"P","TYPE":"L","BLDG_HEIGHT":146.03831482,"FLOORS":0,"YEAR_BUILT":0,"BLDG_TYPE":"REFERENCE FOLIO"}},{"type":"Feature","id":364754,"geometry":{"type":"Polygon","coordinates":[[[-80.1973262209662,25.7599494827293],[-80.1973276928031,25.7599497685099],[-80.1973288305721,25.759950656651],[-80.1974387376504,25.7600931743801],[-80.1974392381191,25.760095229076],[-80.1974379866589,25.760097005195],[-80.1973725749331,25.7601383715158],[-80.197370302133,25.7601388245573],[-80.1973683438682,25.7601376911116],[-80.1972584592476,25.7599952001343],[-80.1972584376881,25.7599951710088],[-80.1972579362958,25.7599931169144],[-80.1972591886797,25.7599913418087],[-80.1972592686297,25.7599912900299],[-80.1973245995071,25.7599499762457],[-80.1973262209662,25.7599494827293]]]},"properties":{"OBJECTID":364754,"UBID":"CVX3X6XC+XFX-0-0-0-0","UNIQUEID":"D1_MDC_Building_151","ADDRESS":"1511 SW 2 AVE","SOURCE":"P","TYPE":"L","BLDG_HEIGHT":11.98999977,"FLOORS":0,"YEAR_BUILT":0,"BLDG_TYPE":"VACANT LAND - COMMERCIAL : VACANT LAND"}},{"type":"Feature","id":367109,"geometry":{"type":"Polygon","coordinates":[[[-80.1934099921289,25.7661855656067],[-80.1934048142396,25.7659898989146],[-80.1934055463665,25.7659880398278],[-80.193429726319,25.7659625732492],[-80.1934319577342,25.7659616161996],[-80.1935035920899,25.7659600629153],[-80.1935057644656,25.7659608249103],[-80.1935067020574,25.7659627471847],[-80.193506871839,25.7659691552912],[-80.1937934245331,25.7659629373002],[-80.1937934703472,25.7659629373002],[-80.1937956421407,25.7659636981747],[-80.1937965785181,25.7659656199516],[-80.1937965803147,25.7659657032788],[-80.1937973699339,25.7659954777925],[-80.1938368140597,25.7659946218684],[-80.1938389860642,25.7659953830533],[-80.1938399240272,25.7659973045191],[-80.1938432630651,25.7661234683136],[-80.1938424285032,25.7661254290722],[-80.1938402986247,25.7661262836375],[-80.1935921174679,25.7661316699669],[-80.1935934388897,25.7661815861321],[-80.193592604513,25.7661835472935],[-80.1935904744492,25.7661844022637],[-80.193413101198,25.7661882506801],[-80.1934109290862,25.7661874881137],[-80.1934099921289,25.7661855656067]]]},"properties":{"OBJECTID":367109,"UBID":"C2XRX7XW+X2R-0-0-0-0","UNIQUEID":null,"ADDRESS":"10 SW 8 ST","SOURCE":null,"TYPE":null,"BLDG_HEIGHT":20,"FLOORS":1,"YEAR_BUILT":1997,"BLDG_TYPE":"STORE : RETAIL OUTLET"}},{"type":"Feature","id":368269,"geometry":{"type":"Polygon","coordinates":[[[-80.1988900899594,25.7666289182045],[-80.1988878441712,25.7665504033345],[-80.1988750494667,25.7665506881018],[-80.1988728772197,25.7665499277975],[-80.1988719377025,25.7665480070817],[-80.1988696371171,25.7664650030238],[-80.1988704626033,25.7664630472959],[-80.1988725790996,25.7664621844719],[-80.198994267583,25.7664587818227],[-80.1989964515615,25.7664595358514],[-80.1989973982117,25.7664614620359],[-80.1989996080673,25.7665405861405],[-80.1989987821338,25.7665425420355],[-80.1989966651864,25.7665434046906],[-80.198978585693,25.7665439086965],[-80.1989805044945,25.766612591821],[-80.1989872616221,25.7666124373024],[-80.1989984375625,25.7666121832771],[-80.1990006113414,25.7666129432289],[-80.1990015511233,25.7666148651048],[-80.1990021017905,25.7666351547676],[-80.1990012707483,25.7666371150988],[-80.1989991445366,25.7666379733154],[-80.1989879874608,25.7666382386666],[-80.1989804865282,25.7666384142191],[-80.1989811737394,25.7666632140388],[-80.1989804901214,25.7666650237661],[-80.1989673962779,25.7666795331344],[-80.1989651199469,25.7666805435721],[-80.1989324239655,25.7666812846137],[-80.1988946201634,25.7666821413418],[-80.1988924476684,25.7666813815962],[-80.198891507501,25.7666794611337],[-80.1988900980443,25.7666291649488],[-80.1988900908578,25.7666290047673],[-80.1988900899594,25.7666289182045]]]},"properties":{"OBJECTID":368269,"UBID":"CFX9X5XM+X3W-0-0-0-0","UNIQUEID":"D3_MDC_Building_5102","ADDRESS":"201 SW 8 ST","SOURCE":"P","TYPE":"L","BLDG_HEIGHT":13.89000034,"FLOORS":1,"YEAR_BUILT":1997,"BLDG_TYPE":"STORE : RETAIL OUTLET"}},{"type":"Feature","id":371760,"geometry":{"type":"Polygon","coordinates":[[[-80.1956426182236,25.7623726233263],[-80.1956609240925,25.7619657865635],[-80.1956638436171,25.7619631499364],[-80.1957376015902,25.7619606298095],[-80.1957369997189,25.7619482039247],[-80.1957310771263,25.7619483188069],[-80.1957288941983,25.761947540601],[-80.195727973447,25.7619455956132],[-80.1957277560547,25.7619252485168],[-80.1957275054247,25.7619017445822],[-80.1957263313266,25.7617919882979],[-80.1957114767851,25.7617925578555],[-80.1957092569195,25.7617917993349],[-80.1957083156136,25.7617898362764],[-80.1957071082779,25.7616767466791],[-80.1957079437526,25.7616748245645],[-80.1957100304975,25.7616739708922],[-80.1957584038772,25.7616723512112],[-80.1957984094501,25.7616710146912],[-80.1959200045086,25.7616669484989],[-80.1959222118277,25.7616677062313],[-80.195923154002,25.7616696571364],[-80.1959238079755,25.7617098392966],[-80.1959301393016,25.7617097227961],[-80.1959322905909,25.761710477373],[-80.1959332366927,25.7617123739914],[-80.1959352183763,25.761762163379],[-80.1959371991615,25.7618119689264],[-80.1959364092646,25.7618139202348],[-80.1959343281458,25.7618148150957],[-80.1959154509484,25.7618157487169],[-80.19591951852,25.7619179648217],[-80.1959222125676,25.76198571943],[-80.1959247628847,25.7620498317515],[-80.1959259082367,25.7620786153782],[-80.1959308884966,25.7622037777158],[-80.1959495671663,25.7622031701359],[-80.1959496057939,25.7622031685179],[-80.1959518612184,25.7622038658536],[-80.1959528666783,25.7622058132299],[-80.1959556164214,25.7622749656731],[-80.195959105478,25.7623626617801],[-80.1959582978846,25.7623646301246],[-80.19595618236,25.7623655095543],[-80.1956457587338,25.7623756369507],[-80.1956434902738,25.7623748259207],[-80.1956426110371,25.7623727754233],[-80.1956426182236,25.7623726233263]]]},"properties":{"OBJECTID":371760,"UBID":"CVXMXQX3+XHW-0-0-0-0","UNIQUEID":"D1_MDC_Building_38","ADDRESS":"101 SW 13 ST","SOURCE":"P","TYPE":"L","BLDG_HEIGHT":219.97999573,"FLOORS":22,"YEAR_BUILT":2011,"BLDG_TYPE":"MULTIFAMILY 10 UNITS PLUS : MULTIFAMILY 3 OR MORE UNITS"}},{"type":"Feature","id":372193,"geometry":{"type":"Polygon","coordinates":[[[-80.198751217603,25.7603145847615],[-80.1987537553437,25.7603156688761],[-80.1988191446116,25.7603936789835],[-80.19881973471,25.7603957148858],[-80.1988185607066,25.7603975340599],[-80.1986482059928,25.7605146304295],[-80.1986459553249,25.7605151643925],[-80.1986439488767,25.7605141021268],[-80.1985786754915,25.7604362296353],[-80.1985785596088,25.7604360920986],[-80.1985779678485,25.7604340579641],[-80.1985791417171,25.7604322402596],[-80.1985793168886,25.7604321213307],[-80.1987494973293,25.7603151413815],[-80.198751217603,25.7603145847615]]]},"properties":{"OBJECTID":372193,"UBID":"C7XMX7X5+XGX-0-0-0-0","UNIQUEID":"D3_MDC_Building_25524","ADDRESS":null,"SOURCE":"P","TYPE":"L","BLDG_HEIGHT":38.09999847,"FLOORS":0,"YEAR_BUILT":0,"BLDG_TYPE":"REFERENCE FOLIO"}},{"type":"Feature","id":376667,"geometry":{"type":"Polygon","coordinates":[[[-80.1934008454826,25.7630356196647],[-80.1933992563629,25.7629904187778],[-80.1933486524663,25.7629912585431],[-80.1933465003508,25.7629904978884],[-80.1933455613634,25.7629885952411],[-80.1933443073153,25.7629527919448],[-80.1933120317454,25.7629537190849],[-80.1933098537775,25.7629529724402],[-80.1933089002183,25.7629510574001],[-80.1933062663579,25.7628763052917],[-80.1933027332839,25.7627760462319],[-80.1933001811702,25.7627035681811],[-80.1933009985327,25.7627016017232],[-80.1933031204578,25.7627007317414],[-80.1933263113652,25.762700057824],[-80.1933255657635,25.7626787537807],[-80.1933263829968,25.7626767872138],[-80.1933285050511,25.7626759173404],[-80.1934104718292,25.7626735614606],[-80.1934097307191,25.7626512081075],[-80.1934105503736,25.762649244272],[-80.193412670905,25.7626483757116],[-80.1934719219845,25.7626466678602],[-80.1934741008957,25.7626474150319],[-80.1934750544099,25.7626493311699],[-80.1934758036049,25.7626709062417],[-80.1935542310208,25.7626686401636],[-80.1935564109466,25.7626693877923],[-80.1935573643445,25.7626713050909],[-80.1935580614371,25.7626917248717],[-80.1935811238854,25.7626910736069],[-80.1935833010003,25.7626918213879],[-80.1935842545142,25.7626937361066],[-80.193586849747,25.7627672901653],[-80.1935904816357,25.7628703500713],[-80.1935931262759,25.7629454104211],[-80.1935923087796,25.7629473775557],[-80.19359018609,25.762948247664],[-80.1935540819004,25.7629492888763],[-80.193555331457,25.7629848947721],[-80.1935553368469,25.7629850371601],[-80.1935545070842,25.7629870172572],[-80.1935523580334,25.762987873593],[-80.1935521469293,25.7629878760201],[-80.193502706351,25.762988700414],[-80.1935040762818,25.7630329951967],[-80.1935032493956,25.7630349593873],[-80.1935011226212,25.7630358219203],[-80.1934039671282,25.7630382829657],[-80.1934017955284,25.7630375319584],[-80.1934008454826,25.7630356196647]]]},"properties":{"OBJECTID":376667,"UBID":"CPX5XGX7+X5V-0-0-0-0","UNIQUEID":null,"ADDRESS":"1150 S MIAMI AVE","SOURCE":null,"TYPE":null,"BLDG_HEIGHT":41,"FLOORS":3,"YEAR_BUILT":1991,"BLDG_TYPE":"OFFICE BUILDING - MULTISTORY : OFFICE BUILDING"}},{"type":"Feature","id":376856,"geometry":{"type":"Polygon","coordinates":[[[-80.1975009558653,25.7615982738394],[-80.1975008732203,25.7615834313378],[-80.1975017523939,25.7615814813326],[-80.1975039068311,25.7615806660662],[-80.1976166409076,25.7615805131591],[-80.19761879357,25.7615813192167],[-80.1976196835015,25.7615832598231],[-80.1976197014678,25.7615943872498],[-80.1976651346616,25.7615943249543],[-80.1976705137735,25.761594317673],[-80.197670506587,25.7615900831994],[-80.1976713897374,25.7615881398389],[-80.1976735401977,25.7615873284453],[-80.1977191431731,25.7615872669589],[-80.1977212958346,25.7615880730172],[-80.197722185767,25.7615900136226],[-80.1977223815997,25.7617061266523],[-80.1977215266377,25.7617080448441],[-80.1977194279391,25.7617088814036],[-80.1976704463999,25.761710109513],[-80.1974577424086,25.7617154418376],[-80.1973968887346,25.7617169684795],[-80.1973968554969,25.7617169676704],[-80.1973946467386,25.7617161850072],[-80.197393732953,25.7617142121103],[-80.1973935452051,25.7616011717919],[-80.1973944281702,25.7615992280278],[-80.1973965788158,25.7615984162291],[-80.1974569123653,25.7615983353258],[-80.1975009558653,25.7615982738394]]]},"properties":{"OBJECTID":376856,"UBID":"CGX6XRXV+X4X-0-0-0-0","UNIQUEID":"D1_MDC_Building_207","ADDRESS":"1230 SW 2 AVE","SOURCE":"P","TYPE":"L","BLDG_HEIGHT":29.90999985,"FLOORS":1,"YEAR_BUILT":2013,"BLDG_TYPE":"FINANCIAL INSTITUTION : OFFICE BUILDING"}},{"type":"Feature","id":379835,"geometry":{"type":"Polygon","coordinates":[[[-80.1916024389451,25.7686538124506],[-80.191126920241,25.7685524718041],[-80.1911250297717,25.7685512379229],[-80.1911246573848,25.7685491622482],[-80.1911286198535,25.7685339145054],[-80.1908311984427,25.7684705264915],[-80.1908276536906,25.7684841586994],[-80.1908262983722,25.7684858654515],[-80.190823999344,25.7684862062405],[-80.1904886061462,25.7684147259193],[-80.1904078862297,25.7683990113746],[-80.1904053107598,25.7683985098034],[-80.1904033798496,25.7683972878099],[-80.190402992208,25.7683951913443],[-80.1904033748904,25.7683937157545],[-80.1904074442586,25.7683780594539],[-80.1903299537856,25.7683615448172],[-80.1903280643998,25.7683603110044],[-80.190327692726,25.7683582360649],[-80.1903993315733,25.7680826409431],[-80.190400686033,25.7680809345783],[-80.1904029841232,25.768080593395],[-80.190528264071,25.7681072932253],[-80.1905310174074,25.768096700341],[-80.1905323716807,25.7680949935719],[-80.1905346699573,25.7680946519841],[-80.1909073540192,25.7681740816062],[-80.1909092436686,25.7681753148494],[-80.1909096159771,25.7681773895547],[-80.1909060469705,25.7681911172566],[-80.1912030551563,25.7682544172401],[-80.1912063780245,25.768241631206],[-80.1912077323534,25.7682399246542],[-80.1912100305745,25.7682395836607],[-80.1916855142442,25.7683409189113],[-80.1916874038142,25.7683421531296],[-80.1916877753038,25.7683442284731],[-80.1916843536209,25.7683573931016],[-80.191703176021,25.7683614048627],[-80.1917050664904,25.7683626387459],[-80.1917054388772,25.7683647144239],[-80.1916337227749,25.7686406146866],[-80.1916323679051,25.7686423212679],[-80.1916300693266,25.7686426622251],[-80.1916095895347,25.7686382977565],[-80.1916061211394,25.7686516419468],[-80.1916060888001,25.7686517641033],[-80.1916047365117,25.768653471282],[-80.1916024389451,25.7686538124506]],[[-80.1910402139515,25.7682973105116],[-80.1910228827547,25.7682968081311],[-80.1910056890001,25.7682988233161],[-80.1909890737606,25.7683033083361],[-80.1909734655326,25.76831014427],[-80.1909592667612,25.7683191563763],[-80.1909468484507,25.7683301084306],[-80.1909365304014,25.7683427164783],[-80.1909280655764,25.7683577797968],[-80.190922593938,25.7683739336264],[-80.1909202771829,25.7683906990469],[-80.1909211853797,25.7684075720601],[-80.1909252915788,25.768424054331],[-80.190932469118,25.7684396450977],[-80.1909425104862,25.76845389052],[-80.1909551057648,25.7684663505102],[-80.1909698866445,25.7684766626437],[-80.1909864093575,25.7684845138438],[-80.1910041762372,25.7684896695054],[-80.1910226599725,25.7684919783486],[-80.1910413072012,25.7684913683739],[-80.1910595600694,25.76848785657],[-80.1910768697066,25.7684815553855],[-80.1910927240731,25.7684726436056],[-80.1911066434684,25.7684613954759],[-80.1911182173625,25.7684481402526],[-80.1911270927175,25.7684332824278],[-80.1911330108186,25.768417259662],[-80.1911357920027,25.7684005541101],[-80.1911353527266,25.7683836592533],[-80.1911317064648,25.7683670912243],[-80.1911249646086,25.7683513426958],[-80.1911153220924,25.7683368747901],[-80.1911030762584,25.7683241300232],[-80.1910885756531,25.7683134797202],[-80.1910734947361,25.7683057579465],[-80.1910572235514,25.7683003183228],[-80.1910402139515,25.7682973105116]]]},"properties":{"OBJECTID":379835,"UBID":"C8XRXVXC+X6R-0-0-0-0","UNIQUEID":"D1_MDC_Building_14","ADDRESS":"35 SE 6 ST","SOURCE":"P","TYPE":"L","BLDG_HEIGHT":438.95999146,"FLOORS":0,"YEAR_BUILT":0,"BLDG_TYPE":"PVT PARK -REC AREA -ROADWAY : COMMON AREA"}},{"type":"Feature","id":380858,"geometry":{"type":"Polygon","coordinates":[[[-80.1933092766125,25.7638164812616],[-80.1933080944296,25.7637846407808],[-80.1933089116226,25.7637826689433],[-80.193311039107,25.7637817978947],[-80.1934233599586,25.7637787212027],[-80.1934255119653,25.7637794502271],[-80.1934264851975,25.7637813262378],[-80.1934272748166,25.7637947987988],[-80.1934942002036,25.7637927398504],[-80.1934963851483,25.7637934859336],[-80.1934973407138,25.7637954063705],[-80.1934995909936,25.7638627748154],[-80.1934987698112,25.7638647413619],[-80.1934966454178,25.7638656096093],[-80.1933137358495,25.7638706166125],[-80.1933115506537,25.7638698599073],[-80.1933106061191,25.7638679306777],[-80.1933092846973,25.7638167272027],[-80.1933092793074,25.7638165904789],[-80.1933092784091,25.7638165613543],[-80.1933092766125,25.7638164812616]]]},"properties":{"OBJECTID":380858,"UBID":"CPX5XVXP+XXW-0-0-0-0","UNIQUEID":"D1_MDC_Building_263","ADDRESS":"1010 S MIAMI AVE","SOURCE":"P","TYPE":"L","BLDG_HEIGHT":12.75768566,"FLOORS":15,"YEAR_BUILT":2002,"BLDG_TYPE":"MULTIFAMILY 10 UNITS PLUS : MULTIFAMILY 3 OR MORE UNITS"}},{"type":"Feature","id":383666,"geometry":{"type":"Polygon","coordinates":[[[-80.1951349946296,25.7706897865906],[-80.1950812529177,25.7706523159026],[-80.1950619085964,25.7706709893619],[-80.1950597459569,25.7706718575792],[-80.195057550869,25.7706710581244],[-80.195041538399,25.7706566487473],[-80.195022294689,25.7706831748785],[-80.1950202790652,25.7706843738449],[-80.1950179306733,25.770683864121],[-80.1949181125739,25.770616020637],[-80.1949048372706,25.7706089300102],[-80.1949034350988,25.7706072337782],[-80.1949037763603,25.770605141601],[-80.1949259126455,25.7705718144349],[-80.1949263079043,25.7705713436138],[-80.1949674821853,25.7705319766602],[-80.1949480588122,25.7705151856551],[-80.1949476033664,25.7705117062699],[-80.1949560493267,25.7704998362345],[-80.1949637946011,25.7704889458622],[-80.1950019747973,25.7704352819244],[-80.1950023170554,25.7704348863372],[-80.1954001269958,25.7700521571396],[-80.1954007073075,25.7700517219114],[-80.1954551002979,25.7700203458365],[-80.195469147254,25.7700111672106],[-80.1954729839586,25.7700113743082],[-80.1954963320712,25.7700308447081],[-80.1955447297054,25.7699834064336],[-80.1955452094058,25.7699830262155],[-80.1955806209943,25.7699603813898],[-80.195582853528,25.7699599123841],[-80.1955848107367,25.7699609873121],[-80.1956254478253,25.7700104706834],[-80.1956498936791,25.7700402385197],[-80.195649668202,25.7700437640303],[-80.1956281185166,25.7700645166492],[-80.1956305286965,25.7700667194861],[-80.1956640897555,25.7700974168195],[-80.1956642083331,25.770101171268],[-80.1956357371285,25.7701304092037],[-80.1956656860618,25.770154280401],[-80.1956667146497,25.7701562366346],[-80.1956658603349,25.7701582597423],[-80.1955892214648,25.7702298757299],[-80.1954364054586,25.7703762819822],[-80.1954342782523,25.7703771418875],[-80.1954321034267,25.7703763847216],[-80.1954272013201,25.770372161078],[-80.1953579843309,25.7704380275745],[-80.1953601348977,25.7704398817377],[-80.195361077843,25.7704419258766],[-80.1953600513544,25.7704439371128],[-80.1952872258326,25.7705021369488],[-80.1952831214301,25.7705020673773],[-80.1952732228939,25.7704935383927],[-80.1952407092705,25.7705244783069],[-80.1952497912381,25.7705323042935],[-80.1952501972766,25.7705358605304],[-80.195197550611,25.7706048746407],[-80.1951971876917,25.7706052669914],[-80.1951855787632,25.7706156743976],[-80.1951916675442,25.7706211527458],[-80.1951919720731,25.770624738103],[-80.1951393496621,25.7706892777485],[-80.195137328794,25.7706903693419],[-80.1951350512235,25.7706898246122],[-80.1951349946296,25.7706897865906]]]},"properties":{"OBJECTID":383666,"UBID":"C8X6XVXH+XVX-0-0-0-0","UNIQUEID":"D3_MDC_Building_50","ADDRESS":"82 SW 3 ST","SOURCE":"P","TYPE":"L","BLDG_HEIGHT":467.38000488,"FLOORS":0,"YEAR_BUILT":0,"BLDG_TYPE":"PVT PARK -REC AREA -ROADWAY : COMMON AREA"}},{"type":"Feature","id":386236,"geometry":{"type":"Polygon","coordinates":[[[-80.1945862138225,25.7611919627229],[-80.1945730040963,25.7608241862844],[-80.1945738398888,25.7608221995716],[-80.1945759999777,25.7608213457546],[-80.1947758014666,25.7608189016529],[-80.1947969514017,25.7608186435701],[-80.1947991151658,25.76081942647],[-80.1948000308265,25.7608213578901],[-80.1948008357169,25.7608754104669],[-80.1947999778662,25.7608773634617],[-80.1947978380388,25.760878198408],[-80.1947942492693,25.760878242096],[-80.1947945951207,25.7609014242366],[-80.1947937387652,25.7609033776585],[-80.1947915992392,25.7609042129862],[-80.1947784425135,25.7609043747935],[-80.1947647494937,25.7609045414551],[-80.1947652768047,25.7609399092984],[-80.1947933258012,25.7609395662669],[-80.1947954835545,25.760940343751],[-80.1948634231394,25.761000303855],[-80.194864339421,25.7610021840548],[-80.1948647301881,25.7610130623528],[-80.194907160314,25.7610118132013],[-80.1949066904951,25.7609987254257],[-80.1949075061578,25.7609967576084],[-80.1949096279861,25.7609958857091],[-80.19493829682,25.7609950410754],[-80.1949405796325,25.7609958783599],[-80.1949414283471,25.7609979625046],[-80.1949405686594,25.7610104038606],[-80.1949589347154,25.7610098642336],[-80.1949611136032,25.7610106096317],[-80.1949620689374,25.7610125243439],[-80.1949635960734,25.761055143542],[-80.194979807071,25.76105466702],[-80.1949819925274,25.761055418062],[-80.1949829421913,25.76105734331],[-80.194985497,25.7611439715811],[-80.1949870681534,25.7611876918283],[-80.194986252939,25.761189659474],[-80.1949841315608,25.7611905315404],[-80.1949542589843,25.7611914101521],[-80.1949520798326,25.761190665328],[-80.194951123864,25.7611887508549],[-80.194950955879,25.7611840811061],[-80.1945893615193,25.7611947288126],[-80.1945871761872,25.7611939875464],[-80.1945862183141,25.7611920695154],[-80.1945862138225,25.7611919627229]]]},"properties":{"OBJECTID":386236,"UBID":"CVX7X6XX+XMR-0-0-0-0","UNIQUEID":"D1_MDC_Building_35","ADDRESS":"1399 SW 1 AVE","SOURCE":"P","TYPE":"L","BLDG_HEIGHT":64,"FLOORS":3,"YEAR_BUILT":1979,"BLDG_TYPE":"PROFESSIONAL SERVICE BLDG : OFFICE BUILDING"}},{"type":"Feature","id":388078,"geometry":{"type":"Polygon","coordinates":[[[-80.1911831368115,25.7653931265364],[-80.1912438449584,25.7651626331892],[-80.1912452032086,25.7651609314327],[-80.1912475002033,25.7651605952988],[-80.1913095657046,25.7651739973196],[-80.1913295774741,25.7650980120646],[-80.1912886340601,25.7650537471767],[-80.1912880070361,25.7650513419946],[-80.1913587089405,25.7647829232062],[-80.1913587430765,25.7647827921466],[-80.1913600998827,25.7647810899267],[-80.1913623965247,25.7647807542496],[-80.1914248617763,25.7647942436865],[-80.1915317127861,25.7648173198911],[-80.1915538921905,25.7647331156692],[-80.1915552496201,25.764731413267],[-80.1915575465371,25.7647310761534],[-80.1917542371601,25.7647735524399],[-80.1917561227332,25.7647747909733],[-80.1917564874399,25.7647768669552],[-80.1915720561255,25.7654771159036],[-80.1915706986689,25.7654788183897],[-80.191568401779,25.7654791562155],[-80.1912619028922,25.7654129649827],[-80.1911853870913,25.7653964410344],[-80.1911835015181,25.7653952025075],[-80.1911831368115,25.7653931265364]]]},"properties":{"OBJECTID":388078,"UBID":"C3XMXPX5+XQV-0-0-0-0","UNIQUEID":null,"ADDRESS":"848 BRICKELL AVE","SOURCE":null,"TYPE":null,"BLDG_HEIGHT":15,"FLOORS":13,"YEAR_BUILT":1981,"BLDG_TYPE":"OFFICE BUILDING - MULTISTORY : OFFICE BUILDING"}},{"type":"Feature","id":389155,"geometry":{"type":"Polygon","coordinates":[[[-80.196678617393,25.7662332214023],[-80.1966781817101,25.7662158853317],[-80.1966263731727,25.7662169507853],[-80.19660941837,25.7662172994645],[-80.1966072473456,25.7662165343238],[-80.1966063119958,25.7662146111559],[-80.1966056750902,25.766189274066],[-80.1965729656341,25.7661899471545],[-80.1965737992707,25.766223129931],[-80.1965729622323,25.7662250905315],[-80.196570831237,25.7662259444436],[-80.1964258503367,25.7662289320821],[-80.1964236788623,25.7662281671097],[-80.1964227430641,25.7662262437737],[-80.196417588531,25.7660210042303],[-80.1964184263896,25.7660190442671],[-80.196420557463,25.7660181913309],[-80.1964977380173,25.7660166024512],[-80.1964938240576,25.7658606826101],[-80.1964946619154,25.7658587226436],[-80.1964967929896,25.7658578697068],[-80.1965615489452,25.765856537279],[-80.1965637199696,25.765857302422],[-80.1965646553194,25.7658592255958],[-80.1965652212581,25.7658818299447],[-80.1966153113183,25.7658807992752],[-80.1968009957825,25.7658769759279],[-80.1968665144077,25.7658756265112],[-80.1968686860672,25.7658763918913],[-80.1968696216803,25.7658783156366],[-80.1968762162128,25.7661407493857],[-80.1968753785401,25.7661427097513],[-80.1968732472808,25.7661435630912],[-80.1968255736886,25.7661445452184],[-80.1968262366453,25.7661709542439],[-80.196827726052,25.7662302281008],[-80.1968268888276,25.7662321882967],[-80.1968247580184,25.7662330418042],[-80.1967467635905,25.766234649288],[-80.1966817731746,25.7662359873746],[-80.1966817255639,25.7662359873746],[-80.1966795535243,25.7662352237644],[-80.1966786191896,25.7662332998753],[-80.196678617393,25.7662332214023]]]},"properties":{"OBJECTID":389155,"UBID":"C2X9X4X8+XHR-0-0-0-0","UNIQUEID":"D3_MDC_Building_27868","ADDRESS":"120 SW 8 ST","SOURCE":"P","TYPE":"L","BLDG_HEIGHT":169.93309021,"FLOORS":0,"YEAR_BUILT":0,"BLDG_TYPE":"VACANT LAND - COMMERCIAL : VACANT LAND"}},{"type":"Feature","id":390096,"geometry":{"type":"Polygon","coordinates":[[[-80.1963728829726,25.7668245628095],[-80.1963729198035,25.7668245620004],[-80.1963740841731,25.7668247297731],[-80.1963750905102,25.7668252832749],[-80.1963757879658,25.7668261395364],[-80.1963760719918,25.7668271702047],[-80.1963809606236,25.7669137716135],[-80.1963807913011,25.7669148313911],[-80.1963801847887,25.7669157522813],[-80.1963792333056,25.7669163942646],[-80.1963780815231,25.7669166597283],[-80.1963075476036,25.766919932116],[-80.1963063717873,25.76691977456],[-80.1963053526516,25.7669192234332],[-80.1963046456385,25.7669183627952],[-80.1963043585844,25.7669173239138],[-80.1962995058852,25.7668308131151],[-80.196299502292,25.7668307225076],[-80.1962996709886,25.7668296629044],[-80.1963002772718,25.7668287421858],[-80.1963012287652,25.7668281006373],[-80.1963023804941,25.7668278360087],[-80.1963024182234,25.7668278343907],[-80.1963728829726,25.7668245628095]]]},"properties":{"OBJECTID":390096,"UBID":"CQX7X2X8+XVW-0-0-0-0","UNIQUEID":"D3_MDC_Building_19913","ADDRESS":"128 SW 7 ST","SOURCE":"P","TYPE":"L","BLDG_HEIGHT":23.79000092,"FLOORS":0,"YEAR_BUILT":0,"BLDG_TYPE":"VACANT LAND - COMMERCIAL : EXTRA FEA OTHER THAN PARKING"}},{"type":"Feature","id":394714,"geometry":{"type":"Polygon","coordinates":[[[-80.1941701824549,25.7624240029828],[-80.1941701510138,25.7624222910831],[-80.1941689948821,25.7624223088816],[-80.1941581019109,25.762422473114],[-80.1941559358546,25.7624216967842],[-80.194155013503,25.7624197685388],[-80.1941545050565,25.762392178309],[-80.1941449874061,25.7623923215067],[-80.1941454042244,25.7624149119534],[-80.1941445540563,25.7624168675758],[-80.1941424173261,25.7624177087576],[-80.1941172779729,25.7624180890001],[-80.1941173983471,25.7624246938913],[-80.194116547915,25.7624266500849],[-80.1941144105505,25.7624274915044],[-80.1939290674461,25.7624302915445],[-80.1939269013898,25.7624295152147],[-80.1939259790381,25.7624275869695],[-80.1939258101549,25.7624183260448],[-80.1938694372775,25.7624191779495],[-80.1938672710361,25.7624184012144],[-80.1938663488696,25.7624164725653],[-80.1938651900429,25.7623534906523],[-80.1938660400259,25.7623515346251],[-80.1938681769412,25.7623506930375],[-80.1938773074178,25.7623505563119],[-80.1938764719845,25.7623051812233],[-80.1938664503792,25.7623053325114],[-80.1938642841378,25.7623045557755],[-80.1938633619713,25.7623026271246],[-80.1938621941614,25.7622392276929],[-80.1938590743124,25.7620698317532],[-80.1938599101802,25.7620678892676],[-80.1938620198882,25.7620670349407],[-80.1938897517794,25.7620662752627],[-80.1945535941979,25.7620480575511],[-80.194555772144,25.7620488077737],[-80.1945567239284,25.7620507249194],[-80.1945574452756,25.762072302527],[-80.1945583687437,25.7620998734145],[-80.1945575474532,25.7621018386098],[-80.1945554240662,25.7621027058234],[-80.1945454725294,25.7621029792751],[-80.1945202460396,25.7621036726125],[-80.1945233245661,25.7622491625515],[-80.1945570167792,25.762248470833],[-80.1945591940074,25.7622492421026],[-80.1945601222551,25.7622511762211],[-80.1945622629404,25.762367256243],[-80.1945614130353,25.7623692112941],[-80.1945592769404,25.7623700522394],[-80.194533236577,25.7623704446173],[-80.1945337279554,25.7623972687041],[-80.1945337342436,25.7623974523531],[-80.1945328829976,25.7623994098995],[-80.1945307419554,25.7624002475397],[-80.1945305434277,25.7624002491578],[-80.1944760058085,25.762400987799],[-80.1944761594204,25.7624093126814],[-80.1944753090662,25.7624112678994],[-80.1944731725221,25.7624121086768],[-80.1942558655633,25.762415392515],[-80.1942364565633,25.7624156861916],[-80.1942342188599,25.7624157193617],[-80.1942350021908,25.7624581746329],[-80.1942341520218,25.7624601302538],[-80.1942320152925,25.7624609714361],[-80.1941739185481,25.7624618484204],[-80.194171752305,25.7624610716872],[-80.1941708301402,25.7624591430371],[-80.1941701824549,25.7624240029828]]]},"properties":{"OBJECTID":394714,"UBID":"C5X7XPXR+XVV-0-0-0-0","UNIQUEID":null,"ADDRESS":"50 SW 12 ST","SOURCE":null,"TYPE":null,"BLDG_HEIGHT":null,"FLOORS":15,"YEAR_BUILT":2011,"BLDG_TYPE":"HOTEL OR MOTEL : HOTEL"}},{"type":"Feature","id":395120,"geometry":{"type":"Polygon","coordinates":[[[-80.1947293837192,25.7639820828524],[-80.1947292067511,25.7639697251365],[-80.1947300659857,25.7639677727656],[-80.1947322062259,25.7639669388859],[-80.1947968615701,25.7639661824561],[-80.1947990249573,25.7639669671629],[-80.1947999400966,25.7639688991313],[-80.1948000811321,25.7639788079567],[-80.194991106979,25.7639765710281],[-80.1949909407906,25.7639650441708],[-80.1949917993587,25.7639630904917],[-80.1949939402653,25.7639622554932],[-80.1950661010338,25.7639614124986],[-80.1950682643534,25.7639621966922],[-80.1950691795603,25.7639641283649],[-80.1950707408323,25.7640735517539],[-80.1950698817837,25.7640755045274],[-80.1950677413575,25.7640763388109],[-80.1947178080285,25.7640804332362],[-80.1947156956361,25.7640796923237],[-80.1947147357902,25.7640778427699],[-80.1947087341458,25.763985199181],[-80.1947095403155,25.7639831663568],[-80.194711729129,25.7639822867243],[-80.1947293837192,25.7639820828524]]]},"properties":{"OBJECTID":395120,"UBID":"CVXMX2XW+XQR-0-0-0-0","UNIQUEID":"D3_MDC_Building_14151","ADDRESS":"1021 SW 1 AVE","SOURCE":"P","TYPE":"L","BLDG_HEIGHT":13.31892967,"FLOORS":0,"YEAR_BUILT":0,"BLDG_TYPE":"VACANT LAND - COMMERCIAL : EXTRA FEA OTHER THAN PARKING"}},{"type":"Feature","id":395234,"geometry":{"type":"Polygon","coordinates":[[[-80.1946580359261,25.7682264440977],[-80.1946537024532,25.7681528424554],[-80.1946230851734,25.7681528837137],[-80.1946209588313,25.768152101822],[-80.1946200425795,25.7681502051567],[-80.1946166352696,25.7680339576662],[-80.1945587478327,25.7680357520018],[-80.1945565255199,25.7680349733004],[-80.1945556064242,25.7680329917344],[-80.1945560825313,25.7679146965781],[-80.1945569339643,25.7679127993651],[-80.1945590065475,25.7679119605775],[-80.1946459679586,25.7679090627791],[-80.1946431059261,25.7678230534678],[-80.1946452107036,25.7678203526583],[-80.1946486691927,25.7678214419606],[-80.1948541570173,25.7680997445616],[-80.1948545774288,25.7681006020885],[-80.1948637465329,25.76813358532],[-80.1948636953289,25.7681350916546],[-80.1948520405864,25.7681682431457],[-80.1948508422339,25.7681696920418],[-80.1948094370858,25.7681949154508],[-80.1948088379095,25.7681951985962],[-80.1947575494967,25.7682131856122],[-80.1947569997277,25.768213325567],[-80.1946617342902,25.7682291485405],[-80.1946616237974,25.7682291655293],[-80.1946591901685,25.7682286174593],[-80.1946580449093,25.768226607513],[-80.1946580359261,25.7682264440977]]]},"properties":{"OBJECTID":395234,"UBID":"C2XVXVX3+XRW-0-0-0-0","UNIQUEID":"D3_MDC_Building_27642","ADDRESS":"54 SW 6 ST","SOURCE":"P","TYPE":"L","BLDG_HEIGHT":30,"FLOORS":3,"YEAR_BUILT":2016,"BLDG_TYPE":"OFFICE BUILDING - MULTISTORY : OFFICE BUILDING"}},{"type":"Feature","id":395240,"geometry":{"type":"Polygon","coordinates":[[[-80.1920303199896,25.767887212794],[-80.1915197454299,25.767778790405],[-80.1915178546192,25.7677775581455],[-80.1915174816754,25.7677754832545],[-80.191518315312,25.7677722675197],[-80.1914408059743,25.767755810237],[-80.191438914899,25.7677545785495],[-80.1914385413215,25.7677525038947],[-80.1914396210964,25.76774833436],[-80.1914147889671,25.7677430597447],[-80.1914128983413,25.7677418278897],[-80.1914125252125,25.7677397534021],[-80.1914475693901,25.7676044505361],[-80.191450409863,25.7676023301705],[-80.1914512210417,25.7676024005527],[-80.1914705132608,25.7676064980924],[-80.1914917988414,25.7675243183281],[-80.1914767322975,25.7675211203843],[-80.1914748414863,25.7675198881223],[-80.1914744685429,25.7675178132266],[-80.1915024133348,25.767409930907],[-80.1915024456742,25.7674098103672],[-80.1915052843505,25.7674076891892],[-80.1915060955292,25.7674077595715],[-80.1915211593782,25.7674109583274],[-80.1915219112681,25.7674080605167],[-80.191523264368,25.7674063525889],[-80.1915255629197,25.76740601053],[-80.1920198600065,25.767510978865],[-80.1920222028127,25.7675135773463],[-80.1920235296244,25.7675550996452],[-80.1920227056412,25.7675570644678],[-80.1920205804553,25.7675579294969],[-80.1920163574752,25.7675580387108],[-80.1920250019631,25.7678286160798],[-80.192029224045,25.7678285052483],[-80.1920314005772,25.767829257806],[-80.1920323492839,25.7678311757226],[-80.192034050693,25.7678844549501],[-80.192032939857,25.7678866616561],[-80.1920303199896,25.767887212794]]]},"properties":{"OBJECTID":395240,"UBID":"CHXQX2XV+X9V-0-0-0-0","UNIQUEID":null,"ADDRESS":"33 SE 7 ST","SOURCE":null,"TYPE":null,"BLDG_HEIGHT":null,"FLOORS":0,"YEAR_BUILT":2020,"BLDG_TYPE":"PARKING LOT/MOBILE HOME PARK : PARKING LOT"}},{"type":"Feature","id":397357,"geometry":{"type":"Polygon","coordinates":[[[-80.1948365644107,25.7638446229098],[-80.1950728105507,25.7638400220319],[-80.1950749808549,25.7638407888387],[-80.19507591423,25.7638427128214],[-80.1950782408666,25.7639409128437],[-80.1950774007425,25.763942872374],[-80.1950752683413,25.7639437233652],[-80.1948388066057,25.7639483242391],[-80.1948366365664,25.7639475568594],[-80.1948357038247,25.763945632643],[-80.1948333798831,25.7638476033271],[-80.1948333744932,25.7638474334336],[-80.1948342126566,25.7638454738155],[-80.1948363452218,25.7638446245278],[-80.1948365644107,25.7638446229098]]]},"properties":{"OBJECTID":397357,"UBID":"CQX7X9X9+X3R-0-0-0-0","UNIQUEID":"D3_MDC_Building_13485","ADDRESS":"1029 SW 1 AVE","SOURCE":"P","TYPE":"L","BLDG_HEIGHT":27.89999962,"FLOORS":3,"YEAR_BUILT":1962,"BLDG_TYPE":"MULTIFAMILY 2-9 UNITS : MULTIFAMILY 3 OR MORE UNITS"}},{"type":"Feature","id":398737,"geometry":{"type":"Polygon","coordinates":[[[-80.1899671484968,25.7666630627563],[-80.1897201603027,25.7666105054156],[-80.1897102204441,25.7666488074111],[-80.1897088664307,25.766650514577],[-80.1897065678941,25.766650855793],[-80.1895128578812,25.766609636552],[-80.1895109676694,25.76660840403],[-80.189510595025,25.7666063293688],[-80.1895544741334,25.7664372551703],[-80.1895476783782,25.7664358086801],[-80.1895457879808,25.7664345757518],[-80.1895454155221,25.7664325006831],[-80.1895517755943,25.7664079960999],[-80.1896214426395,25.7661395504462],[-80.1896227968775,25.7661378437326],[-80.1896250951894,25.7661375028645],[-80.1902872056561,25.7662783927395],[-80.190289095868,25.7662796252649],[-80.1902894685123,25.7662816999318],[-80.1902202479298,25.7665484293788],[-80.1901719931277,25.766734369389],[-80.1901706391155,25.7667360765552],[-80.1901683405777,25.7667364177693],[-80.1899625958349,25.7666926380817],[-80.1899607049872,25.7666914053239],[-80.1899603320804,25.7666893300919],[-80.1899671484968,25.7666630627563]]]},"properties":{"OBJECTID":398737,"UBID":"C9XWX8XC+XRR-0-0-0-0","UNIQUEID":"D1_MDC_Building_423","ADDRESS":"777 BRICKELL AVE","SOURCE":"P","TYPE":"L","BLDG_HEIGHT":199.26553345,"FLOORS":13,"YEAR_BUILT":1980,"BLDG_TYPE":"OFFICE BUILDING - MULTISTORY : OFFICE BUILDING"}},{"type":"Feature","id":402288,"geometry":{"type":"Polygon","coordinates":[[[-80.1949530696149,25.767546538898],[-80.1949552651998,25.7675472809712],[-80.1949562253965,25.7675492077608],[-80.1949681855662,25.7679155177018],[-80.1949676223225,25.7679171971629],[-80.1949493856239,25.7679403488053],[-80.1949481297791,25.7679412718614],[-80.1949253035878,25.7679503090744],[-80.1949241267947,25.7679505396362],[-80.194902698382,25.7679508049845],[-80.194900820903,25.7679502467823],[-80.1948722068663,25.7679306061533],[-80.1948715412146,25.767929975951],[-80.194739714345,25.7677567907329],[-80.1947392436278,25.7677558029561],[-80.1947307671248,25.7677197106702],[-80.194730741972,25.7677186808255],[-80.1947360366422,25.7676902836459],[-80.1947367534978,25.7676889237329],[-80.1947564975695,25.7676686415311],[-80.1947570527283,25.7676681982043],[-80.1947571147121,25.7676681577547],[-80.1949514661221,25.7675470218659],[-80.1949530696149,25.767546538898]]]},"properties":{"OBJECTID":402288,"UBID":"CMXCX6XG+XVV-0-0-0-0","UNIQUEID":"D3_MDC_Building_1685","ADDRESS":"625 SW 1 AVE","SOURCE":"P","TYPE":"L","BLDG_HEIGHT":16.94734001,"FLOORS":1,"YEAR_BUILT":1953,"BLDG_TYPE":"STORE : RETAIL OUTLET"}},{"type":"Feature","id":407199,"geometry":{"type":"Polygon","coordinates":[[[-80.1966949550531,25.7641512592476],[-80.1966948274923,25.7641428204162],[-80.196695684297,25.7641408668802],[-80.1966978242721,25.7641400317428],[-80.196759942774,25.7641392591338],[-80.1967621061997,25.7641400411719],[-80.1967630221988,25.7641419717599],[-80.1967631138269,25.7641480296614],[-80.1967824698264,25.764147788575],[-80.1967846331753,25.764148570108],[-80.1967855492512,25.764150500392],[-80.1967872946778,25.7642652485381],[-80.1967864379822,25.7642672021673],[-80.196784297898,25.7642680372087],[-80.1966843207967,25.7642692806628],[-80.196682157371,25.7642684986256],[-80.1966812413719,25.7642665680396],[-80.1966795336746,25.7641542048697],[-80.1966803894097,25.7641522512774],[-80.1966825286578,25.7641514153875],[-80.1966949550531,25.7641512592476]]]},"properties":{"OBJECTID":407199,"UBID":"C4XQX3X8+X3W-0-0-0-0","UNIQUEID":"D3_MDC_Building_7293","ADDRESS":null,"SOURCE":"P","TYPE":"L","BLDG_HEIGHT":25.39999962,"FLOORS":0,"YEAR_BUILT":0,"BLDG_TYPE":"REFERENCE FOLIO"}},{"type":"Feature","id":409353,"geometry":{"type":"Polygon","coordinates":[[[-80.1977475991064,25.7686564303224],[-80.1976443045268,25.7686434388497],[-80.1976422994,25.7686423679215],[-80.1976417182771,25.7686403347782],[-80.1976495210437,25.7685894642364],[-80.197650693978,25.7685876507586],[-80.1976529481165,25.7685871181818],[-80.1976754751689,25.768589951245],[-80.1976849883277,25.7685279312543],[-80.1976861617112,25.7685261176077],[-80.1976884162988,25.7685255851985],[-80.19770884848,25.7685281545341],[-80.1977108539679,25.7685292242958],[-80.197711435628,25.7685312569906],[-80.1977075980251,25.7685562796945],[-80.1977541163838,25.7685621302707],[-80.1977654216816,25.7685635516565],[-80.1977689035517,25.7685408418412],[-80.1977700773837,25.7685390280262],[-80.1977723324211,25.7685384957857],[-80.1978131949867,25.7685436344562],[-80.1978152011095,25.7685447044551],[-80.1978157830331,25.7685467377213],[-80.1978001766016,25.7686484788197],[-80.1977990032182,25.7686502924644],[-80.1977967486305,25.768650824873],[-80.1977767745902,25.7686483137869],[-80.1977754361004,25.7686570346334],[-80.1977754181341,25.7686571487001],[-80.1977742451451,25.7686589645794],[-80.1977719883663,25.7686594963712],[-80.1977475991064,25.7686564303224]]]},"properties":{"OBJECTID":409353,"UBID":"CGXGX9X7+XJR-0-0-0-0","UNIQUEID":null,"ADDRESS":"275 SW 6 ST","SOURCE":null,"TYPE":null,"BLDG_HEIGHT":null,"FLOORS":55,"YEAR_BUILT":2025,"BLDG_TYPE":"MIXED USE-STORE/RESIDENTIAL : MIXED USE - COMMERCIAL"}},{"type":"Feature","id":410556,"geometry":{"type":"Polygon","coordinates":[[[-80.1932555214259,25.7624354110628],[-80.1932544147014,25.7624329920742],[-80.1932543859553,25.762432924116],[-80.1932533492995,25.7624304816656],[-80.1932533340281,25.7624304460685],[-80.1932533205534,25.7624304120894],[-80.1932523566611,25.7624279445591],[-80.1932523297117,25.7624278757919],[-80.1932514376846,25.7624253856089],[-80.1932514143284,25.7624253160326],[-80.1932505950648,25.7624228056238],[-80.1932505735053,25.7624227384746],[-80.1932498270053,25.7624202070311],[-80.1932498072423,25.7624201358368],[-80.1932491362008,25.7624175890218],[-80.1932491191328,25.7624175186364],[-80.1932485217532,25.7624149572588],[-80.1932485064818,25.7624148860645],[-80.1932479809674,25.7624123012251],[-80.1932479710859,25.7624122389301],[-80.1932475237249,25.7624096532816],[-80.1932475111485,25.7624095812782],[-80.1932471410426,25.7624069851123],[-80.1932471320594,25.762406913918],[-80.1932468365137,25.7624043088528],[-80.1932468302255,25.7624042465577],[-80.1932466101382,25.7624016261209],[-80.1932466056466,25.7624015533085],[-80.1932464628145,25.7623989393438],[-80.1932464601196,25.7623988657224],[-80.1932463936442,25.7623962493306],[-80.1932463927459,25.7623961773273],[-80.1932464026274,25.7623935552722],[-80.193246404424,25.762393485696],[-80.1932464915606,25.762390869304],[-80.1932464942556,25.7623907964916],[-80.1932466568506,25.7623881825267],[-80.1932466631388,25.7623881105234],[-80.1932469011924,25.7623855014126],[-80.193246905684,25.7623854666244],[-80.1932469101755,25.7623854294092],[-80.1932472245859,25.7623828267706],[-80.1932472344674,25.7623827547672],[-80.1932476252345,25.7623801602188],[-80.1932476378109,25.7623800890244],[-80.1932481040365,25.7623775058023],[-80.1932481175113,25.7623774378441],[-80.1932486600937,25.7623748627121],[-80.1932486762634,25.7623747915178],[-80.1932492925077,25.7623722341844],[-80.1932493113723,25.7623721629901],[-80.1932500030751,25.7623696210281],[-80.193250022838,25.7623695506428],[-80.1932506660317,25.7623674261386],[-80.1932431147935,25.7621534958153],[-80.1932431668958,25.7621528938983],[-80.1932523404914,25.762109703111],[-80.1932787482658,25.7619853691203],[-80.1932800233286,25.7619836128057],[-80.193282304696,25.7619831863591],[-80.1933112780589,25.7619882338931],[-80.1933121386449,25.7619846587925],[-80.1932996080451,25.7619821855898],[-80.193297696689,25.7619809802169],[-80.1932972867983,25.7619789114479],[-80.1933111567863,25.7619212680904],[-80.1933124794808,25.7619195407237],[-80.193314771607,25.7619191646129],[-80.1933273031053,25.761921637817],[-80.1933297905403,25.7619113008431],[-80.1933134708465,25.7619080809043],[-80.1933115581989,25.7619068755799],[-80.1933111478032,25.7619048059513],[-80.1933224459145,25.7618578530835],[-80.193323800116,25.7618561077455],[-80.1933261334988,25.7618557649765],[-80.1933527847166,25.7618616393448],[-80.1933560572792,25.7618543273298],[-80.1933469411757,25.7618509827988],[-80.1933452836499,25.7618495021232],[-80.1933452676143,25.7618473996037],[-80.1933646316986,25.7618041124307],[-80.1933662597332,25.7618026123468],[-80.1933685887774,25.7618025946894],[-80.1933784343129,25.7618062078199],[-80.1933887020566,25.7617947220125],[-80.1933839346974,25.7617912286181],[-80.1933818910301,25.7617897294843],[-80.1933807800522,25.761787877966],[-80.1933814400759,25.7617858590815],[-80.1933853414591,25.7617814975969],[-80.1934108841559,25.7617529266733],[-80.1934129254432,25.7617519213956],[-80.1934151556451,25.7617525181127],[-80.1934227715621,25.761758102044],[-80.1934372838455,25.7617476841528],[-80.1934318993437,25.7617415314722],[-80.1934312612713,25.7617395075366],[-80.1934323925188,25.7617376667311],[-80.1934689979683,25.7617113877823],[-80.193471234464,25.7617108136537],[-80.1934732631693,25.7617118376037],[-80.1934804002842,25.7617199902109],[-80.1934906644346,25.7617126207459],[-80.193492452082,25.7617120301531],[-80.1935485464816,25.7617104072365],[-80.19355072533,25.7617111535709],[-80.1935516798054,25.7617130689492],[-80.1935518576718,25.7617181108315],[-80.1937284889145,25.7617130009906],[-80.193743594086,25.7617125633047],[-80.1937457731992,25.7617133090654],[-80.193746728308,25.7617152242083],[-80.1937480371534,25.7617523312266],[-80.1937472200268,25.7617542978984],[-80.1937450978658,25.761755167689],[-80.1937330325932,25.7617555171903],[-80.1937409099199,25.7619787739129],[-80.1938199221391,25.7619764884049],[-80.1938221008031,25.7619772343314],[-80.1938230554628,25.7619791493025],[-80.1938371491313,25.7623784701621],[-80.1938363317976,25.7623804376909],[-80.1938342089453,25.7623813082276],[-80.1937774587756,25.7623829489336],[-80.1937551976245,25.7623835929188],[-80.1937569259831,25.7624325891792],[-80.193757184698,25.7624399230022],[-80.1937572116474,25.7624406802508],[-80.1937563947619,25.7624426476102],[-80.1937542723598,25.7624435183148],[-80.1936985345914,25.7624451315131],[-80.1936963557421,25.7624443851841],[-80.1936954012676,25.7624424698168],[-80.1936952099265,25.7624370461049],[-80.1935695122621,25.7624406058204],[-80.1935697062982,25.7624461120528],[-80.1935688888018,25.7624480791957],[-80.1935667661122,25.7624489493077],[-80.1935204148402,25.762450287437],[-80.193494925144,25.7624510244598],[-80.1934451521891,25.7624524645264],[-80.193445670517,25.7624671515863],[-80.1934448536315,25.7624691189453],[-80.1934427312294,25.7624699896497],[-80.1932893870137,25.7624744271574],[-80.1932873271768,25.7624737791276],[-80.1932851200161,25.7624720882632],[-80.193285059829,25.7624720405307],[-80.1932829020757,25.7624702978886],[-80.1932828427869,25.762470249347],[-80.1932807362376,25.7624684565453],[-80.1932807047965,25.7624684290385],[-80.1932806796437,25.7624684055767],[-80.193278626095,25.7624665626154],[-80.1932785695011,25.7624665100286],[-80.1932765707496,25.7624646185257],[-80.1932765159524,25.76246456513],[-80.1932745737947,25.7624626258945],[-80.1932745234891,25.7624625741168],[-80.1932726361287,25.7624605879578],[-80.1932725840263,25.7624605321349],[-80.1932707577514,25.7624585030975],[-80.1932707074457,25.7624584456566],[-80.1932689413579,25.7624563729317],[-80.1932688919506,25.7624563146818],[-80.1932671788633,25.7624541926063],[-80.1932671402357,25.7624541432556],[-80.1932654972171,25.762451988819],[-80.1932654523013,25.7624519289511],[-80.1932638721647,25.7624497364902],[-80.1932638290456,25.7624496750042],[-80.1932623135877,25.762447445328],[-80.1932622785534,25.7624473919323],[-80.1932608223843,25.7624451185687],[-80.1932607837568,25.7624450546556],[-80.1932594003513,25.7624427562121],[-80.193259362622,25.76244269149],[-80.1932580474884,25.7624403606855],[-80.1932580124541,25.7624402951543],[-80.1932567628976,25.7624379295616],[-80.1932567314565,25.7624378672666],[-80.1932555528669,25.762435476594],[-80.1932555214259,25.7624354110628]]]},"properties":{"OBJECTID":410556,"UBID":"C3X4X4X8+X7V-0-0-0-0","UNIQUEID":null,"ADDRESS":"1200 S MIAMI AVE","SOURCE":null,"TYPE":null,"BLDG_HEIGHT":20.29999924,"FLOORS":0,"YEAR_BUILT":0,"BLDG_TYPE":"REFERENCE FOLIO"}},{"type":"Feature","id":413331,"geometry":{"type":"Polygon","coordinates":[[[-80.1921048244627,25.7622351275409],[-80.1920913218856,25.7622322546837],[-80.1920896905451,25.7622385400194],[-80.1920883367187,25.7622402476539],[-80.1920860379951,25.7622405892864],[-80.1920543975342,25.7622338597946],[-80.1920525071374,25.7622326268223],[-80.192052134678,25.7622305516805],[-80.1920644811233,25.7621829509101],[-80.192065834912,25.7621812443076],[-80.1920681327749,25.7621809032602],[-80.1921129649958,25.7621904376549],[-80.1921736372101,25.7619493713544],[-80.1921257552088,25.7619405796295],[-80.1921237810365,25.7619393382651],[-80.1921234177924,25.7619371946495],[-80.192133941556,25.7619002818561],[-80.1921374863081,25.7618982722258],[-80.1921843325518,25.7619068746407],[-80.1921908129983,25.7618811280713],[-80.1921921624321,25.7618794078681],[-80.1921944691415,25.7618790609995],[-80.1923004317175,25.7619015997659],[-80.1923343835436,25.7617707083626],[-80.1923371422698,25.7617685919381],[-80.1930223340494,25.7617280335982],[-80.1930239492203,25.7617283450752],[-80.1930397227384,25.7617358803906],[-80.193041268739,25.761738917493],[-80.1930365409057,25.7617579418559],[-80.1928461869986,25.7625237235288],[-80.1928448394414,25.7625254492581],[-80.1928425290588,25.7625257978706],[-80.1925212088682,25.7624574529816],[-80.1924148061178,25.7624348212827],[-80.1924129157203,25.7624335883128],[-80.1924125432615,25.7624315131742],[-80.192417265705,25.7624133044179],[-80.1921804051174,25.7623629239048],[-80.1921785148709,25.7623616919475],[-80.1921781431595,25.7623596174123],[-80.1921781746006,25.7623594968673],[-80.1922051150759,25.7622556299175],[-80.1921048244627,25.7622351275409]]]},"properties":{"OBJECTID":413331,"UBID":"C2XVX4XR+X4W-0-0-0-0","UNIQUEID":"D1_MDC_Building_409","ADDRESS":"1210 BRICKELL AVE","SOURCE":"P","TYPE":"L","BLDG_HEIGHT":257.92999268,"FLOORS":7,"YEAR_BUILT":1982,"BLDG_TYPE":"PARKING LOT/MOBILE HOME PARK : PARKING LOT"}},{"type":"Feature","id":424835,"geometry":{"type":"Polygon","coordinates":[[[-80.1977882694326,25.7601972867432],[-80.1977745620396,25.7601811803435],[-80.1977739552908,25.7601791490154],[-80.1977751145035,25.7601773228329],[-80.1978273748935,25.7601408520384],[-80.197829621027,25.7601403034605],[-80.1978316356029,25.7601413528353],[-80.1978484197257,25.7601610732301],[-80.1978490268523,25.7601631049853],[-80.1978478672618,25.7601649315502],[-80.197836622151,25.7601727784458],[-80.1978491599374,25.7601875119031],[-80.1978662396059,25.7601755922928],[-80.1978684849683,25.7601750427145],[-80.197870499417,25.7601760914715],[-80.1979558681151,25.7602763996513],[-80.1979564755053,25.7602784308332],[-80.1979553165495,25.7602802571586],[-80.1978529643027,25.7603516857452],[-80.1978507183042,25.7603522350864],[-80.1978487035933,25.7603511857582],[-80.1977458662562,25.7602303506476],[-80.197745258866,25.7602283194649],[-80.1977464178218,25.7602264931386],[-80.1977882694326,25.7601972867432]]]},"properties":{"OBJECTID":424835,"UBID":"C4XPXMX3+XRW-0-0-0-0","UNIQUEID":"D1_Small_Building_398","ADDRESS":"210 SW 15 RD","SOURCE":"L","TYPE":"S","BLDG_HEIGHT":12.92000008,"FLOORS":1,"YEAR_BUILT":1940,"BLDG_TYPE":"OFFICE BUILDING - ONE STORY : OFFICE BUILDING"}},{"type":"Feature","id":426006,"geometry":{"type":"Polygon","coordinates":[[[-80.1984104345135,25.7654678746329],[-80.1985042985792,25.7654653052311],[-80.1985064760772,25.7654660555986],[-80.1985074274113,25.7654679725226],[-80.198513899773,25.7656619476381],[-80.1985130786683,25.7656639131789],[-80.1985109550955,25.7656647807711],[-80.1984170910298,25.7656673509776],[-80.1984149137168,25.7656666010168],[-80.1984139621976,25.7656646844996],[-80.1984074970225,25.7654708542005],[-80.1984074925309,25.7654707077705],[-80.1984083114192,25.7654687419972],[-80.1984104345135,25.7654678746329]]]},"properties":{"OBJECTID":426006,"UBID":"CFX8X4X5+XJR-0-0-0-0","UNIQUEID":"D3_MDC_Building_6566","ADDRESS":"255 SW 9 ST","SOURCE":"P","TYPE":"L","BLDG_HEIGHT":26.79999924,"FLOORS":0,"YEAR_BUILT":0,"BLDG_TYPE":"VACANT LAND - COMMERCIAL : VACANT LAND"}},{"type":"Feature","id":429628,"geometry":{"type":"Polygon","coordinates":[[[-80.1908369081347,25.7619529788172],[-80.1908366844542,25.7619528307648],[-80.1908269530047,25.7619894959788],[-80.1908255928967,25.7619911952307],[-80.1908232968615,25.7619915298785],[-80.1907101190172,25.7619669005971],[-80.190708236116,25.761965659098],[-80.1907078750256,25.7619635827672],[-80.1907112742506,25.7619507693575],[-80.1904188843037,25.7619026992375],[-80.1904187324884,25.7619026701124],[-80.1904185609102,25.7619026296609],[-80.1900741297623,25.7618099067075],[-80.1900739653706,25.761809866256],[-80.1899986353458,25.7617934744872],[-80.1899965485594,25.7618013366468],[-80.1899951888216,25.7618030367073],[-80.1899928924162,25.7618033721677],[-80.1898770232193,25.761778157109],[-80.1898751398679,25.7617769157756],[-80.1898747783294,25.7617748392738],[-80.1899347202134,25.7615489641392],[-80.1899360801359,25.7615472644775],[-80.1899383763566,25.7615469294229],[-80.190057572015,25.7615728678055],[-80.1900594558167,25.7615741089733],[-80.1900598178032,25.7615761856463],[-80.1900567114289,25.7615878907226],[-80.1907676067038,25.7617395275024],[-80.1907689101592,25.761734614257],[-80.1907702703984,25.7617329151926],[-80.1907725663024,25.7617325803529],[-80.1908854890252,25.7617571530508],[-80.1908871329422,25.7617580931447],[-80.1908950578796,25.761728546524],[-80.1908964258084,25.7617268490052],[-80.1908987265993,25.7617265239462],[-80.1915599171911,25.761871948816],[-80.191561796217,25.7618731945296],[-80.1915621504029,25.7618752715026],[-80.1915027412199,25.7620967659358],[-80.1915013727654,25.7620984645935],[-80.1914990707036,25.7620987901252],[-80.1908378926882,25.7619533663424],[-80.1908369081347,25.7619529788172]]]},"properties":{"OBJECTID":429628,"UBID":"CPX5XPXM+XCX-0-0-0-0","UNIQUEID":"D1_MDC_Building_245","ADDRESS":"1201 BRICKELL AVE","SOURCE":"P","TYPE":"L","BLDG_HEIGHT":413.48001099,"FLOORS":9,"YEAR_BUILT":1968,"BLDG_TYPE":"OFFICE BUILDING - MULTISTORY : OFFICE BUILDING"}},{"type":"Feature","id":431506,"geometry":{"type":"Polygon","coordinates":[[[-80.1983033292805,25.7626431219043],[-80.1983025746956,25.7626195614801],[-80.1983033986783,25.7626175965752],[-80.1983055238647,25.7626167315106],[-80.1983417654966,25.7626157792881],[-80.1983439413931,25.7626165316423],[-80.1983448898371,25.7626184490707],[-80.1983455617769,25.762639339713],[-80.1984029030382,25.7626378341177],[-80.1984050795707,25.7626385867081],[-80.198406028277,25.7626405047089],[-80.1984122320424,25.762834122811],[-80.198411408508,25.762836087544],[-80.1984092837716,25.7628369527754],[-80.1983558609617,25.7628383540041],[-80.1983561466259,25.7628473584357],[-80.1983553227982,25.7628493226732],[-80.1983531983552,25.7628501875907],[-80.1983130319839,25.7628512393212],[-80.1983108554513,25.7628504867322],[-80.198309906745,25.7628485687348],[-80.1983095312492,25.7628368168595],[-80.1983033373653,25.7626433686569],[-80.1983033319754,25.7626432189873],[-80.1983033292805,25.7626431219043]]]},"properties":{"OBJECTID":431506,"UBID":"CHXVXMXM+XPW-0-0-0-0","UNIQUEID":"D3_MDC_Building_2329","ADDRESS":"239 SW 12 ST","SOURCE":"P","TYPE":"L","BLDG_HEIGHT":19.50835228,"FLOORS":0,"YEAR_BUILT":0,"BLDG_TYPE":"VACANT LAND - COMMERCIAL : VACANT LAND"}},{"type":"Feature","id":433396,"geometry":{"type":"Polygon","coordinates":[[[-80.1894213977072,25.7690408410392],[-80.189406227857,25.7686048308928],[-80.189381077724,25.7686055476528],[-80.1893788993648,25.7686048002529],[-80.1893779461969,25.7686028844767],[-80.1893708872354,25.7684000395953],[-80.1893717053433,25.7683980727681],[-80.1893738283196,25.7683972032916],[-80.1895428948494,25.7683923801191],[-80.1895450738438,25.7683931277574],[-80.1895460272748,25.768395044109],[-80.1895510892814,25.7685405514157],[-80.189806014091,25.7685007752511],[-80.1898084576831,25.7685013589971],[-80.1898095678263,25.7685034044521],[-80.1898251329352,25.7689758887255],[-80.1898226347204,25.7689786789034],[-80.1896942609747,25.7689996266731],[-80.1894538367704,25.7690388566081],[-80.1894250951729,25.7690435454635],[-80.189424975697,25.7690435640701],[-80.1894225217311,25.7690429934572],[-80.1894214030971,25.7690409453978],[-80.1894213977072,25.7690408410392]]]},"properties":{"OBJECTID":433396,"UBID":"CMXQX4X4+XXV-0-0-0-0","UNIQUEID":"D1_MDC_Building_17","ADDRESS":"485 BRICKELL AVE","SOURCE":"P","TYPE":"L","BLDG_HEIGHT":548.57000732,"FLOORS":0,"YEAR_BUILT":0,"BLDG_TYPE":"PVT PARK -REC AREA -ROADWAY : COMMON AREA"}},{"type":"Feature","id":434183,"geometry":{"type":"Polygon","coordinates":[[[-80.1974656987871,25.7621917515162],[-80.1976747331604,25.7621861457616],[-80.1976769106348,25.7621868970753],[-80.1976778610942,25.7621888147448],[-80.1976812710991,25.7622931162007],[-80.1976804481569,25.7622950811433],[-80.1976783237266,25.762295946987],[-80.1974692866583,25.7623015470733],[-80.1974671100831,25.7623007954245],[-80.1974661605211,25.7622988780926],[-80.1974627586011,25.762194730357],[-80.1974627541096,25.7621945823049],[-80.1974635748357,25.7621926171303],[-80.1974656987871,25.7621917515162]]]},"properties":{"OBJECTID":434183,"UBID":"C5X2X7XH+XXV-0-0-0-0","UNIQUEID":"D3_MDC_Building_7712","ADDRESS":"1200 SW 2 AVE","SOURCE":"P","TYPE":"L","BLDG_HEIGHT":15.69999981,"FLOORS":0,"YEAR_BUILT":0,"BLDG_TYPE":"VACANT LAND - COMMERCIAL : VACANT LAND"}},{"type":"Feature","id":437100,"geometry":{"type":"Polygon","coordinates":[[[-80.1960217701556,25.7606992053349],[-80.1960582902651,25.7606378915574],[-80.1960600584991,25.7606365712448],[-80.196062347057,25.7606367475769],[-80.1960803483969,25.7606450806735],[-80.1961927743514,25.7606422288128],[-80.1961949498977,25.7606429836409],[-80.196195895997,25.760644902685],[-80.1962081409326,25.7610417540008],[-80.1962077923863,25.7610431083267],[-80.1962082253743,25.7610444472809],[-80.1962088272455,25.7610639733571],[-80.1962080010714,25.7610659368404],[-80.1962058753815,25.7610667993185],[-80.1960359509606,25.7610710993426],[-80.1960359186213,25.7610710993426],[-80.1960337433533,25.7610703453497],[-80.1960327987723,25.7610684262891],[-80.1960327942807,25.7610683324409],[-80.1960214072362,25.760700587981],[-80.1960217701556,25.7606992053349]]]},"properties":{"OBJECTID":437100,"UBID":"CMXXXPX8+X9W-0-0-0-0","UNIQUEID":"D1_MDC_Building_176","ADDRESS":"134 SW 13 ST","SOURCE":"P","TYPE":"L","BLDG_HEIGHT":22,"FLOORS":1,"YEAR_BUILT":1996,"BLDG_TYPE":"COMMUNITY SHOPPING CENTER : RETAIL OUTLET"}},{"type":"Feature","id":444597,"geometry":{"type":"Polygon","coordinates":[[[-80.1971117230393,25.7668242456829],[-80.1970929689111,25.76678112536],[-80.197084446594,25.7667814643295],[-80.1970822537294,25.7667807306426],[-80.1970812845242,25.7667788132475],[-80.1970758182757,25.7666409860225],[-80.197076625281,25.7666390178007],[-80.1970787404953,25.7666381383509],[-80.1970984144983,25.7666374976248],[-80.1970972251289,25.7666074943257],[-80.1970980330306,25.766605525767],[-80.1971001491451,25.7666046466533],[-80.1971968285309,25.7666015020786],[-80.1971967881068,25.7666002869637],[-80.1971976030256,25.7665983297584],[-80.197199712123,25.7665974570891],[-80.1972021923715,25.7665973769983],[-80.1972017306375,25.7665857185288],[-80.197202538091,25.766583750138],[-80.1972046537554,25.7665828708559],[-80.1973013079884,25.7665797278986],[-80.1973034902259,25.7665804664764],[-80.1973044538885,25.7665823781761],[-80.197305025217,25.7665967856208],[-80.1973072611238,25.7666531703349],[-80.1973119907537,25.7667723801058],[-80.1973174866467,25.7669109166675],[-80.1973155768284,25.7669135709826],[-80.197226885262,25.7669456371429],[-80.1972234438162,25.7669448645522],[-80.1971133894141,25.7668276693554],[-80.1971127039995,25.7668254187276],[-80.1971117230393,25.7668242456829]]]},"properties":{"OBJECTID":444597,"UBID":"CJXWX5XF+X2R-0-0-0-0","UNIQUEID":"D3_MDC_Building_27274","ADDRESS":"168 SW 7 ST","SOURCE":"P","TYPE":"L","BLDG_HEIGHT":23,"FLOORS":0,"YEAR_BUILT":0,"BLDG_TYPE":"PARKING LOT/MOBILE HOME PARK : PARKING LOT"}},{"type":"Feature","id":447163,"geometry":{"type":"Polygon","coordinates":[[[-80.1909971433268,25.7636297163364],[-80.1909815512685,25.7636264365768],[-80.1909766994676,25.7636453522288],[-80.190975350748,25.7636470628524],[-80.1909730532059,25.7636474095616],[-80.1908031745991,25.7636116849388],[-80.1908012835421,25.7636104559135],[-80.190800906353,25.7636083833353],[-80.1908055120155,25.7635904247462],[-80.1907749944487,25.763584006803],[-80.1907695344884,25.7636052945034],[-80.1907681857687,25.7636070051276],[-80.1907658882266,25.763607351837],[-80.1906157959123,25.7635757879844],[-80.1906139048554,25.7635745589586],[-80.1906135276662,25.7635724863798],[-80.1906446551891,25.7634511246401],[-80.1906462353257,25.7634492962563],[-80.1906686563769,25.7634389472802],[-80.1906707234004,25.7634387191367],[-80.1907296376117,25.7634511092687],[-80.1907542604336,25.7633550915773],[-80.190754290078,25.7633549783145],[-80.1907556604636,25.763353254303],[-80.1907579875437,25.7633529331119],[-80.190758204936,25.7633529856982],[-80.1908434496666,25.7633723779064],[-80.1908463188856,25.7633611907789],[-80.1908476674187,25.7633594797468],[-80.1908499651473,25.7633591326321],[-80.1909002896679,25.76336971704],[-80.1909052223171,25.7633504890624],[-80.1907988312447,25.7633281148021],[-80.1907969378528,25.7633268830936],[-80.1907965638969,25.7633248067185],[-80.1908956525644,25.7629430788174],[-80.1908970034352,25.7629413733212],[-80.1908992979278,25.7629410287535],[-80.1910076904466,25.7629638253965],[-80.191013592378,25.7629408184076],[-80.1910149410976,25.7629391077739],[-80.1910172386397,25.7629387610625],[-80.1911032208872,25.7629568443397],[-80.1911051124134,25.7629580726856],[-80.1911054900316,25.7629601451523],[-80.1911017251922,25.7629748200141],[-80.1911407632795,25.7629830324022],[-80.1911426550488,25.7629842611203],[-80.1911430324239,25.7629863340232],[-80.1911415870346,25.7629919688649],[-80.1911513481285,25.7629940221639],[-80.1911635050293,25.7629466352816],[-80.1911648537489,25.7629449246479],[-80.191167151291,25.7629445779366],[-80.1912934553183,25.7629711430064],[-80.1912953468452,25.7629723713517],[-80.1912957244627,25.7629744438186],[-80.1912575388766,25.7631233160188],[-80.1912624203218,25.7631243434762],[-80.1912643111933,25.7631255721021],[-80.1912646885679,25.7631276442842],[-80.1912552284097,25.7631645291892],[-80.1912538796901,25.7631662398197],[-80.1912515821479,25.7631665865304],[-80.1912366530462,25.7631634467187],[-80.1912291395372,25.7631927381407],[-80.1912277910041,25.7631944491753],[-80.1912254932754,25.7631947962904],[-80.1911322993529,25.7631751945166],[-80.1911304078457,25.7631739656544],[-80.1911300302085,25.7631718929009],[-80.1911464424287,25.7631079098198],[-80.1911461459847,25.7631078483342],[-80.1910798646898,25.7633662455355],[-80.1911771522351,25.7633867088839],[-80.1911790444546,25.7633879374301],[-80.1911794222778,25.7633900104936],[-80.1911747833777,25.7634080888479],[-80.1911734343415,25.7634097988835],[-80.1911711371159,25.7634101453758],[-80.1911419256995,25.7634040016806],[-80.1911407767543,25.7634084779864],[-80.1911394273094,25.7634101882481],[-80.1911371295942,25.7634105345143],[-80.1911330314799,25.7634096729084],[-80.1911319364335,25.7634139404869],[-80.1911305877139,25.7634156511138],[-80.1911282901718,25.7634159978237],[-80.1911233135051,25.7634149509523],[-80.1911225571236,25.7634178990197],[-80.1911212078249,25.7634196096276],[-80.1911189099636,25.7634199563565],[-80.191113830889,25.7634188884507],[-80.1911126442145,25.7634235168515],[-80.1911112950855,25.7634252277035],[-80.1911089970545,25.7634255741882],[-80.19110498967,25.7634247311898],[-80.1911045198511,25.763426562001],[-80.1911345514293,25.7634328788253],[-80.1911364425064,25.7634341073333],[-80.1911368196754,25.7634361796247],[-80.1911127547073,25.7635299934833],[-80.1911194785972,25.7635314092662],[-80.1911213694687,25.7635326378878],[-80.1911217468433,25.7635347100629],[-80.1911083619455,25.7635868901447],[-80.1911240869546,25.763590198221],[-80.1911259778261,25.7635914268421],[-80.1911263552007,25.763593499016],[-80.1911060775298,25.7636725595019],[-80.1911047288102,25.7636742701251],[-80.191102431268,25.7636746168343],[-80.1909945597721,25.7636519327812],[-80.1909926687151,25.7636507037563],[-80.190992291526,25.7636486311788],[-80.1909971433268,25.7636297163364]]]},"properties":{"OBJECTID":447163,"UBID":"C6XXXFXP+XPW-0-0-0-0","UNIQUEID":null,"ADDRESS":"1101 BRICKELL AVE","SOURCE":null,"TYPE":null,"BLDG_HEIGHT":null,"FLOORS":19,"YEAR_BUILT":1964,"BLDG_TYPE":"OFFICE BUILDING - MULTISTORY : OFFICE BUILDING"}},{"type":"Feature","id":451553,"geometry":{"type":"Polygon","coordinates":[[[-80.1959991236273,25.7623885498248],[-80.1959989529474,25.7623845556605],[-80.1959871401014,25.7623849715002],[-80.1959849561419,25.7623842388548],[-80.1959839870147,25.7623823300282],[-80.1959804395677,25.7622997947204],[-80.1959783967987,25.7622521955958],[-80.1959791984818,25.762250223623],[-80.1959813136284,25.7622493397286],[-80.1959853847933,25.7622491941036],[-80.1959730374497,25.7619618231281],[-80.195969225898,25.7618730919755],[-80.1959692223047,25.7618729681939],[-80.1959700224895,25.7618709960533],[-80.1959721373378,25.7618701123176],[-80.1959745115851,25.7618700297965],[-80.1959716235015,25.7618028212179],[-80.1959692501525,25.7618029053571],[-80.195967066643,25.7618021725399],[-80.1959660979641,25.7618002638722],[-80.1959637380899,25.7617453759875],[-80.1959597953841,25.7616535889609],[-80.1959605969599,25.7616516155986],[-80.1959627131122,25.7616507306522],[-80.1959739591212,25.7616503358448],[-80.1959733428769,25.7616360386371],[-80.1959741452713,25.7616340659137],[-80.1959762615033,25.761633181946],[-80.1960317118108,25.7616312281344],[-80.1962777567739,25.7616225593588],[-80.1963210304177,25.7616210351429],[-80.1963399543275,25.7616203685007],[-80.196348657206,25.7616200618776],[-80.196350841899,25.7616207946694],[-80.196351811191,25.7616227041755],[-80.1963521893817,25.7616315201948],[-80.1963524948089,25.7616386202573],[-80.1963553155189,25.7616385207464],[-80.1963550091934,25.7616313591975],[-80.1963558104283,25.7616293873829],[-80.1963579251248,25.7616285033154],[-80.1963933780358,25.7616272541703],[-80.1963957837241,25.7616282039736],[-80.1963982343282,25.761626914377],[-80.1964115877849,25.7616264435205],[-80.1964113712909,25.7616214348046],[-80.1964121726037,25.7616194620139],[-80.1964142881206,25.7616185773042],[-80.1964357371947,25.7616178216684],[-80.1964379221516,25.7616185538873],[-80.196438892078,25.7616204631574],[-80.1964389190274,25.7616210998654],[-80.1964418313656,25.7616183604836],[-80.196491696847,25.7616166032665],[-80.19649388154,25.7616173360583],[-80.196494850832,25.7616192455645],[-80.1964980515293,25.761693782453],[-80.1964980569192,25.7616939046167],[-80.1964972803973,25.7616958651717],[-80.1964951912935,25.7616967556431],[-80.1964953727531,25.76170096746],[-80.1964999227201,25.7617008072718],[-80.1965021068647,25.7617015403267],[-80.1965030758067,25.7617034495679],[-80.1965040657501,25.7617264883488],[-80.196503264067,25.7617284603302],[-80.1965011489204,25.7617293442286],[-80.1964965980552,25.7617295052258],[-80.1964970040937,25.7617389725071],[-80.1964962030449,25.7617409447245],[-80.1964940881623,25.7617418291956],[-80.1964474152934,25.7617434739556],[-80.1964475716002,25.7617470967964],[-80.1964553546039,25.7617468225349],[-80.1964575394829,25.7617475557304],[-80.1964585085888,25.761749465639],[-80.1964597132296,25.7617774767141],[-80.19645891065,25.7617794490313],[-80.1964567946033,25.7617803325927],[-80.1964490107013,25.7617806060451],[-80.1964513418295,25.7618348685331],[-80.1964893037351,25.7618335312058],[-80.1964891492248,25.7618299431561],[-80.1964899511701,25.7618279706035],[-80.1964920669529,25.7618270864697],[-80.1965134773994,25.7618263324534],[-80.1965142679168,25.7618257790765],[-80.1965143649349,25.7618257135451],[-80.1965159702243,25.7618246828403],[-80.1965160708356,25.761824621354],[-80.1965177210408,25.7618236488994],[-80.1965178234487,25.7618235906493],[-80.1965195149764,25.7618226780629],[-80.1965196200793,25.7618226246669],[-80.1965213484379,25.7618217743759],[-80.1965213753874,25.7618217606224],[-80.196521457134,25.7618217234069],[-80.1965232232219,25.7618209362203],[-80.1965233328164,25.7618208909146],[-80.1965251312436,25.7618201668324],[-80.1965251860408,25.7618201449885],[-80.196525243533,25.7618201247628],[-80.1965270734012,25.761819467021],[-80.1965271865889,25.7618194289966],[-80.1965290443049,25.7618188375953],[-80.1965291296449,25.7618188117063],[-80.196529158391,25.761818803616],[-80.1965310403615,25.7618182801733],[-80.1965311562442,25.7618182502392],[-80.1965330597743,25.7618177963731],[-80.1965331774536,25.761817768866],[-80.19653509895,25.7618173829585],[-80.1965352175276,25.7618173611147],[-80.1965371551936,25.7618170455928],[-80.1965372737713,25.7618170277941],[-80.1965392240137,25.7618167818489],[-80.1965392536581,25.7618167778037],[-80.196539344388,25.7618167689044],[-80.1965413027153,25.7618165925357],[-80.1965414239879,25.7618165844454],[-80.1965433886034,25.7618164792715],[-80.1965434487905,25.7618164768443],[-80.196543509876,25.7618164752263],[-80.1965454780847,25.761816442056],[-80.196545598459,25.761816441247],[-80.1965475666678,25.7618164784624],[-80.1965476573976,25.7618164816985],[-80.196547687042,25.7618164833166],[-80.1965496516575,25.7618165917267],[-80.1965497720318,25.761816600626],[-80.1965517312574,25.7618167810398],[-80.1965518516317,25.7618167923663],[-80.1965538000775,25.7618170431657],[-80.1965539195535,25.7618170601553],[-80.1965558563212,25.7618173805314],[-80.1965559748988,25.7618174015662],[-80.1965578963952,25.7618177907099],[-80.1965579260396,25.7618177971821],[-80.1965580140745,25.7618178165988],[-80.196559915808,25.7618182753191],[-80.1965600316907,25.7618183052532],[-80.1965619127629,25.7618188319321],[-80.1965619711534,25.7618188505398],[-80.1965620277472,25.7618188667204],[-80.1965638827683,25.7618194605488],[-80.196563995956,25.7618194993822],[-80.1965658231293,25.7618201603601],[-80.1965659093676,25.7618201919123],[-80.196565936317,25.7618202032387],[-80.1965677329476,25.7618209297481],[-80.1965678443387,25.7618209758628],[-80.1965696077316,25.7618217662856],[-80.1965697137328,25.7618218164455],[-80.1965714429897,25.7618226707816],[-80.1965715480926,25.7618227249867],[-80.1965732378237,25.7618236400001],[-80.1965733402316,25.7618236982503],[-80.1965741729699,25.7618241925679],[-80.1965933906287,25.7618235154094],[-80.1965955751374,25.7618242477937],[-80.1965965446137,25.7618261568938],[-80.1965966982256,25.7618297465617],[-80.1966449835705,25.7618280451708],[-80.1966432597034,25.7617879479988],[-80.1966400760741,25.761788059645],[-80.1966378921146,25.761787326996],[-80.1966369229874,25.7617854181598],[-80.1966364891011,25.7617753279285],[-80.196632548192,25.7617754670817],[-80.1966303637816,25.7617747346019],[-80.196629394207,25.7617728255962],[-80.1966281787864,25.7617445491578],[-80.1966289810497,25.7617425763276],[-80.1966310974128,25.7617416924694],[-80.1966350374236,25.7617415541251],[-80.1966348909982,25.7617381400142],[-80.1966196097569,25.7617386780199],[-80.1966174257975,25.7617379453706],[-80.1966164566703,25.7617360365335],[-80.1966159356474,25.7617239229112],[-80.196611458444,25.7617240798632],[-80.1966092749345,25.7617233470456],[-80.1966083062557,25.7617214383766],[-80.1966076010782,25.7617050126163],[-80.1966084025753,25.76170304023],[-80.196610517908,25.7617021559269],[-80.196614994213,25.7617019989748],[-80.1966146043442,25.761692932161],[-80.1966127313568,25.7616929985016],[-80.1966105467621,25.7616922656151],[-80.1966095773718,25.7616903562053],[-80.1966063955391,25.7616163079699],[-80.1966071973001,25.7616143350107],[-80.1966093132671,25.7616134504693],[-80.1966606636637,25.7616116422831],[-80.196662846997,25.7616123753227],[-80.1966638140554,25.7616142845812],[-80.1966638194453,25.761614407554],[-80.1966640062949,25.7616187738989],[-80.1966660966746,25.761618699468],[-80.1966659044351,25.7616142109593],[-80.196666705484,25.7616122387398],[-80.1966688203665,25.7616113542677],[-80.1966986579087,25.7616103033353],[-80.1967008427877,25.7616110365316],[-80.1967018118936,25.7616129464425],[-80.1967020041331,25.7616174309061],[-80.1967074128894,25.7616172407836],[-80.1967077614358,25.7616172537281],[-80.1967126177282,25.7616170838314],[-80.1967124236921,25.7616125718607],[-80.1967132253752,25.7616105998774],[-80.1967153405218,25.7616097159781],[-80.1967440911025,25.7616087038792],[-80.1967462756112,25.7616094362648],[-80.1967472450875,25.7616113453684],[-80.1967474409202,25.7616158694746],[-80.1967524508245,25.7616156947237],[-80.1967522576867,25.7616111681904],[-80.1967530594744,25.7616091962936],[-80.1967551745165,25.7616083123078],[-80.1967657602638,25.7616079393441],[-80.1967874285267,25.761607176427],[-80.1968042431922,25.7616065834066],[-80.1968461298373,25.7616051069233],[-80.1968483145312,25.7616058397143],[-80.1968492838223,25.7616077492216],[-80.1968513822868,25.7616565653881],[-80.1968505798923,25.761658538111],[-80.1968484636604,25.7616594220785],[-80.1968409501514,25.7616596866319],[-80.1968426147296,25.7616984481365],[-80.1968418108709,25.7617004223452],[-80.1968396916116,25.761701304826],[-80.1968222094979,25.7617018598215],[-80.1968228553866,25.7617168972847],[-80.1968377081315,25.7617163738416],[-80.1968398928245,25.7617171066328],[-80.1968408621165,25.7617190161373],[-80.196841268155,25.7617284720931],[-80.196849730285,25.7617281743697],[-80.1968519147928,25.7617289067554],[-80.1968528842699,25.7617308158561],[-80.1968541284366,25.7617597654115],[-80.1968533263053,25.7617617375607],[-80.1968512107085,25.7617626212905],[-80.1968427476803,25.7617629198229],[-80.1968434295016,25.7617787695453],[-80.1968518934282,25.761778471822],[-80.1968540774761,25.7617792041182],[-80.1968550456165,25.7617811133073],[-80.1968550510064,25.7617812378981],[-80.1968563391905,25.7618112084377],[-80.1968555370582,25.7618131805852],[-80.1968534214625,25.7618140643154],[-80.1968449584342,25.7618143628476],[-80.1968471871544,25.7618662216917],[-80.1968914300805,25.7618646634996],[-80.1968913124011,25.761861912797],[-80.1968921140842,25.7618599408179],[-80.1968942292309,25.7618590569204],[-80.1969278828164,25.7618578700731],[-80.1969276815937,25.761853181743],[-80.1969284832769,25.7618512097637],[-80.1969305984235,25.7618503258662],[-80.1970052969326,25.7618476900456],[-80.1970074816256,25.761848422836],[-80.1970084509176,25.7618503323384],[-80.1970087590397,25.7618576443537],[-80.1970087707178,25.7618577665172],[-80.1970095729133,25.7618764276066],[-80.1970272355885,25.7618758054625],[-80.1970264333929,25.761857144373],[-80.1970272350761,25.7618551723938],[-80.1970293502226,25.7618542884963],[-80.1970704795879,25.7618528395232],[-80.1970702783653,25.7618481520019],[-80.1970710802336,25.7618461804262],[-80.197073195195,25.761845296934],[-80.1971289626079,25.7618433253271],[-80.1971311469305,25.7618440573068],[-80.1971321165928,25.761845966002],[-80.1971337847643,25.7618847371543],[-80.197132982632,25.7618867093005],[-80.1971308670363,25.7618875930302],[-80.1971237694472,25.7618878438295],[-80.1971254996024,25.7619280987286],[-80.1971246973392,25.7619300715557],[-80.1971225809761,25.7619309554125],[-80.1971195455687,25.7619310613954],[-80.1971197836223,25.7619365846411],[-80.1971288530134,25.7619362650744],[-80.1971310381564,25.7619369976958],[-80.1971320078967,25.7619389073653],[-80.1971332385886,25.7619676044527],[-80.1971324370906,25.7619695768338],[-80.1971303217589,25.7619704611357],[-80.1971212514695,25.7619707807023],[-80.197121273029,25.7619712701651],[-80.1971243084364,25.7619711633732],[-80.1971264929442,25.7619718957574],[-80.1971274624213,25.7619738048543],[-80.197127928647,25.7619846426119],[-80.1971327903293,25.7619844719067],[-80.19713497466,25.7619852053643],[-80.1971359434159,25.7619871150055],[-80.1971367114755,25.7620049896982],[-80.1971359095293,25.762006962247],[-80.1971337937475,25.7620078463802],[-80.1971289338618,25.7620080178944],[-80.1971290344731,25.7620103478985],[-80.1971338943588,25.7620101755753],[-80.1971360784075,25.7620109078693],[-80.1971370465471,25.7620128170555],[-80.197137051937,25.762012941646],[-80.1971388934833,25.7620557635512],[-80.1971380916693,25.7620577362087],[-80.1971359757553,25.7620586202321],[-80.1971280786656,25.762058897729],[-80.1970060838568,25.7620631960991],[-80.1970039001612,25.762062462879],[-80.1970029316685,25.762060553811],[-80.1970019408267,25.7620375167129],[-80.196972027826,25.7620385708777],[-80.1969723889488,25.7620469613169],[-80.1969715863409,25.7620489325656],[-80.1969694712208,25.7620498155709],[-80.1969373546527,25.7620509482113],[-80.1969351695662,25.7620502146338],[-80.1969342006677,25.7620483043049],[-80.1969338413416,25.7620399154838],[-80.1969008336448,25.7620410780584],[-80.1969009513242,25.7620438295659],[-80.1969001491644,25.7620458006463],[-80.1968980344944,25.76204668382],[-80.1968504606153,25.7620483601279],[-80.1968520910575,25.7620863173312],[-80.1968576453409,25.7620861223553],[-80.1968598290365,25.7620868555753],[-80.1968607975293,25.7620887646428],[-80.1968611613469,25.7620972335543],[-80.19686648656,25.7620970466687],[-80.1968686708826,25.7620977786468],[-80.1968696405449,25.7620996873379],[-80.1968709035762,25.762129083387],[-80.1968701018931,25.7621310553617],[-80.1968679867465,25.7621319392571],[-80.1968626606352,25.7621321269517],[-80.1968630145714,25.7621403547696],[-80.1968622124401,25.7621423269124],[-80.1968600968433,25.7621432106394],[-80.1968545452549,25.7621434080423],[-80.1968563203259,25.7621847550425],[-80.1969397819006,25.7621818150347],[-80.1969395537285,25.7621765013387],[-80.1969403558599,25.7621745291964],[-80.1969424714566,25.7621736454697],[-80.1969753758471,25.7621724853235],[-80.196977560541,25.762173218111],[-80.1969785298321,25.7621751276091],[-80.1969787580042,25.7621804413052],[-80.1970071780048,25.7621794405376],[-80.1970060128899,25.7621522944084],[-80.1970068150221,25.7621503222665],[-80.1970089306179,25.7621494385388],[-80.1970584655193,25.7621476926559],[-80.1970583262805,25.7621444613971],[-80.1970591284127,25.7621424892551],[-80.1970612440085,25.7621416055273],[-80.197136422218,25.7621389551507],[-80.1971386070971,25.7621396883437],[-80.197139576203,25.762141598246],[-80.1971416423281,25.7621897240922],[-80.197141647718,25.7621898462554],[-80.1971408472162,25.7621918186679],[-80.1971387317866,25.762192702124],[-80.197135792499,25.7621928064886],[-80.1971372666344,25.7622271197851],[-80.1971364646343,25.7622290920352],[-80.1971343489063,25.7622299756528],[-80.1971313126007,25.7622300816354],[-80.1971314284833,25.7622327829788],[-80.197138912348,25.7622325184268],[-80.1971410970409,25.7622332512148],[-80.1971420663329,25.7622351607111],[-80.1971433320592,25.7622645963689],[-80.1971425297969,25.7622665691913],[-80.1971404134328,25.7622674530448],[-80.1971329295682,25.7622677159787],[-80.1971329313648,25.7622677523849],[-80.1971359676705,25.7622676455933],[-80.1971381521783,25.7622683779757],[-80.1971391216554,25.7622702870678],[-80.19713964178,25.76228238769],[-80.1971454475917,25.762282182197],[-80.1971476322846,25.7622829149847],[-80.1971486015766,25.7622848244802],[-80.1971496310459,25.7623088283177],[-80.1971496337409,25.7623089609982],[-80.1971496292493,25.7623092465847],[-80.1971496211645,25.7623093914006],[-80.1971494954003,25.7623111882498],[-80.1971494873155,25.7623112796699],[-80.1971492681265,25.762313222953],[-80.1971492546518,25.7623133232724],[-80.1971489591061,25.7623152495659],[-80.1971489420381,25.7623153482672],[-80.1971485665423,25.7623172648524],[-80.1971485611524,25.7623172931683],[-80.1971485458811,25.7623173627447],[-80.1971480949268,25.7623192655763],[-80.1971480688756,25.7623193634686],[-80.1971475424629,25.7623212485016],[-80.1971475155134,25.7623213326404],[-80.197146907354,25.7623232128193],[-80.1971468741163,25.7623233090935],[-80.19714619499,25.7623251536751],[-80.197146158159,25.7623252499494],[-80.1971454008793,25.7623270791595],[-80.1971453640483,25.7623271641073],[-80.1971445375983,25.7623289593382],[-80.1971444926825,25.7623290523763],[-80.1971435943672,25.7623308184822],[-80.1971435638245,25.7623308759231],[-80.1971435458582,25.7623309090932],[-80.1971425756777,25.7623326452651],[-80.1971425235754,25.7623327342581],[-80.1971414842246,25.7623344372599],[-80.1971414285291,25.7623345238258],[-80.1971403182114,25.7623361936574],[-80.1971402625158,25.7623362753691],[-80.1971390875194,25.7623379039404],[-80.1971390255357,25.7623379880791],[-80.1971377849623,25.762339576199],[-80.1971377517246,25.7623396190774],[-80.1971377193853,25.7623396562927],[-80.1971364168281,25.7623412039612],[-80.1971363476578,25.7623412832458],[-80.1971349831169,25.7623427847998],[-80.1971349112517,25.7623428608483],[-80.1971334856253,25.7623443179057],[-80.1971334101668,25.7623443915272],[-80.1971319270483,25.7623457984249],[-80.1971318488949,25.7623458712374],[-80.1971303109791,25.7623472279754],[-80.1971302777415,25.7623472571004],[-80.1971302301307,25.7623472959337],[-80.1971286383161,25.7623486025121],[-80.1971285538744,25.7623486688523],[-80.1971269090591,25.7623499204169],[-80.1971268282107,25.7623499794758],[-80.1971251285982,25.7623511792626],[-80.197125039665,25.7623512407487],[-80.1971232978317,25.7623523790494],[-80.1971232071019,25.7623524364903],[-80.1971214221494,25.7623535173502],[-80.1971213916066,25.7623535351488],[-80.1971213278263,25.762353571555],[-80.197119497958,25.7623545917378],[-80.1971194036349,25.7623546427065],[-80.1971175333425,25.7623556022123],[-80.1971174480026,25.7623556450907],[-80.1971155300994,25.7623565463466],[-80.1971154303864,25.7623565908431],[-80.1971134882288,25.7623574233316],[-80.1971133858209,25.7623574662101],[-80.1971114023407,25.7623582364036],[-80.1971113107125,25.7623582703827],[-80.1971093065711,25.762358972618],[-80.1971092023666,25.7623590074061],[-80.1971071712757,25.7623596408741],[-80.1971071030037,25.7623596627178],[-80.1971070652745,25.7623596724261],[-80.1971050108274,25.7623602387449],[-80.1971049039279,25.7623602670608],[-80.1971028279213,25.7623607646123],[-80.1971027183268,25.7623607880741],[-80.1971006180657,25.7623612184763],[-80.1971005156578,25.762361238702],[-80.1970984046169,25.7623615962918],[-80.1970982941241,25.7623616124724],[-80.1970961687101,25.762361902104],[-80.1970961103196,25.7623619101942],[-80.1970960591157,25.7623619142393],[-80.1970939247185,25.7623621326766],[-80.1970938061409,25.7623621375307],[-80.1970937028346,25.762362144003],[-80.1970934719676,25.7623621520932],[-80.1970528860831,25.7623635848796],[-80.1970507021244,25.7623628522335],[-80.1970497329964,25.7623609434072],[-80.1970495317738,25.762356287458],[-80.197046352636,25.7623563999127],[-80.1970441689404,25.7623556666945],[-80.1970432004477,25.7623537576311],[-80.1970431465488,25.7623525279104],[-80.1970240070433,25.7623532018297],[-80.1970240600439,25.7623544315505],[-80.1970232585469,25.762356403926],[-80.1970211432142,25.7623572882242],[-80.1970195801456,25.762357343238],[-80.1970197741817,25.7623618770241],[-80.1970197786733,25.7623619991872],[-80.1970189783577,25.7623639720013],[-80.1970168627419,25.7623648558607],[-80.1969914260463,25.7623657514533],[-80.1969892419016,25.7623650184026],[-80.1969882729597,25.7623631091719],[-80.1969880735336,25.7623584532228],[-80.1969457071882,25.7623599458772],[-80.1969458015113,25.7623621302495],[-80.19694499938,25.7623641023887],[-80.1969428837833,25.762364986114],[-80.196912387776,25.7623660605015],[-80.1969102035437,25.7623653278027],[-80.1969092355877,25.7623634182201],[-80.1969092301978,25.762363294439],[-80.1969091412646,25.7623612346569],[-80.1968736685906,25.7623624829852],[-80.1968737727952,25.7623648922669],[-80.1968729712972,25.7623668646414],[-80.1968708559655,25.7623677489403],[-80.1968336666111,25.7623690587546],[-80.1968043087692,25.7623700943088],[-80.1967996195635,25.7623702585412],[-80.1967974355164,25.7623695262478],[-80.1967964673751,25.7623676170689],[-80.1967964619852,25.7623674932879],[-80.1967961269136,25.7623597088323],[-80.1967636007138,25.7623608544143],[-80.1967639339888,25.7623686396787],[-80.1967639393787,25.7623687626508],[-80.1967631388778,25.7623707350611],[-80.1967610234473,25.7623716185151],[-80.1967296425995,25.7623727244546],[-80.19672745819,25.7623719919776],[-80.1967264886145,25.7623700829824],[-80.1967261490513,25.7623621739369],[-80.1966935994953,25.7623633203279],[-80.1966936336313,25.7623641390629],[-80.1966928317621,25.7623661106292],[-80.1966907168016,25.7623669941184],[-80.196651777529,25.7623683686548],[-80.196605075914,25.762370011788],[-80.1966028919544,25.7623692791428],[-80.1966019228273,25.7623673703158],[-80.1966010379867,25.7623467563128],[-80.1966018396708,25.7623447843425],[-80.1966039548165,25.7623439004479],[-80.1966093006907,25.7623437103265],[-80.1966063533183,25.7622750918814],[-80.1966071554496,25.7622731197408],[-80.1966092710463,25.7622722360148],[-80.1966704274526,25.7622700815748],[-80.1966697959369,25.7622553920634],[-80.196664000905,25.7622555967474],[-80.1966618171209,25.7622548638811],[-80.196660849615,25.7622529544636],[-80.1966608442251,25.7622528306823],[-80.1966592892414,25.7622166509663],[-80.1966525258256,25.7622168896295],[-80.1966503414152,25.7622161571524],[-80.1966493718406,25.7622142481538],[-80.1966481725897,25.7621863197026],[-80.1966489745898,25.7621843474517],[-80.1966510903178,25.7621834638338],[-80.1966578528352,25.7621832259796],[-80.1966551273466,25.7621197973591],[-80.1966483630326,25.7621200368315],[-80.1966461787555,25.7621193032718],[-80.1966452117425,25.7621173929266],[-80.1966452063526,25.7621172699543],[-80.1966440511192,25.7620904013078],[-80.196644853673,25.7620884289744],[-80.1966469697455,25.7620875454367],[-80.1966537313647,25.7620873075822],[-80.1966503635807,25.7620089628405],[-80.196601155666,25.762010694972],[-80.1966013191594,25.7620144949819],[-80.1966005167376,25.7620164666357],[-80.1965984014314,25.7620173500457],[-80.1965807450445,25.7620179729982],[-80.1965798467292,25.7620185554991],[-80.1965797488128,25.7620186169853],[-80.1965780572852,25.7620196217995],[-80.1965779638604,25.7620196751954],[-80.1965762372984,25.7620206177143],[-80.1965761366871,25.7620206711102],[-80.1965743697009,25.7620215521429],[-80.1965743265818,25.7620215747957],[-80.1965742654963,25.7620216031117],[-80.1965724643742,25.7620224210401],[-80.1965723565764,25.7620224663458],[-80.1965705222165,25.762023221979],[-80.1965704413682,25.7620232535311],[-80.1965704135204,25.7620232640485],[-80.1965685468212,25.7620239541502],[-80.1965684372268,25.7620239921746],[-80.1965665417815,25.7620246167451],[-80.1965664294921,25.7620246507243],[-80.1965645070974,25.7620252089544],[-80.1965643975029,25.7620252388884],[-80.1965624553453,25.762025728351],[-80.196562340361,25.762025755049],[-80.196560380237,25.7620261757441],[-80.1965603371178,25.7620261846434],[-80.1965602643543,25.7620261983969],[-80.1965582853658,25.7620265511336],[-80.1965581703814,25.7620265681232],[-80.1965561779181,25.7620268504743],[-80.196556097968,25.7620268609917],[-80.1965560611371,25.7620268650368],[-80.1965540596907,25.7620270770024],[-80.196553941113,25.7620270867108],[-80.1965519315818,25.7620272290999],[-80.1965518148008,25.7620272363812],[-80.1965497989813,25.7620273059577],[-80.1965496813019,25.7620273083847],[-80.1965476654825,25.7620273083847],[-80.1965475478032,25.7620273067667],[-80.1965455337803,25.7620272371902],[-80.1965454951527,25.7620272347631],[-80.1965454152027,25.7620272299089],[-80.1965434056714,25.7620270891379],[-80.1965432879921,25.7620270786205],[-80.1965412856473,25.7620268674639],[-80.1965412110871,25.7620268585646],[-80.1965411688663,25.7620268529014],[-80.1965391773013,25.7620265713593],[-80.1965390605204,25.7620265535606],[-80.1965370815318,25.7620262024421],[-80.1965369701407,25.7620261789802],[-80.1965350046268,25.7620257590941],[-80.1965348896425,25.7620257315871],[-80.1965329492815,25.7620252429336],[-80.1965328351954,25.7620252129995],[-80.1965309145974,25.7620246563875],[-80.1965308858513,25.7620246474882],[-80.1965308041046,25.7620246224083],[-80.1965289095577,25.7620239978378],[-80.1965287999632,25.7620239606225],[-80.1965269323657,25.7620232705207],[-80.1965268685853,25.7620232470588],[-80.1965268236696,25.7620232284512],[-80.1965249875131,25.7620224744361],[-80.1965248815119,25.7620224275124],[-80.1965230794915,25.762021610393],[-80.1965229806768,25.7620215626603],[-80.1965212100973,25.7620206792005],[-80.1965211076894,25.7620206258046],[-80.1965201572718,25.762020108835],[-80.1965004814722,25.7620208013639],[-80.1964982973283,25.7620200683102],[-80.1964973283855,25.7620181590748],[-80.1964971648921,25.7620143606831],[-80.1964567712471,25.7620157829563],[-80.1964584600798,25.7620551114739],[-80.1964576579476,25.7620570836174],[-80.1964555423518,25.7620579673458],[-80.1964525069444,25.7620580749466],[-80.1964539990461,25.7620928025047],[-80.1964627746881,25.7620924934557],[-80.1964649589311,25.762093226413],[-80.1964659277748,25.7620951357431],[-80.1964670722284,25.762121730937],[-80.1964662705444,25.7621237029111],[-80.1964641553987,25.7621245868073],[-80.1964553770617,25.7621248950471],[-80.1964580980588,25.7621882209183],[-80.1964668763957,25.7621879126786],[-80.1964690598075,25.7621886447363],[-80.1964700276857,25.7621905533459],[-80.1964700339739,25.7621906779362],[-80.1964712826322,25.7622197236537],[-80.1964704802378,25.7622216963673],[-80.1964683640058,25.7622225803306],[-80.1964595874655,25.7622228893792],[-80.1964608954125,25.7622533241891],[-80.1964600934673,25.7622552967346],[-80.1964579776845,25.7622561808652],[-80.1964377997266,25.7622568920004],[-80.1964386127019,25.7622758159609],[-80.1964979913422,25.7622737254342],[-80.1965001756648,25.7622744574112],[-80.1965011453272,25.7622763660995],[-80.196504256193,25.762348780498],[-80.196508752261,25.7623486227377],[-80.1965109369539,25.7623493555251],[-80.1965119062459,25.7623512650194],[-80.1965126662207,25.7623689649075],[-80.1965118640884,25.7623709370457],[-80.1965097484926,25.7623718207718],[-80.1964646503704,25.7623734088912],[-80.1964298038222,25.7623746353757],[-80.1963875991736,25.7623761223667],[-80.1963877671585,25.7623800275384],[-80.1963869652123,25.762382000081],[-80.1963848494305,25.7623828842115],[-80.1963237693811,25.7623850354133],[-80.1963215851142,25.7623843024809],[-80.1963206162944,25.7623823931323],[-80.1963204492077,25.7623784871516],[-80.1963145939887,25.7623786942625],[-80.1963124098441,25.7623779612118],[-80.1963114409021,25.7623760519814],[-80.1963114382071,25.7623759977766],[-80.1962473335302,25.762378254961],[-80.1962451486716,25.7623775226515],[-80.1962441786469,25.7623756134889],[-80.1962438848978,25.7623687828765],[-80.1962104558911,25.7623699592013],[-80.1962106445373,25.7623743457441],[-80.1962098424051,25.7623763178823],[-80.1962077268093,25.7623772016083],[-80.1961974662521,25.7623775632432],[-80.1961976926275,25.7623828591316],[-80.1961968909435,25.7623848311014],[-80.1961947757978,25.7623857149956],[-80.1961117831437,25.7623886396267],[-80.1961095989104,25.7623879069289],[-80.1961086309553,25.7623859973459],[-80.1961086255655,25.7623858735648],[-80.1961084027833,25.7623807006485],[-80.1960904355793,25.7623813333074],[-80.1960906071575,25.7623853298989],[-80.1960898051838,25.7623873013783],[-80.1960876903278,25.7623881849538],[-80.1960022776122,25.7623911921056],[-80.1960000928953,25.7623904593418],[-80.1959991236273,25.7623885498248]]]},"properties":{"OBJECTID":451553,"UBID":"CRXVXXX8+XXW-0-0-0-0","UNIQUEID":null,"ADDRESS":"145 SW 13 ST","SOURCE":null,"TYPE":null,"BLDG_HEIGHT":82,"FLOORS":9,"YEAR_BUILT":2015,"BLDG_TYPE":"MULTIFAMILY 10 UNITS PLUS : MULTIFAMILY 3 OR MORE UNITS"}},{"type":"Feature","id":453589,"geometry":{"type":"Polygon","coordinates":[[[-80.1960878223801,25.7635603640456],[-80.1963917646615,25.763551049005],[-80.1963939455895,25.7635517922608],[-80.1963949042734,25.7635537066314],[-80.1963986870791,25.7636548711345],[-80.1964011933787,25.7637219500309],[-80.1964043536519,25.7638065327809],[-80.1964035421959,25.7638084988421],[-80.1964014260424,25.7638093748573],[-80.1960974756761,25.7638186890686],[-80.1960952953824,25.7638179460524],[-80.1960943369625,25.7638160322572],[-80.1960848974655,25.7635633420431],[-80.1960848911773,25.763563206128],[-80.1960857023871,25.7635612376848],[-80.1960878223801,25.7635603640456]]]},"properties":{"OBJECTID":453589,"UBID":"CHX8XPX3+XHX-0-0-0-0","UNIQUEID":"D3_MDC_Building_27569","ADDRESS":null,"SOURCE":"P","TYPE":"L","BLDG_HEIGHT":116.19999695,"FLOORS":0,"YEAR_BUILT":0,"BLDG_TYPE":"REFERENCE FOLIO"}},{"type":"Feature","id":454646,"geometry":{"type":"Polygon","coordinates":[[[-80.1929734540199,25.7605881745118],[-80.1929742714868,25.7605882448982],[-80.1933284062364,25.7606650995197],[-80.1933302769839,25.7606663202083],[-80.1933306646011,25.7606683712707],[-80.193317891456,25.7607205194419],[-80.1933181501708,25.7607223066067],[-80.1933066813796,25.7607717396239],[-80.1933048613928,25.7607737128666],[-80.1932818223007,25.760867765877],[-80.1932826119199,25.7608703467048],[-80.1932754352791,25.7608967382958],[-80.1932682757062,25.7609230683942],[-80.1932682568416,25.7609231298809],[-80.193266883796,25.7609248234226],[-80.1932645827321,25.760925143573],[-80.1929669358442,25.7608587815213],[-80.1929650606673,25.7608575300037],[-80.1929647125139,25.7608554515248],[-80.1929718487305,25.7608292095966],[-80.1929718882564,25.7608290591157],[-80.1929719134092,25.7608289685035],[-80.1929786462822,25.7608042046806],[-80.192976682565,25.760802459587],[-80.1929679859748,25.7608005712937],[-80.1929208037611,25.7607903321158],[-80.1929189155479,25.7607890928072],[-80.1929185516847,25.760787014253],[-80.1929185795324,25.76078690746],[-80.1929706171402,25.760590282058],[-80.1929734540199,25.7605881745118]]]},"properties":{"OBJECTID":454646,"UBID":"CJX9XJXP+XWX-0-0-0-0","UNIQUEID":"D1_MDC_Building_83","ADDRESS":"75 SE 14 ST","SOURCE":"P","TYPE":"L","BLDG_HEIGHT":25.39999962,"FLOORS":5,"YEAR_BUILT":1966,"BLDG_TYPE":"OFFICE BUILDING - MULTISTORY : OFFICE BUILDING"}},{"type":"Feature","id":454760,"geometry":{"type":"Polygon","coordinates":[[[-80.1988112654882,25.7674080702246],[-80.1988054803378,25.7673191522205],[-80.1988062392178,25.7673171658244],[-80.1988083351838,25.7673162438907],[-80.1989520521545,25.7673085819176],[-80.1989542533111,25.7673092745802],[-80.1989552645299,25.7673111666505],[-80.1989558439433,25.7673200736635],[-80.1989721142297,25.7673192048051],[-80.1989743151217,25.7673198980413],[-80.1989753257069,25.7673217903466],[-80.198980360764,25.7673992344095],[-80.1989796021472,25.7674012202322],[-80.1989775068164,25.7674021419283],[-80.1988146961543,25.7674108183717],[-80.1988144850502,25.7674108313155],[-80.1988122841234,25.7674101401765],[-80.1988112744714,25.7674082482029],[-80.1988112654882,25.7674080702246]]]},"properties":{"OBJECTID":454760,"UBID":"C7XVX4XH+X8V-0-0-0-0","UNIQUEID":"D3_Small_Building_8421","ADDRESS":"220 SW 6 ST","SOURCE":"L","TYPE":"S","BLDG_HEIGHT":17.75842094,"FLOORS":0,"YEAR_BUILT":0,"BLDG_TYPE":"VACANT LAND - COMMERCIAL : VACANT LAND"}},{"type":"Feature","id":455723,"geometry":{"type":"Polygon","coordinates":[[[-80.1963190711921,25.761390004555],[-80.1963181567072,25.7613622538972],[-80.1962822366722,25.7613632223104],[-80.196280060279,25.7613624713856],[-80.1962791096367,25.7613605549267],[-80.1962734367757,25.761190546103],[-80.1962523479261,25.7611911261809],[-80.1962501706132,25.7611903761917],[-80.1962492190939,25.7611884596023],[-80.1962444840741,25.7610473290662],[-80.196245305812,25.7610453636845],[-80.1962474296499,25.761044496632],[-80.1963106809274,25.7610427604413],[-80.1969951010541,25.7610239738204],[-80.196997278367,25.7610247238107],[-80.1969982298863,25.7610266404027],[-80.1970078526396,25.7613140929271],[-80.1970605783569,25.7613126455655],[-80.1970781592853,25.7612007779651],[-80.1970793391473,25.7611989686731],[-80.1970815944429,25.7611984422819],[-80.1971074551433,25.7612017730778],[-80.1971094591547,25.7612028486424],[-80.1971100351048,25.7612048846251],[-80.197093173727,25.7613121763258],[-80.1970946739135,25.7613144634647],[-80.1970964947986,25.7613687730897],[-80.197095673879,25.7613707391052],[-80.1970935501211,25.7613716071341],[-80.1970068186787,25.7613739856926],[-80.1963222143973,25.7613927706401],[-80.1963200291304,25.7613920247883],[-80.1963190756837,25.7613901032571],[-80.1963190711921,25.761390004555]]]},"properties":{"OBJECTID":455723,"UBID":"C4X8XCXH+XPV-0-0-0-0","UNIQUEID":"D1_MDC_Building_65","ADDRESS":"134 SW 13 ST","SOURCE":"P","TYPE":"L","BLDG_HEIGHT":37,"FLOORS":1,"YEAR_BUILT":1996,"BLDG_TYPE":"COMMUNITY SHOPPING CENTER : RETAIL OUTLET"}},{"type":"Feature","id":462749,"geometry":{"type":"Polygon","coordinates":[[[-80.1965079976762,25.7671609867049],[-80.1964971711803,25.7668681919751],[-80.1964595371598,25.7668693294236],[-80.1964573576608,25.766868585608],[-80.1964564002429,25.7668666718715],[-80.1964548874799,25.7668259073614],[-80.1964556980604,25.766823941953],[-80.1964578132928,25.7668230661662],[-80.1965996294284,25.7668187760583],[-80.1966004486919,25.766818858576],[-80.1965999070078,25.7668173959105],[-80.196585678592,25.7664361500777],[-80.1965864891959,25.7664341846824],[-80.1965886044049,25.7664333088731],[-80.1968491382952,25.7664253361874],[-80.1968513232568,25.7664260764952],[-80.1968522850936,25.7664279921314],[-80.1968522877886,25.7664281021553],[-80.1968541365214,25.7664775805276],[-80.1968958390118,25.7664763047366],[-80.1968980188556,25.7664770479045],[-80.1968989768271,25.7664789614884],[-80.1969094332171,25.7667589685575],[-80.196908622394,25.7667609348055],[-80.1969065065059,25.7667618113722],[-80.1968651453752,25.7667630758342],[-80.1968652873091,25.7667668425231],[-80.1968644763012,25.7667688083673],[-80.1968623605978,25.7667696845287],[-80.1967772452247,25.7667722894982],[-80.1967775344822,25.7667800437314],[-80.1967767239225,25.7667820094073],[-80.1967746086693,25.7667828857367],[-80.1967537659581,25.766783523226],[-80.1967548520213,25.7668126527644],[-80.1967540416465,25.7668146188436],[-80.1967519262084,25.7668154955779],[-80.1966030448231,25.7668200526547],[-80.1966022246612,25.766819968519],[-80.1966027672437,25.7668214336115],[-80.1966169561336,25.7672047872535],[-80.1966161452043,25.7672067534055],[-80.1966140294224,25.7672076300576],[-80.1964686137375,25.7672120528264],[-80.196466433689,25.7672113092765],[-80.1964654759222,25.767209395282],[-80.1964638302086,25.7671650729338],[-80.1964646410524,25.7671631069592],[-80.1964667569198,25.7671622309378],[-80.1965079976762,25.7671609867049]]]},"properties":{"OBJECTID":462749,"UBID":"CJXMX9XX+X9R-0-0-0-0","UNIQUEID":"D3_MDC_Building_2275","ADDRESS":"128 SW 7 ST","SOURCE":"P","TYPE":"L","BLDG_HEIGHT":48,"FLOORS":0,"YEAR_BUILT":0,"BLDG_TYPE":"VACANT LAND - COMMERCIAL : EXTRA FEA OTHER THAN PARKING"}},{"type":"Feature","id":463349,"geometry":{"type":"Polygon","coordinates":[[[-80.1951803739245,25.7679082999024],[-80.1951774894341,25.7678361922664],[-80.1951764060659,25.7678090725095],[-80.1951753217993,25.7677819713531],[-80.1951741144636,25.7677517798487],[-80.1951741081754,25.7677516496013],[-80.1951741045821,25.7677515331067],[-80.1951657322837,25.7675422641872],[-80.195164818697,25.7675193899512],[-80.1951649004437,25.7675186505329],[-80.1951751601026,25.7674798302542],[-80.1951761383679,25.7674783813497],[-80.1952002105226,25.7674597154781],[-80.1952020736285,25.7674590569586],[-80.1953161956022,25.7674553218423],[-80.1953136282171,25.7673908160338],[-80.1953144348769,25.7673888470371],[-80.1953165504367,25.7673879667622],[-80.1953944361685,25.7673854014469],[-80.1954246447149,25.767384407195],[-80.1954268274799,25.7673851455248],[-80.1954277915133,25.7673870574546],[-80.1954336584104,25.7675334947194],[-80.1954328509775,25.7675354633615],[-80.1954307352925,25.7675363431785],[-80.1954035621535,25.7675372322602],[-80.195405823213,25.7675938883485],[-80.1954456976319,25.7675925769739],[-80.1954478802127,25.7675933148962],[-80.1954488444303,25.7675952264198],[-80.1954560641902,25.7677757186705],[-80.1954552564931,25.7677776878798],[-80.195453140174,25.7677785679328],[-80.1954132513821,25.7677798857773],[-80.1954151872516,25.7678283911807],[-80.1954178947738,25.7678961780111],[-80.1954312850614,25.7678954936063],[-80.1954335060628,25.7678962106784],[-80.1954344911487,25.7678981414275],[-80.1954469525783,25.7682092668796],[-80.1954461453304,25.7682112359144],[-80.1954440294604,25.7682121161315],[-80.195310915305,25.7682164838517],[-80.1951778065394,25.7682208515718],[-80.1951756238727,25.7682201131524],[-80.195174659741,25.7682182013308],[-80.195162413907,25.767911924982],[-80.1951632017734,25.7679099750532],[-80.1951652795328,25.7679090781498],[-80.1951803739245,25.7679082999024]]]},"properties":{"OBJECTID":463349,"UBID":"CPXMX2XX+X3R-0-0-0-0","UNIQUEID":"D3_MDC_Building_23676","ADDRESS":"99 SW 7 ST","SOURCE":"P","TYPE":"L","BLDG_HEIGHT":23.60000038,"FLOORS":0,"YEAR_BUILT":0,"BLDG_TYPE":"VACANT LAND - COMMERCIAL : VACANT LAND"}},{"type":"Feature","id":465454,"geometry":{"type":"Polygon","coordinates":[[[-80.1912483607893,25.7600337542584],[-80.1914289814502,25.7593678391045],[-80.1914303305944,25.7593661569259],[-80.1914326025591,25.7593658116322],[-80.1918153055314,25.7594442074699],[-80.191817230762,25.7594454610979],[-80.1918175764725,25.7594475779582],[-80.1917905344875,25.7595424467284],[-80.1917907402017,25.7595424807083],[-80.1918412048594,25.7595528178884],[-80.192089097657,25.7596035968354],[-80.1920910147381,25.759604836552],[-80.1920913793778,25.7596069365755],[-80.1920436033777,25.7597830575697],[-80.1920612849175,25.75978510607],[-80.1920634077976,25.7597862826621],[-80.1920638505059,25.7597884919205],[-80.1920247315702,25.7599326966995],[-80.1920233582311,25.7599343917433],[-80.1920210556641,25.7599347120265],[-80.1920035232447,25.7599308108196],[-80.1919607472675,25.7600885021611],[-80.1919593746022,25.760090196406],[-80.191957073158,25.7600905166763],[-80.191713692598,25.7600363957826],[-80.1917136620553,25.7600363885012],[-80.1917117981308,25.7600351585239],[-80.1917114261486,25.7600331045972],[-80.1917114611829,25.760032968678],[-80.1917530415024,25.759868328386],[-80.1917045711047,25.7598575462593],[-80.1916395231966,25.7601208055963],[-80.1916381623298,25.7601225409178],[-80.1916358329174,25.7601228759348],[-80.1912505931028,25.760037181363],[-80.1912505625601,25.7600371740816],[-80.1912486858003,25.7600359252815],[-80.1912483374331,25.7600338472983],[-80.1912483607893,25.7600337542584]]]},"properties":{"OBJECTID":465454,"UBID":"CJXHXGXW+XFW-0-0-0-0","UNIQUEID":"D1_MDC_Building_390","ADDRESS":"1401 BRICKELL AVE","SOURCE":"P","TYPE":"L","BLDG_HEIGHT":187.5,"FLOORS":0,"YEAR_BUILT":0,"BLDG_TYPE":"VACANT LAND - COMMERCIAL : VACANT LAND"}},{"type":"Feature","id":467124,"geometry":{"type":"Polygon","coordinates":[[[-80.1977555878242,25.763717523896],[-80.197755282397,25.7636791594693],[-80.1977422469439,25.7636792444162],[-80.1977400893691,25.7636784491606],[-80.1977391872821,25.763676513172],[-80.1977389914493,25.7636518421712],[-80.1977384084427,25.7635782838064],[-80.1977116099011,25.7635784577454],[-80.1977094514272,25.7635776628248],[-80.1977085484427,25.763575726499],[-80.1977081747435,25.7635287718649],[-80.1977090460714,25.7635268232086],[-80.1977111921846,25.7635260001663],[-80.1977702168886,25.7635256158824],[-80.1978184671991,25.7635253011741],[-80.1978206254082,25.7635260966685],[-80.1978215277593,25.7635280332307],[-80.1978216687948,25.7635458882748],[-80.1978468854032,25.763545724044],[-80.1978490440622,25.7635465193702],[-80.1978499468617,25.7635484561002],[-80.1978507616336,25.763651110819],[-80.1978498907549,25.7636530593057],[-80.1978477450909,25.7636538825146],[-80.1978192343604,25.7636540693977],[-80.1978194086335,25.7636759735572],[-80.1978197338237,25.7637171412307],[-80.1978188633923,25.7637190895472],[-80.1978167181793,25.7637199129248],[-80.1977587436058,25.763720290736],[-80.1977586474861,25.763720290736],[-80.1977564897177,25.7637194964706],[-80.1977555887225,25.7637175603018],[-80.1977555878242,25.763717523896]]]},"properties":{"OBJECTID":467124,"UBID":"CFXRXJX4+X2R-0-0-0-0","UNIQUEID":"D3_MDC_Building_7907","ADDRESS":"229 SW 11 ST","SOURCE":"P","TYPE":"L","BLDG_HEIGHT":23,"FLOORS":0,"YEAR_BUILT":0,"BLDG_TYPE":"VACANT LAND - COMMERCIAL : VACANT LAND"}},{"type":"Feature","id":470177,"geometry":{"type":"Polygon","coordinates":[[[-80.19691500906,25.7670594951198],[-80.196910980116,25.7669599652619],[-80.1967719218083,25.7669645247601],[-80.1967697403485,25.7669637862844],[-80.1967687768065,25.7669618753001],[-80.1967647963715,25.7668625993852],[-80.1967656024773,25.76686063046],[-80.1967677176928,25.7668597501009],[-80.1969067382712,25.7668551760368],[-80.1969045742297,25.7668017038061],[-80.1969053934828,25.7667997212008],[-80.1969075350769,25.7667988520934],[-80.1970520614297,25.7667955991182],[-80.1970542300223,25.7667963555884],[-80.1970551740921,25.7667982696158],[-80.1970633676258,25.7670547713993],[-80.1970625522229,25.7670567281915],[-80.1970604436096,25.7670576012631],[-80.1969181621467,25.7670622610729],[-80.1969159779743,25.7670615241504],[-80.1969150135516,25.7670596116151],[-80.19691500906,25.7670594951198]]]},"properties":{"OBJECTID":470177,"UBID":"CRX4X8XG+XVR-0-0-0-0","UNIQUEID":"D3_MDC_Building_8127","ADDRESS":"150 SW 7 ST","SOURCE":"P","TYPE":"L","BLDG_HEIGHT":22.15155029,"FLOORS":1,"YEAR_BUILT":1971,"BLDG_TYPE":"RESIDENTIAL - SINGLE FAMILY : 1 UNIT"}},{"type":"Feature","id":475616,"geometry":{"type":"Polygon","coordinates":[[[-80.1954842874598,25.7666049686344],[-80.1956495505226,25.7666027107214],[-80.1956517150608,25.7666034903999],[-80.1956526335407,25.7666054200552],[-80.1956551488235,25.7667562212043],[-80.1956542953782,25.7667581752401],[-80.1956521574336,25.7667590130523],[-80.1954866904532,25.7667612733894],[-80.1954845257299,25.7667604933066],[-80.1954836074352,25.7667585632501],[-80.1954811020338,25.7666079489825],[-80.1954810966439,25.766607761295],[-80.1954819482515,25.7666058070186],[-80.1954840862372,25.7666049702524],[-80.1954842874598,25.7666049686344]]]},"properties":{"OBJECTID":475616,"UBID":"CHXVXCX8+X4R-0-0-0-0","UNIQUEID":"D3_MDC_Building_7140","ADDRESS":null,"SOURCE":"P","TYPE":"L","BLDG_HEIGHT":16.09000015,"FLOORS":null,"YEAR_BUILT":null,"BLDG_TYPE":null}},{"type":"Feature","id":475827,"geometry":{"type":"Polygon","coordinates":[[[-80.1966947062197,25.7641348694201],[-80.1966945849472,25.7641268682646],[-80.196680042121,25.7641270511019],[-80.1966778782834,25.7641262688672],[-80.1966769626962,25.7641243376664],[-80.196675397831,25.7640211850033],[-80.1966762540466,25.7640192323122],[-80.1966783928142,25.764018397136],[-80.1967361580802,25.7640176763032],[-80.1967383207143,25.764018458579],[-80.1967392357084,25.7640203889321],[-80.1967400226326,25.7640721464946],[-80.1967781228787,25.7640716724117],[-80.1967802861185,25.7640724540458],[-80.1967812023035,25.7640743842304],[-80.1967818967012,25.7641201016651],[-80.1967810404548,25.764122055129],[-80.1967789008198,25.764122890339],[-80.1967627356362,25.7641230909747],[-80.1967629018245,25.7641340741587],[-80.1967620460895,25.7641360277513],[-80.1967599068414,25.7641368636413],[-80.1966978620013,25.7641376354414],[-80.1966977874412,25.7641376346323],[-80.196695623339,25.7641368543692],[-80.1966947080164,25.7641349236241],[-80.1966947062197,25.7641348694201]]]},"properties":{"OBJECTID":475827,"UBID":"C2XGX7XM+X4X-0-0-0-0","UNIQUEID":"D3_MDC_Building_7293","ADDRESS":null,"SOURCE":"P","TYPE":"L","BLDG_HEIGHT":25.39999962,"FLOORS":0,"YEAR_BUILT":0,"BLDG_TYPE":"REFERENCE FOLIO"}},{"type":"Feature","id":478397,"geometry":{"type":"Polygon","coordinates":[[[-80.1968840001147,25.76315193839],[-80.1968802730046,25.7630287850452],[-80.1968432291772,25.7630297032854],[-80.1968410534102,25.7630289481008],[-80.1968401075316,25.7630270286579],[-80.1968392792849,25.7629995801481],[-80.1968366840521,25.7629138156496],[-80.1968375110834,25.7629118518269],[-80.1968396377127,25.7629109897322],[-80.1969294521732,25.7629087616827],[-80.1969288413188,25.7628885717019],[-80.1969296689852,25.7628866081157],[-80.1969317958777,25.7628857465929],[-80.1971419351789,25.7628805348653],[-80.1971441104968,25.7628812902183],[-80.1971450559262,25.7628832094961],[-80.1971483455568,25.7629918960529],[-80.197153805517,25.7631724025843],[-80.1971565058528,25.7632616222232],[-80.1971556790067,25.7632635864439],[-80.1971535521921,25.7632644489413],[-80.196851870072,25.7632719323818],[-80.1968496952049,25.7632711768622],[-80.196848750223,25.7632692577598],[-80.1968460489889,25.763180054307],[-80.1968453123704,25.7631556493711],[-80.1968461395868,25.7631536859561],[-80.1968482660311,25.7631528242684],[-80.1968840001147,25.76315193839]]]},"properties":{"OBJECTID":478397,"UBID":"C2X6XVXX+XFV-0-0-0-0","UNIQUEID":"D3_MDC_Building_14154","ADDRESS":"1131 SW 2 AVE","SOURCE":"P","TYPE":"L","BLDG_HEIGHT":20.10000038,"FLOORS":0,"YEAR_BUILT":0,"BLDG_TYPE":"VACANT GOVERNMENTAL : MUNICIPAL"}},{"type":"Feature","id":483791,"geometry":{"type":"Polygon","coordinates":[[[-80.1902455597596,25.7696638293959],[-80.1902455920989,25.7696638269689],[-80.1902467574616,25.7696639953287],[-80.1902477642003,25.7696645500981],[-80.1902484610731,25.7696654079342],[-80.1902487433889,25.7696664399647],[-80.1902523025141,25.7697317235808],[-80.1902521315748,25.769732783291],[-80.190251523399,25.769733703463],[-80.190250570544,25.7697343440571],[-80.1902494180237,25.7697346075821],[-80.1902359846169,25.7697352086517],[-80.1902370527138,25.7697548036793],[-80.1902368816369,25.7697558632038],[-80.1902362734127,25.7697567831567],[-80.1902353206061,25.7697574235318],[-80.1902341682234,25.7697576868711],[-80.1901770138118,25.7697602416185],[-80.1901758382971,25.7697600825863],[-80.1901748200971,25.7697595301679],[-80.1901741145469,25.7697586686393],[-80.1901738292841,25.7697576294339],[-80.1901690610266,25.7696700941136],[-80.190169056535,25.7696699994633],[-80.1901692267276,25.7696689398707],[-80.1901698346606,25.7696680198163],[-80.1901707875869,25.7696673796647],[-80.1901719401271,25.7696671170784],[-80.1901719724664,25.7696671162694],[-80.1902455597596,25.7696638293959]]]},"properties":{"OBJECTID":483791,"UBID":"CMXCXVXP+XXR-0-0-0-0","UNIQUEID":"D1_MDC_Building_317","ADDRESS":null,"SOURCE":"P","TYPE":"L","BLDG_HEIGHT":62.03487015,"FLOORS":0,"YEAR_BUILT":0,"BLDG_TYPE":"REFERENCE FOLIO"}},{"type":"Feature","id":484257,"geometry":{"type":"Polygon","coordinates":[[[-80.1883177652783,25.7680920688864],[-80.1883186285593,25.7680921497852],[-80.1890133478708,25.7682515097422],[-80.1890153568133,25.7682530170852],[-80.1890153376392,25.7682553718443],[-80.1889022550163,25.7684675372914],[-80.1888988027906,25.7684690064085],[-80.1882022805604,25.7683150410635],[-80.1882002399724,25.7683135407514],[-80.1882002530628,25.7683111684465],[-80.1883151421977,25.7680936310417],[-80.1883177652783,25.7680920688864]]]},"properties":{"OBJECTID":484257,"UBID":"C7XJXVX5+XMX-0-0-0-0","UNIQUEID":"D1_MDC_Building_169","ADDRESS":"495 BRICKELL AVE","SOURCE":"P","TYPE":"L","BLDG_HEIGHT":608.23730469,"FLOORS":0,"YEAR_BUILT":2009,"BLDG_TYPE":"STORE : COMMERCIAL - TOTAL VALUE"}},{"type":"Feature","id":484869,"geometry":{"type":"Polygon","coordinates":[[[-80.1900431576479,25.761125846767],[-80.1900439266058,25.7611259090626],[-80.1901331356017,25.7611436503942],[-80.1901350717794,25.761144895817],[-80.1901354290007,25.7611470143619],[-80.1900920861865,25.7613017494961],[-80.1900906962619,25.7613034365754],[-80.1900883878225,25.7613037381016],[-80.1900010904415,25.7612835227677],[-80.1900010311527,25.7612835073961],[-80.1899991749376,25.7612822531173],[-80.1899988365685,25.761280185502],[-80.1899988599247,25.7612800956992],[-80.1900403252599,25.7611279365048],[-80.1900413535439,25.7611264651848],[-80.1900431576479,25.761125846767]]]},"properties":{"OBJECTID":484869,"UBID":"C5X3X4X3+X3W-0-0-0-0","UNIQUEID":"D1_MDC_Building_148","ADDRESS":"190 SE 12 TER","SOURCE":"P","TYPE":"L","BLDG_HEIGHT":26,"FLOORS":1,"YEAR_BUILT":1925,"BLDG_TYPE":"MUNICIPAL : OFFICE BUILDING"}},{"type":"Feature","id":489174,"geometry":{"type":"Polygon","coordinates":[[[-80.1964380970689,25.7692377533849],[-80.1965798278646,25.7692343055125],[-80.1965810002096,25.7692344893414],[-80.1965820049711,25.7692350635209],[-80.1965826889091,25.7692359404806],[-80.1965829477136,25.7692369864719],[-80.1965830420367,25.7692403299859],[-80.1965830635962,25.7692411511005],[-80.1965832711071,25.7692484885478],[-80.1965834516684,25.7692549005219],[-80.1965834570583,25.7692551116656],[-80.1965834597533,25.7692551998444],[-80.1965836025854,25.7692602737655],[-80.1965836052803,25.7692603587084],[-80.1965837651805,25.7692660417911],[-80.1965837768586,25.7692664648875],[-80.1965835769021,25.769267518457],[-80.1965829451152,25.7692684232897],[-80.1965819773663,25.769269042085],[-80.196580820503,25.7692692809458],[-80.196438855247,25.7692727296262],[-80.196437683309,25.7692725457554],[-80.1964366788969,25.7692719717405],[-80.1964359951443,25.7692710950963],[-80.1964357362964,25.7692700494765],[-80.1964356195154,25.7692659309608],[-80.1964356177187,25.7692658897029],[-80.1964355602266,25.7692638656356],[-80.1964354200894,25.7692588920281],[-80.1964354146995,25.7692587027268],[-80.1964353140882,25.7692550995309],[-80.1964349161345,25.7692409965853],[-80.196434911643,25.7692407360938],[-80.1964349071514,25.7692405726799],[-80.1964351058449,25.769239519284],[-80.1964357368665,25.769238614446],[-80.1964367042356,25.769237995795],[-80.196437860812,25.7692377574298],[-80.1964380970689,25.7692377533849]]]},"properties":{"OBJECTID":489174,"UBID":"C6XGX5XQ+X9R-0-0-0-0","UNIQUEID":"D3_MDC_Building_20943","ADDRESS":"122 SW 3 ST","SOURCE":"P","TYPE":"L","BLDG_HEIGHT":11,"FLOORS":2,"YEAR_BUILT":1946,"BLDG_TYPE":"UTILITY : UTILITY"}},{"type":"Feature","id":489478,"geometry":{"type":"Polygon","coordinates":[[[-80.197861689639,25.7637710865079],[-80.1978607356282,25.76374852868],[-80.1978615383692,25.7637465578201],[-80.1978636533562,25.7637456752758],[-80.1979211096018,25.7637436859022],[-80.1979232942858,25.7637444195917],[-80.1979242626885,25.7637463297709],[-80.1979248456951,25.763760135651],[-80.198002691901,25.7637574400055],[-80.198004876135,25.7637581738633],[-80.1980058440893,25.7637600838738],[-80.1980077233649,25.7638045272279],[-80.1980096017421,25.7638489713743],[-80.1980087996355,25.7638509424688],[-80.1980066849124,25.7638518255849],[-80.1978683443587,25.7638566190083],[-80.1978661594895,25.7638558849142],[-80.197865191272,25.7638539743331],[-80.1978633128948,25.7638095293795],[-80.1978617013171,25.7637713324491],[-80.1978616950289,25.7637712078604],[-80.197861689639,25.7637710865079]]]},"properties":{"OBJECTID":489478,"UBID":"CMX8X8X8+X6X-0-0-0-0","UNIQUEID":"D3_MDC_Building_6011","ADDRESS":"251 SW 11 ST","SOURCE":"P","TYPE":"L","BLDG_HEIGHT":16.39999962,"FLOORS":24,"YEAR_BUILT":2017,"BLDG_TYPE":"MULTIFAMILY 10 UNITS PLUS : MULTIFAMILY 3 OR MORE UNITS"}},{"type":"Feature","id":491574,"geometry":{"type":"Polygon","coordinates":[[[-80.1973944587918,25.7613619861071],[-80.1973885703351,25.7611653252509],[-80.1973846105613,25.7610330633383],[-80.1973854114004,25.7610311259635],[-80.1973874860685,25.7610302414213],[-80.197538003286,25.7610229544352],[-80.1975398178828,25.7610233929326],[-80.1976835150906,25.7611076920158],[-80.1976849002928,25.7611099257623],[-80.1976863447838,25.7611579686961],[-80.1976887908963,25.7612393681043],[-80.1977091548055,25.7612388851107],[-80.19771132785,25.7612396424983],[-80.1977122710612,25.7612415613966],[-80.1977160718332,25.7613680991647],[-80.1977152441875,25.7613700627936],[-80.1977131172742,25.7613709243098],[-80.1976532939678,25.7613723918966],[-80.1974200095734,25.7613781117634],[-80.1974182569603,25.7613776611318],[-80.1973958278243,25.7613642999431],[-80.1973944614867,25.7613620775279],[-80.1973944587918,25.7613619861071]]]},"properties":{"OBJECTID":491574,"UBID":"C4X7X7X5+X4W-0-0-0-0","UNIQUEID":"D1_MDC_Building_285","ADDRESS":"200 SW 13 ST","SOURCE":"P","TYPE":"L","BLDG_HEIGHT":38,"FLOORS":1,"YEAR_BUILT":1998,"BLDG_TYPE":"STORE : RETAIL OUTLET"}},{"type":"Feature","id":491948,"geometry":{"type":"Polygon","coordinates":[[[-80.1924602554812,25.769651452856],[-80.1924620960868,25.7696519354245],[-80.1924632495661,25.7696533143123],[-80.1925338814019,25.7698410850246],[-80.1925339047581,25.7698411489337],[-80.1925337582333,25.7698432467921],[-80.1925320093129,25.7698446388552],[-80.1925319518207,25.7698446590796],[-80.1924270663248,25.7698770051626],[-80.1924247426624,25.7698768686616],[-80.1924232107555,25.7698752893254],[-80.1923625295581,25.7697139713982],[-80.1923626781616,25.7697118730778],[-80.1923644268,25.7697104798548],[-80.1923761929336,25.7697068507853],[-80.1923671981026,25.7696829366223],[-80.1923673462569,25.7696808384683],[-80.1923690944462,25.769679445078],[-80.1924593939969,25.7696515968539],[-80.1924602554812,25.769651452856]]]},"properties":{"OBJECTID":491948,"UBID":"CPX6XFXH+XWX-0-0-0-0","UNIQUEID":null,"ADDRESS":"451 S MIAMI AVE","SOURCE":null,"TYPE":null,"BLDG_HEIGHT":null,"FLOORS":0,"YEAR_BUILT":0,"BLDG_TYPE":"VACANT LAND - COMMERCIAL : EXTRA FEA OTHER THAN PARKING"}},{"type":"Feature","id":493588,"geometry":{"type":"Polygon","coordinates":[[[-80.196105196696,25.7660556812799],[-80.1961021100847,25.7659303612029],[-80.1961008964607,25.7658810759541],[-80.1961017349184,25.7658791161948],[-80.1961038662911,25.7658782638604],[-80.196128172906,25.7658777744137],[-80.1962567649423,25.7658751799416],[-80.1962589354678,25.7658759462027],[-80.1962598695199,25.765877869876],[-80.1962639909905,25.7660454433642],[-80.1963588467963,25.7660435308842],[-80.1963610177709,25.7660442969768],[-80.1963619522722,25.7660462208148],[-80.1963656703992,25.7661972758915],[-80.1963648319415,25.7661992356456],[-80.1963627005688,25.7662000879777],[-80.1963566800598,25.7662002093278],[-80.196356854333,25.7662072387339],[-80.1963560160603,25.7662091988915],[-80.1963538845026,25.7662100516289],[-80.1962680837149,25.766211781272],[-80.1962687619429,25.7662393738501],[-80.1962679230371,25.7662413337717],[-80.1962657912143,25.7662421859353],[-80.1961129015462,25.7662452714625],[-80.1961107301216,25.7662445055395],[-80.196109795172,25.7662425815364],[-80.1961052029842,25.7660559280254],[-80.1961051975943,25.7660557589441],[-80.196105196696,25.7660556812799]]]},"properties":{"OBJECTID":493588,"UBID":"C2XQXCX8+XFV-0-0-0-0","UNIQUEID":"D3_MDC_Building_25535","ADDRESS":"120 SW 8 ST","SOURCE":"P","TYPE":"L","BLDG_HEIGHT":37.5,"FLOORS":0,"YEAR_BUILT":0,"BLDG_TYPE":"VACANT LAND - COMMERCIAL : VACANT LAND"}},{"type":"Feature","id":494623,"geometry":{"type":"Polygon","coordinates":[[[-80.192163735979,25.7693123623428],[-80.1921472456053,25.7690186231759],[-80.1921476318809,25.7690171362681],[-80.1921503115554,25.7690128171163],[-80.1921509224098,25.7690121238192],[-80.1921549809982,25.7690088029503],[-80.1921555846661,25.7690084186841],[-80.1921580092191,25.769007243234],[-80.1921586910404,25.7690070045845],[-80.1921639946938,25.7690057878763],[-80.1921645875819,25.7690057061692],[-80.1921782240079,25.7690050783995],[-80.19217787097,25.7689987683437],[-80.1921786470055,25.7689967883811],[-80.1921807500705,25.7689958818975],[-80.1921996416409,25.7689950106243],[-80.1922018359583,25.7689957196464],[-80.1922028297618,25.7689976187809],[-80.1922031845964,25.7690039304548],[-80.1922062460549,25.769003789692],[-80.1922084403723,25.769004498714],[-80.1922094341758,25.7690063978483],[-80.1922106873256,25.7690287055108],[-80.1922260359406,25.7690279976521],[-80.1922282304441,25.7690287070785],[-80.1922292240615,25.7690306066169],[-80.1922437462264,25.7692893048096],[-80.1922437498197,25.7692893954153],[-80.1922429746642,25.7692913760849],[-80.1922408707192,25.7692922818543],[-80.1922408347866,25.7692922842812],[-80.1921953988978,25.7692943738754],[-80.1921963241626,25.7693108624949],[-80.1921955336451,25.7693128566292],[-80.192193498961,25.7693148726058],[-80.1921928979881,25.7693153329151],[-80.1921878422696,25.7693182727461],[-80.1921868756824,25.7693186400228],[-80.1921810168701,25.7693198486379],[-80.1921799694345,25.7693198987947],[-80.1921740064176,25.7693192330046],[-80.1921730047961,25.7693189563337],[-80.1921676445488,25.7693164970364],[-80.1921669941685,25.7693160949737],[-80.1921647456854,25.76931427477],[-80.192163735979,25.7693123623428]]]},"properties":{"OBJECTID":494623,"UBID":"C5X5X8X8+XGW-0-0-0-0","UNIQUEID":null,"ADDRESS":null,"SOURCE":null,"TYPE":null,"BLDG_HEIGHT":null,"FLOORS":0,"YEAR_BUILT":0,"BLDG_TYPE":"REFERENCE FOLIO"}},{"type":"Feature","id":497692,"geometry":{"type":"Polygon","coordinates":[[[-80.1983008912528,25.7629338721374],[-80.1984299971254,25.7629316772583],[-80.1984321649344,25.7629324496635],[-80.1984330918216,25.7629343761586],[-80.1984352136423,25.7630365387139],[-80.1984343677985,25.7630384958791],[-80.1984322330322,25.7630393411667],[-80.1984049188576,25.7630398063544],[-80.1983674878564,25.7630404430549],[-80.1983404261085,25.7630409025795],[-80.1983405392962,25.7630463974577],[-80.1983396934515,25.763048354622],[-80.1983375586861,25.7630491999103],[-80.1983030786505,25.7630497856423],[-80.1983009108406,25.7630490132387],[-80.1982999839544,25.7630470867446],[-80.198299686612,25.763032749254],[-80.1982993650151,25.763017227353],[-80.1982991521144,25.7630069543873],[-80.1982977049285,25.7629368525776],[-80.1982977004369,25.7629366745926],[-80.1982985450733,25.762934717427],[-80.1983006801487,25.7629338737554],[-80.1983008912528,25.7629338721374]]]},"properties":{"OBJECTID":497692,"UBID":"CRXFX4XP+X7W-0-0-0-0","UNIQUEID":"D3_MDC_Building_9203","ADDRESS":"250 SW 11 ST","SOURCE":"P","TYPE":"L","BLDG_HEIGHT":11.09673119,"FLOORS":1,"YEAR_BUILT":1923,"BLDG_TYPE":"MULTIFAMILY 2-9 UNITS : 2 LIVING UNITS"}},{"type":"Feature","id":500633,"geometry":{"type":"Polygon","coordinates":[[[-80.1889375031114,25.7637865144643],[-80.1889650373732,25.7636834747701],[-80.1889457649171,25.7636792881031],[-80.1889438796326,25.7636780448905],[-80.1889435209255,25.763675965467],[-80.1889491883966,25.763654757872],[-80.1889504343599,25.7636531285098],[-80.1889785812727,25.7636358276592],[-80.1890089613973,25.7636171539021],[-80.1890301966723,25.763537688061],[-80.1890119267361,25.7635115785956],[-80.1890115404605,25.763509457348],[-80.1890115916645,25.7635092656105],[-80.1889902575748,25.7634767511342],[-80.1889899207065,25.7634747026977],[-80.1889938256831,25.7634600926192],[-80.1889951921243,25.7634583940739],[-80.1889974926061,25.7634580668349],[-80.1890237386837,25.763463818153],[-80.1890426940346,25.7633928808957],[-80.1890442445267,25.7633910864899],[-80.1890740632043,25.7633770273437],[-80.1890761778384,25.7633767935369],[-80.1895867829409,25.7634882019911],[-80.1895868377381,25.7634882141264],[-80.1896370248164,25.7635000654466],[-80.1896815614916,25.7635106393246],[-80.1897296312407,25.7635220481092],[-80.1897744463936,25.7635326875159],[-80.189819653212,25.7635434191497],[-80.1898634469804,25.7635538150398],[-80.1898647324696,25.7635544533555],[-80.1898922909859,25.7635606625735],[-80.1898942978222,25.7635621479316],[-80.1899145350689,25.7636005399028],[-80.1899147470713,25.763602359385],[-80.1898897155159,25.7636974101004],[-80.1898883330087,25.7636991260268],[-80.189822288869,25.7637352955829],[-80.1898198319767,25.7637355730759],[-80.1897845587288,25.7637258648665],[-80.1897817532901,25.7637360423059],[-80.1897673110753,25.7637884463971],[-80.1898090980074,25.7638028032128],[-80.1898105667529,25.7638038759692],[-80.1898438053167,25.763850172764],[-80.1898441799142,25.7638524218302],[-80.1898117255796,25.7639559726758],[-80.1898107571957,25.7639573277774],[-80.1897714460206,25.7639872338554],[-80.1897687654478,25.7639877993574],[-80.1897420836872,25.763981857137],[-80.1897011546462,25.7639727427654],[-80.1896561032364,25.7639627101601],[-80.1896143234909,25.7639534064773],[-80.1895718017369,25.7639439361365],[-80.1895691418253,25.7639433431277],[-80.1895576658476,25.7639407866372],[-80.1895012309865,25.7639282193817],[-80.1894765398926,25.7639227213082],[-80.1894294124762,25.7639122259414],[-80.1889496258762,25.7638053758866],[-80.1889477304309,25.7638040952128],[-80.188937806742,25.7637886535054],[-80.1889374770603,25.7637866164004],[-80.1889375031114,25.7637865144643]]]},"properties":{"OBJECTID":500633,"UBID":"CHXXX2X3+X7X-0-0-0-0","UNIQUEID":"D1_MDC_Building_74","ADDRESS":"1001 BRICKELL BAY DR","SOURCE":"P","TYPE":"L","BLDG_HEIGHT":375.41378784,"FLOORS":32,"YEAR_BUILT":1985,"BLDG_TYPE":"OFFICE BUILDING - MULTISTORY : OFFICE BUILDING"}},{"type":"Feature","id":501704,"geometry":{"type":"Polygon","coordinates":[[[-80.1902457160664,25.759812301283],[-80.1902391610598,25.7598054090358],[-80.1902322045062,25.7598104631347],[-80.1902295553745,25.7598109833501],[-80.1901010908989,25.7597814354358],[-80.1899411530491,25.7597446465651],[-80.1899396106418,25.7597437857416],[-80.1899331571448,25.7597370811887],[-80.1899070682723,25.7597099717172],[-80.1899063327494,25.7597079776576],[-80.1899073683096,25.7597060947743],[-80.1902962993017,25.7593991726884],[-80.1903182568222,25.7593818453284],[-80.1903223657163,25.7593819440321],[-80.1905447346818,25.7595772518816],[-80.1905455207077,25.7595800447075],[-80.1905431608334,25.7595869110784],[-80.1905649898948,25.7595960071786],[-80.1905665716706,25.7595975572401],[-80.1905664784032,25.7595996608286],[-80.1905321025722,25.7596669847297],[-80.1905320747245,25.7596670381267],[-80.1905319768081,25.7596671958905],[-80.1905319444687,25.7596672565689],[-80.1905318618238,25.7596674272774],[-80.1904675235848,25.7597850397283],[-80.1904637174229,25.7597863884053],[-80.1904321694885,25.7597754703516],[-80.1904179635306,25.7597921269565],[-80.1904172790143,25.7597927135136],[-80.190385027699,25.7598127664834],[-80.1903843827086,25.759813070684],[-80.1903454497242,25.759826409394],[-80.1903444283397,25.7598265857656],[-80.1903009732362,25.7598272750712],[-80.1903000677344,25.7598271658502],[-80.1902473213558,25.7598131847592],[-80.1902471641506,25.759813143498],[-80.1902457160664,25.759812301283]]]},"properties":{"OBJECTID":501704,"UBID":"CGX9XPXF+XCX-0-0-0-0","UNIQUEID":"D1_MDC_Building_344","ADDRESS":"1408 BRICKELL BAY DR","SOURCE":"P","TYPE":"L","BLDG_HEIGHT":303,"FLOORS":0,"YEAR_BUILT":0,"BLDG_TYPE":"REFERENCE FOLIO"}},{"type":"Feature","id":501863,"geometry":{"type":"Polygon","coordinates":[[[-80.1933058342683,25.7637335683307],[-80.1933052440751,25.7637096837068],[-80.1932900553603,25.7637101286665],[-80.1932878647026,25.7637093730055],[-80.1932869193417,25.763707439492],[-80.1932841534289,25.763595563631],[-80.1932849916233,25.7635936044058],[-80.1932871223609,25.7635927522921],[-80.1933939814555,25.7635905881679],[-80.1933961268897,25.763591331616],[-80.1933970851348,25.7635932134326],[-80.1933972441366,25.7635963791215],[-80.1934461609971,25.7635956243073],[-80.1934483214792,25.7635963950955],[-80.1934492503034,25.7635983134843],[-80.1934497785128,25.7636196877471],[-80.1935010902818,25.7636181506126],[-80.1935032798202,25.7636189035178],[-80.1935042271988,25.7636208341259],[-80.1935043421831,25.7636251057419],[-80.1935052728378,25.7636599226426],[-80.1935063184768,25.7636990273267],[-80.1935055163808,25.763700958403],[-80.1935034474611,25.7637018410901],[-80.1934946403781,25.7637022722965],[-80.1934953159112,25.7637297279249],[-80.1934944770045,25.7637316878873],[-80.1934923451825,25.7637325400695],[-80.1933089388459,25.7637362583136],[-80.1933067683205,25.7637354920386],[-80.1933058342683,25.7637335683307]]]},"properties":{"OBJECTID":501863,"UBID":"CHX7X5XQ+X3V-0-0-0-0","UNIQUEID":"D1_MDC_Building_287","ADDRESS":"1040 S MIAMI AVE","SOURCE":"P","TYPE":"L","BLDG_HEIGHT":22.77593803,"FLOORS":2,"YEAR_BUILT":1947,"BLDG_TYPE":"MIXED USE-STORE/RESIDENTIAL : MIXED USE - RESIDENTIAL"}},{"type":"Feature","id":502054,"geometry":{"type":"Polygon","coordinates":[[[-80.1897672392101,25.7633743899389],[-80.1887543159637,25.76315625371],[-80.1887524296072,25.7631550163638],[-80.188752062989,25.7631529407675],[-80.188756559057,25.7631358243009],[-80.1887197254354,25.7631278918448],[-80.1887178388358,25.7631266541256],[-80.1887174724607,25.7631245780925],[-80.1887261897122,25.7630913887867],[-80.188714171152,25.763088800726],[-80.1887122841604,25.7630875631419],[-80.188711917279,25.7630854869725],[-80.1887682003248,25.7628711906465],[-80.1887695574686,25.7628694875348],[-80.1887718546713,25.7628691494807],[-80.188825441873,25.7628806901977],[-80.1888378206576,25.7628335589216],[-80.1887453175395,25.7628136383329],[-80.1887434309971,25.7628124005788],[-80.1887430645648,25.7628103245717],[-80.1887961352352,25.7626082529279],[-80.1887974927502,25.7626065506194],[-80.1887997895817,25.7626062133756],[-80.1888115772749,25.7626087512873],[-80.1888145830378,25.7626078581236],[-80.1889133051926,25.7626288539411],[-80.1889151965308,25.7626300883354],[-80.1889155671505,25.7626321652802],[-80.1889138855043,25.7626386051184],[-80.1889683180206,25.7626501903543],[-80.1889684680392,25.7626496191827],[-80.1889698249976,25.7626479156644],[-80.1889721223858,25.7626475772041],[-80.1889829246271,25.7626499039595],[-80.1889860372896,25.7626488829702],[-80.1890251175977,25.762657266894],[-80.1890270058358,25.7626585025158],[-80.1890273741657,25.7626605782323],[-80.1890263006789,25.7626646799877],[-80.1890424631675,25.7626681587939],[-80.1890443002223,25.7626611631572],[-80.1890456569174,25.762659460211],[-80.1890479536705,25.7626591219878],[-80.1890604339648,25.762661810377],[-80.1890605839834,25.7626612343514],[-80.1890619400839,25.7626595302739],[-80.1890642374317,25.7626591915639],[-80.1892283722105,25.762694409215],[-80.1892302598991,25.762695644633],[-80.1892306287785,25.7626977197432],[-80.1892277622544,25.7627086755523],[-80.1892418451431,25.7627117093938],[-80.1892425287611,25.7627091075713],[-80.1892438859045,25.7627074044567],[-80.1892461831077,25.7627070664027],[-80.1892894675313,25.7627163879817],[-80.189291353946,25.7627176253004],[-80.189291720506,25.7627197009364],[-80.1892910368881,25.7627223027587],[-80.1893567100236,25.7627364453119],[-80.1893581931421,25.7627308007498],[-80.1893595337569,25.7627291075971],[-80.1893618088611,25.7627287523004],[-80.1893777961782,25.762731973835],[-80.1893784501518,25.76272947395],[-80.1893798063868,25.762727768981],[-80.1893821044983,25.7627274295456],[-80.1894789348011,25.7627482052874],[-80.1894808225901,25.7627494410755],[-80.1894811904708,25.7627515166232],[-80.1894279095947,25.7629551413469],[-80.1894265448249,25.7629568511795],[-80.1894242354852,25.7629571808932],[-80.1894125537932,25.7629546090099],[-80.1894098229148,25.762955286971],[-80.189366595085,25.7629465770319],[-80.1893674107552,25.7629491149364],[-80.1893562123569,25.7629946863714],[-80.1895262472705,25.7630289468496],[-80.1895371474282,25.7629845897706],[-80.1895384790678,25.7629828682507],[-80.1895407730287,25.7629825024925],[-80.1896589886251,25.7630063217318],[-80.1896608948501,25.7630075328383],[-80.1898402650562,25.7632637054514],[-80.189840654925,25.7632658161861],[-80.1898237692926,25.763330113082],[-80.1898224121876,25.7633318162436],[-80.189820114946,25.7633321542399],[-80.1898079221127,25.7633295281604],[-80.189798782653,25.7633643322034],[-80.1897974247276,25.7633660347253],[-80.1897951274081,25.7633663717427],[-80.1897736765374,25.7633617530478],[-80.1897708935567,25.7633723487817],[-80.1897695364517,25.7633740519427],[-80.1897672392101,25.7633743899389]]]},"properties":{"OBJECTID":502054,"UBID":"CVXPXHXW+XQW-0-0-0-0","UNIQUEID":"D1_MDC_Building_42","ADDRESS":"1111 BRICKELL BAY DR","SOURCE":"P","TYPE":"L","BLDG_HEIGHT":60.5,"FLOORS":31,"YEAR_BUILT":1998,"BLDG_TYPE":"MULTIFAMILY 10 UNITS PLUS : MULTIFAMILY 3 OR MORE UNITS"}},{"type":"Feature","id":502189,"geometry":{"type":"Polygon","coordinates":[[[-80.1972371233613,25.7654972512408],[-80.1972425069648,25.7654970748777],[-80.1972446888746,25.7654978131942],[-80.197245652865,25.7654997243703],[-80.1972508864498,25.7656301594286],[-80.1972500794916,25.7656321289971],[-80.1972479633319,25.7656330095514],[-80.1970521359898,25.7656394532719],[-80.1970499535308,25.7656387152201],[-80.1970489891914,25.7656368037823],[-80.197043751115,25.7655063695404],[-80.19704455862,25.7655044003834],[-80.1970466751312,25.7655035210326],[-80.1970518152913,25.7655033503325],[-80.1972371233613,25.7654972512408]]]},"properties":{"OBJECTID":502189,"UBID":"CFXFXCXV+X7V-0-0-0-0","UNIQUEID":"D3_MDC_Building_6278","ADDRESS":"195 SW 9 ST","SOURCE":"P","TYPE":"L","BLDG_HEIGHT":30.79999924,"FLOORS":0,"YEAR_BUILT":0,"BLDG_TYPE":"VACANT LAND - COMMERCIAL : VACANT LAND"}},{"type":"Feature","id":505067,"geometry":{"type":"Polygon","coordinates":[[[-80.193553721676,25.7635925565096],[-80.1935904672627,25.7635915290563],[-80.1935926454361,25.7635922787314],[-80.1935935978915,25.7635941955809],[-80.1935956020328,25.7636530265736],[-80.1935976061743,25.7637118591551],[-80.1935967911645,25.7637138197512],[-80.1935946785648,25.7637146931436],[-80.1935212170358,25.7637169737641],[-80.1935190327887,25.7637162287619],[-80.1935180765255,25.7637143096693],[-80.1935161891651,25.763658951821],[-80.1935140583613,25.7635964163363],[-80.1935148785049,25.7635944497541],[-80.1935170021405,25.7635935807269],[-80.193553721676,25.7635925565096]]]},"properties":{"OBJECTID":505067,"UBID":"CHX2XXX6+X4X-0-0-0-0","UNIQUEID":"D1_MDC_Building_80","ADDRESS":"1040 S MIAMI AVE","SOURCE":"P","TYPE":"L","BLDG_HEIGHT":17.87999916,"FLOORS":2,"YEAR_BUILT":1947,"BLDG_TYPE":"MIXED USE-STORE/RESIDENTIAL : MIXED USE - RESIDENTIAL"}},{"type":"Feature","id":506632,"geometry":{"type":"Polygon","coordinates":[[[-80.1894967160539,25.7625589218034],[-80.1888583058393,25.7624315196464],[-80.1888563974327,25.7624303099152],[-80.1888559935758,25.7624282398537],[-80.1888608417834,25.7624083127248],[-80.1888265198513,25.7624013777498],[-80.1888246210602,25.7624001740125],[-80.1888242102827,25.7623981157548],[-80.1888323418327,25.7623637847092],[-80.1888325996492,25.7623631269705],[-80.1888382455607,25.7623395648727],[-80.188828692876,25.7623376596142],[-80.1888267846542,25.762336450287],[-80.1888263806125,25.762334380628],[-80.1888905706294,25.7620706181292],[-80.1888919027581,25.7620688916312],[-80.1888942016198,25.7620685259808],[-80.1889453696584,25.7620789033924],[-80.1889521115146,25.7620512871944],[-80.1888520877009,25.7620310024114],[-80.1888501862854,25.762029791621],[-80.1888497844205,25.7620277258437],[-80.188863598713,25.7619709603069],[-80.1888706199452,25.7619421143588],[-80.1888999059218,25.7618217840842],[-80.1889012335774,25.7618200595197],[-80.1889035270307,25.7618196886953],[-80.1891180312458,25.7618624961078],[-80.1891199397218,25.7618637058051],[-80.1891203435094,25.7618657759161],[-80.1891182459432,25.7618743937049],[-80.1891522947874,25.7618811895576],[-80.1891537320919,25.7618752860651],[-80.1891550594849,25.7618735620741],[-80.1891573523025,25.7618731914862],[-80.1891985104138,25.7618814039505],[-80.1892004193503,25.7618826125425],[-80.189200824474,25.7618846821402],[-80.189199097912,25.7618917789514],[-80.1892374631612,25.7618994356108],[-80.1892386938531,25.7618943759376],[-80.1892400216941,25.7618926517772],[-80.189242314962,25.761892281359],[-80.1892822603478,25.761900252731],[-80.1892841697345,25.7619014611551],[-80.1892845753063,25.7619035309202],[-80.189283178426,25.7619092637059],[-80.1893093670115,25.7619145677056],[-80.1895806905666,25.7619651069787],[-80.1895826298292,25.7619663084146],[-80.1895830459493,25.7619683948745],[-80.1895361961123,25.762160900041],[-80.1895328696508,25.7621745701888],[-80.1895315416233,25.7621762939405],[-80.1895292485419,25.7621766639534],[-80.1894884201122,25.7621685170408],[-80.1894820618366,25.7621946389369],[-80.1895326998692,25.7622047453132],[-80.189534600537,25.7622059432791],[-80.189535018421,25.7622079984141],[-80.1895239305154,25.7622557245737],[-80.1895139259781,25.7625119190347],[-80.1895182774173,25.7625127879283],[-80.1895201863538,25.7625139965139],[-80.1895205914775,25.7625160661006],[-80.1895131633084,25.7625465914462],[-80.1895118354666,25.7625483155961],[-80.1895095421995,25.7625486860133],[-80.1895026952404,25.7625473195692],[-80.1895003964516,25.7625567519972],[-80.1895003757903,25.7625568345178],[-80.1894990493176,25.7625585599319],[-80.1894967555798,25.7625589298937],[-80.1894967160539,25.7625589218034]]]},"properties":{"OBJECTID":506632,"UBID":"C4XWX8X9+X5V-0-0-0-0","UNIQUEID":"D1_MDC_Building_300","ADDRESS":null,"SOURCE":"P","TYPE":"L","BLDG_HEIGHT":387.29086304,"FLOORS":0,"YEAR_BUILT":0,"BLDG_TYPE":"REFERENCE FOLIO"}},{"type":"Feature","id":508808,"geometry":{"type":"Polygon","coordinates":[[[-80.1981802789512,25.7704578392905],[-80.198152763554,25.7704343071135],[-80.1979366154219,25.7704340660399],[-80.1979344738383,25.770433261113],[-80.1979092464502,25.7704104448712],[-80.197908359813,25.770408635201],[-80.1978978872534,25.7702173293647],[-80.1978985313455,25.7702154962313],[-80.1979215039622,25.7701889845571],[-80.1979237434622,25.7701879337006],[-80.1980850853788,25.7701806796356],[-80.1980871128764,25.7701812637144],[-80.198116017069,25.7702018229647],[-80.1981356928687,25.7701791029463],[-80.1981380536412,25.7701780504717],[-80.1982876294243,25.7701766727899],[-80.1982895338527,25.7701772584867],[-80.1983226421608,25.7702007640186],[-80.1983518221361,25.7701743251487],[-80.1983539403636,25.7701735186021],[-80.1985033337886,25.7701721384933],[-80.1985055122032,25.7701729434219],[-80.1985438145703,25.7702075804278],[-80.1985447012074,25.7702093860562],[-80.1985481848741,25.7702709303011],[-80.1985966507803,25.7702693350066],[-80.198598862653,25.7702700977194],[-80.1985998002737,25.7702720563914],[-80.1986016678712,25.7704371619748],[-80.1985987806859,25.7704399383657],[-80.1981827816576,25.770458595679],[-80.1981825427057,25.7704586086225],[-80.1981803067989,25.7704578611327],[-80.1981802789512,25.7704578392905]]]},"properties":{"OBJECTID":508808,"UBID":"C7XJX9XJ+X4R-0-0-0-0","UNIQUEID":"D3_MDC_Building_1621","ADDRESS":"460 SW 2 AVE","SOURCE":"P","TYPE":"L","BLDG_HEIGHT":130.71000671,"FLOORS":0,"YEAR_BUILT":0,"BLDG_TYPE":"VACANT GOVERNMENTAL : VACANT LAND - GOVERNMENTAL"}},{"type":"Feature","id":513486,"geometry":{"type":"Polygon","coordinates":[[[-80.1975757262397,25.7654561845013],[-80.1975750731645,25.7654414622149],[-80.1975741083739,25.7654195883145],[-80.1975749078144,25.7654176159438],[-80.1975770216103,25.7654167300964],[-80.1978422339266,25.7654071118243],[-80.1978444180368,25.7654078430861],[-80.1978453888099,25.7654097508019],[-80.1978462341246,25.7654288570951],[-80.1978503645782,25.76542870662],[-80.1978525491384,25.7654294377134],[-80.1978535203598,25.7654313455971],[-80.1978544195734,25.7654516152371],[-80.1978603556408,25.7654513984236],[-80.1978910115482,25.7654502876587],[-80.1978931954733,25.7654510185149],[-80.1978941664315,25.7654529258264],[-80.1978989005531,25.7655599151651],[-80.1979029528533,25.7656515139095],[-80.1979054995771,25.7657090834544],[-80.1979046997956,25.7657110573681],[-80.197902584544,25.7657119440923],[-80.197854124926,25.7657137004399],[-80.1978575996095,25.7657922207174],[-80.1978567992726,25.7657941934184],[-80.1978546845765,25.7657950789264],[-80.1977820117683,25.7657977162774],[-80.1976850296502,25.7658012346329],[-80.1975865518372,25.7658048047646],[-80.1975394828112,25.7658065133796],[-80.1975372989843,25.7658057824304],[-80.197536327928,25.7658038752198],[-80.1975214904544,25.7654683948235],[-80.1975222897098,25.7654664220499],[-80.1975244036909,25.7654655357977],[-80.1975499104551,25.7654646094862],[-80.1975607135947,25.7654642187365],[-80.1975605042872,25.7654594892895],[-80.1975613046251,25.7654575165837],[-80.1975634193203,25.7654566310724],[-80.1975757262397,25.7654561845013]]]},"properties":{"OBJECTID":513486,"UBID":"CGX4X9XG+XPV-0-0-0-0","UNIQUEID":"D3_MDC_Building_27867","ADDRESS":"239 SW 9 ST","SOURCE":"P","TYPE":"L","BLDG_HEIGHT":169.42999268,"FLOORS":8,"YEAR_BUILT":2023,"BLDG_TYPE":"PARKING LOT/MOBILE HOME PARK : PARKING LOT"}},{"type":"Feature","id":515734,"geometry":{"type":"Polygon","coordinates":[[[-80.1978994709833,25.7674748234033],[-80.1979858943035,25.7674726900915],[-80.1979880690432,25.7674734460281],[-80.1979890132541,25.7674753654279],[-80.1979916417247,25.767563438728],[-80.1979908139723,25.7675654021639],[-80.1979886871657,25.7675662637257],[-80.1979020257919,25.7675683994627],[-80.1978998508661,25.7675676431223],[-80.1978989068413,25.7675657233195],[-80.1978962855573,25.7674778061565],[-80.1978962801674,25.767477650021],[-80.1978971071586,25.7674756872263],[-80.197899233828,25.7674748274483],[-80.1978994709833,25.7674748234033]]]},"properties":{"OBJECTID":515734,"UBID":"CCXVXCXM+XXX-0-0-0-0","UNIQUEID":"D3_MDC_Building_20382","ADDRESS":"220 SW 6 ST","SOURCE":"P","TYPE":"L","BLDG_HEIGHT":13.98999977,"FLOORS":0,"YEAR_BUILT":0,"BLDG_TYPE":"VACANT LAND - COMMERCIAL : VACANT LAND"}},{"type":"Feature","id":519573,"geometry":{"type":"Polygon","coordinates":[[[-80.1929268619994,25.7693192362406],[-80.1929144715367,25.7691889832119],[-80.1929151728614,25.7691869811404],[-80.1929172392461,25.7691860094005],[-80.1930790662529,25.7691733893077],[-80.1930812868906,25.7691740282311],[-80.1930823540869,25.7691758947198],[-80.193085633836,25.7692103677938],[-80.1931365485496,25.7692063965104],[-80.193138769188,25.7692070354328],[-80.1931398363836,25.7692089019218],[-80.1931451472235,25.769264727199],[-80.1931444459159,25.7692667290178],[-80.1931423795141,25.7692677001995],[-80.1930863273354,25.7692720719257],[-80.1930896070845,25.7693065490166],[-80.1930889062392,25.7693085504132],[-80.1930868402734,25.7693095212071],[-80.1930866965429,25.7693095317238],[-80.1929301498333,25.7693217416496],[-80.1929279291965,25.7693211027261],[-80.1929268619994,25.7693192362406]]]},"properties":{"OBJECTID":519573,"UBID":"C6XPXGXH+XMR-0-0-0-0","UNIQUEID":null,"ADDRESS":"431 S MIAMI AVE","SOURCE":null,"TYPE":null,"BLDG_HEIGHT":null,"FLOORS":0,"YEAR_BUILT":0,"BLDG_TYPE":"VACANT LAND - COMMERCIAL : EXTRA FEA OTHER THAN PARKING"}},{"type":"Feature","id":523010,"geometry":{"type":"Polygon","coordinates":[[[-80.1948693951394,25.763738415963],[-80.1948685812658,25.7637066418007],[-80.1948613435395,25.7637067938959],[-80.1948591718159,25.7637060294661],[-80.1948582353687,25.7637041063394],[-80.1948574053253,25.7636716784815],[-80.1948582423811,25.7636697178536],[-80.194860373359,25.7636688639084],[-80.1948628886418,25.7636688113222],[-80.1948620702766,25.7636368332687],[-80.1948593807206,25.7636368898999],[-80.1948572094462,25.7636361253021],[-80.1948562734481,25.7636342023418],[-80.1948551011466,25.7635884086723],[-80.1948559382024,25.7635864480431],[-80.1948580691803,25.7635855940972],[-80.194894997125,25.7635848206756],[-80.194931925968,25.7635840472539],[-80.1949340975057,25.7635848112801],[-80.1949350341389,25.7635867340042],[-80.1949362055421,25.7636325098759],[-80.1949368487358,25.7636576104693],[-80.1949379940878,25.7637024154926],[-80.1949388798267,25.7637370398244],[-80.1949380432192,25.7637390002829],[-80.1949359126913,25.7637398543959],[-80.1948989515089,25.7637406286255],[-80.1948725518193,25.7637411828024],[-80.1948725042086,25.7637411828024],[-80.1948703326753,25.7637404198599],[-80.1948693978344,25.7637384968647],[-80.1948693951394,25.763738415963]]]},"properties":{"OBJECTID":523010,"UBID":"CHX2XPXH+XQW-0-0-0-0","UNIQUEID":"D3_MDC_Building_22747","ADDRESS":"87 SW 11 ST","SOURCE":"P","TYPE":"L","BLDG_HEIGHT":15.69999981,"FLOORS":1,"YEAR_BUILT":1920,"BLDG_TYPE":"RESIDENTIAL - SINGLE FAMILY : 1 UNIT"}},{"type":"Feature","id":523332,"geometry":{"type":"Polygon","coordinates":[[[-80.1978378609278,25.7667908592073],[-80.1978381331173,25.7667908600163],[-80.1978383873406,25.7667908818592],[-80.1979124821818,25.7667999895425],[-80.1979136026856,25.7668003431467],[-80.197914488633,25.7668010549939],[-80.1979150059988,25.7668020173965],[-80.1979150765164,25.7668030847631],[-80.1979050324532,25.766870063183],[-80.1979050153852,25.7668701699705],[-80.1979046318836,25.7668711843051],[-80.1979038455662,25.7668719884825],[-80.1979027768054,25.7668724593966],[-80.1979015892107,25.7668725249579],[-80.1978275024543,25.7668634188983],[-80.1978263823193,25.7668630649844],[-80.1978254967334,25.7668623530893],[-80.1978249795729,25.766861390832],[-80.197824909018,25.7668603236791],[-80.1978349683526,25.7667932376572],[-80.1978359337265,25.7667915740881],[-80.1978378609278,25.7667908592073]]]},"properties":{"OBJECTID":523332,"UBID":"CPX9X6X7+X3R-0-0-0-0","UNIQUEID":null,"ADDRESS":"720 SW 2 AVE","SOURCE":null,"TYPE":null,"BLDG_HEIGHT":null,"FLOORS":1,"YEAR_BUILT":1994,"BLDG_TYPE":"SERVICE STATION : SERVICE STATION - AUTOMOTIVE"}},{"type":"Feature","id":527357,"geometry":{"type":"Polygon","coordinates":[[[-80.1978358513965,25.7623208504603],[-80.1978252961919,25.761991736181],[-80.1978261201754,25.7619897712665],[-80.197828245361,25.7619889061965],[-80.1978888933208,25.7619873107906],[-80.1978874802709,25.7619432470002],[-80.1978883042544,25.761941282085],[-80.1978904294399,25.7619404170146],[-80.1983069117618,25.7619294635617],[-80.1983090881093,25.7619302157512],[-80.1983100370007,25.7619321333597],[-80.1983114410675,25.7619758727335],[-80.1983694021663,25.761974346904],[-80.1983715788839,25.7619750999039],[-80.1983725274051,25.7619770183191],[-80.1983836620231,25.7623241852698],[-80.1983828389369,25.7623261498429],[-80.1983807146506,25.7623270152463],[-80.1982580272407,25.762330243264],[-80.198255850523,25.7623294902664],[-80.1982549020018,25.7623275718569],[-80.198253962364,25.7622982729402],[-80.1981413747128,25.7623012347888],[-80.1981417034962,25.7623114689822],[-80.1981476413603,25.76231131284],[-80.1981498178928,25.7623120654325],[-80.1981507665992,25.7623139834385],[-80.1981513154698,25.7623310579542],[-80.1981504918574,25.7623330236714],[-80.1981483663007,25.7623338895486],[-80.1978341499874,25.7623421521407],[-80.1978319736399,25.7623413999538],[-80.1978310247485,25.7623394823519],[-80.1978305207936,25.762323743541],[-80.1978313443289,25.7623217788003],[-80.1978334690644,25.7623209135644],[-80.1978358513965,25.7623208504603]]]},"properties":{"OBJECTID":527357,"UBID":"C3X2X8XC+XVR-0-0-0-0","UNIQUEID":null,"ADDRESS":"230 SW 12 ST","SOURCE":null,"TYPE":null,"BLDG_HEIGHT":150,"FLOORS":16,"YEAR_BUILT":2015,"BLDG_TYPE":"MULTIFAMILY 10 UNITS PLUS : MULTIFAMILY 3 OR MORE UNITS"}},{"type":"Feature","id":527574,"geometry":{"type":"Polygon","coordinates":[[[-80.1926756184858,25.7691225651063],[-80.192676419783,25.7691226338697],[-80.1927593226056,25.7691399751786],[-80.1927612142909,25.769141202015],[-80.1927615935467,25.7691432733924],[-80.192725642969,25.7692841872048],[-80.1927256142229,25.769284297226],[-80.1927242673451,25.7692860109585],[-80.1927219679612,25.769286357697],[-80.1926516298744,25.7692716464024],[-80.1926497384902,25.7692704188913],[-80.1926493589334,25.7692683473833],[-80.1926707253624,25.769184593685],[-80.1926611187788,25.769182584987],[-80.1926592273957,25.7691813574743],[-80.1926588478377,25.7691792859653],[-80.1926727762162,25.7691246951524],[-80.1926737969616,25.7691231968406],[-80.1926756184858,25.7691225651063]]]},"properties":{"OBJECTID":527574,"UBID":"C5XXX7XX+X3R-0-0-0-0","UNIQUEID":null,"ADDRESS":"451 S MIAMI AVE","SOURCE":null,"TYPE":null,"BLDG_HEIGHT":null,"FLOORS":0,"YEAR_BUILT":0,"BLDG_TYPE":"VACANT LAND - COMMERCIAL : EXTRA FEA OTHER THAN PARKING"}},{"type":"Feature","id":530522,"geometry":{"type":"Polygon","coordinates":[[[-80.1974559206252,25.7603835093479],[-80.1976113022199,25.7602783073699],[-80.1976135570462,25.760277787715],[-80.1976155548444,25.760278863181],[-80.1976246943042,25.7602899340971],[-80.1976730874468,25.7602571711726],[-80.1976753418239,25.7602566516862],[-80.1976773391731,25.7602577269839],[-80.1977405554162,25.7603342962281],[-80.1977411305716,25.7603363354895],[-80.1977399427652,25.7603381472612],[-80.1976891151881,25.7603725597966],[-80.1976741214077,25.7603827100161],[-80.1976718669554,25.7603832304805],[-80.1976698687832,25.7603821558235],[-80.1976528852344,25.760361584355],[-80.1975152247053,25.7604556166567],[-80.1975129660519,25.7604561438105],[-80.1975109621993,25.7604550673188],[-80.1974552774315,25.7603876168452],[-80.1974551498707,25.7603874639366],[-80.1974545735534,25.7603854255122],[-80.1974557616234,25.7603836145231],[-80.1974559206252,25.7603835093479]]]},"properties":{"OBJECTID":530522,"UBID":"C6XMX2X9+XFX-0-0-0-0","UNIQUEID":"D1_MDC_Building_126","ADDRESS":"1500 SW 2 AVE","SOURCE":"P","TYPE":"L","BLDG_HEIGHT":27,"FLOORS":2,"YEAR_BUILT":1949,"BLDG_TYPE":"MULTIFAMILY 2-9 UNITS : MULTIFAMILY 3 OR MORE UNITS"}},{"type":"Feature","id":531747,"geometry":{"type":"Polygon","coordinates":[[[-80.1989446994439,25.7682450855792],[-80.1990459512545,25.7682437111108],[-80.1990466743983,25.7682437790657],[-80.1990743227461,25.7682495050733],[-80.1990757977798,25.768250251768],[-80.1990971938532,25.7682698616026],[-80.1990980041336,25.7682712198909],[-80.1991069567438,25.7683091306102],[-80.1991070214225,25.768309610339],[-80.199112234346,25.7684471443917],[-80.1991114244234,25.7684491113201],[-80.1991093085332,25.768449988784],[-80.1989523908194,25.7684548637292],[-80.1989502098545,25.7684541214421],[-80.1989492503091,25.7684522078306],[-80.1989415149162,25.768248065886],[-80.1989415095263,25.7682479307853],[-80.1989423406154,25.7682459425282],[-80.1989445000179,25.7682450871972],[-80.1989446994439,25.7682450855792]]]},"properties":{"OBJECTID":531747,"UBID":"C7XRXWX6+XVX-0-0-0-0","UNIQUEID":"D3_MDC_Building_26953","ADDRESS":"275 SW 6 ST","SOURCE":"P","TYPE":"L","BLDG_HEIGHT":16.62000084,"FLOORS":55,"YEAR_BUILT":2025,"BLDG_TYPE":"MIXED USE-STORE/RESIDENTIAL : MIXED USE - COMMERCIAL"}},{"type":"Feature","id":533628,"geometry":{"type":"Polygon","coordinates":[[[-80.1981990618254,25.7665250347653],[-80.1987553741079,25.7665112955446],[-80.1987575541575,25.7665120560185],[-80.1987584939569,25.7665139838466],[-80.1987585649238,25.7665168671172],[-80.1988353583041,25.7665146609783],[-80.1988375374795,25.7665154075525],[-80.1988384916279,25.7665173233923],[-80.198845652099,25.7667224334471],[-80.1988448343105,25.7667244000254],[-80.1988427119131,25.7667252697907],[-80.1981274265714,25.7667458158866],[-80.1981252475173,25.7667450691983],[-80.1981242932477,25.7667431534778],[-80.1981171022339,25.7665380426499],[-80.1981179201009,25.7665360763825],[-80.1981200424198,25.7665352071108],[-80.1981959967737,25.7665330244332],[-80.1981958763995,25.7665280167334],[-80.1981958719079,25.7665278484617],[-80.1981967032718,25.7665258936146],[-80.1981988246702,25.7665250380013],[-80.1981990618254,25.7665250347653]]]},"properties":{"OBJECTID":533628,"UBID":"CGXHXRX2+X9V-0-0-0-0","UNIQUEID":"D3_MDC_Building_14834","ADDRESS":"201 SW 8 ST","SOURCE":"P","TYPE":"L","BLDG_HEIGHT":35.20000076,"FLOORS":1,"YEAR_BUILT":1997,"BLDG_TYPE":"STORE : RETAIL OUTLET"}},{"type":"Feature","id":535661,"geometry":{"type":"Polygon","coordinates":[[[-80.1928847507755,25.7611877104361],[-80.192885541293,25.761187776777],[-80.1931943677146,25.761251314306],[-80.1931962636075,25.7612525281993],[-80.1931966602152,25.7612545925131],[-80.1931456637548,25.7614625448942],[-80.1931443246648,25.7614642724918],[-80.1931420192897,25.761464630581],[-80.1929003976311,25.7614144794308],[-80.1928989827845,25.7614137860893],[-80.1928386869644,25.7613615290031],[-80.1928378317682,25.7613589093523],[-80.1928378614126,25.7613587936605],[-80.1928819112009,25.7611898276801],[-80.1928847507755,25.7611877104361]]]},"properties":{"OBJECTID":535661,"UBID":"C6XQX9X4+XWV-0-0-0-0","UNIQUEID":"D1_MDC_Building_173","ADDRESS":"1300 BRICKELL AVE","SOURCE":"P","TYPE":"L","BLDG_HEIGHT":39,"FLOORS":4,"YEAR_BUILT":1995,"BLDG_TYPE":"OFFICE BUILDING - MULTISTORY : OFFICE BUILDING"}},{"type":"Feature","id":536498,"geometry":{"type":"Polygon","coordinates":[[[-80.1921342146438,25.7636946100902],[-80.1921350410939,25.7636946845198],[-80.1925597052714,25.7637869901663],[-80.1925615890399,25.7637882308229],[-80.1925619510596,25.7637903071362],[-80.192411361977,25.7643583854065],[-80.1924100014734,25.7643600859591],[-80.1924077040371,25.7643604208836],[-80.1919830308764,25.7642681124469],[-80.1919811466577,25.7642668719631],[-80.1919807841899,25.7642647954903],[-80.1921313436282,25.7636968518781],[-80.1921313795608,25.7636967183902],[-80.1921342146438,25.7636946100902]]]},"properties":{"OBJECTID":536498,"UBID":"CVXXX7X2+XJV-0-0-0-0","UNIQUEID":null,"ADDRESS":"1010 BRICKELL AVE","SOURCE":null,"TYPE":null,"BLDG_HEIGHT":null,"FLOORS":0,"YEAR_BUILT":0,"BLDG_TYPE":"REFERENCE FOLIO"}},{"type":"Feature","id":544662,"geometry":{"type":"Polygon","coordinates":[[[-80.1904631577725,25.7641640076987],[-80.1902050744863,25.7641097365671],[-80.1902032491097,25.7641085990922],[-80.190191437162,25.7640927909406],[-80.1901909942926,25.7640906260165],[-80.1901977702848,25.7640642035839],[-80.1901700401903,25.7640550762744],[-80.1901687457179,25.7640542526969],[-80.1901556141451,25.7640399929934],[-80.190154989816,25.764037600735],[-80.1902637820851,25.7636194911558],[-80.1902652023216,25.7636177485305],[-80.1902837803799,25.7636078776988],[-80.1902862246958,25.7636076252852],[-80.1903137823138,25.7636154266482],[-80.1903215329781,25.7635849557817],[-80.1903228364336,25.7635832681692],[-80.1903378320106,25.7635744353054],[-80.1903401703253,25.7635740599208],[-80.1906043891048,25.7636291694401],[-80.1906044277324,25.7636291775303],[-80.1911091731242,25.7637417887565],[-80.1911110361596,25.7637430219739],[-80.191111406336,25.763745077412],[-80.1910618399936,25.7639399323163],[-80.1910604943811,25.7639416452391],[-80.1910581973251,25.7639419961161],[-80.19099947715,25.7639297484222],[-80.1909978610808,25.7639288625495],[-80.1909415403057,25.7638693254222],[-80.1908989862124,25.7638604505108],[-80.1909208988171,25.7638918209328],[-80.190941675053,25.7639215619881],[-80.1909576794381,25.7639325031219],[-80.1909586073978,25.7639335451346],[-80.1909763320566,25.7639682753801],[-80.1909765269911,25.7639700746313],[-80.1909658603954,25.7640100893557],[-80.1909648938081,25.7640115261673],[-80.1909327871216,25.7640366299166],[-80.190930956355,25.7640372941182],[-80.1908937741871,25.7640390116578],[-80.1908912373447,25.7640512285979],[-80.1908898350746,25.7640530682985],[-80.1908672810727,25.7640655360319],[-80.1908636141497,25.7640651922004],[-80.1908551457316,25.7640579701218],[-80.1908254043091,25.7640731407742],[-80.1907747851412,25.7641011205585],[-80.1907725474378,25.7641014587268],[-80.1906873314533,25.7640844467598],[-80.1906854036688,25.7640832097758],[-80.1906425522331,25.7640206267827],[-80.1906280121019,25.7639993925517],[-80.1906239436319,25.7639985066796],[-80.1905794626524,25.7639891908644],[-80.190564979115,25.764045673899],[-80.1905460102895,25.7641196413356],[-80.1905444005085,25.7641214834623],[-80.1905239710223,25.7641306657797],[-80.1905219336432,25.7641308809776],[-80.1904936286269,25.7641249298652],[-80.1904864753423,25.7641528222638],[-80.190484901494,25.7641546490187],[-80.1904652715084,25.7641637593312],[-80.1904652337791,25.7641637763205],[-80.1904631577725,25.7641640076987]],[[-80.1907195531243,25.7638021017951],[-80.190688872064,25.7637957032798],[-80.1906604269106,25.7638099719118],[-80.1906582727505,25.7638102461685],[-80.1906284073606,25.7638040175472],[-80.1906236974936,25.7638225343256],[-80.1906656586988,25.7638319342917],[-80.1907195531243,25.7638021017951]]]},"properties":{"OBJECTID":544662,"UBID":"CQX6X8X2+XQV-0-0-0-0","UNIQUEID":"D1_MDC_Building_143","ADDRESS":"950 BRICKELL BAY DR","SOURCE":"P","TYPE":"L","BLDG_HEIGHT":157.30999756,"FLOORS":9,"YEAR_BUILT":2008,"BLDG_TYPE":"PVT PARK -REC AREA -ROADWAY : COMMON AREA"}},{"type":"Feature","id":544965,"geometry":{"type":"Polygon","coordinates":[[[-80.194230614819,25.7685311049014],[-80.1942330645248,25.7685320886269],[-80.1943271334064,25.7686339470404],[-80.1943278299007,25.7686359552596],[-80.1943267525207,25.7686378220739],[-80.1942421339159,25.7687018943985],[-80.1942399142658,25.7687025240992],[-80.1942378543419,25.7687015489625],[-80.194143816003,25.7685997245842],[-80.1941437872569,25.7685996914159],[-80.1941430903041,25.7685976833465],[-80.1941441690409,25.7685958171902],[-80.1941442355162,25.7685957654152],[-80.1942287849508,25.7685317431904],[-80.194230614819,25.7685311049014]]]},"properties":{"OBJECTID":544965,"UBID":"CHX5X8XQ+XCX-0-0-0-0","UNIQUEID":"D1_Small_Building_381","ADDRESS":"55 SW MIAMI AVENUE RD","SOURCE":"L","TYPE":"S","BLDG_HEIGHT":17.31068993,"FLOORS":0,"YEAR_BUILT":0,"BLDG_TYPE":"VACANT LAND - COMMERCIAL : EXTRA FEA OTHER THAN PARKING"}},{"type":"Feature","id":546071,"geometry":{"type":"Polygon","coordinates":[[[-80.1967610548883,25.7703246347619],[-80.196927021332,25.770320216154],[-80.1969291985414,25.7703209679899],[-80.1969301483675,25.7703228857633],[-80.1969358427881,25.7704982320444],[-80.1969350195828,25.7705001974233],[-80.1969328945173,25.7705010634439],[-80.196766926277,25.7705054836631],[-80.1967647495176,25.77050473166],[-80.1967638001398,25.7705028140578],[-80.1967581138041,25.7703276142076],[-80.1967581084142,25.7703274653567],[-80.1967589300376,25.7703254999803],[-80.1967610548883,25.7703246347619]]]},"properties":{"OBJECTID":546071,"UBID":"C9XGXVXQ+XGV-0-0-0-0","UNIQUEID":"D3_MDC_Building_17051","ADDRESS":"122 SW 3 ST","SOURCE":"P","TYPE":"L","BLDG_HEIGHT":18,"FLOORS":2,"YEAR_BUILT":1946,"BLDG_TYPE":"UTILITY : UTILITY"}},{"type":"Feature","id":555154,"geometry":{"type":"Polygon","coordinates":[[[-80.1985832317466,25.7632800864999],[-80.198582945184,25.7632728659916],[-80.198453758463,25.7632770656173],[-80.1984515762254,25.763276327019],[-80.1984506125629,25.7632744152659],[-80.1984354696621,25.7628925553319],[-80.1984362769299,25.7628905864753],[-80.1984383927801,25.7628897067614],[-80.1985745180883,25.7628852797865],[-80.1985766996128,25.7628860191275],[-80.1985776621919,25.7628879309555],[-80.19858356053,25.7630366786748],[-80.1988496963144,25.7630280245643],[-80.198851878552,25.763028763164],[-80.1988528422145,25.763030674921],[-80.1988561183703,25.7631133019492],[-80.1988663501814,25.7631129686323],[-80.1988685327902,25.7631137080414],[-80.1988694960816,25.7631156206053],[-80.1988756414564,25.7632705780814],[-80.1988748340469,25.7632725468137],[-80.1988727183385,25.7632734266428],[-80.1985863776467,25.7632827376601],[-80.1985841952223,25.7632819986581],[-80.1985832317466,25.7632800864999]]]},"properties":{"OBJECTID":555154,"UBID":"C2XVXMXH+XVW-0-0-0-0","UNIQUEID":null,"ADDRESS":"1111 SW 3 AVE","SOURCE":null,"TYPE":null,"BLDG_HEIGHT":null,"FLOORS":8,"YEAR_BUILT":2016,"BLDG_TYPE":"WAREHOUSE TERMINAL OR STG : WAREHOUSE OR STORAGE"}},{"type":"Feature","id":555805,"geometry":{"type":"Polygon","coordinates":[[[-80.1937813898033,25.7614586712446],[-80.193780423216,25.7614334803836],[-80.1937732555584,25.7614337061039],[-80.1937352900595,25.7614474620928],[-80.1937328594336,25.7614473930237],[-80.1937312656071,25.7614457388525],[-80.1937276795324,25.761435493258],[-80.1936947140565,25.7614468723078],[-80.1936910794728,25.7614457938668],[-80.1936848667243,25.7614370821989],[-80.1936507523031,25.7614483633556],[-80.1936469928536,25.7614470106524],[-80.1936419640847,25.7614379195482],[-80.1936100388578,25.7614488900361],[-80.1936064599697,25.7614478787449],[-80.1936000998975,25.7614395222427],[-80.1935659576285,25.7614520638725],[-80.1935621721279,25.7614508689308],[-80.1935561722801,25.7614412640908],[-80.1935271063907,25.7614518510968],[-80.1935237943023,25.761451217624],[-80.1935113059232,25.7614395910105],[-80.1934729739117,25.7614407964697],[-80.1934698693341,25.7614384834442],[-80.1934645989183,25.7614087765554],[-80.1934646231729,25.7614077862986],[-80.1935786939426,25.7609050705651],[-80.193581310735,25.7609028918292],[-80.1936044234889,25.760900397569],[-80.193608238634,25.7608851739239],[-80.1936082646851,25.7608850736033],[-80.1936111168361,25.7608829320828],[-80.1937204984001,25.760879492058],[-80.1937142847532,25.7607174952579],[-80.1937150939815,25.7607155281641],[-80.1937172096678,25.7607146506804],[-80.1940952135529,25.7607027602483],[-80.1940973945763,25.760703501625],[-80.1940983549614,25.7607054147022],[-80.1941268333525,25.7614478051228],[-80.1941260238527,25.761449771978],[-80.194123908438,25.7614506496828],[-80.1937845303135,25.7614613240635],[-80.1937823502319,25.7614605832172],[-80.1937813898033,25.7614586712446]]]},"properties":{"OBJECTID":555805,"UBID":"C2XVXFXR+XCV-0-0-0-0","UNIQUEID":null,"ADDRESS":"1300 S MIAMI AVE","SOURCE":null,"TYPE":null,"BLDG_HEIGHT":125.5,"FLOORS":9,"YEAR_BUILT":2016,"BLDG_TYPE":"HOTEL OR MOTEL : HOTEL"}},{"type":"Feature","id":560360,"geometry":{"type":"Polygon","coordinates":[[[-80.1963708195424,25.7606723088601],[-80.1964820947549,25.7606679732239],[-80.1964832668158,25.7606681412739],[-80.196484278646,25.7606686999063],[-80.1964849766944,25.7606695643454],[-80.1964852550281,25.7606706034074],[-80.1964865917212,25.7606987563188],[-80.1964864130423,25.7606998147919],[-80.1964857984672,25.7607007312538],[-80.1964848414388,25.7607013663613],[-80.1964836874679,25.7607016235498],[-80.1963724032722,25.7607059583758],[-80.1963712316746,25.7607057899916],[-80.1963702203784,25.7607052312626],[-80.196369522809,25.7607043669546],[-80.1963692447957,25.760703328193],[-80.1963679143907,25.76067528693],[-80.1963679107975,25.7606751760918],[-80.1963680897155,25.7606741166267],[-80.1963687054147,25.760673199593],[-80.1963696640582,25.7606725647528],[-80.1963708195424,25.7606723088601]]]},"properties":{"OBJECTID":560360,"UBID":"CGXRXPX2+XPV-0-0-0-0","UNIQUEID":"D1_Small_Building_396","ADDRESS":"199 SW 14 ST","SOURCE":"L","TYPE":"S","BLDG_HEIGHT":11.4467802,"FLOORS":1,"YEAR_BUILT":1985,"BLDG_TYPE":"UTILITY : UTILITY"}},{"type":"Feature","id":561123,"geometry":{"type":"Polygon","coordinates":[[[-80.1968059410081,25.7635230885075],[-80.1971637310026,25.7635142208514],[-80.1971659058697,25.7635149763696],[-80.1971668508516,25.763516895468],[-80.1971769083895,25.7638498208417],[-80.1971760813583,25.763851784649],[-80.1971739547289,25.7638526467368],[-80.1968159275791,25.7638615151766],[-80.1968137527121,25.7638607596607],[-80.1968128077301,25.7638588405678],[-80.1968027564804,25.76352607136],[-80.1968027510905,25.7635259168374],[-80.1968035767252,25.7635239534312],[-80.1968057029546,25.7635230925526],[-80.1968059410081,25.7635230885075]]]},"properties":{"OBJECTID":561123,"UBID":"CHX8X7XX+XQX-0-0-0-0","UNIQUEID":"D3_MDC_Building_27568","ADDRESS":"1025 SW 2 AVE","SOURCE":"P","TYPE":"L","BLDG_HEIGHT":42.79999924,"FLOORS":0,"YEAR_BUILT":2008,"BLDG_TYPE":"UTILITY : UTILITY"}},{"type":"Feature","id":563158,"geometry":{"type":"Polygon","coordinates":[[[-80.1924386222526,25.7604765942469],[-80.1924394792453,25.7604766759599],[-80.1928265049108,25.7605646784029],[-80.1928920459939,25.7605795817098],[-80.192893907684,25.7605808290932],[-80.1928942594428,25.7605828947241],[-80.1928612247965,25.760707004462],[-80.1928543221419,25.7607329397919],[-80.1928282305744,25.760830959544],[-80.1928268657098,25.7608326603983],[-80.1928245645498,25.7608329902274],[-80.1927588914143,25.7608186540875],[-80.1923683281832,25.7607334057977],[-80.1923664316949,25.7607321541368],[-80.1923660859883,25.7607300596171],[-80.1923661066496,25.7607299811404],[-80.1924357934577,25.7604786742878],[-80.1924386222526,25.7604765942469]]]},"properties":{"OBJECTID":563158,"UBID":"CGXJXXX4+X3X-0-0-0-0","UNIQUEID":"D1_MDC_Building_193","ADDRESS":"75 SE 14 ST","SOURCE":"P","TYPE":"L","BLDG_HEIGHT":76,"FLOORS":5,"YEAR_BUILT":1966,"BLDG_TYPE":"OFFICE BUILDING - MULTISTORY : OFFICE BUILDING"}},{"type":"Feature","id":563267,"geometry":{"type":"Polygon","coordinates":[[[-80.1937077270517,25.7698536743053],[-80.1937653485873,25.7698523710454],[-80.193766519249,25.7698525567445],[-80.1937675218777,25.7698531317608],[-80.1937682038205,25.7698540085466],[-80.1937684612497,25.7698550536089],[-80.1937699515548,25.7699090244107],[-80.1937697519788,25.7699100798654],[-80.1937691190083,25.7699109861567],[-80.1937681490437,25.7699116052579],[-80.1937669898093,25.7699118428807],[-80.1937091365084,25.7699131509938],[-80.1937079662583,25.7699129658539],[-80.1937069637734,25.7699123914948],[-80.1937062816858,25.769911515365],[-80.1937060238459,25.7699104708586],[-80.1937045416257,25.7698566553808],[-80.1937045353375,25.7698564935856],[-80.1937047341971,25.7698554382403],[-80.1937053669368,25.7698545320735],[-80.1937063369613,25.7698539134226],[-80.1937074961846,25.7698536767322],[-80.1937077270517,25.7698536743053]]]},"properties":{"OBJECTID":563267,"UBID":"CRX6XFX9+XJX-0-0-0-0","UNIQUEID":"D1_MDC_Building_340","ADDRESS":"24 SW 4 ST","SOURCE":"P","TYPE":"L","BLDG_HEIGHT":43.65055847,"FLOORS":0,"YEAR_BUILT":0,"BLDG_TYPE":"VACANT LAND - COMMERCIAL : VACANT LAND"}},{"type":"Feature","id":563686,"geometry":{"type":"Polygon","coordinates":[[[-80.1979056397143,25.761796848145],[-80.1979053809995,25.7617854480939],[-80.1978619968629,25.7617862514614],[-80.1978598275603,25.7617854824011],[-80.1978588967768,25.7617835573892],[-80.1978565773268,25.7616810070386],[-80.1978574196589,25.7616790489315],[-80.197859552547,25.7616782005086],[-80.1979158912883,25.76167715524],[-80.1979151861108,25.7616459800184],[-80.1978993703719,25.7616462736969],[-80.1978972008834,25.7616455042312],[-80.1978962702859,25.7616435788125],[-80.1978954375476,25.7616067791923],[-80.1978962801429,25.7616048205119],[-80.1978984136662,25.7616039718515],[-80.1980901240292,25.7616004169651],[-80.1980922935178,25.7616011864311],[-80.1980932241153,25.7616031118506],[-80.1980941197356,25.7616426411448],[-80.1980932775886,25.7616445996563],[-80.1980911445154,25.7616454484846],[-80.1980740271177,25.7616457664341],[-80.1980747906857,25.7616795354105],[-80.1981649743537,25.7616778639515],[-80.1981641344289,25.76164075691],[-80.1981429018488,25.7616411525265],[-80.1981407325463,25.7616403834652],[-80.1981398017628,25.7616384584509],[-80.1981390247201,25.7616040535637],[-80.1981398668672,25.7616020950516],[-80.1981419999403,25.7616012462229],[-80.1982420776528,25.7615993894945],[-80.1982442469554,25.761600158556],[-80.1982451777389,25.7616020835709],[-80.198246050003,25.7616407811809],[-80.1982709486078,25.7616403208419],[-80.1982731180963,25.7616410903077],[-80.1982740486938,25.7616430157264],[-80.1982751096042,25.7616898546058],[-80.1983075998713,25.7616892543046],[-80.1983097691739,25.7616900233655],[-80.1983106999574,25.7616919483789],[-80.1983125441987,25.761773554533],[-80.1983117016034,25.7617755132106],[-80.1983095680801,25.7617763618698],[-80.1982789849363,25.7617769322365],[-80.1982793406691,25.7617926873004],[-80.1982784977799,25.7617946454804],[-80.1982763645506,25.7617954938277],[-80.1982021143008,25.7617968716069],[-80.1981999448131,25.7617961021413],[-80.1981990142147,25.7617941767258],[-80.1981985929049,25.7617756709575],[-80.1981338342544,25.7617768723682],[-80.1981342681406,25.7617961022188],[-80.1981334259936,25.7617980607277],[-80.1981312929204,25.761798909555],[-80.1980602586393,25.7618002274659],[-80.1980580893367,25.7617994584056],[-80.1980571585533,25.7617975333939],[-80.1980566797512,25.7617763173731],[-80.1979834607674,25.7617776749267],[-80.1979838623143,25.7617954711748],[-80.1979830199821,25.7617974292801],[-80.1979808870941,25.7617982777021],[-80.1979087954959,25.7617996142206],[-80.1979087406987,25.7617996142206],[-80.197906571212,25.7617988458351],[-80.1979056424093,25.7617969201487],[-80.1979056397143,25.761796848145]]]},"properties":{"OBJECTID":563686,"UBID":"CHX5X9X9+X8V-0-0-0-0","UNIQUEID":"D1_MDC_Building_174","ADDRESS":"237 SW 13 ST","SOURCE":"P","TYPE":"L","BLDG_HEIGHT":36.54000092,"FLOORS":4,"YEAR_BUILT":1972,"BLDG_TYPE":"MULTIFAMILY 10 UNITS PLUS : MULTIFAMILY 3 OR MORE UNITS"}},{"type":"Feature","id":565103,"geometry":{"type":"Polygon","coordinates":[[[-80.1901668736289,25.7600718334622],[-80.1901677081638,25.7600719095121],[-80.1903460740533,25.7601111359254],[-80.1905968315784,25.760166284268],[-80.1907084238962,25.7601908265465],[-80.190710303853,25.7601920720035],[-80.190710659803,25.7601941492801],[-80.1906898323631,25.7602718115797],[-80.1906752464178,25.7603261961134],[-80.1905723461986,25.7607098878736],[-80.1905709779816,25.7607115862022],[-80.1905686765807,25.7607119128957],[-80.1903492495979,25.7606636553863],[-80.1900943310764,25.7606075922519],[-80.1900279536618,25.7605929939562],[-80.1900260735516,25.7605917481592],[-80.1900257186533,25.7605896704247],[-80.1901227654501,25.760227832911],[-80.1901228013827,25.7602276921379],[-80.1901228283322,25.7602275934348],[-80.1901640394441,25.7600739329271],[-80.1901668736289,25.7600718334622]]]},"properties":{"OBJECTID":565103,"UBID":"C8X3XMX6+XJV-0-0-0-0","UNIQUEID":"D1_MDC_Building_455","ADDRESS":"1395 BRICKELL AVE","SOURCE":"P","TYPE":"L","BLDG_HEIGHT":514,"FLOORS":0,"YEAR_BUILT":2004,"BLDG_TYPE":"OFFICE BUILDING - MULTISTORY : COMMERCIAL - TOTAL VALUE"}},{"type":"Feature","id":571332,"geometry":{"type":"Polygon","coordinates":[[[-80.192918999944,25.7599447320275],[-80.1929197967497,25.759944799178],[-80.1929635411107,25.7599538847333],[-80.192965427755,25.7599551015383],[-80.1929658201366,25.7599571613582],[-80.1929612989158,25.7599755800333],[-80.1929655802864,25.7599766236988],[-80.1929669802913,25.7599773733306],[-80.1929677524128,25.7599786649144],[-80.1929921443677,25.7600749248131],[-80.1929921668256,25.7600760542362],[-80.192988896958,25.7600914276579],[-80.1929876215658,25.7600931826454],[-80.1929853414261,25.7600936096448],[-80.1929316392401,25.7600842862418],[-80.1929301004845,25.7600835625226],[-80.1929292497214,25.7600821997217],[-80.192903901959,25.7599821696887],[-80.1929038768062,25.7599820669402],[-80.1929039504681,25.7599805985271],[-80.1929039962821,25.7599804706984],[-80.1929162295397,25.7599466251887],[-80.1929172843582,25.7599452864511],[-80.192918999944,25.7599447320275]]]},"properties":{"OBJECTID":571332,"UBID":"CVX3XHXQ+X8W-0-0-0-0","UNIQUEID":"D1_Small_Building_399","ADDRESS":"1428 BRICKELL AVE","SOURCE":"L","TYPE":"S","BLDG_HEIGHT":11.82316017,"FLOORS":0,"YEAR_BUILT":0,"BLDG_TYPE":"VACANT LAND - COMMERCIAL : VACANT LAND"}},{"type":"Feature","id":572635,"geometry":{"type":"Polygon","coordinates":[[[-80.1981005552663,25.7654241397818],[-80.1981994858303,25.7654212492036],[-80.198201664924,25.7654219949596],[-80.1982026200523,25.7654239100241],[-80.1982117855631,25.765681098386],[-80.198210969739,25.7656830657417],[-80.1982088480722,25.7656839371815],[-80.1981099148133,25.7656868253263],[-80.1981077359056,25.7656860799766],[-80.1981067805913,25.7656841653207],[-80.1980976240636,25.7654271185415],[-80.1980976186737,25.7654269777745],[-80.198098433363,25.7654250102551],[-80.1981005552663,25.7654241397818]]]},"properties":{"OBJECTID":572635,"UBID":"CFX4X7X3+XQW-0-0-0-0","UNIQUEID":"D3_MDC_Building_8152","ADDRESS":"239 SW 9 ST","SOURCE":"P","TYPE":"L","BLDG_HEIGHT":20.01910973,"FLOORS":8,"YEAR_BUILT":2023,"BLDG_TYPE":"PARKING LOT/MOBILE HOME PARK : PARKING LOT"}},{"type":"Feature","id":574646,"geometry":{"type":"Polygon","coordinates":[[[-80.1944535946388,25.7678876383223],[-80.1945114317701,25.7678861141868],[-80.1945136087532,25.767886866575],[-80.1945145579073,25.7678887846599],[-80.1945154310697,25.7679159836795],[-80.1945248822448,25.7682102279561],[-80.1945240582624,25.7682121927685],[-80.1945219330757,25.7682130577923],[-80.1943944720184,25.7682164150878],[-80.1943691188661,25.768217082502],[-80.1943669424537,25.768216329833],[-80.1943659936272,25.7682144120363],[-80.1943634954124,25.7681366772699],[-80.1943573724955,25.7679462107377],[-80.1943581956813,25.7679442453001],[-80.1943603207662,25.7679433792771],[-80.1944056425689,25.7679421860187],[-80.194404893374,25.7679188968485],[-80.1944057176414,25.7679169314777],[-80.1944078434414,25.7679160661964],[-80.1944514279024,25.7679149166231],[-80.1944506517579,25.7678906178291],[-80.1944506472664,25.7678904673572],[-80.1944514696681,25.7678885025452],[-80.1944535946388,25.7678876383223]]]},"properties":{"OBJECTID":574646,"UBID":"C3X3XHX2+XXX-0-0-0-0","UNIQUEID":"D1_MDC_Building_218","ADDRESS":"42 SW 6 ST","SOURCE":"P","TYPE":"L","BLDG_HEIGHT":49.27999878,"FLOORS":1,"YEAR_BUILT":1949,"BLDG_TYPE":"OFFICE BUILDING - MULTISTORY : OFFICE BUILDING"}},{"type":"Feature","id":575273,"geometry":{"type":"Polygon","coordinates":[[[-80.1922685325417,25.7624663012999],[-80.1922692431091,25.7624663514596],[-80.1923375132741,25.762478647846],[-80.1923386105507,25.7624790615456],[-80.1923394492648,25.7624798212541],[-80.1923399023006,25.7624808118298],[-80.1923399009961,25.7624818831409],[-80.1923268296104,25.7625413853669],[-80.1923268233222,25.7625414144918],[-80.1923263730675,25.7625424045168],[-80.1923255354172,25.7625431631178],[-80.1923244386491,25.7625435741227],[-80.1923232507223,25.76254357459],[-80.1923231483144,25.7625435576005],[-80.1922549805573,25.7625312798284],[-80.1922538833502,25.7625308658189],[-80.1922530448313,25.7625301058485],[-80.1922525920865,25.7625291150982],[-80.1922525937336,25.7625280437258],[-80.1922656705092,25.7624685131772],[-80.192266675486,25.7624669601117],[-80.1922685325417,25.7624663012999]]]},"properties":{"OBJECTID":575273,"UBID":"CCX7XQXR+XPX-0-0-0-0","UNIQUEID":null,"ADDRESS":"1110 BRICKELL AVE","SOURCE":null,"TYPE":null,"BLDG_HEIGHT":null,"FLOORS":0,"YEAR_BUILT":0,"BLDG_TYPE":"REFERENCE FOLIO"}},{"type":"Feature","id":575464,"geometry":{"type":"Polygon","coordinates":[[[-80.1984846883566,25.7622828844327],[-80.1984845787621,25.7622787713378],[-80.1984702587181,25.7622790795772],[-80.1984680868004,25.762278316549],[-80.1984671487506,25.7622763944154],[-80.1984660492128,25.7622345021626],[-80.198464673892,25.7621820682605],[-80.1984637037115,25.762145088394],[-80.1984619223523,25.7620771947238],[-80.1984614947542,25.762060918683],[-80.1984611399197,25.762047411137],[-80.198444914549,25.7620477598284],[-80.1984427427134,25.7620469973008],[-80.1984418045815,25.7620450754705],[-80.198439657608,25.7619632575373],[-80.1984404929994,25.7619612966217],[-80.1984426229468,25.7619604413057],[-80.1985590167598,25.7619579373593],[-80.1985913821612,25.7619572407849],[-80.1985909886991,25.7619423052898],[-80.1985889306588,25.7618638107818],[-80.1985897666666,25.7618618500855],[-80.1985918968958,25.7618609953568],[-80.1986073218676,25.7618606644634],[-80.198606505299,25.7618294237586],[-80.198604730228,25.7617616399361],[-80.1986030413952,25.7616970735924],[-80.198600217092,25.7616971334607],[-80.1985980456242,25.7616963702606],[-80.1985971080228,25.7616944482858],[-80.1985955925649,25.7616366672547],[-80.1985862420011,25.7616368687036],[-80.1985840695942,25.7616361049725],[-80.1985831320336,25.7616341819093],[-80.1985818097135,25.761583687801],[-80.1985826453982,25.7615817273753],[-80.1985847750523,25.7615808723694],[-80.1986088678682,25.7615803537798],[-80.1986935906776,25.7615785294124],[-80.1986957634542,25.7615792924719],[-80.1986967015434,25.761581215399],[-80.1986983194092,25.7616428992259],[-80.1987086464417,25.7616426775512],[-80.198822886993,25.761640221331],[-80.1988250583158,25.7616409849924],[-80.1988259951639,25.7616429073162],[-80.1988281008149,25.761723215818],[-80.1988272654405,25.761725176752],[-80.1988251354762,25.7617260320553],[-80.1988105926501,25.7617263451503],[-80.1988109349082,25.7617394546896],[-80.1988113508282,25.7617553157416],[-80.1988131420688,25.7618236472814],[-80.1988139388745,25.7618540449783],[-80.1988295039834,25.7618537108487],[-80.1988316757553,25.7618544743413],[-80.1988326130526,25.7618563968291],[-80.1988346791778,25.7619351494224],[-80.1988338431691,25.7619371101167],[-80.1988317129407,25.7619379648457],[-80.1988163867836,25.7619382941208],[-80.1988169311627,25.7619590700006],[-80.1988174692536,25.7619796193486],[-80.1988337808625,25.7619792682299],[-80.1988359527794,25.7619800312607],[-80.19883689083,25.7619819533983],[-80.1988389569552,25.7620607067174],[-80.1988381223822,25.7620626682708],[-80.1988359925147,25.7620635245648],[-80.1988205882042,25.7620638554576],[-80.1988209484287,25.7620775652589],[-80.1988213805183,25.7620940354643],[-80.1988205454381,25.7620959968892],[-80.1988184151796,25.7620968525018],[-80.1988071224581,25.7620970944013],[-80.1988088220706,25.7621618433678],[-80.1988207543926,25.762161588524],[-80.1988229261653,25.7621623520138],[-80.1988238634618,25.7621642744974],[-80.1988246270298,25.7621934812179],[-80.1988442534221,25.7621930589054],[-80.198846425644,25.7621938222275],[-80.1988473633896,25.762195744878],[-80.1988493944804,25.7622732958406],[-80.1988485587949,25.7622752562542],[-80.1988464291417,25.7622761112559],[-80.1987280293906,25.762278658883],[-80.1987068156752,25.7622791151744],[-80.1987046435336,25.7622783523565],[-80.1987037057077,25.7622764300126],[-80.1987035161631,25.76226917061],[-80.1986859514044,25.7622697951791],[-80.1986861562203,25.7622775812586],[-80.1986853202116,25.7622795419472],[-80.1986831899832,25.7622803966737],[-80.1986354526107,25.7622814225204],[-80.1985877152382,25.7622824499851],[-80.1985855438473,25.7622816869709],[-80.1985846070673,25.7622797648234],[-80.198584438184,25.7622734010142],[-80.1985309812381,25.7622753014195],[-80.1985311564096,25.7622819661867],[-80.1985303212033,25.7622839275009],[-80.1985281910708,25.7622847832198],[-80.1984878450365,25.7622856513061],[-80.1984877992224,25.7622856504971],[-80.1984856275726,25.7622848891387],[-80.1984846919498,25.7622829669535],[-80.1984846883566,25.7622828844327]]]},"properties":{"OBJECTID":575464,"UBID":"CRX6XCXQ+XXV-0-0-0-0","UNIQUEID":"D3_MDC_Building_6078","ADDRESS":"1227 SW 3 AVE","SOURCE":"P","TYPE":"L","BLDG_HEIGHT":75.88809204,"FLOORS":6,"YEAR_BUILT":2004,"BLDG_TYPE":"MULTIFAMILY 10 UNITS PLUS : MULTIFAMILY 3 OR MORE UNITS"}},{"type":"Feature","id":576339,"geometry":{"type":"Polygon","coordinates":[[[-80.1936407693253,25.7637435184356],[-80.1936399527567,25.7637157165508],[-80.1936268858626,25.7637160296406],[-80.1936247110228,25.7637152731944],[-80.193623766912,25.7637133534105],[-80.1936222667254,25.7636622340067],[-80.1936230956001,25.7636602708546],[-80.193625223081,25.7636594105342],[-80.1936382890768,25.7636590950172],[-80.1936377258332,25.7636398719405],[-80.1936381965254,25.7636383251209],[-80.1936395449216,25.7636372774196],[-80.1936439763109,25.7636355234684],[-80.1936435819505,25.7636220055843],[-80.1936435011021,25.7636194418056],[-80.1936443288544,25.7636174759186],[-80.193646458356,25.763616614287],[-80.1936869490191,25.763615640229],[-80.1937274271059,25.763614663744],[-80.1937296015843,25.7636154205324],[-80.1937305460565,25.7636173399763],[-80.1937310041973,25.7636325252473],[-80.1937385778935,25.7636323432182],[-80.1937407527341,25.7636330996642],[-80.1937416968441,25.7636350194501],[-80.1937448122015,25.7637411027097],[-80.1937439833269,25.7637430658606],[-80.1937418558459,25.7637439261803],[-80.1936439269036,25.7637462836569],[-80.1936438891743,25.7637462844659],[-80.1936417150616,25.7637455286836],[-80.1936407729186,25.7637436090455],[-80.1936407693253,25.7637435184356]]]},"properties":{"OBJECTID":576339,"UBID":"CHXGXRXJ+XMW-0-0-0-0","UNIQUEID":"D1_MDC_Building_339","ADDRESS":"1040 S MIAMI AVE","SOURCE":"P","TYPE":"L","BLDG_HEIGHT":18.48500061,"FLOORS":2,"YEAR_BUILT":1947,"BLDG_TYPE":"MIXED USE-STORE/RESIDENTIAL : MIXED USE - RESIDENTIAL"}},{"type":"Feature","id":578062,"geometry":{"type":"Polygon","coordinates":[[[-80.1974270361955,25.7598396113741],[-80.1974296251402,25.7598407594075],[-80.197558472298,25.7600042638416],[-80.197558995399,25.7600063139507],[-80.1975577635273,25.7600081011317],[-80.1974763438232,25.7600607156013],[-80.1974740788735,25.7600611893559],[-80.1974721091649,25.7600600764577],[-80.1973432602105,25.7598965769548],[-80.197342734465,25.7598945255515],[-80.1973439680829,25.7598927372339],[-80.1973440722875,25.7598926700833],[-80.1974253895836,25.7598401202628],[-80.1974270361955,25.7598396113741]]]},"properties":{"OBJECTID":578062,"UBID":"CQX8XWXQ+XMX-0-0-0-0","UNIQUEID":"D1_MDC_Building_267","ADDRESS":"1535 SW 2 AVE","SOURCE":"P","TYPE":"L","BLDG_HEIGHT":21.77380943,"FLOORS":0,"YEAR_BUILT":0,"BLDG_TYPE":"VACANT LAND - COMMERCIAL : VACANT LAND"}},{"type":"Feature","id":580119,"geometry":{"type":"Polygon","coordinates":[[[-80.1989745998681,25.7597935937538],[-80.1987516514893,25.7595188638446],[-80.198751097301,25.7595168139691],[-80.1987523126494,25.7595150103578],[-80.1987807892439,25.7594962469575],[-80.1987834940712,25.7594794050395],[-80.1987847139834,25.7594775757855],[-80.1988341833078,25.7594449833457],[-80.1988364453618,25.7594444912297],[-80.1988384269492,25.7594455901307],[-80.198843409904,25.759451789855],[-80.1988718317013,25.7594330636608],[-80.1988718083451,25.7594330296808],[-80.198871779599,25.7594329859923],[-80.1988713214582,25.7594322489507],[-80.1988712226435,25.7594320750057],[-80.1988712073722,25.759432046689],[-80.1988708175033,25.7594312789037],[-80.1988707240785,25.7594310750239],[-80.1988704015834,25.7594302740676],[-80.1988703270232,25.7594300580521],[-80.1988700808848,25.7594292384878],[-80.1988700242909,25.7594290208542],[-80.1988698554077,25.7594281907722],[-80.1988698491195,25.7594281624556],[-80.1988698203734,25.7594279658572],[-80.1988697242536,25.7594271252577],[-80.1988697197621,25.7594270767148],[-80.1988697107789,25.7594268979155],[-80.1988696919143,25.7594260532707],[-80.1988696919143,25.7594259861198],[-80.1988696982025,25.7594258259285],[-80.1988697574913,25.7594249820927],[-80.1988697655761,25.7594248947157],[-80.1988697835424,25.7594247571777],[-80.1988699200864,25.7594239206233],[-80.198869938951,25.7594238146382],[-80.1988699667988,25.7594236973264],[-80.1988701788012,25.7594228745258],[-80.1988702138355,25.7594227507417],[-80.1988702452765,25.7594226560832],[-80.1988705318391,25.7594218518907],[-80.1988705848397,25.7594217119256],[-80.1988706180774,25.7594216383023],[-80.1988709756068,25.7594208575722],[-80.1988710528619,25.7594207046623],[-80.198871081608,25.7594206520743],[-80.1988715101044,25.7594199004698],[-80.1988716107157,25.7594197370423],[-80.1988716331736,25.7594197022533],[-80.1988721290437,25.7594189870559],[-80.1988722628926,25.7594188074475],[-80.1988728288313,25.7594181221848],[-80.1988729869347,25.7594179466217],[-80.1988736040774,25.759417312329],[-80.1988737783505,25.7594171489015],[-80.1988744601718,25.7594165574883],[-80.1988746398349,25.7594164134779],[-80.1988753647753,25.7594158811251],[-80.1988753998096,25.7594158560446],[-80.1988755650996,25.7594157452052],[-80.1988763376508,25.7594152686766],[-80.198876392448,25.7594152346967],[-80.1988765487549,25.7594151489377],[-80.1988773608319,25.7594147314695],[-80.1988774389853,25.7594146926352],[-80.1988775836141,25.7594146271025],[-80.1988784298271,25.7594142719309],[-80.198878532235,25.7594142298605],[-80.1988786615924,25.7594141845538],[-80.1988795383481,25.7594138924879],[-80.1988796641123,25.7594138544627],[-80.1988797764017,25.7594138229099],[-80.1988806765136,25.7594135996129],[-80.1988808256339,25.759413564824],[-80.198880919957,25.759413548643],[-80.1988818371369,25.7594133908789],[-80.1988820114101,25.7594133657984],[-80.1988820859703,25.7594133577079],[-80.19888301393,25.7594132695219],[-80.1988832115593,25.7594132565771],[-80.1988832645599,25.759413255768],[-80.1988841979095,25.75941323716],[-80.1988844188951,25.7594132395871],[-80.1988844476411,25.7594132420142],[-80.1988853791941,25.7594132929842],[-80.1988856262308,25.7594133156375],[-80.1988865532922,25.7594134361855],[-80.1988868003289,25.759413479065],[-80.1988877157122,25.759413668382],[-80.1988879501724,25.7594137282514],[-80.1988888395046,25.7594139847193],[-80.1988888736406,25.7594139944278],[-80.1988890757615,25.7594140615787],[-80.1988899381442,25.7594143835794],[-80.1988899920431,25.7594144038056],[-80.1988901654179,25.7594144790469],[-80.1988909972579,25.7594148641532],[-80.1988910673265,25.7594148981332],[-80.1988912137519,25.7594149758017],[-80.1988920078626,25.7594154215865],[-80.1988920932025,25.7594154717474],[-80.1988922153734,25.7594155486069],[-80.1988929645683,25.7594160534521],[-80.1988930624847,25.759416122221],[-80.1988931595028,25.7594161966534],[-80.1988937353229,25.7594166545739],[-80.1988884379576,25.7594100592238],[-80.1988878929597,25.7594080131073],[-80.1988891072025,25.759406215442],[-80.1989623863735,25.7593579355576],[-80.1989646488996,25.7593574431434],[-80.1989666309132,25.7593585423431],[-80.1990343674789,25.7594428474625],[-80.1990349120277,25.7594448937452],[-80.1990336973357,25.7594466912431],[-80.1990246360294,25.7594526611981],[-80.1991200344177,25.7595713943902],[-80.1991246867925,25.7595683297248],[-80.1991269493186,25.7595678373114],[-80.1991289313323,25.7595689365091],[-80.1991917352487,25.7596471040619],[-80.1991922796123,25.7596491499366],[-80.1991910651055,25.7596509470269],[-80.1991284246824,25.7596922180358],[-80.1991261626055,25.7596927102802],[-80.199124181041,25.7596916112521],[-80.1991196409556,25.7596859616909],[-80.1991185755536,25.759686663942],[-80.1991227715843,25.7596918871364],[-80.199123315948,25.7596939330103],[-80.1991221014411,25.7596957301],[-80.1991073187648,25.7597054710007],[-80.1991050562388,25.7597059634134],[-80.1991030742251,25.759704864217],[-80.1990991809267,25.7597000188471],[-80.1990673284633,25.7597210046612],[-80.1990733570572,25.7597285109784],[-80.199073902137,25.7597305558181],[-80.199072686914,25.7597323515136],[-80.1990725593532,25.7597324348452],[-80.1989788354247,25.7597941900194],[-80.1989765802891,25.7597946833109],[-80.1989745998681,25.7597935937538]]]},"properties":{"OBJECTID":580119,"UBID":"CCXCXGX7+XFR-0-0-0-0","UNIQUEID":null,"ADDRESS":null,"SOURCE":null,"TYPE":null,"BLDG_HEIGHT":75.5,"FLOORS":0,"YEAR_BUILT":0,"BLDG_TYPE":"REFERENCE FOLIO"}},{"type":"Feature","id":580340,"geometry":{"type":"Polygon","coordinates":[[[-80.1964254110605,25.7649013849036],[-80.1965091762658,25.7648998324144],[-80.1965113457542,25.7649006018591],[-80.1965122763518,25.7649025272249],[-80.1965159971738,25.7650675723209],[-80.1965151550268,25.765069530776],[-80.1965130219535,25.7650703795798],[-80.1964290402543,25.7650719328758],[-80.1964268707658,25.7650711634322],[-80.1964259401682,25.7650692380691],[-80.1964222256345,25.7649043644854],[-80.1964222202446,25.7649041929754],[-80.1964230609981,25.764902234118],[-80.1964251945665,25.7649013865216],[-80.1964254110605,25.7649013849036]]]},"properties":{"OBJECTID":580340,"UBID":"CRXXX4XH+X7V-0-0-0-0","UNIQUEID":"D3_MDC_Building_6346","ADDRESS":"132 SW 9 ST","SOURCE":"P","TYPE":"L","BLDG_HEIGHT":13.10000038,"FLOORS":0,"YEAR_BUILT":2010,"BLDG_TYPE":"OFFICE BUILDING - ONE STORY : OFFICE BUILDING"}},{"type":"Feature","id":586334,"geometry":{"type":"Polygon","coordinates":[[[-80.1977198187062,25.7605026801085],[-80.1976990828945,25.760477595838],[-80.19764464409,25.7605144969381],[-80.1976423894214,25.7605150176895],[-80.1976403905671,25.7605139435551],[-80.1976005718438,25.7604657717234],[-80.1975999965575,25.760463732672],[-80.1976011835965,25.7604619206944],[-80.1976633712687,25.7604197680995],[-80.1976656256751,25.7604192479211],[-80.1976676238933,25.7604203222919],[-80.1976758865973,25.7604303171717],[-80.197726861498,25.760395764689],[-80.1977198600287,25.7603872932291],[-80.1977192847423,25.7603852541763],[-80.1977204717814,25.7603834421976],[-80.1977649886936,25.7603532674193],[-80.1977672431,25.7603527472407],[-80.1977692413182,25.7603538216121],[-80.1978426354735,25.7604426081057],[-80.197843210945,25.760444647562],[-80.1978420237208,25.7604464599444],[-80.1978031796696,25.7604727917607],[-80.1978168071125,25.7604892767513],[-80.197817382584,25.7604913162069],[-80.1978161953598,25.7604931285885],[-80.1977284640925,25.7605525945955],[-80.1977262103223,25.7605531150093],[-80.1977242123663,25.7605520412127],[-80.1976983049535,25.7605206990336],[-80.197697729667,25.7605186599831],[-80.1976989167062,25.7605168480064],[-80.1977198187062,25.7605026801085]]]},"properties":{"OBJECTID":586334,"UBID":"C8XFXQX6+X6X-0-0-0-0","UNIQUEID":"D1_Small_Building_397","ADDRESS":"210 SW 15 RD","SOURCE":"L","TYPE":"S","BLDG_HEIGHT":13.43000031,"FLOORS":1,"YEAR_BUILT":1940,"BLDG_TYPE":"OFFICE BUILDING - ONE STORY : OFFICE BUILDING"}},{"type":"Feature","id":586617,"geometry":{"type":"Polygon","coordinates":[[[-80.1922506147451,25.7682835892939],[-80.1922236509135,25.7675055699465],[-80.1922244577035,25.7675036150429],[-80.1922265569634,25.7675027344305],[-80.1925631422257,25.7674896319996],[-80.1925653259325,25.7674903582343],[-80.1925663024988,25.767492261223],[-80.1925666133159,25.7674988027306],[-80.1927870518018,25.7674947205581],[-80.1927828099571,25.7673070003362],[-80.1925295182846,25.7673116916869],[-80.1925273492472,25.7673109220886],[-80.1925264190969,25.7673089969311],[-80.1925261846365,25.7672986539544],[-80.1924201151611,25.7673006181897],[-80.1924203774691,25.7673122062065],[-80.1924195348733,25.7673141647923],[-80.1924174013506,25.7673150134123],[-80.1923067387891,25.7673170625916],[-80.1923045694868,25.7673162935668],[-80.192303638703,25.7673143686449],[-80.1923034572433,25.7673063410068],[-80.1922258104634,25.7673077793965],[-80.1922236409752,25.7673070099672],[-80.1922227103774,25.7673050846406],[-80.1922183867859,25.7671136492166],[-80.1921675529206,25.7672144005261],[-80.192168015553,25.7672348810089],[-80.1921671734063,25.7672368394284],[-80.1921650403328,25.7672376882166],[-80.1921178590174,25.7672385619296],[-80.1921156895292,25.7672377924998],[-80.1921147589314,25.7672358671721],[-80.1921118358134,25.7671064297504],[-80.1920409731106,25.7671077419394],[-80.1920388038873,25.7671069719352],[-80.1920378739228,25.76710504637],[-80.1920365318398,25.7670456321848],[-80.1920373739865,25.7670436737622],[-80.19203950706,25.7670428249727],[-80.1920898369705,25.7670418922016],[-80.1920893419987,25.7670199093817],[-80.1920414617941,25.7670207960402],[-80.1920393247537,25.7670200539151],[-80.1920383661996,25.7670181805593],[-80.1920255131046,25.7667823509899],[-80.192026292821,25.766780371268],[-80.1920283984932,25.7667794677258],[-80.1921973814796,25.7667719165507],[-80.1921886750079,25.7666121711421],[-80.1921894546464,25.7666101923932],[-80.1921915594983,25.7666092894919],[-80.1922125441433,25.7666083510544],[-80.192210070183,25.7665629856832],[-80.1922108494513,25.766561006126],[-80.1922129546734,25.7665601024138],[-80.192617078872,25.7665420439555],[-80.1926158984857,25.7664897826547],[-80.1926167410816,25.7664878240554],[-80.1926188746042,25.7664869754294],[-80.1929932798382,25.7664800406927],[-80.1929954493265,25.7664808101274],[-80.1929963799243,25.7664827354673],[-80.1929978971788,25.7665498629236],[-80.192997055032,25.7665518213544],[-80.1929949219586,25.7665526701475],[-80.192766421093,25.766556902826],[-80.1927667552663,25.7665716872669],[-80.1930407180718,25.7665666116128],[-80.1930403362878,25.766549705169],[-80.1930411784345,25.7665477467382],[-80.193043311508,25.7665468979451],[-80.1930906877577,25.766546019373],[-80.19309285706,25.7665467884027],[-80.1930937878438,25.7665487133372],[-80.1930941327968,25.7665639880319],[-80.1932015335756,25.7665619995145],[-80.1932037024279,25.7665627687124],[-80.1932046327633,25.7665646934783],[-80.1932056954703,25.7666117213393],[-80.1932250335034,25.7666113629533],[-80.1932272029917,25.7666121323871],[-80.1932281335895,25.766614057725],[-80.1932317025961,25.7667720395182],[-80.1932308599993,25.7667739981121],[-80.1932287264776,25.7667748467367],[-80.1932126214812,25.7667751452565],[-80.1932130104517,25.766792346143],[-80.1934639251819,25.7667876984576],[-80.1934628660681,25.7667407936338],[-80.1934499258365,25.7667410330969],[-80.1934477565342,25.7667402640685],[-80.1934468257504,25.7667383391371],[-80.193442399751,25.7665424743426],[-80.1934432418979,25.7665405159117],[-80.1934453749713,25.7665396671185],[-80.1934966840453,25.7665387165455],[-80.1934963579569,25.7665242710708],[-80.193497200738,25.7665223128758],[-80.1934993340754,25.7665214646553],[-80.1936967092147,25.7665178079824],[-80.193698878517,25.7665185770122],[-80.1936998093008,25.7665205019472],[-80.1937000311846,25.7665303029628],[-80.1940605772104,25.7665236222541],[-80.1940600813404,25.7665016053603],[-80.1940609234872,25.7664996469287],[-80.1940630565606,25.7664987981352],[-80.1941726591101,25.7664967667398],[-80.1941748284125,25.7664975357698],[-80.1941757591962,25.7664994607051],[-80.1941759720969,25.766508926797],[-80.1949183335595,25.7664951673496],[-80.1949205028618,25.7664959363795],[-80.1949214336455,25.7664978613149],[-80.1949258066443,25.7666912911013],[-80.194940969308,25.7666910103793],[-80.1949353593291,25.7664428510162],[-80.1949362014759,25.7664408925838],[-80.1949383345493,25.7664400437898],[-80.1950111025789,25.7664386959975],[-80.1950132723313,25.7664394648596],[-80.1950142035632,25.7664413899641],[-80.1950144568881,25.7664525848914],[-80.1951604016808,25.766449879599],[-80.195161419472,25.7664500187469],[-80.1951639661958,25.7664507824418],[-80.1951640488408,25.7664508075208],[-80.1951665695135,25.7664516375536],[-80.1951666512602,25.7664516650596],[-80.1951691440851,25.7664525614304],[-80.1951692258318,25.7664525913634],[-80.1951716926056,25.766453554881],[-80.1951717689624,25.766453584814],[-80.1951742007019,25.7664546098156],[-80.1951742797536,25.7664546437935],[-80.1951766773571,25.766455732706],[-80.1951767555105,25.76645576992],[-80.1951791252662,25.7664569251703],[-80.1951791944365,25.7664569583393],[-80.1951815174799,25.7664581710286],[-80.1951815938367,25.7664582114785],[-80.1951838773541,25.7664594840337],[-80.1951839519143,25.7664595277197],[-80.1951862057873,25.7664608666128],[-80.1951862677711,25.7664609046357],[-80.1951884668469,25.7664622953047],[-80.1951885378138,25.7664623414176],[-80.1951906910755,25.7664637887165],[-80.1951907611441,25.7664638372565],[-80.1951928676935,25.7664653403763],[-80.1951928955412,25.7664653606012],[-80.1951929359654,25.7664653905342],[-80.1951949922091,25.7664669486659],[-80.1951950604811,25.7664670004418],[-80.1951970655208,25.7664686119674],[-80.1951971301995,25.7664686661703],[-80.1951990849335,25.7664703294718],[-80.1951991172729,25.7664703569778],[-80.1951991487139,25.7664703852927],[-80.1952010486508,25.7664720987521],[-80.1952011097362,25.766472156191],[-80.1952029548758,25.7664739189993],[-80.1952030132663,25.7664739780562],[-80.1952048000154,25.7664757885954],[-80.195204835948,25.7664758241913],[-80.1952048584059,25.7664758500793],[-80.1952065867645,25.7664777059224],[-80.1952066415617,25.7664777674063],[-80.1952083106315,25.7664796693623],[-80.1952083645304,25.7664797324642],[-80.1952099707182,25.7664816764881],[-80.1952100147356,25.766481732309],[-80.1952115661261,25.7664837281087],[-80.1952116155334,25.7664837936377],[-80.1952130950587,25.7664858185613],[-80.1952131426694,25.7664858857082],[-80.195214557516,25.7664879494638],[-80.1952145970419,25.7664880101387],[-80.1952159490064,25.7664901175802],[-80.1952159921255,25.7664901871541],[-80.1952172704282,25.7664923221014],[-80.1952173135473,25.7664923932933],[-80.1952185244763,25.7664945589826],[-80.1952185595106,25.7664946261295],[-80.1952197030659,25.7664968290327],[-80.1952197389985,25.7664969018426],[-80.195220808892,25.7664991282067],[-80.1952208439264,25.7664992026345],[-80.1952218410563,25.7665014556955],[-80.1952218707007,25.7665015293144],[-80.1952227977621,25.7665038090723],[-80.1952228274065,25.7665038843092],[-80.1952236790094,25.7665061875281],[-80.1952237068572,25.7665062627649],[-80.1952244838999,25.7665085870177],[-80.1952245090527,25.7665086638725],[-80.1952252142302,25.7665110107772],[-80.1952252339931,25.7665110843961],[-80.1952258619155,25.7665134458626],[-80.1952258816785,25.7665135227175],[-80.1952264332441,25.766515899555],[-80.1952264512104,25.7665159780278],[-80.1952269273175,25.7665183742813],[-80.1952269407922,25.7665184462821],[-80.1952273405425,25.7665208473895],[-80.1952273513223,25.7665209266714],[-80.1952276747158,25.7665233382956],[-80.1952276828006,25.7665234175775],[-80.195227928939,25.7665258461907],[-80.1952279334306,25.7665259149556],[-80.1952281014155,25.7665283379057],[-80.1952281068054,25.7665284188056],[-80.1952281957386,25.7665308458007],[-80.1952281984336,25.7665309250825],[-80.1952282092134,25.7665333536956],[-80.1952282092134,25.7665333828195],[-80.1952282092134,25.7665334329774],[-80.195228142738,25.7665358615904],[-80.1952281400431,25.7665359400632],[-80.1952279963126,25.7665383662492],[-80.1952279900244,25.766538445531],[-80.1952277690389,25.766540865245],[-80.1952277654456,25.7665409008409],[-80.1952277600557,25.7665409445268],[-80.1952274842729,25.76654317898],[-80.195233268525,25.7667990033757],[-80.1952324268255,25.7668009616332],[-80.1952302942031,25.7668018105936],[-80.1951822855394,25.7668027004898],[-80.1951828694444,25.7668285463074],[-80.1951820272984,25.7668305047343],[-80.1951798942241,25.7668313535247],[-80.1951101741783,25.7668326463008],[-80.1951104589442,25.7668452359006],[-80.1951096163482,25.766847194494],[-80.1951074828257,25.7668480431175],[-80.1950916024081,25.7668483359741],[-80.1950986901157,25.7671618490925],[-80.1951358102999,25.7671611614476],[-80.1951379797882,25.7671619308778],[-80.1951389103859,25.7671638562068],[-80.1951394296122,25.7671868648043],[-80.1951385883618,25.7671888228878],[-80.1951364561886,25.767189672013],[-80.1951074343167,25.7671902099939],[-80.1951087692132,25.7672492511607],[-80.1951079263541,25.7672512103195],[-80.1951057921963,25.767252059177],[-80.1949543622906,25.7672548655752],[-80.1949521929881,25.7672540965502],[-80.1949512622045,25.7672521716271],[-80.1949432079097,25.7668959583347],[-80.1949338735156,25.7668961314598],[-80.1949407204747,25.7671993718491],[-80.1949438600866,25.7671993136016],[-80.1949460290198,25.7672000832978],[-80.1949469592743,25.7672020083599],[-80.194947573722,25.7672292617395],[-80.1949467659893,25.7672311871847],[-80.1949446991131,25.7672320657113],[-80.1947351293438,25.7672422913897],[-80.1947328946849,25.7672415577156],[-80.1947319277481,25.7672396006773],[-80.1947318666627,25.7672369269536],[-80.1946171059868,25.7672390554156],[-80.1946149360485,25.7672382861542],[-80.1946140050025,25.7672363606581],[-80.1946138998996,25.7672317534398],[-80.1945755984308,25.7672324621182],[-80.19457597213,25.7672489955188],[-80.1945751295339,25.7672509541055],[-80.1945729960114,25.7672518027261],[-80.1944610039433,25.7672538786032],[-80.1944588349058,25.7672531090046],[-80.1944579047556,25.7672511838461],[-80.1944576900582,25.7672417105324],[-80.1944461053843,25.7672419241067],[-80.1944463191833,25.7672513982294],[-80.1944454765883,25.7672533568168],[-80.1944433430648,25.7672542054366],[-80.1944166873554,25.7672546997316],[-80.194414518053,25.7672539307065],[-80.1944135872693,25.7672520057834],[-80.1944134147928,25.7672443260084],[-80.1943936069408,25.7672446932915],[-80.1943937794173,25.7672523730665],[-80.1943929370845,25.7672543310811],[-80.1943908041971,25.7672551794647],[-80.1943235832644,25.7672564245056],[-80.194321413962,25.7672556554805],[-80.1943204831783,25.7672537305575],[-80.1943203098035,25.7672460475466],[-80.1942852916771,25.7672466963593],[-80.1942854641536,25.7672543801792],[-80.1942846215576,25.7672563387658],[-80.1942824880351,25.7672571873864],[-80.194244200041,25.7672578960646],[-80.1942445970964,25.7672754973328],[-80.1942437549496,25.7672774557516],[-80.1942416218762,25.7672783045395],[-80.194180178009,25.767279442793],[-80.1941780082567,25.7672786739363],[-80.1941770770247,25.7672767488454],[-80.1941769494639,25.7672711158251],[-80.1941616035439,25.7672714005908],[-80.1941616924771,25.7672753161183],[-80.194160849696,25.7672772743009],[-80.1941587163586,25.767278122516],[-80.1941248453808,25.7672787511038],[-80.1941226756293,25.7672779822463],[-80.1941217443964,25.7672760571562],[-80.1941213850703,25.767260173381],[-80.1940491425552,25.7672615114561],[-80.1940469730669,25.7672607420265],[-80.1940460424692,25.7672588166991],[-80.1940458619078,25.7672508020012],[-80.1940284336929,25.7672511255986],[-80.1940286142543,25.7672591386784],[-80.1940277722926,25.7672610975012],[-80.1940256390341,25.7672619466945],[-80.1939423822752,25.7672634902539],[-80.1939402132378,25.7672627206552],[-80.1939392830875,25.7672607954969],[-80.1939391779846,25.7672561429759],[-80.1939214470375,25.7672564722362],[-80.1939215521404,25.7672611247572],[-80.1939207098085,25.7672630827725],[-80.1939185769202,25.7672639311552],[-80.1935589274131,25.7672705956424],[-80.1935591106694,25.7672786540246],[-80.1935582685226,25.7672806124433],[-80.1935561354492,25.7672814612312],[-80.1934843609563,25.7672827912161],[-80.1934821916539,25.7672820221911],[-80.1934812608702,25.7672800972686],[-80.1934810794105,25.7672720372685],[-80.1934751595128,25.7672721464826],[-80.1934751038173,25.7672721464826],[-80.1934729349662,25.767271378369],[-80.1934720064262,25.7672694533438],[-80.1934720019346,25.7672693797254],[-80.1934697974689,25.7671718369328],[-80.1934601495627,25.7671720157205],[-80.1934579800744,25.7671712462903],[-80.1934570494767,25.7671693209615],[-80.1934539026783,25.7670300946287],[-80.1932382090937,25.7670340902547],[-80.1932440005323,25.7672903731004],[-80.1932431582004,25.7672923311153],[-80.1932410253121,25.7672931794978],[-80.1930477123546,25.7672967617195],[-80.1930518805375,25.7674812573159],[-80.1932377249017,25.767469730799],[-80.1932378147333,25.767469726754],[-80.1932380393121,25.767469725945],[-80.1932391505281,25.7674697615407],[-80.1932391981388,25.7674697631587],[-80.1932393571406,25.7674697744846],[-80.1932404638651,25.7674698788445],[-80.1932405761545,25.7674698909794],[-80.1932406677826,25.7674699039233],[-80.1932417637273,25.7674700754296],[-80.1932419523735,25.7674701110252],[-80.1932430465215,25.7674703529138],[-80.1932432450492,25.7674704030713],[-80.1932443050612,25.7674707072523],[-80.1932443427905,25.7674707193872],[-80.1932444990973,25.7674707703536],[-80.1932455357531,25.767471139254],[-80.1932456327712,25.7674711756586],[-80.1932457235011,25.7674712128723],[-80.1932467278175,25.7674716464919],[-80.1932468814294,25.7674717160652],[-80.1932469119722,25.7674717306271],[-80.193247883051,25.7674722241122],[-80.1932480573241,25.7674723203823],[-80.1932489897754,25.7674728713057],[-80.1932490158266,25.7674728874856],[-80.1932491577604,25.7674729805197],[-80.1932500452959,25.7674735864546],[-80.193250122551,25.7674736414661],[-80.1932502060943,25.7674737045674],[-80.1932510460191,25.7674743638959],[-80.193251165495,25.7674744650199],[-80.1932511960377,25.7674744917166],[-80.1932519847586,25.7674752020115],[-80.1932521266924,25.7674753387311],[-80.1932528669042,25.7674761040375],[-80.1932529899734,25.7674762407571],[-80.1932536655065,25.7674770400412],[-80.1932537194054,25.7674771063785],[-80.1932537849824,25.7674771929406],[-80.1932543976334,25.7674780334832],[-80.1932544793801,25.767478153214],[-80.1932545054313,25.7674781936636],[-80.1932550552002,25.7674790689928],[-80.1932551504216,25.7674792348362],[-80.1932556337153,25.7674801489971],[-80.1932557145636,25.7674803132224],[-80.1932561259921,25.767481249226],[-80.1932561565348,25.7674813187993],[-80.193256196959,25.7674814247772],[-80.1932565383187,25.7674823834326],[-80.1932565805396,25.7674825112533],[-80.1932565949126,25.7674825630288],[-80.1932568635089,25.767483540291],[-80.1932569057297,25.7674837223142],[-80.1932571015624,25.7674847173742],[-80.1932571303085,25.7674848993973],[-80.1932572506828,25.7674859001202],[-80.1932572578693,25.7674859672666],[-80.1932572659541,25.7674860869974],[-80.1932573099716,25.7674870933832],[-80.1932573117682,25.767487220395],[-80.1932573099716,25.7674872802603],[-80.1932572839204,25.767488201702],[-80.1932814719578,25.7682348405714],[-80.1932814728561,25.7682349416948],[-80.1932814638729,25.7682359270407],[-80.1932814548898,25.7682361155345],[-80.1932813704481,25.7682370960265],[-80.1932813659566,25.7682371461837],[-80.193281347092,25.7682372837114],[-80.1932811898868,25.7682382561134],[-80.1932811692255,25.7682383628997],[-80.1932811512592,25.7682384421804],[-80.1932809194939,25.7682394016386],[-80.1932808718832,25.7682395755708],[-80.1932805646593,25.7682405277482],[-80.1932804990823,25.7682407089612],[-80.1932801253832,25.768241630397],[-80.1932801128068,25.7682416643745],[-80.1932800463314,25.7682418059472],[-80.1932796025637,25.7682427023044],[-80.1932795585462,25.768242787248],[-80.1932795109355,25.7682428721916],[-80.1932789997941,25.7682437394254],[-80.1932789171491,25.7682438712902],[-80.1932788964879,25.7682439028406],[-80.1932783206678,25.7682447369059],[-80.1932782047851,25.7682448938493],[-80.193277560693,25.7682456979821],[-80.1932774385221,25.7682458379368],[-80.1932767441244,25.7682465927214],[-80.1932766875306,25.7682466517774],[-80.1932766048856,25.768246733485],[-80.193275853894,25.7682474421573],[-80.1932757451978,25.7682475392357],[-80.193275702977,25.7682475748311],[-80.1932749007815,25.7682482349642],[-80.1932747408813,25.7682483579302],[-80.1932738874818,25.7682489687152],[-80.1932737221918,25.7682490795463],[-80.1932728265715,25.7682496345112],[-80.1932727690793,25.7682496692976],[-80.1932726496034,25.7682497372525],[-80.1932717144572,25.7682502339703],[-80.1932715976762,25.7682502930263],[-80.1932715312008,25.7682503245768],[-80.1932705592237,25.7682507630475],[-80.1932703750691,25.7682508399013],[-80.1932693680576,25.768251219316],[-80.1932691722249,25.7682512856529],[-80.1932681445522,25.7682515987307],[-80.1932680933483,25.7682516149105],[-80.1932679433296,25.7682516537418],[-80.1932668940973,25.7682519037187],[-80.1932667800113,25.7682519279883],[-80.1932666910781,25.768251944977],[-80.1932656238795,25.768252129426],[-80.1932654316401,25.7682521569315],[-80.193264340187,25.7682522750436],[-80.1932641326761,25.7682522912233],[-80.1932630493079,25.7682523413805],[-80.193263012477,25.7682523421894],[-80.1932628408988,25.7682523438074],[-80.1932617557339,25.7682523276277],[-80.1932616542243,25.7682523227738],[-80.1932615473248,25.7682523163019],[-80.1932604657532,25.7682522313583],[-80.1932603013615,25.7682522143695],[-80.1932602582423,25.7682522087066],[-80.1932591847556,25.7682520566172],[-80.1932589817363,25.7682520210218],[-80.1932579136394,25.7682518009774],[-80.1932577205017,25.7682517548651],[-80.1932570620366,25.7682515744611],[-80.1931600053583,25.7682486394576],[-80.1931578852124,25.7682477651473],[-80.1931570705623,25.7682457974875],[-80.1931572017163,25.768242241991],[-80.1925794915638,25.7682529424575],[-80.1925800440277,25.7682774579856],[-80.1925792014327,25.7682794165562],[-80.1925770679092,25.7682802651686],[-80.1922537148311,25.7682862540951],[-80.1922515569399,25.7682854951885],[-80.1922506147451,25.7682835892939]]]},"properties":{"OBJECTID":586617,"UBID":"C4XPXJX3+XVR-0-0-0-0","UNIQUEID":null,"ADDRESS":"96 SW 7 ST","SOURCE":null,"TYPE":null,"BLDG_HEIGHT":473.5,"FLOORS":2,"YEAR_BUILT":1965,"BLDG_TYPE":"WHOLESALE OUTLET : WHOLESALE OUTLET"}},{"type":"Feature","id":587986,"geometry":{"type":"Polygon","coordinates":[[[-80.1930672614917,25.76944724502],[-80.1930682810849,25.7694473670516],[-80.1930691964629,25.7694477894625],[-80.1931270488655,25.7694868881949],[-80.193127842522,25.7694876876083],[-80.1931282383554,25.769488698958],[-80.1931281767211,25.7694897698533],[-80.1931276669064,25.7694907389312],[-80.1931014549647,25.7695225350056],[-80.1931005772595,25.7695232573278],[-80.1930994581039,25.7695236189023],[-80.1930982706833,25.7695235637766],[-80.1930971987469,25.7695231004812],[-80.1930971044238,25.7695230389989],[-80.193039345446,25.7694840033786],[-80.1930385519263,25.769483204151],[-80.1930381561411,25.76948219302],[-80.1930382177272,25.7694811223433],[-80.1930387274051,25.7694801534511],[-80.1930649438383,25.7694483484666],[-80.1930659633722,25.7694475594736],[-80.1930672614917,25.76944724502]]]},"properties":{"OBJECTID":587986,"UBID":"CFX3X9XG+X6W-0-0-0-0","UNIQUEID":null,"ADDRESS":"431 S MIAMI AVE","SOURCE":null,"TYPE":null,"BLDG_HEIGHT":null,"FLOORS":0,"YEAR_BUILT":0,"BLDG_TYPE":"VACANT LAND - COMMERCIAL : EXTRA FEA OTHER THAN PARKING"}},{"type":"Feature","id":597764,"geometry":{"type":"Polygon","coordinates":[[[-80.1978998878015,25.7635484682355],[-80.1978992239466,25.7635244419961],[-80.197900056201,25.7635224796497],[-80.197902185692,25.7635216225653],[-80.1979782783865,25.7635199009732],[-80.197980451492,25.7635206613236],[-80.197981391049,25.7635225828707],[-80.197982054904,25.7635466107285],[-80.1979905341019,25.7635464181821],[-80.1979927069022,25.7635471782401],[-80.1979936467644,25.76354909927],[-80.1979967351723,25.7636607332785],[-80.1979959032413,25.7636626953479],[-80.1979937743252,25.763663552706],[-80.1978993622871,25.7636656941763],[-80.1978971886282,25.7636649340926],[-80.1978962487263,25.763663012282],[-80.1978931657083,25.7635513726125],[-80.1978939980698,25.7635494103579],[-80.1978961274538,25.7635485531824],[-80.1978998878015,25.7635484682355]]]},"properties":{"OBJECTID":597764,"UBID":"CFXGXGXQ+XGX-0-0-0-0","UNIQUEID":"D3_MDC_Building_18304","ADDRESS":"251 SW 11 ST","SOURCE":"P","TYPE":"L","BLDG_HEIGHT":14.60000038,"FLOORS":24,"YEAR_BUILT":2017,"BLDG_TYPE":"MULTIFAMILY 10 UNITS PLUS : MULTIFAMILY 3 OR MORE UNITS"}},{"type":"Feature","id":602142,"geometry":{"type":"Polygon","coordinates":[[[-80.1934198214947,25.765372543801],[-80.1934191396734,25.7653549058453],[-80.1933983526577,25.7653555651855],[-80.1933961709623,25.7653548245385],[-80.1933952094525,25.7653529116446],[-80.1933902408707,25.7652244122361],[-80.1933779375446,25.7652248029866],[-80.1933757562992,25.7652240621705],[-80.1933747952377,25.7652221494428],[-80.1933720167485,25.7651503217096],[-80.1933728252614,25.765148354385],[-80.1933749407648,25.7651474764292],[-80.1934628418136,25.7651446877793],[-80.193465023815,25.7651454287169],[-80.1934659850188,25.7651473421339],[-80.1934662769713,25.7651548942214],[-80.1936072513855,25.7651504252626],[-80.1936056272314,25.7651084563591],[-80.1935802974354,25.7651092597041],[-80.1935781148409,25.7651085193914],[-80.1935771524335,25.7651066061577],[-80.1935751590719,25.7650550399722],[-80.1935737226658,25.7650543571691],[-80.1935736696652,25.7650543320898],[-80.1935706971399,25.7650528435143],[-80.1935706396477,25.765052813581],[-80.1935677111399,25.7650512699929],[-80.1935676527494,25.7650512384415],[-80.1935647637675,25.7650496357958],[-80.1935647071736,25.7650496042445],[-80.1935618568192,25.7650479441591],[-80.1935618065135,25.7650479134168],[-80.1935589920918,25.7650461926558],[-80.1935589363962,25.7650461594864],[-80.1935561713818,25.7650443869488],[-80.1935561165845,25.7650443513525],[-80.1935533946892,25.7650425229933],[-80.1935533407903,25.7650424873969],[-80.1935506647091,25.765040604025],[-80.1935506153017,25.7650405700467],[-80.1935479823397,25.7650386324713],[-80.1935479302374,25.7650385936389],[-80.1935453484792,25.7650366059049],[-80.1935452981736,25.7650365670725],[-80.1935427649245,25.7650345283709],[-80.1935427146188,25.7650344879205],[-80.1935402325737,25.7650323990604],[-80.1935401858613,25.765032360228],[-80.1935377541218,25.7650302195913],[-80.1935377056128,25.7650301759048],[-80.1935353277722,25.7650279907726],[-80.1935352810598,25.7650279462771],[-80.1935329571182,25.7650257134133],[-80.1935329113041,25.7650256689179],[-80.193530643058,25.7650233891316],[-80.1935305981423,25.7650233446361],[-80.1935293378059,25.7650220194799],[-80.1934492592866,25.765024559767],[-80.1934470775921,25.7650238191172],[-80.1934461160814,25.7650219062187],[-80.1934428129761,25.764936475684],[-80.1934436217532,25.7649345077848],[-80.1934457378906,25.7649336295895],[-80.1935297393529,25.764930966331],[-80.1935619511423,25.7649038556185],[-80.1935461830141,25.7649043563953],[-80.1935440013196,25.7649036157447],[-80.1935430398089,25.7649017028443],[-80.1935418684058,25.7648714248522],[-80.1935426769188,25.764869457523],[-80.1935447924221,25.7648685795651],[-80.1935651949588,25.7648679315484],[-80.193564454747,25.7648487839054],[-80.193565263075,25.764846816172],[-80.1935673787632,25.7648459378088],[-80.1935916835816,25.7648451668224],[-80.1935903397019,25.7648103891018],[-80.1935546388559,25.764811520098],[-80.1935524573456,25.764810779853],[-80.1935514956507,25.7648088673539],[-80.1935512602921,25.7648027900699],[-80.1934510738834,25.7648059646256],[-80.1934512005459,25.7648092071381],[-80.193450391313,25.7648111744099],[-80.1934482756313,25.7648120524266],[-80.1933713088761,25.764814492401],[-80.1933691273658,25.764813752156],[-80.1933681656709,25.764811839657],[-80.1933611785746,25.7646311050501],[-80.1933615316125,25.7646297192137],[-80.1933630569519,25.7646271150062],[-80.1933630892912,25.7646270624205],[-80.1933646775126,25.7646244897644],[-80.1933647107503,25.7646244379877],[-80.1933663609555,25.764621897692],[-80.1933663883541,25.7646218568369],[-80.1933681081787,25.764619338789],[-80.193368143213,25.7646192894393],[-80.1933699155891,25.7646168179095],[-80.19336995242,25.7646167669418],[-80.1933717840849,25.7646143310084],[-80.1933718227124,25.7646142816587],[-80.1933737136661,25.7646118829398],[-80.1933737460054,25.7646118424893],[-80.1933757007395,25.7646094737037],[-80.1933757411637,25.7646094259721],[-80.1933777471017,25.7646071049182],[-80.1933777884242,25.7646070571865],[-80.1933798500578,25.7646047765831],[-80.1933798922786,25.7646047304695],[-80.1933820087094,25.7646024919347],[-80.1933820464387,25.7646024514841],[-80.1933842221583,25.7646002501638],[-80.1933842670741,25.7646002056681],[-80.1933864904044,25.7645980528885],[-80.1933865362185,25.7645980092018],[-80.1933888098544,25.7645959025358],[-80.1933888583635,25.7645958580401],[-80.1933911832034,25.7645937966787],[-80.1933912272209,25.7645937586551],[-80.1933936050614,25.7645917393623],[-80.1933936553671,25.7645916989117],[-80.1933960772251,25.7645897313955],[-80.1933961284291,25.7645896917539],[-80.1933985978978,25.7645877727784],[-80.1934004636986,25.764587112625],[-80.1936410936172,25.7645794796002],[-80.1936404046093,25.7645616716342],[-80.1936412133855,25.764559703728],[-80.1936433295239,25.7645588255307],[-80.1937349711576,25.7645559179422],[-80.193737152853,25.7645566585942],[-80.1937381143628,25.764558571501],[-80.1937388024723,25.7645763794675],[-80.1938000451168,25.7645744378394],[-80.1938022962949,25.764575238761],[-80.1938346338485,25.7646044052468],[-80.1938355258756,25.7646062570741],[-80.1938361861373,25.7646233272151],[-80.1938449536945,25.7646230489152],[-80.1938471353899,25.7646237895667],[-80.1938480968996,25.7646257024724],[-80.1938513389195,25.7647095273444],[-80.1938891148738,25.7647083291995],[-80.1938849996915,25.7646019054013],[-80.1938857884123,25.7645999581106],[-80.1939061065074,25.7645797198766],[-80.1939082427012,25.7645788218737],[-80.1939967707741,25.7645760137942],[-80.1939953891652,25.764540296732],[-80.1939961974942,25.7645383289943],[-80.1939983131815,25.764537450628],[-80.1940706599012,25.76453515627],[-80.1940728423105,25.764535896181],[-80.194073804903,25.7645378090202],[-80.1940750023573,25.7645687941737],[-80.1940907453326,25.7645682950135],[-80.194092926842,25.7645690352608],[-80.1940938885378,25.7645709477629],[-80.1940940915571,25.7645761869227],[-80.194102670468,25.7645759150948],[-80.1941023695324,25.7645681170309],[-80.1941031778604,25.7645661492929],[-80.1941052935487,25.7645652709275],[-80.1941253771835,25.7645646334263],[-80.1941275594505,25.7645653737929],[-80.1941285212869,25.7645672869848],[-80.1941288231209,25.7645750850488],[-80.1941545984813,25.7645742679469],[-80.1941543721059,25.7645684147472],[-80.1941551806188,25.764566447413],[-80.1941572961221,25.7645655694529],[-80.1941770482786,25.7645649416598],[-80.1941792311808,25.7645656822634],[-80.1941801932804,25.7645675960273],[-80.1941804187575,25.7645734476091],[-80.1941934254645,25.7645730366312],[-80.1941931344104,25.7645654998779],[-80.1941939435574,25.7645635327801],[-80.194196059325,25.7645626553925],[-80.1942158887365,25.7645620251723],[-80.1942180702459,25.7645627654197],[-80.1942190319417,25.7645646779219],[-80.1942193238942,25.7645722146753],[-80.1942413505849,25.7645715164982],[-80.1942410379712,25.7645634660223],[-80.1942418469333,25.7645614985207],[-80.1942439628858,25.7645606207279],[-80.1942657057089,25.7645599298318],[-80.1942678875251,25.7645606703676],[-80.1942688489141,25.7645625833904],[-80.1942691597312,25.7645706338664],[-80.1942748828979,25.7645704518387],[-80.194274561301,25.764562139243],[-80.1942753698131,25.764560171908],[-80.1942774853173,25.7645592939485],[-80.1942974099503,25.7645586613013],[-80.194296745197,25.7645414738443],[-80.1942975535241,25.7645395061052],[-80.1942996692132,25.7645386277403],[-80.194411016291,25.7645350947852],[-80.1944131978013,25.7645358350318],[-80.1944141594961,25.7645377475353],[-80.1944151404565,25.764563101967],[-80.1950196374724,25.7645439243414],[-80.1950193527064,25.7645365599058],[-80.195020161931,25.7645345918312],[-80.1950222785193,25.7645337138017],[-80.1951161345002,25.7645307350196],[-80.1951183196704,25.7645314775289],[-80.195119279502,25.764533395051],[-80.195146900002,25.7652925265833],[-80.1951460891557,25.765294490461],[-80.1951439759858,25.7652953670061],[-80.1950147452473,25.7652994662434],[-80.1950125636162,25.7652987261176],[-80.1950116020422,25.7652968135102],[-80.1950113262594,25.7652896821153],[-80.1949779125241,25.7652907427233],[-80.1949757307078,25.7652900021921],[-80.1949747693189,25.7652880891809],[-80.1949744782647,25.7652805371019],[-80.194916169518,25.7652823873006],[-80.1949167839656,25.7652982365531],[-80.1949159742844,25.7653002039848],[-80.1949138581527,25.7653010818299],[-80.1947361803727,25.7653067197978],[-80.1947339986781,25.7653059791497],[-80.1947330371675,25.7653040662557],[-80.1947328188769,25.7652984088716],[-80.1947230838341,25.7652987179122],[-80.1947239812511,25.7653218660203],[-80.1947231722049,25.7653238336888],[-80.1947210563366,25.7653247121055],[-80.1947130792968,25.7653249653246],[-80.1947132526717,25.7653294399399],[-80.1947124438879,25.7653314070357],[-80.1947103286554,25.7653322852158],[-80.1946923336037,25.7653328579925],[-80.1946901516022,25.7653321170562],[-80.1946891903985,25.765330203642],[-80.1946889801927,25.7653247477018],[-80.194681584363,25.7653249823137],[-80.1946817963654,25.7653304641421],[-80.1946809872388,25.7653324327846],[-80.1946788705525,25.7653333118452],[-80.1946594561626,25.7653339258811],[-80.1946572737104,25.7653331851139],[-80.1946563120591,25.7653312715307],[-80.1946561782101,25.7653277944205],[-80.1946525049989,25.7653279109175],[-80.1946526469327,25.7653315862342],[-80.1946518380429,25.7653335532416],[-80.1946497229165,25.7653344315102],[-80.1946290293256,25.7653350876144],[-80.1946268475093,25.7653343470835],[-80.1946258861204,25.7653324340731],[-80.1946257441866,25.7653287603744],[-80.1941561211257,25.7653436582291],[-80.1941562630596,25.7653473108932],[-80.1941554540115,25.7653492785598],[-80.194153338145,25.7653501569778],[-80.1941343181155,25.7653507613056],[-80.1941321364201,25.7653500206586],[-80.1941311749103,25.7653481077645],[-80.1941310347731,25.7653444534825],[-80.1941209278279,25.765344773849],[-80.194121087728,25.7653488957368],[-80.1941202790239,25.7653508631484],[-80.1941181637117,25.7653517418213],[-80.194104348521,25.7653521794938],[-80.1941046054391,25.7653588279082],[-80.1941037965502,25.7653607949158],[-80.1941016814229,25.7653616731835],[-80.1939532680599,25.7653663807912],[-80.1939510867347,25.765365640955],[-80.1939501248547,25.7653637288685],[-80.1939499200388,25.7653584452482],[-80.193884311582,25.7653605260125],[-80.1938821300726,25.7653597857701],[-80.1938811683768,25.7653578732807],[-80.1938784958889,25.7652887776457],[-80.1938536493864,25.7652895648093],[-80.1938544255308,25.7653096362669],[-80.193853616641,25.7653116032747],[-80.1938515015146,25.7653124815433],[-80.1938113288551,25.7653137557289],[-80.1938117339953,25.7653242048584],[-80.1938109249481,25.7653261725261],[-80.1938088090807,25.7653270509435],[-80.1937378206137,25.7653293024088],[-80.1937356394326,25.7653285621148],[-80.1937346783068,25.7653266496763],[-80.193734274065,25.7653161997379],[-80.1936960651227,25.7653174116299],[-80.1936938836133,25.7653166713872],[-80.1936929219175,25.7653147588971],[-80.1936923730468,25.7653005600205],[-80.1936434445082,25.7653021100775],[-80.1936420098988,25.7653022848229],[-80.1936404881527,25.7653025283339],[-80.1936390014409,25.7653028252394],[-80.1936375111358,25.7653031812024],[-80.1936360684415,25.7653035840877],[-80.1936345961027,25.7653040573567],[-80.1936331884426,25.7653045678399],[-80.1936317682062,25.7653051495157],[-80.1936304189366,25.7653057635518],[-80.1936290570907,25.7653064479715],[-80.193627679075,25.7653072108648],[-80.1936263217206,25.7653080400967],[-80.1936250047904,25.76530892515],[-80.1936237426574,25.7653098522717],[-80.1936225200503,25.7653108368328],[-80.1936213360708,25.7653118772154],[-80.1936202275497,25.7653129394411],[-80.1936191522663,25.7653140696234],[-80.1936181443566,25.7653152265029],[-80.1936171930407,25.7653164230238],[-80.1936162965221,25.76531766404],[-80.1936154592922,25.7653189406524],[-80.1936146858427,25.7653202520521],[-80.1936139797669,25.765321586104],[-80.193613347353,25.765322928246],[-80.1936127679396,25.7653243270184],[-80.1936122576965,25.7653257476339],[-80.1936118238103,25.7653271682494],[-80.1936115336544,25.7653283105667],[-80.1936122208656,25.765346027809],[-80.1936114111845,25.7653479952399],[-80.1936092950527,25.7653488730846],[-80.1935887865148,25.7653495243347],[-80.1935894683361,25.7653671622913],[-80.1935886603712,25.7653691300267],[-80.1935865452182,25.7653700091844],[-80.1934229646999,25.7653751973415],[-80.1934207830045,25.7653744566947],[-80.1934198214947,25.765372543801]],[[-80.1936632568518,25.7651472911664],[-80.1939328574383,25.7651387415718],[-80.1939316968149,25.7651087022975],[-80.1939037053107,25.7651095897794],[-80.1939042748426,25.7651243266691],[-80.1939034657945,25.7651262943394],[-80.193901349928,25.765127172759],[-80.1938155428521,25.7651298934526],[-80.193813361221,25.7651291533257],[-80.1938123996469,25.7651272407157],[-80.1938121085927,25.7651197193687],[-80.1937818308761,25.7651206788522],[-80.1937796490599,25.7651199383199],[-80.1937786876709,25.765118025306],[-80.1937784163797,25.7651110103975],[-80.1936619965155,25.7651147019011],[-80.1936632568518,25.7651472911664]],[[-80.1939880822687,25.7651088446829],[-80.1939892581634,25.7651392431567],[-80.1940759204355,25.765136493339],[-80.194169245512,25.7651335323702],[-80.194206940618,25.7650986552261],[-80.1942090751502,25.7650978289319],[-80.1942112309718,25.7650986091126],[-80.1942188612618,25.7651053699933],[-80.1942591417191,25.7650426678058],[-80.1942439269532,25.7650315957149],[-80.1942427977709,25.7650295489231],[-80.1942412742281,25.7649902133008],[-80.1942324608569,25.7649904915998],[-80.1942302797177,25.7649897521658],[-80.1942293176517,25.7649878404778],[-80.1942270386258,25.76492895028],[-80.194227847138,25.764926982951],[-80.1942299626421,25.7649261049943],[-80.1942387831999,25.764925824268],[-80.194237247979,25.7648861714795],[-80.194238396026,25.7648839200059],[-80.1942552295561,25.7648718172219],[-80.1942066136312,25.7648110330739],[-80.1941981658743,25.7648192865945],[-80.1941960537725,25.7648201661931],[-80.1941938728256,25.7648194354523],[-80.1941407743074,25.7647748784078],[-80.1941398023303,25.7647729578173],[-80.1941393702406,25.7647617538325],[-80.1941378592743,25.7647618015641],[-80.1941380793616,25.7647675115595],[-80.1941372711324,25.764769479876],[-80.1941351553453,25.764770359276],[-80.1941129157538,25.764771063924],[-80.1941107341228,25.7647703237949],[-80.1941097725487,25.764768411179],[-80.1941095749193,25.7647632545468],[-80.1940980127033,25.7647636202195],[-80.194098439403,25.7647746397497],[-80.1940976307247,25.7647766082334],[-80.1940955144885,25.7647774874661],[-80.1939734954251,25.7647813577713],[-80.1939749992049,25.7648202234281],[-80.19406988735,25.7649014334441],[-80.1940708368693,25.7649033362344],[-80.194071781897,25.7649277294849],[-80.1941067416329,25.7649266203332],[-80.1941089231423,25.7649273605783],[-80.1941098848381,25.7649292730746],[-80.1941122518988,25.7649904592395],[-80.1941114426668,25.764992426509],[-80.1941093269843,25.7649933045236],[-80.1940743618585,25.7649944120567],[-80.1940753814463,25.7650207655165],[-80.1940745927255,25.7650227136093],[-80.1939880822687,25.7651088446829]],[[-80.1937656252684,25.7648297139242],[-80.1937654267407,25.7648245742839],[-80.1937662352536,25.7648226069539],[-80.1937683507569,25.7648217289957],[-80.1937974453924,25.7648208059153],[-80.1937971264904,25.7648125734291],[-80.1937979354516,25.7648106059308],[-80.193800051405,25.7648097281406],[-80.1938887483612,25.7648069144035],[-80.1938909298706,25.7648076546493],[-80.1938918915664,25.7648095671476],[-80.1938925114039,25.7648255928275],[-80.1939214991398,25.7648246729831],[-80.1939203663643,25.7647953779188],[-80.1939030666085,25.7647959256186],[-80.1939008833471,25.7647951867927],[-80.193899922505,25.7647932728742],[-80.1938999180134,25.7647931596128],[-80.1938994949069,25.7647822622448],[-80.1938413478569,25.7647841051702],[-80.1938415984869,25.7647906225568],[-80.1938407897022,25.7647925896607],[-80.1938386744706,25.7647934678457],[-80.1937371756233,25.7647966877062],[-80.1937380838201,25.7648201627523],[-80.1937372755909,25.7648221310679],[-80.1937351598038,25.7648230104675],[-80.1936640428777,25.7648252643694],[-80.1936643393218,25.7648329265027],[-80.1937656252684,25.7648297139242]]]},"properties":{"OBJECTID":602142,"UBID":"CRXCXMX9+XCR-0-0-0-0","UNIQUEID":null,"ADDRESS":"900 S MIAMI AVE","SOURCE":null,"TYPE":null,"BLDG_HEIGHT":73.75,"FLOORS":0,"YEAR_BUILT":2006,"BLDG_TYPE":"COMMUNITY SHOPPING CENTER : RETAIL OUTLET"}}]}
