{"type":"FeatureCollection","name":"county-buildings","features":[{"type":"Feature","id":4862,"geometry":{"type":"Polygon","coordinates":[[[-80.1963893544816,25.7654885689945],[-80.1967770368155,25.7654772186473],[-80.1967819541934,25.7656148999847],[-80.1963942673679,25.7656262430377],[-80.1963893544816,25.7654885689945]]]},"properties":{"OBJECTID":4862,"UNIQUEID":"D3_MDC_Building_5415","SOURCE":"P","YEARUPDATE":2015,"TYPE":"L","HEIGHT":null,"GlobalID":"70b2031c-a36d-4fa6-96b8-b08fe3206b9d","Shape__Area":735.216796875,"Shape__Length":120.41315616431724}},{"type":"Feature","id":13552,"geometry":{"type":"Polygon","coordinates":[[[-80.1965468785583,25.7649195269395],[-80.1966601210813,25.764916112111],[-80.1966681035109,25.7651331262482],[-80.1965548609879,25.7651365386434],[-80.1965468785583,25.7649195269395]]]},"properties":{"OBJECTID":13552,"UNIQUEID":"D3_MDC_Building_24124","SOURCE":"P","YEARUPDATE":2015,"TYPE":"L","HEIGHT":null,"GlobalID":"09a7a5ca-b67f-4397-9370-3d82520ed14e","Shape__Area":338.52734375,"Shape__Length":78.90484753143973}},{"type":"Feature","id":15959,"geometry":{"type":"Polygon","coordinates":[[[-80.1900017848392,25.7612808440557],[-80.1900432753272,25.7611285958685],[-80.1901324843231,25.7611463380086],[-80.1900891406107,25.7613010731437],[-80.1900017848392,25.7612808440557]]]},"properties":{"OBJECTID":15959,"UNIQUEID":"D1_MDC_Building_148","SOURCE":"P","YEARUPDATE":2015,"TYPE":"L","HEIGHT":null,"GlobalID":"9b2a28ca-df2b-4504-9893-2afa41c4ea1f","Shape__Area":197.53125,"Shape__Length":59.31280643660472}},{"type":"Feature","id":18766,"geometry":{"type":"Polygon","coordinates":[[[-80.1977240722291,25.7605032334915],[-80.1976996955455,25.7604737440003],[-80.1976428223066,25.7605122939238],[-80.1976030044816,25.7604641229005],[-80.1976651921538,25.7604219711154],[-80.1976752748445,25.7604341682017],[-80.1977311150209,25.7603963180725],[-80.1977222917682,25.7603856452141],[-80.1977668095787,25.7603554704365],[-80.1978402028357,25.760444257738],[-80.1977989261468,25.7604722375685],[-80.1978143744747,25.7604909255739],[-80.1977266441057,25.760550392391],[-80.1977007375912,25.7605190510205],[-80.1977240722291,25.7605032334915]]]},"properties":{"OBJECTID":18766,"UNIQUEID":"D1_Small_Building_397","SOURCE":"L","YEARUPDATE":2015,"TYPE":"S","HEIGHT":null,"GlobalID":"ee72321a-c223-48d8-a025-ae6548440ec6","Shape__Area":289.162109375,"Shape__Length":88.67772550898854}},{"type":"Feature","id":25090,"geometry":{"type":"Polygon","coordinates":[[[-80.1972372365491,25.7655000010502],[-80.1972426165593,25.765499823878],[-80.1972478501441,25.7656302605541],[-80.1970520245987,25.7656367034658],[-80.1970467883189,25.7655062692238],[-80.197051925784,25.7655061001416],[-80.1972372365491,25.7655000010502]]]},"properties":{"OBJECTID":25090,"UNIQUEID":"D3_MDC_Building_6278","SOURCE":"P","YEARUPDATE":2015,"TYPE":"L","HEIGHT":null,"GlobalID":"2cc12625-751e-441a-bfbf-6bb7adca7b52","Shape__Area":351.935546875,"Shape__Length":75.89475241396818}},{"type":"Feature","id":27672,"geometry":{"type":"Polygon","coordinates":[[[-80.1958634896975,25.7668232150215],[-80.1959295787529,25.7668222458438],[-80.1959299398756,25.7668571685942],[-80.1958968962463,25.7668576531829],[-80.1958638526169,25.7668581377716],[-80.1958634896975,25.7668232150215]]]},"properties":{"OBJECTID":27672,"UNIQUEID":"D3_MDC_Building_2226","SOURCE":"P","YEARUPDATE":2015,"TYPE":"L","HEIGHT":null,"GlobalID":"b38650c6-8e4d-4896-b323-a0406b078c04","Shape__Area":31.763671875,"Shape__Length":23.349726914904483}},{"type":"Feature","id":27781,"geometry":{"type":"Polygon","coordinates":[[[-80.1958890979713,25.7637196637474],[-80.1958868970988,25.7636518534975],[-80.1957701241967,25.7636549617445],[-80.1957672594693,25.7635667059423],[-80.1959982190238,25.7635605598281],[-80.1960057019901,25.7637911064451],[-80.1957988702858,25.7637966053337],[-80.1957964556143,25.7637221304418],[-80.1958890979713,25.7637196637474]]]},"properties":{"OBJECTID":27781,"UNIQUEID":"D3_MDC_Building_2079","SOURCE":"P","YEARUPDATE":2015,"TYPE":"L","HEIGHT":null,"GlobalID":"4a0e96a2-ad84-4042-a586-30afad56cf57","Shape__Area":599.4921875,"Shape__Length":129.0959704487442}},{"type":"Feature","id":30664,"geometry":{"type":"Polygon","coordinates":[[[-80.1933913197473,25.7644204261831],[-80.1933914005957,25.7643135579784],[-80.1933804294711,25.7643135515063],[-80.1933795311559,25.7642618870857],[-80.1934045043208,25.7642613968233],[-80.1934041396048,25.7642403309104],[-80.1934037712955,25.7642191735751],[-80.193378793639,25.7642194866635],[-80.193377881849,25.7641669986252],[-80.1935273112066,25.7641648692991],[-80.1935273390544,25.7641664735748],[-80.1936231075485,25.7641661378338],[-80.1936237013349,25.7642001949114],[-80.1936412777718,25.764199944117],[-80.1936417089631,25.7642247201757],[-80.1936581148952,25.7642244863707],[-80.1936582478458,25.7642322342983],[-80.1937361686119,25.764231124331],[-80.1937359691859,25.7642479461586],[-80.1937364614627,25.7642479396865],[-80.193736892654,25.7642727756023],[-80.1937356736402,25.7642728111989],[-80.1937342983195,25.7643883140359],[-80.1937200995481,25.764398209073],[-80.1934334722937,25.7644073120858],[-80.1934339268413,25.7644190743228],[-80.1933913197473,25.7644204261831]]]},"properties":{"OBJECTID":30664,"UNIQUEID":"D1_MDC_Building_140","SOURCE":"P","YEARUPDATE":2015,"TYPE":"L","HEIGHT":null,"GlobalID":"902d6b21-208a-41dc-ab2d-44739c18170f","Shape__Area":1046.810546875,"Shape__Length":146.01741888138847}},{"type":"Feature","id":40871,"geometry":{"type":"Polygon","coordinates":[[[-80.1912815831834,25.7678210318029],[-80.1908113268103,25.7677222792142],[-80.1908083426069,25.7677339302911],[-80.1905751264844,25.7676849556346],[-80.1906514042318,25.7674085653279],[-80.1906702284286,25.7673350715835],[-80.1907134338005,25.7673441452473],[-80.1907209464113,25.767314810355],[-80.1907489442037,25.7673206310597],[-80.1907682984065,25.7672450654285],[-80.1913953709839,25.7673767476534],[-80.1912815831834,25.7678210318029]]]},"properties":{"OBJECTID":40871,"UNIQUEID":"D1_MDC_Building_427","SOURCE":"P","YEARUPDATE":2015,"TYPE":"L","HEIGHT":null,"GlobalID":"305f51a1-b720-4035-9138-84bead6961ff","Shape__Area":4450.96484375,"Shape__Length":275.89919679860037}},{"type":"Feature","id":45914,"geometry":{"type":"Polygon","coordinates":[[[-80.1929928827828,25.7632663145428],[-80.1929907941998,25.763233914881],[-80.1930435001542,25.7632311278042],[-80.1930455878389,25.7632635274668],[-80.1930909806085,25.7632611287206],[-80.193101840342,25.7634295836889],[-80.1929690495801,25.7634366035508],[-80.1929598930524,25.7632680579822],[-80.1929928827828,25.7632663145428]]]},"properties":{"OBJECTID":45914,"UNIQUEID":"D1_Small_Building_382","SOURCE":"L","YEARUPDATE":2015,"TYPE":"S","HEIGHT":null,"GlobalID":"b6028848-8cd9-47ea-89ed-1264d61e8886","Shape__Area":330.443359375,"Shape__Length":79.16392376287885}},{"type":"Feature","id":48872,"geometry":{"type":"Polygon","coordinates":[[[-80.1967114184773,25.7649819185326],[-80.1968092063841,25.7649791080356],[-80.196816346194,25.7651828397725],[-80.1967185555922,25.7651856510737],[-80.1967114184773,25.7649819185326]]]},"properties":{"OBJECTID":48872,"UNIQUEID":"D3_MDC_Building_13989","SOURCE":"P","YEARUPDATE":2015,"TYPE":"L","HEIGHT":null,"GlobalID":"fca32869-fb8c-470b-a9b9-9708dd04cc27","Shape__Area":274.4140625,"Shape__Length":72.17375594615122}},{"type":"Feature","id":51438,"geometry":{"type":"Polygon","coordinates":[[[-80.1975981544774,25.7667639398427],[-80.1975919300508,25.7665724234552],[-80.1975878211567,25.766572505164],[-80.1975873288799,25.7665478072591],[-80.1980682626285,25.7665381890786],[-80.1980687576002,25.7665628869855],[-80.1980643998728,25.7665629743572],[-80.198070526383,25.7667513300094],[-80.1975981544774,25.7667639398427]]]},"properties":{"OBJECTID":51438,"UNIQUEID":"D3_MDC_Building_2356","SOURCE":"P","YEARUPDATE":2015,"TYPE":"L","HEIGHT":null,"GlobalID":"3ad87df7-dc35-4dce-8a91-c5ecc0f74c68","Shape__Area":1399.146484375,"Shape__Length":160.18334107624418}},{"type":"Feature","id":63810,"geometry":{"type":"Polygon","coordinates":[[[-80.1986247015734,25.7681105040971],[-80.1986236451546,25.7680543991762],[-80.1984983795798,25.7680563350844],[-80.198494371297,25.7678438097109],[-80.1985690877724,25.7678426536651],[-80.1985668797135,25.7677205091435],[-80.1987705906704,25.7677173581265],[-80.1989451692627,25.7677146577169],[-80.1989486816755,25.7679008774284],[-80.1987741219478,25.7679035770247],[-80.198777980212,25.7681081345724],[-80.1986247015734,25.7681105040971]]]},"properties":{"OBJECTID":63810,"UNIQUEID":"D3_MDC_Building_21127","SOURCE":"P","YEARUPDATE":2015,"TYPE":"L","HEIGHT":null,"GlobalID":"b1572f6e-3db1-4c11-b214-f3033edf386f","Shape__Area":1723.21484375,"Shape__Length":197.50482543483753}},{"type":"Feature","id":63870,"geometry":{"type":"Polygon","coordinates":[[[-80.1931870967506,25.7598003832531],[-80.1932562733157,25.7595236533977],[-80.1936308528229,25.759602206086],[-80.1935134070827,25.7600639849418],[-80.1932247658055,25.7599984176979],[-80.1931775278962,25.7599876865527],[-80.1931498274461,25.7599813946255],[-80.1931471549582,25.7599714547228],[-80.1931586228511,25.7599142893444],[-80.1931870967506,25.7598003832531]]]},"properties":{"OBJECTID":63870,"UNIQUEID":"D1_Small_Building_684","SOURCE":"L","YEARUPDATE":2015,"TYPE":"S","HEIGHT":null,"GlobalID":"913a59cf-c075-40e3-a640-304d2ecc2bc2","Shape__Area":2482.185546875,"Shape__Length":201.04628519323992}},{"type":"Feature","id":65812,"geometry":{"type":"Polygon","coordinates":[[[-80.1985593688994,25.7656735317699],[-80.1986264191522,25.7656717479156],[-80.1986270632442,25.7656915701353],[-80.1986293566432,25.7657622495648],[-80.1985623063904,25.7657640309907],[-80.1985600129914,25.7656933709784],[-80.1985593688994,25.7656735317699]]]},"properties":{"OBJECTID":65812,"UNIQUEID":"D3_MDC_Building_4546","SOURCE":"P","YEARUPDATE":2015,"TYPE":"L","HEIGHT":null,"GlobalID":"ac9609db-29a0-4272-9c5a-698051ffaab2","Shape__Area":83.56640625,"Shape__Length":37.317360279104406}},{"type":"Feature","id":70371,"geometry":{"type":"Polygon","coordinates":[[[-80.1941461165884,25.7685979270212],[-80.1942307333966,25.7685338538315],[-80.1943248031765,25.7686357122436],[-80.1942401845717,25.7686997837603],[-80.1941461165884,25.7685979270212]]]},"properties":{"OBJECTID":70371,"UNIQUEID":"D1_Small_Building_381","SOURCE":"L","YEARUPDATE":2015,"TYPE":"S","HEIGHT":null,"GlobalID":"27345ad6-7c8d-49c4-928d-0036086acec8","Shape__Area":201.537109375,"Shape__Length":57.366255428203175}},{"type":"Feature","id":71833,"geometry":{"type":"Polygon","coordinates":[[[-80.1980611874973,25.7605111127263],[-80.1980269913294,25.7604648672171],[-80.1980030125995,25.7604794072776],[-80.1979700704797,25.7604348583127],[-80.198048994664,25.7603870003565],[-80.1981161383416,25.7604777956707],[-80.1980611874973,25.7605111127263]]]},"properties":{"OBJECTID":71833,"UNIQUEID":"D1_MDC_Building_233","SOURCE":"P","YEARUPDATE":2015,"TYPE":"L","HEIGHT":null,"GlobalID":"de530959-5b3c-415b-bed9-adb7a5912a03","Shape__Area":120.71484375,"Shape__Length":48.15088980873853}},{"type":"Feature","id":74357,"geometry":{"type":"Polygon","coordinates":[[[-80.1980020666735,25.7656309247468],[-80.1980018070604,25.7656185712475],[-80.1979588810646,25.7656193131047],[-80.1979547802553,25.7654247756604],[-80.1979811323341,25.7654243209991],[-80.1979806014298,25.7653989991116],[-80.198065466173,25.7653975340016],[-80.1980659997723,25.7654228534624],[-80.1980699469696,25.7656102692422],[-80.1980282148348,25.7656109900654],[-80.1980286262632,25.7656304652323],[-80.1980020666735,25.7656309247468]]]},"properties":{"OBJECTID":74357,"UNIQUEID":"D3_MDC_Building_6928","SOURCE":"P","YEARUPDATE":2015,"TYPE":"L","HEIGHT":null,"GlobalID":"ac40aa52-da4b-4cf4-b3a4-7d9e0663ce70","Shape__Area":327.82421875,"Shape__Length":82.18288377100394}},{"type":"Feature","id":74849,"geometry":{"type":"Polygon","coordinates":[[[-80.197260927818,25.7599935966113],[-80.1973263395438,25.7599522318581],[-80.1974362466221,25.7600947495853],[-80.1973708348964,25.7601361159069],[-80.197260927818,25.7599935966113]]]},"properties":{"OBJECTID":74849,"UNIQUEID":"D1_MDC_Building_151","SOURCE":"P","YEARUPDATE":2015,"TYPE":"L","HEIGHT":null,"GlobalID":"31789888-206c-4181-acea-6500f07b9346","Shape__Area":190.826171875,"Shape__Length":60.690139527006096}},{"type":"Feature","id":74894,"geometry":{"type":"Polygon","coordinates":[[[-80.1965111363897,25.7671636442503],[-80.1965001068747,25.7668653499719],[-80.1964594365485,25.7668665796459],[-80.1964579237855,25.7668258143268],[-80.1965997300397,25.766821525837],[-80.1966139198279,25.7672048794788],[-80.1964685122278,25.7672093022477],[-80.1964668665142,25.7671649807085],[-80.1965111363897,25.7671636442503]]]},"properties":{"OBJECTID":74894,"UNIQUEID":"D3_MDC_Building_2275","SOURCE":"P","YEARUPDATE":2015,"TYPE":"L","HEIGHT":null,"GlobalID":"70141157-19df-41d7-a6c3-967a9cac2a2c","Shape__Area":583.98046875,"Shape__Length":136.28027876605557}},{"type":"Feature","id":77931,"geometry":{"type":"Polygon","coordinates":[[[-80.1989359570395,25.7613137952026],[-80.1989107323463,25.7612834216385],[-80.1988850818517,25.7612525351388],[-80.1988817392206,25.7612485101929],[-80.1987084003033,25.7610397864258],[-80.1986831226095,25.7610093480687],[-80.1986538465144,25.7609740951292],[-80.1986317515517,25.7609474883517],[-80.198667903352,25.7609228693712],[-80.1986602667738,25.760913673052],[-80.1987744417481,25.7608359213691],[-80.1989047675328,25.7609928534418],[-80.1989097576742,25.7609988613437],[-80.1990936760506,25.7612203250505],[-80.1990647026877,25.7612400565926],[-80.1990463078857,25.7612525820628],[-80.1989816130155,25.7612966404463],[-80.1989742198807,25.7612877386445],[-80.1989359570395,25.7613137952026]]]},"properties":{"OBJECTID":77931,"UNIQUEID":"D3_MDC_Building_15148","SOURCE":"P","YEARUPDATE":2015,"TYPE":"L","HEIGHT":null,"GlobalID":"52c111ec-f1ac-449e-bd6c-0d068fc03091","Shape__Area":1230.287109375,"Shape__Length":160.62612685764884}},{"type":"Feature","id":94147,"geometry":{"type":"Polygon","coordinates":[[[-80.1989793241082,25.7694209435086],[-80.1988986832434,25.7693542682774],[-80.1989212920425,25.7693318466101],[-80.1989127427759,25.769324778558],[-80.1989010296429,25.7693012493922],[-80.1989838498206,25.7692835982676],[-80.1990491824945,25.7693359093039],[-80.1990373669536,25.7694080597137],[-80.199009143684,25.7694044824096],[-80.1990019347038,25.7693985226628],[-80.1989793241082,25.7694209435086]]]},"properties":{"OBJECTID":94147,"UNIQUEID":"D3_Small_Building_8387","SOURCE":"L","YEARUPDATE":2015,"TYPE":"S","HEIGHT":null,"GlobalID":"0a20d20b-2348-42e4-ae92-33dbc23fc0e7","Shape__Area":186.294921875,"Shape__Length":56.6368214256137}},{"type":"Feature","id":94186,"geometry":{"type":"Polygon","coordinates":[[[-80.1981208904294,25.7651282236603],[-80.1981119351244,25.7648775595724],[-80.1988930202639,25.7648546791598],[-80.1988967707302,25.7649596788754],[-80.1988243638234,25.7649617992881],[-80.198823801478,25.7649460333186],[-80.1984706072645,25.7649563773093],[-80.1984724883367,25.7650090502616],[-80.1984122059912,25.7650108139006],[-80.1984102126296,25.7649550343542],[-80.1982077170932,25.7649609676268],[-80.1982128123375,25.7651034663973],[-80.1982306492858,25.76510294216],[-80.1982338230337,25.7651918157109],[-80.1981102409018,25.7651954368283],[-80.1981078531797,25.765128605512],[-80.1981208904294,25.7651282236603]]]},"properties":{"OBJECTID":94186,"UNIQUEID":"D3_MDC_Building_29105","SOURCE":"P","YEARUPDATE":2015,"TYPE":"L","HEIGHT":null,"GlobalID":"b95fb148-353a-4faa-b944-ea9970ce0c93","Shape__Area":1336.1640625,"Shape__Length":277.09707311920516}},{"type":"Feature","id":96911,"geometry":{"type":"Polygon","coordinates":[[[-80.1901720901457,25.7696698643642],[-80.1902457088799,25.7696665758728],[-80.1902492671067,25.7697318594889],[-80.1902328000892,25.7697325964665],[-80.1902340182047,25.7697549395874],[-80.1901768637931,25.7697574935258],[-80.1901720901457,25.7696698643642]]]},"properties":{"OBJECTID":96911,"UNIQUEID":"D1_MDC_Building_317","SOURCE":"P","YEARUPDATE":2015,"TYPE":"L","HEIGHT":null,"GlobalID":"7d919cc5-852f-4d6f-9244-2a8f9247c847","Shape__Area":83.912109375,"Shape__Length":38.10083417538976}},{"type":"Feature","id":106231,"geometry":{"type":"Polygon","coordinates":[[[-80.1961082347983,25.7660556982689],[-80.196105148187,25.7659302997187],[-80.196103934563,25.7658810144699],[-80.1961282402796,25.7658805250232],[-80.1962568314176,25.7658779313602],[-80.1962610211601,25.766048255454],[-80.1963589141699,25.7660462814899],[-80.1963626322968,25.7661973373755],[-80.1963535745838,25.7661975194007],[-80.1963538162307,25.766207300218],[-80.1962649773406,25.7662090921542],[-80.1962657238406,25.7662394353341],[-80.1961128332742,25.7662425208614],[-80.1961082347983,25.7660556982689]]]},"properties":{"OBJECTID":106231,"UNIQUEID":"D3_MDC_Building_25535","SOURCE":"P","YEARUPDATE":2015,"TYPE":"L","HEIGHT":null,"GlobalID":"ff90b2de-ede6-4467-890d-23e80529e363","Shape__Area":976.462890625,"Shape__Length":145.2419521081444}},{"type":"Feature","id":107164,"geometry":{"type":"Polygon","coordinates":[[[-80.1969377481148,25.7656526028293],[-80.1970071896829,25.765652369027],[-80.1970072687346,25.7656714534381],[-80.1970076244675,25.7657586486898],[-80.197007731367,25.7657843628672],[-80.1969421327917,25.7657845845341],[-80.1969280400215,25.7657846330743],[-80.1969279340203,25.765758935886],[-80.1969275782874,25.7656717187915],[-80.1969378262682,25.7656716840043],[-80.1969377481148,25.7656526028293]]]},"properties":{"OBJECTID":107164,"UNIQUEID":"D3_MDC_Building_21567","SOURCE":"P","YEARUPDATE":2015,"TYPE":"L","HEIGHT":null,"GlobalID":"d02e777c-b68b-48c4-922f-106c853bcfd8","Shape__Area":142.046875,"Shape__Length":50.373947130583}},{"type":"Feature","id":108106,"geometry":{"type":"Polygon","coordinates":[[[-80.1981269774138,25.7661149713744],[-80.1981215147586,25.7659706802603],[-80.1980947826923,25.7659715094876],[-80.1980880453277,25.7657936170573],[-80.1982387790391,25.7657889393996],[-80.1982452837401,25.7659606696669],[-80.1982200500638,25.7659614527811],[-80.1982096152334,25.765961776382],[-80.1982153132473,25.7661122264333],[-80.1981561151683,25.766114066911],[-80.1981362839601,25.7661146833699],[-80.1981269774138,25.7661149713744]]]},"properties":{"OBJECTID":108106,"UNIQUEID":"D3_MDC_Building_26360","SOURCE":"P","YEARUPDATE":2015,"TYPE":"L","HEIGHT":null,"GlobalID":"3e33f7ce-16de-4f79-872a-5b38f628b3db","Shape__Area":541.966796875,"Shape__Length":113.27494236526786}},{"type":"Feature","id":109089,"geometry":{"type":"Polygon","coordinates":[[[-80.1905647060271,25.7599285738147],[-80.1905880990555,25.7598378088241],[-80.190561263683,25.759832749063],[-80.190575794831,25.7597695530007],[-80.1905822492263,25.7597698661009],[-80.1906042283064,25.7596829196817],[-80.1905981934243,25.7596815523956],[-80.1906245320284,25.7595852670975],[-80.1906518848305,25.7595903082611],[-80.1906587605357,25.7595636364499],[-80.1908947946733,25.7596153644026],[-80.1908877509831,25.7596445733683],[-80.1909165761239,25.7596502739012],[-80.1909131014404,25.7596663027047],[-80.1909328832413,25.7596698196238],[-80.1908779557532,25.7599231831587],[-80.1908230659944,25.7599134244769],[-80.1908168065335,25.7599387281174],[-80.1908573259428,25.7599467400728],[-80.19084751095,25.7599874365584],[-80.1905647060271,25.7599285738147]]]},"properties":{"OBJECTID":109089,"UNIQUEID":"D1_MDC_Building_103","SOURCE":"P","YEARUPDATE":2015,"TYPE":"L","HEIGHT":null,"GlobalID":"7245249d-e032-456e-b8f9-6b7a785c0af4","Shape__Area":1574.71875,"Shape__Length":175.43155130668927}},{"type":"Feature","id":110139,"geometry":{"type":"Polygon","coordinates":[[[-80.1917427270463,25.7672177675579],[-80.1913944286511,25.7671373098731],[-80.1913798274345,25.7671890612227],[-80.1910559623167,25.7671142381645],[-80.1910737911801,25.7670521089974],[-80.1910789277469,25.7670532367362],[-80.1906671939196,25.7669596780686],[-80.1906661069581,25.766959426471],[-80.1906835163083,25.7668976289112],[-80.1906675864834,25.766958183045],[-80.1907281832392,25.7667390809873],[-80.1909213946871,25.7667830135581],[-80.1909395936565,25.7667871523849],[-80.1911424610954,25.7668332805539],[-80.1911637709306,25.7667563692507],[-80.1912776818001,25.7667826859145],[-80.1913724199266,25.7664464809945],[-80.191554426688,25.7664885489318],[-80.1915419131561,25.7665329669943],[-80.191579115087,25.7665415634105],[-80.1915785949624,25.7665434022636],[-80.1916822776142,25.7665652152821],[-80.19168762798,25.7665465476488],[-80.1917006086359,25.7665495983812],[-80.1917547932172,25.7665623336307],[-80.1917749262593,25.7665670670788],[-80.1917695749952,25.7665857330908],[-80.191955757126,25.7666269669021],[-80.1919366310953,25.7666947900144],[-80.1919907222518,25.7667072776952],[-80.1919594222524,25.766818398257],[-80.1919419931393,25.7668802727127],[-80.1918991192457,25.7668703673655],[-80.191877468949,25.7669430613011],[-80.1915107514972,25.766857210662],[-80.191821829097,25.7669303244744],[-80.1917427270463,25.7672177675579]]]},"properties":{"OBJECTID":110139,"UNIQUEID":"D1_MDC_Building_400","SOURCE":"P","YEARUPDATE":2015,"TYPE":"L","HEIGHT":null,"GlobalID":"8ab3a64a-6935-4500-8c97-20fac0fffb7b","Shape__Area":7427.84765625,"Shape__Length":541.4065506526807}},{"type":"Feature","id":116734,"geometry":{"type":"Polygon","coordinates":[[[-80.1969995845457,25.7639255552917],[-80.1971663468967,25.7639200240484],[-80.1971753929317,25.7641436439932],[-80.197177730348,25.7642013995336],[-80.1971797829984,25.7642521684022],[-80.1968926023819,25.7642616961584],[-80.1968664057115,25.7642625650393],[-80.1968278131886,25.7642638448991],[-80.1968216866784,25.764112402271],[-80.1969925345673,25.7641067343129],[-80.1970064045553,25.7640941241973],[-80.1969995845457,25.7639255552917]]]},"properties":{"OBJECTID":116734,"UNIQUEID":"D3_MDC_Building_27861","SOURCE":"P","YEARUPDATE":2015,"TYPE":"L","HEIGHT":null,"GlobalID":"bcd5ec30-7c7a-4e74-8139-afb7de88f9a5","Shape__Area":1150.8359375,"Shape__Length":159.67430689823328}},{"type":"Feature","id":117772,"geometry":{"type":"MultiPolygon","coordinates":[[[[-80.1895585785359,25.7607739927936],[-80.1895101638337,25.7607652139264],[-80.1894933069474,25.7607661871987],[-80.1894858149979,25.7607373814098],[-80.1893513120471,25.7607074413425],[-80.1893239188208,25.7607270030719],[-80.1893134130235,25.7606522908241],[-80.1893151961794,25.7606251297831],[-80.1892496110788,25.7606120120304],[-80.189248406438,25.7606169512115],[-80.1892214309283,25.7606115557325],[-80.1892337962382,25.7605663167069],[-80.1892228466732,25.7606058350197],[-80.1891917065739,25.7605996070394],[-80.1891903061003,25.7606051618995],[-80.1891617244029,25.7605992542985],[-80.1891749988079,25.7605521245438],[-80.1891635003723,25.7605922876653],[-80.1891321976779,25.7605858177816],[-80.1891305878969,25.7605916816952],[-80.1891040651381,25.7605859836345],[-80.1891015211093,25.7605956864374],[-80.1890858257446,25.7605912480504],[-80.1890392885213,25.7605707720846],[-80.1890032445188,25.7605623071095],[-80.1889874108137,25.7605659405038],[-80.1889637680537,25.7605677349523],[-80.1889476118533,25.7605670545505],[-80.1889385496487,25.7605225735777],[-80.1889392898605,25.7604969124662],[-80.188962028017,25.7605022230012],[-80.1889606500013,25.7605513616199],[-80.1889763534508,25.7602316240786],[-80.1889954983461,25.7602369944945],[-80.188995076138,25.7602304663405],[-80.1889862376139,25.760221354108],[-80.1889808827565,25.7602044006451],[-80.1889813669484,25.7601881987794],[-80.1889780737246,25.7601846058257],[-80.1889784078979,25.7601791132421],[-80.1889784842547,25.7601750243455],[-80.188953699736,25.7601699330461],[-80.1889611018539,25.7601397339424],[-80.188979978153,25.7600940513819],[-80.1889831240531,25.760075305872],[-80.1889609266824,25.7600706061449],[-80.188970305094,25.7600334015158],[-80.1889848829544,25.7600182093122],[-80.1889831644773,25.7600746246583],[-80.1889958343161,25.7598650517587],[-80.1889906851729,25.7599190562283],[-80.1889677862179,25.7599135725319],[-80.188972259828,25.7598880205096],[-80.1889831545958,25.7598573415712],[-80.1889920569003,25.7598400207504],[-80.1890525323835,25.7598745725856],[-80.1889964505604,25.7598646051666],[-80.189116846368,25.7598898481392],[-80.1891384706135,25.7598845731747],[-80.189181298693,25.7598891450803],[-80.1891778788067,25.7599026447814],[-80.1892068934921,25.7599113379538],[-80.1892261497785,25.7599171080517],[-80.1892785125764,25.759927441154],[-80.1893043238695,25.7599325348909],[-80.1893361359086,25.7599399586722],[-80.1893637923413,25.7599464649981],[-80.1893928231963,25.7599532957499],[-80.1893802952914,25.7600015762012],[-80.1893940817361,25.7599535271362],[-80.189421009635,25.7599584946613],[-80.1895044837862,25.7599738947967],[-80.1894480076026,25.7601070680615],[-80.1894680032025,25.7600635731392],[-80.1894939905653,25.7600191113948],[-80.1895155914546,25.7599950172906],[-80.1895329639739,25.7600320682136],[-80.1895675284511,25.760039233095],[-80.1896142255745,25.7600489124803],[-80.1896415092063,25.7600545684965],[-80.1896693641666,25.7600603434417],[-80.1896953712924,25.7600657349005],[-80.189690646154,25.7600859059444],[-80.1897009381522,25.7600436310505],[-80.1897552601758,25.7600548921135],[-80.1897440267432,25.7600993303823],[-80.189738359272,25.7601217457031],[-80.1897655000717,25.7601273717813],[-80.1897369839513,25.7602401707904],[-80.1897127429134,25.7602343020052],[-80.1897091307876,25.7602519528573],[-80.1897247354224,25.7602550514849],[-80.1896976610981,25.7603157263179],[-80.1896950290343,25.7603347549541],[-80.1896790812431,25.7604229896967],[-80.1896526186714,25.7605030943367],[-80.189643930166,25.760515256626],[-80.1896378665379,25.7605779256071],[-80.1896412145589,25.760548737906],[-80.1896521434627,25.760644481985],[-80.1896485295403,25.7606577251351],[-80.1896262683892,25.7607118505998],[-80.1895760076491,25.7607866963012],[-80.1895678482514,25.7607791512172],[-80.1895585785359,25.7607739927936]]],[[[-80.189371339088,25.7605580539912],[-80.1893830117968,25.7604791807466],[-80.1893777117366,25.7604998573699],[-80.189371339088,25.7605580539912]]],[[[-80.189599715986,25.7601166382206],[-80.1896140899289,25.7600494456394],[-80.1895972447207,25.7601160913082],[-80.189599715986,25.7601166382206]]],[[[-80.189377179934,25.7604997449134],[-80.1893246096252,25.7604871238971],[-80.1893617980814,25.7604966026041],[-80.189377179934,25.7604997449134]]],[[[-80.1893404657883,25.7605970593762],[-80.189323395103,25.7605934081841],[-80.1893230124206,25.7605948935793],[-80.1893404657883,25.7605970593762]]],[[[-80.188948371828,25.7603408284216],[-80.1889473657149,25.760319086264],[-80.1889714800904,25.760324834498],[-80.188966968751,25.7603915253185],[-80.1889618851848,25.7603908578603],[-80.1889548657492,25.7603697710346],[-80.188948371828,25.7603408284216]]],[[[-80.1889445791409,25.7604129462739],[-80.1889450759093,25.7604077562819],[-80.1889663138792,25.7604127836569],[-80.1889633485405,25.7604833165569],[-80.1889581715495,25.760479660507],[-80.1889469650663,25.7604509339345],[-80.1889445791409,25.7604129462739]]],[[[-80.1889524977901,25.7602512174389],[-80.1889522687197,25.7602332300255],[-80.1889751101825,25.7602404037943],[-80.1889709186434,25.7603033285774],[-80.1889601864707,25.760286786928],[-80.1889548882071,25.7602681441968],[-80.1889524977901,25.7602512174389]]],[[[-80.1889735255543,25.7599534518952],[-80.1889842676085,25.7599388648457],[-80.1889892909875,25.7599412272521],[-80.1889875231031,25.7599973165905],[-80.1889645352149,25.7599925335289],[-80.1889664117956,25.7599751908836],[-80.1889735255543,25.7599534518952]]]]},"properties":{"OBJECTID":117772,"UNIQUEID":"D1_MDC_Building_34","SOURCE":"P","YEARUPDATE":2015,"TYPE":"L","HEIGHT":null,"GlobalID":"1a1e9003-d542-493b-a63f-9d525330a4be","Shape__Area":7176.55078125,"Shape__Length":655.4294164638451}},{"type":"Feature","id":118350,"geometry":{"type":"Polygon","coordinates":[[[-80.1975788838179,25.7654588234778],[-80.1975781094701,25.7654413521901],[-80.1975771428829,25.7654194782897],[-80.1978423534025,25.7654098608267],[-80.1978433208881,25.7654317153128],[-80.1978504849525,25.7654314556219],[-80.1978515045403,25.7654544742633],[-80.1978604778117,25.765454147425],[-80.1978911310242,25.7654530358511],[-80.1978958651457,25.7655600251897],[-80.1978999174459,25.765651623934],[-80.1979024623732,25.7657091942879],[-80.1978509673478,25.765711061469],[-80.1978545633039,25.7657923307419],[-80.1977818904957,25.7657949672839],[-80.1976849083777,25.7657984856396],[-80.1975864305646,25.7658020565803],[-80.1975393642336,25.7658037643863],[-80.1975245249635,25.7654682847988],[-80.1975500317276,25.7654673584873],[-80.1975638711729,25.7654668577128],[-80.1975635405929,25.7654593800737],[-80.1975788838179,25.7654588234778]]]},"properties":{"OBJECTID":118350,"UNIQUEID":"D3_MDC_Building_27867","SOURCE":"P","YEARUPDATE":2015,"TYPE":"L","HEIGHT":null,"GlobalID":"13717954-a1ad-498d-9ab5-3ee707f034ef","Shape__Area":1814.02734375,"Shape__Length":176.29276246771732}},{"type":"Feature","id":120817,"geometry":{"type":"Polygon","coordinates":[[[-80.197899316473,25.7674775764028],[-80.1979859769485,25.7674754398551],[-80.1979886045206,25.7675635131552],[-80.1979019440452,25.7675656497013],[-80.197899316473,25.7674775764028]]]},"properties":{"OBJECTID":120817,"UNIQUEID":"D3_MDC_Building_20382","SOURCE":"P","YEARUPDATE":2015,"TYPE":"L","HEIGHT":null,"GlobalID":"a9ea1aa8-17f6-4230-af45-6c0f25a18c5b","Shape__Area":105.103515625,"Shape__Length":41.082686045660324}},{"type":"Feature","id":123526,"geometry":{"type":"Polygon","coordinates":[[[-80.1904638485769,25.7641613290517],[-80.1902057652907,25.7641070579189],[-80.1901939533431,25.764091248149],[-80.190201338393,25.764062451257],[-80.1901710786427,25.7640524906617],[-80.1901579479681,25.764038230958],[-80.1902667411356,25.7636201213809],[-80.1902853182957,25.7636102513585],[-80.1903160074407,25.7636189385963],[-80.1903244938252,25.7635855738717],[-80.1903394885039,25.7635767410081],[-80.1906037009953,25.7636318489081],[-80.1911084454888,25.7637444601318],[-80.1910588791464,25.763939315037],[-80.1910001652594,25.7639270689608],[-80.190943196799,25.7638668482136],[-80.1908924689349,25.7638562678951],[-80.1909183323303,25.7638932909155],[-80.1909394032136,25.7639234558948],[-80.1909558495698,25.7639346987915],[-80.1909735742287,25.7639694290366],[-80.1909629067347,25.7640094437613],[-80.1909308009464,25.764034546702],[-80.1908912301581,25.7640363750767],[-80.1908882513447,25.7640507205363],[-80.1908656973428,25.7640631890789],[-80.1908556011773,25.764054581157],[-80.1908238636983,25.7640707679328],[-80.1907732023096,25.7640987719882],[-80.1906879854268,25.7640817600208],[-80.1906451339911,25.7640191770269],[-80.1906299362931,25.7639969816852],[-80.1906246416228,25.7639958288379],[-80.1905771890162,25.7639858908894],[-80.1905620200644,25.7640450517662],[-80.1905430512388,25.7641190192033],[-80.1905226208543,25.7641282015209],[-80.1904913567875,25.764121628276],[-80.1904835162917,25.7641522001316],[-80.1904638485769,25.7641613290517]],[[-80.1907274888415,25.7638009335746],[-80.1906884193131,25.7637927859644],[-80.1906589545718,25.7638075650865],[-80.1906261283347,25.7638007191851],[-80.1906200647065,25.7638245552496],[-80.1906661617553,25.7638348807306],[-80.1907274888415,25.7638009335746]]]},"properties":{"OBJECTID":123526,"UNIQUEID":"D1_MDC_Building_143","SOURCE":"P","YEARUPDATE":2015,"TYPE":"L","HEIGHT":null,"GlobalID":"9a8ce286-6f1c-4fc4-914b-7663fcf4e3ea","Shape__Area":4941.06640625,"Shape__Length":375.4839137059679}},{"type":"Feature","id":126157,"geometry":{"type":"Polygon","coordinates":[[[-80.1937657465409,25.7683990129925],[-80.1940684159096,25.7683920799855],[-80.194072508634,25.7684747073267],[-80.1938181165253,25.7686773668232],[-80.1937752363436,25.7686762221112],[-80.1937657465409,25.7683990129925]]]},"properties":{"OBJECTID":126157,"UNIQUEID":"D1_MDC_Building_95","SOURCE":"P","YEARUPDATE":2015,"TYPE":"L","HEIGHT":null,"GlobalID":"7caf5f16-bdb2-4756-bfae-02c2f24ba501","Shape__Area":814.185546875,"Shape__Length":120.79471906339815}},{"type":"Feature","id":132200,"geometry":{"type":"Polygon","coordinates":[[[-80.1930825562078,25.760729097671],[-80.1930940241007,25.7606796654451],[-80.1933151767472,25.7607217410892],[-80.1933037070577,25.7607711732976],[-80.1930825562078,25.760729097671]]]},"properties":{"OBJECTID":132200,"UNIQUEID":"D1_MDC_Building_83","SOURCE":"P","YEARUPDATE":2015,"TYPE":"L","HEIGHT":null,"GlobalID":"16d668b3-498f-41bf-a233-c5eec571f7ed","Shape__Area":157.056640625,"Shape__Length":62.80758503954847}},{"type":"Feature","id":134400,"geometry":{"type":"Polygon","coordinates":[[[-80.1970499890163,25.7661546763374],[-80.1970475941077,25.7660297592478],[-80.1968988528596,25.7660320948359],[-80.1968970499408,25.7659379528817],[-80.1971379529472,25.7659341716044],[-80.1971395636265,25.76601827304],[-80.1971113708996,25.766018714755],[-80.1971139544544,25.7661536739853],[-80.1970499890163,25.7661546763374]]]},"properties":{"OBJECTID":134400,"UNIQUEID":"D3_MDC_Building_8246","SOURCE":"P","YEARUPDATE":2015,"TYPE":"L","HEIGHT":null,"GlobalID":"544de5bf-975d-424b-897b-0aac310b3392","Shape__Area":418.244140625,"Shape__Length":107.80579934220921}},{"type":"Feature","id":134485,"geometry":{"type":"Polygon","coordinates":[[[-80.1894659891796,25.7645347687533],[-80.1894483040466,25.7645203570133],[-80.1894334261489,25.7645287731655],[-80.1894172295243,25.7645130249367],[-80.1893955801259,25.7645179793268],[-80.1893796997083,25.7645025668367],[-80.1893558027251,25.764509907813],[-80.1893363047919,25.7644929056128],[-80.1893094029441,25.7644988364814],[-80.1892922253592,25.7644830898667],[-80.1892663062683,25.7644902941212],[-80.1892499326757,25.764475701966],[-80.1892281116991,25.7644822937986],[-80.1892176732755,25.7644688860366],[-80.189196194557,25.7644744479968],[-80.1891708467947,25.7644533254908],[-80.1891598002116,25.7644222416077],[-80.189175460542,25.7644063687768],[-80.1891683845125,25.7643941729076],[-80.1891831294595,25.7643774724527],[-80.1891770828994,25.7643545401669],[-80.1891932885071,25.7643396195356],[-80.1891863130889,25.7643179290782],[-80.189203496962,25.7642978720152],[-80.189197405486,25.7642743224366],[-80.1892141941004,25.7642570985328],[-80.189208534714,25.7642360496084],[-80.1892255973146,25.7642207891763],[-80.1892197295191,25.7641980316073],[-80.1892306314734,25.7641916509117],[-80.1892236461738,25.7641717701925],[-80.189245865104,25.7641486534117],[-80.189282511876,25.7641370319164],[-80.189298903435,25.7641499615882],[-80.1893117987509,25.7641424288532],[-80.1893322111691,25.7641580258454],[-80.1893491794465,25.7641522494815],[-80.1893683647661,25.7641693860269],[-80.1893937637324,25.7641617238508],[-80.1894132365128,25.7641771954432],[-80.1894420445857,25.7641699167404],[-80.189460360336,25.7641862653033],[-80.18947948996,25.7641802268201],[-80.1894989573505,25.7641967339484],[-80.1895251818686,25.7641905902939],[-80.1895341677164,25.7642025831214],[-80.1895520379023,25.7641963011258],[-80.1895808962808,25.7642217931628],[-80.1895898237381,25.7642499921548],[-80.1895797024198,25.7642614607354],[-80.1895741005257,25.7642655017594],[-80.1895810462995,25.7642778966592],[-80.1895654802922,25.7642931392857],[-80.1895723568957,25.7643152366814],[-80.1895540680949,25.7643343666122],[-80.1895631976731,25.7643528566104],[-80.1895476496322,25.764369257734],[-80.1895534015449,25.7643952351416],[-80.1895364961496,25.7644112446971],[-80.1895437509438,25.7644340984977],[-80.1895268455485,25.764450108048],[-80.1895326226141,25.7644725071761],[-80.1895197246032,25.7644804880831],[-80.1895255115503,25.7645010968615],[-80.1895016397199,25.7645237823703],[-80.1894659891796,25.7645347687533]],[[-80.1894652310015,25.7644198574471],[-80.189490154759,25.764326481159],[-80.189465417851,25.764418895531],[-80.1894153727066,25.7644474949374],[-80.1894652310015,25.7644198574471]]]},"properties":{"OBJECTID":134485,"UNIQUEID":"D1_MDC_Building_1","SOURCE":"P","YEARUPDATE":2015,"TYPE":"L","HEIGHT":null,"GlobalID":"9e2b685d-b713-4ae1-b000-d7936d3f53ad","Shape__Area":1664.029296875,"Shape__Length":215.3064383677587}},{"type":"Feature","id":137773,"geometry":{"type":"Polygon","coordinates":[[[-80.1981722075883,25.7673591075685],[-80.1982785618298,25.7673559743397],[-80.1982906675265,25.7676928360107],[-80.1981843069969,25.7676959684217],[-80.1981722075883,25.7673591075685]]]},"properties":{"OBJECTID":137773,"UNIQUEID":"D3_MDC_Building_28818","SOURCE":"P","YEARUPDATE":2015,"TYPE":"L","HEIGHT":null,"GlobalID":"78c7786e-86bc-4973-8982-1d73eba8625a","Shape__Area":493.521484375,"Shape__Length":107.01484159078313}},{"type":"Feature","id":141367,"geometry":{"type":"Polygon","coordinates":[[[-80.1925071493357,25.7641643628561],[-80.1925737315662,25.7639152128292],[-80.1925741169435,25.7639152977759],[-80.1925757114531,25.7639156472709],[-80.1925760357449,25.7639157184643],[-80.192604998328,25.7639220700502],[-80.1926358797125,25.7639288423241],[-80.1926362650898,25.7639289272708],[-80.1925696801643,25.7641780578525],[-80.1925690306823,25.764177916275],[-80.1925685249308,25.764177804631],[-80.192557587044,25.7641754083304],[-80.1925560787726,25.7641750790615],[-80.1925404885108,25.7641716642116],[-80.1925384169958,25.7641712103545],[-80.192512808722,25.7641656030753],[-80.1925109608874,25.764165198568],[-80.1925108593778,25.7641651759156],[-80.1925083054674,25.7641646168866],[-80.1925076209512,25.7641644664099],[-80.1925071493357,25.7641643628561]]]},"properties":{"OBJECTID":141367,"UNIQUEID":"D1_MDC_Building_142","SOURCE":"P","YEARUPDATE":2015,"TYPE":"L","HEIGHT":null,"GlobalID":"29562a82-a204-489a-8bdf-c8c317585a94","Shape__Area":226.927734375,"Shape__Length":77.6782769916033}},{"type":"Feature","id":147023,"geometry":{"type":"Polygon","coordinates":[[[-80.1894244376061,25.7690408580278],[-80.1894091689412,25.768601994594],[-80.1893809816042,25.7686027979154],[-80.1893739244394,25.7683999522248],[-80.1895429909691,25.7683951298614],[-80.1895481625702,25.7685437994891],[-80.1898065306223,25.7685034861596],[-80.1898220957312,25.7689759712417],[-80.1896937219856,25.7689969190119],[-80.1894532986796,25.7690361489478],[-80.1894244376061,25.7690408580278]]]},"properties":{"OBJECTID":147023,"UNIQUEID":"D1_MDC_Building_17","SOURCE":"P","YEARUPDATE":2015,"TYPE":"L","HEIGHT":null,"GlobalID":"23c1b50d-1ac9-4443-a6fa-8f53095de9c6","Shape__Area":2994.537109375,"Shape__Length":252.32562758206234}},{"type":"Feature","id":147148,"geometry":{"type":"Polygon","coordinates":[[[-80.1926112685687,25.759776187974],[-80.1927047328841,25.7594192435237],[-80.1927801644185,25.7594366445016],[-80.1929884900211,25.7594847002481],[-80.1929582176944,25.7595909134273],[-80.1929360508664,25.7596686877697],[-80.1928992468892,25.7597978145377],[-80.1928865222532,25.7598424608269],[-80.1926112685687,25.759776187974]]]},"properties":{"OBJECTID":147148,"UNIQUEID":"D1_MDC_Building_31","SOURCE":"P","YEARUPDATE":2015,"TYPE":"L","HEIGHT":null,"GlobalID":"f052d82f-85f4-4edf-a73e-3d15fa62aec6","Shape__Area":1462.8671875,"Shape__Length":155.30765408397616}},{"type":"Feature","id":151842,"geometry":{"type":"Polygon","coordinates":[[[-80.1988405838041,25.7675643415623],[-80.1988405604479,25.767550977025],[-80.1988233729816,25.7675510012947],[-80.1988233208793,25.767521820162],[-80.1987846484063,25.7675218767915],[-80.1987845882191,25.7674872600355],[-80.1988208828516,25.7674872066421],[-80.1988208029015,25.7674412728853],[-80.1989465032609,25.7674410916711],[-80.1989465347019,25.7674590262169],[-80.1989779209396,25.7674589817223],[-80.1989781068909,25.7675641417415],[-80.1988405838041,25.7675643415623]]]},"properties":{"OBJECTID":151842,"UNIQUEID":"D3_Small_Building_8419","SOURCE":"L","YEARUPDATE":2015,"TYPE":"S","HEIGHT":null,"GlobalID":"c1da62cd-2eb4-4dde-a169-14fddd033040","Shape__Area":271.076171875,"Shape__Length":73.48629378370148}},{"type":"Feature","id":168356,"geometry":{"type":"Polygon","coordinates":[[[-80.19778159495,25.7605749588613],[-80.1979414160188,25.7604746630693],[-80.1979957083979,25.7605456061155],[-80.197835890024,25.7606459026566],[-80.19778159495,25.7605749588613]]]},"properties":{"OBJECTID":168356,"UNIQUEID":"D1_MDC_Building_117","SOURCE":"P","YEARUPDATE":2015,"TYPE":"L","HEIGHT":null,"GlobalID":"ddda922c-7d3d-4c48-a498-322863bdea99","Shape__Area":230.935546875,"Shape__Length":64.66841880698448}},{"type":"Feature","id":177133,"geometry":{"type":"Polygon","coordinates":[[[-80.1919902245852,25.7636466749733],[-80.1916529161792,25.763576736154],[-80.191678555894,25.7634753329236],[-80.192069235906,25.7635563318969],[-80.1920529746027,25.7636206472427],[-80.1920253020004,25.7636149096856],[-80.1920192787964,25.763638729607],[-80.1919935815894,25.7636334006049],[-80.1919902245852,25.7636466749733]]]},"properties":{"OBJECTID":177133,"UNIQUEID":"D1_MDC_Building_105","SOURCE":"P","YEARUPDATE":2015,"TYPE":"L","HEIGHT":null,"GlobalID":"99d295f0-7650-4989-aee9-aacaf34ff0b2","Shape__Area":553.90234375,"Shape__Length":114.9664687381219}},{"type":"Feature","id":179454,"geometry":{"type":"Polygon","coordinates":[[[-80.1916031324444,25.7686511339049],[-80.191127615537,25.7685497924472],[-80.1911322750984,25.7685318669651],[-80.1908289364848,25.7684672185513],[-80.1908246955383,25.7684835285],[-80.1904892807809,25.7684120433233],[-80.1904085240335,25.7683963214973],[-80.1904059494619,25.7683958199262],[-80.1904063321442,25.7683943451453],[-80.1904110977068,25.7683760119109],[-80.1903306499798,25.7683588662649],[-80.1904022888271,25.7680832711446],[-80.1905305260289,25.7681106019846],[-80.1905339755596,25.7680973313514],[-80.1909066578249,25.7681767601627],[-80.1909023935222,25.7681931648028],[-80.1912053162158,25.7682577251864],[-80.1912093352784,25.7682422614066],[-80.1916848180499,25.768343597464],[-80.1916806992743,25.7683594406449],[-80.1917024798266,25.7683640834149],[-80.1916307646226,25.7686399844881],[-80.1916073284751,25.7686349890119],[-80.1916031324444,25.7686511339049]],[[-80.1910405535146,25.768294567239],[-80.1910227354309,25.7682940502967],[-80.1910050556878,25.7682961237287],[-80.1909879706295,25.7683007341417],[-80.1909719222269,25.7683077642325],[-80.1909573237052,25.7683170295516],[-80.1909445523568,25.7683282930658],[-80.1909339387618,25.7683412627304],[-80.1909252367816,25.7683567459129],[-80.1909196115313,25.7683733552016],[-80.1909172300975,25.7683905922608],[-80.1909181634471,25.7684079450025],[-80.1909223855289,25.76842489244],[-80.1909297669856,25.7684409265305],[-80.1909400886282,25.7684555707823],[-80.1909530432329,25.7684683851079],[-80.1909682418292,25.7684789876669],[-80.1909852307679,25.7684870613377],[-80.1910035007041,25.7684923626165],[-80.1910225063606,25.7684947361784],[-80.191041680002,25.7684941092151],[-80.1910604485032,25.768490499524],[-80.1910782486206,25.768484018745],[-80.1910945494497,25.7684748561799],[-80.1911088641038,25.7684632885013],[-80.191120763188,25.768449660336],[-80.1911298909696,25.7684343810299],[-80.1911359761574,25.7684179044234],[-80.1911388363932,25.7684007264241],[-80.1911383845407,25.7683833583106],[-80.1911346349726,25.7683663210698],[-80.191127700877,25.768350122745],[-80.1911177879678,25.7683352495371],[-80.1911051935875,25.7683221431532],[-80.1910902932319,25.768311198379],[-80.1910747757337,25.768303253325],[-80.1910580508997,25.7682976616117],[-80.1910405535146,25.768294567239]]]},"properties":{"OBJECTID":179454,"UNIQUEID":"D1_MDC_Building_14","SOURCE":"P","YEARUPDATE":2015,"TYPE":"L","HEIGHT":null,"GlobalID":"8f3d185e-550b-4a5e-8878-b1cb4b792604","Shape__Area":5130.57421875,"Shape__Length":462.0700091609374}},{"type":"Feature","id":195204,"geometry":{"type":"Polygon","coordinates":[[[-80.1975081046583,25.7648603891508],[-80.1977487929673,25.7648538337446],[-80.1977565319535,25.7650867603791],[-80.1975158616108,25.7650933190084],[-80.19749466676,25.7650938950222],[-80.1974869295704,25.7648609659747],[-80.1975081046583,25.7648603891508]]]},"properties":{"OBJECTID":195204,"UNIQUEID":"D3_MDC_Building_1881","SOURCE":"P","YEARUPDATE":2015,"TYPE":"L","HEIGHT":null,"GlobalID":"e09d7acf-5923-4a86-ba22-bf506fccb939","Shape__Area":840.05859375,"Shape__Length":115.93713101648841}},{"type":"Feature","id":196653,"geometry":{"type":"Polygon","coordinates":[[[-80.1964409159822,25.7691249880035],[-80.196660678935,25.7691183762042],[-80.1966633478297,25.7691968198033],[-80.1964435884702,25.7692034016659],[-80.196442251777,25.7691641952457],[-80.1964409159822,25.7691249880035]]]},"properties":{"OBJECTID":196653,"UNIQUEID":"D3_MDC_Building_1682","SOURCE":"P","YEARUPDATE":2015,"TYPE":"L","HEIGHT":null,"GlobalID":"dd088717-0181-4b2c-830d-54a63c7a80f3","Shape__Area":237.4140625,"Shape__Length":68.35318892677351}},{"type":"Feature","id":196843,"geometry":{"type":"Polygon","coordinates":[[[-80.1979030013623,25.7635511509414],[-80.1979022611505,25.7635243724205],[-80.1979783538449,25.7635226508283],[-80.1979790931584,25.7635494285406],[-80.1979906095603,25.7635491680366],[-80.19799369707,25.7636608028541],[-80.1978992859303,25.7636629443245],[-80.1978962029122,25.7635513038459],[-80.1979030013623,25.7635511509414]]]},"properties":{"OBJECTID":196843,"UNIQUEID":"D3_MDC_Building_18304","SOURCE":"P","YEARUPDATE":2015,"TYPE":"L","HEIGHT":null,"GlobalID":"e9e4c301-f4e3-490a-9d17-27f6293ef13a","Shape__Area":173.169921875,"Shape__Length":55.25464109717955}},{"type":"Feature","id":205366,"geometry":{"type":"Polygon","coordinates":[[[-80.1969180489589,25.7670595121087],[-80.1969139050305,25.76695711598],[-80.1967718122138,25.7669617749847],[-80.1967678317788,25.7668624990697],[-80.1969098868662,25.7668578254991],[-80.1969076105353,25.7668016018725],[-80.1970521368881,25.7667983497065],[-80.1970603304218,25.7670548514898],[-80.1969180489589,25.7670595121087]]]},"properties":{"OBJECTID":205366,"UNIQUEID":"D3_MDC_Building_8127","SOURCE":"P","YEARUPDATE":2015,"TYPE":"L","HEIGHT":null,"GlobalID":"c70a13c3-de46-4f76-add8-c5abe7010e07","Shape__Area":702.396484375,"Shape__Length":127.2138597043323}},{"type":"Feature","id":207558,"geometry":{"type":"Polygon","coordinates":[[[-80.1981633097754,25.7608370192326],[-80.1979104232431,25.7606909822714],[-80.1981788515281,25.7605045336179],[-80.1982404768549,25.7605772759488],[-80.1980656575141,25.7606987166759],[-80.1981134254294,25.7607550920559],[-80.198291173278,25.7606316029008],[-80.1983533429839,25.760705006138],[-80.1981633097754,25.7608370192326]]]},"properties":{"OBJECTID":207558,"UNIQUEID":"D1_MDC_Building_64","SOURCE":"P","YEARUPDATE":2015,"TYPE":"L","HEIGHT":null,"GlobalID":"15bb0409-533c-46bc-8d60-9baafbd3cd74","Shape__Area":797.45703125,"Shape__Length":178.9465045278568}},{"type":"Feature","id":211276,"geometry":{"type":"Polygon","coordinates":[[[-80.1931786265358,25.7604973444933],[-80.1930281515392,25.7604661422636],[-80.1930215956342,25.7604920784552],[-80.1927408074292,25.7604338664298],[-80.1927581278462,25.7603653957443],[-80.1930388989832,25.7604236215569],[-80.1930736943275,25.7604308373843],[-80.1931893838613,25.7604548294611],[-80.1931786265358,25.7604973444933]]]},"properties":{"OBJECTID":211276,"UNIQUEID":"D1_MDC_Building_239","SOURCE":"P","YEARUPDATE":2015,"TYPE":"L","HEIGHT":null,"GlobalID":"5456a6a5-631d-40e1-80dc-efe2695bfb1e","Shape__Area":371.0234375,"Shape__Length":115.88475615172922}},{"type":"Feature","id":220300,"geometry":{"type":"Polygon","coordinates":[[[-80.1987394326048,25.765560885162],[-80.1987376332793,25.7655057870566],[-80.1987099660668,25.7655065272965],[-80.1987071453568,25.7654200405488],[-80.1988119140718,25.7654172389612],[-80.1988193233763,25.7656443752548],[-80.1987182979411,25.7656470765205],[-80.1987155068755,25.7655615250849],[-80.1987394326048,25.765560885162]]]},"properties":{"OBJECTID":220300,"UNIQUEID":"D3_MDC_Building_22532","SOURCE":"P","YEARUPDATE":2015,"TYPE":"L","HEIGHT":null,"GlobalID":"209ef813-7cec-429f-b52e-d21a5fb2c7d1","Shape__Area":302.326171875,"Shape__Length":84.84106020623915}},{"type":"Feature","id":224879,"geometry":{"type":"Polygon","coordinates":[[[-80.1978647304362,25.7637711026882],[-80.1978637710355,25.7637484235077],[-80.1979212254844,25.7637464341341],[-80.1979219252721,25.7637629898638],[-80.1980028086819,25.7637601890461],[-80.1980046879575,25.7638046324001],[-80.1980065672331,25.7638490765464],[-80.1978682275776,25.7638538691609],[-80.1978663492004,25.7638094242073],[-80.1978647304362,25.7637711026882]]]},"properties":{"OBJECTID":224879,"UNIQUEID":"D3_MDC_Building_6011","SOURCE":"P","YEARUPDATE":2015,"TYPE":"L","HEIGHT":null,"GlobalID":"728c35e8-1e77-4be9-be11-cf425bc645b5","Shape__Area":182.55859375,"Shape__Length":56.90855234746491}},{"type":"Feature","id":226795,"geometry":{"type":"MultiPolygon","coordinates":[[[[-80.1893298234471,25.7629335663267],[-80.1893311448689,25.7629233758741],[-80.1893798362522,25.7629315858387],[-80.1891363398096,25.7628810979455],[-80.1891361565533,25.7628817637716],[-80.1891768116081,25.7628907738629],[-80.1891745739048,25.7628993292827],[-80.1890100276975,25.7628640251269],[-80.1890122923504,25.762855376667],[-80.1889778464508,25.7628482337991],[-80.1889792442294,25.7628399429264],[-80.1889386583449,25.7628312345969],[-80.1889368015271,25.7628398199548],[-80.1888631297924,25.7628218709577],[-80.1888604339482,25.7628284127227],[-80.1887621052555,25.7628115890758],[-80.188776181856,25.7627569338486],[-80.1887756150191,25.7627568124949],[-80.1887875976467,25.762711019296],[-80.1887995793759,25.7626652276974],[-80.18879979048,25.7626652713848],[-80.1888138886401,25.7626105359967],[-80.1889126098966,25.7626315326227],[-80.1889102554122,25.7626405500143],[-80.1888637693929,25.762630765667],[-80.1889841005218,25.7626563761578],[-80.1889825724875,25.7626626671342],[-80.1889853401969,25.7626515600333],[-80.1890244178101,25.762659943957],[-80.189022545721,25.7626671005896],[-80.1890965660021,25.7626832543846],[-80.1891827961846,25.7627008749387],[-80.1891824997405,25.762702008382],[-80.1894261515917,25.7627551823114],[-80.1893779264339,25.7627434134373],[-80.1893814074057,25.762730108225],[-80.1894782350135,25.7627508823483],[-80.1894249532391,25.7629545070731],[-80.1893298234471,25.7629335663267]]],[[[-80.1894155793191,25.7627986697755],[-80.1894254742619,25.7627605841651],[-80.1894154346903,25.7627986366055],[-80.1894155793191,25.7627986697755]]],[[[-80.1894295867493,25.7628952744588],[-80.1893973578918,25.7628883597378],[-80.1894228206386,25.7628938983104],[-80.1894295867493,25.7628952744588]]],[[[-80.1890602354371,25.762674492648],[-80.189063540339,25.7626618694358],[-80.1892276724229,25.762697085468],[-80.1892243693176,25.7627097111035],[-80.1890602354371,25.762674492648]]]]},"properties":{"OBJECTID":226795,"UNIQUEID":"D1_MDC_Building_42","SOURCE":"P","YEARUPDATE":2015,"TYPE":"L","HEIGHT":null,"GlobalID":"16bb724e-5507-475f-9d3b-656141118089","Shape__Area":1842.4140625,"Shape__Length":315.5530754729272}},{"type":"Feature","id":229013,"geometry":{"type":"Polygon","coordinates":[[[-80.1968299960948,25.7691369042883],[-80.1968915396749,25.7690953056896],[-80.1969038510858,25.7691102394758],[-80.1969161633951,25.769125174069],[-80.1968546189167,25.7691667734662],[-80.1968299960948,25.7691369042883]]]},"properties":{"OBJECTID":229013,"UNIQUEID":"D3_Small_Building_8392","SOURCE":"L","YEARUPDATE":2015,"TYPE":"S","HEIGHT":null,"GlobalID":"9d7bc126-78c9-4ca7-a670-50e9027c353a","Shape__Area":39.390625,"Shape__Length":26.329070721183722}},{"type":"Feature","id":235158,"geometry":{"type":"Polygon","coordinates":[[[-80.1987777771927,25.7599826979937],[-80.198926858004,25.7598838417992],[-80.1989776388687,25.7599466397514],[-80.1988285589557,25.7600454967027],[-80.1987777771927,25.7599826979937]]]},"properties":{"OBJECTID":235158,"UNIQUEID":"D3_Small_Building_19432","SOURCE":"L","YEARUPDATE":2015,"TYPE":"S","HEIGHT":null,"GlobalID":"d6a9cd89-1cd8-436e-8965-afb0429fe39f","Shape__Area":197.888671875,"Shape__Length":60.421944734053156}},{"type":"Feature","id":248292,"geometry":{"type":"Polygon","coordinates":[[[-80.1969092957748,25.7618039206905],[-80.1969069367988,25.7617013533679],[-80.1969375091629,25.7617013210066],[-80.1970279156131,25.7616070178567],[-80.1971102884297,25.761679805627],[-80.197017316391,25.7617717770923],[-80.1969527688446,25.7617148059391],[-80.1970173406455,25.7617719081553],[-80.1970206518357,25.7618030064859],[-80.1969092957748,25.7618039206905]]]},"properties":{"OBJECTID":248292,"UNIQUEID":"D1_MDC_Building_101","SOURCE":"P","YEARUPDATE":2015,"TYPE":"L","HEIGHT":null,"GlobalID":"3a9796fa-6229-452e-8709-3aec96d44eb0","Shape__Area":309.755859375,"Shape__Length":96.09641008609765}},{"type":"Feature","id":250424,"geometry":{"type":"Polygon","coordinates":[[[-80.1921810995151,25.7623602460261],[-80.1922085690982,25.7622543476089],[-80.1924678713982,25.7623065250175],[-80.1921055080806,25.7622324464233],[-80.1920890581311,25.7622289465696],[-80.1920867323928,25.762237911405],[-80.1920550928302,25.7622311819131],[-80.1920674392754,25.7621835811429],[-80.1921143268417,25.7621935524124],[-80.1921057137947,25.7622316309234],[-80.1921772906583,25.7619472355162],[-80.1921263597749,25.7619378831337],[-80.1921368817419,25.7619009687225],[-80.1921865352209,25.7619100864893],[-80.1921856890079,25.7619138670858],[-80.1921937747438,25.761881739698],[-80.192302695472,25.7619049070801],[-80.1923373407975,25.7617713369796],[-80.1930225325771,25.7617307786407],[-80.1930383042986,25.7617383139559],[-80.1930335764652,25.7617573383189],[-80.1928432243548,25.7625231199957],[-80.1925219041642,25.7624547751051],[-80.1924155005154,25.7624321425966],[-80.1924209182549,25.762411255963],[-80.1921810995151,25.7623602460261]]]},"properties":{"OBJECTID":250424,"UNIQUEID":"D1_MDC_Building_409","SOURCE":"P","YEARUPDATE":2015,"TYPE":"L","HEIGHT":null,"GlobalID":"e9f234b2-a472-4d90-8d2b-957fca957127","Shape__Area":7260.310546875,"Shape__Length":450.2148241530248}},{"type":"Feature","id":251733,"geometry":{"type":"Polygon","coordinates":[[[-80.1991543213153,25.7699245235682],[-80.1989864486466,25.7697630091266],[-80.198978001788,25.7697701200283],[-80.1989151574474,25.7697098197298],[-80.1990171009607,25.7696115136503],[-80.1990493612592,25.7695897691457],[-80.1991164959536,25.7695874635598],[-80.1991079727382,25.769283463168],[-80.1990408649932,25.7692266493261],[-80.1988060947853,25.7692340668634],[-80.1987182665,25.7693101764804],[-80.1986794655679,25.7692750627236],[-80.1986363994349,25.769212634556],[-80.1988390791259,25.7692054580934],[-80.1990471073861,25.7691980931381],[-80.1991368957954,25.7692741121725],[-80.1991502762016,25.7696151880254],[-80.1991539467178,25.7697087494537],[-80.1991622004387,25.769919136602],[-80.1991543213153,25.7699245235682]]]},"properties":{"OBJECTID":251733,"UNIQUEID":"D3_MDC_Building_49","SOURCE":"P","YEARUPDATE":2015,"TYPE":"L","HEIGHT":null,"GlobalID":"e3135a55-4a73-4ff2-9368-77763ca691bf","Shape__Area":1041.19921875,"Shape__Length":310.5766960752577}},{"type":"Feature","id":264201,"geometry":{"type":"Polygon","coordinates":[[[-80.1967611438214,25.7703273844594],[-80.1969271111634,25.7703229658516],[-80.196932805584,25.7704983129415],[-80.1967668373437,25.7705027339697],[-80.1967611438214,25.7703273844594]]]},"properties":{"OBJECTID":264201,"UNIQUEID":"D3_MDC_Building_17051","SOURCE":"P","YEARUPDATE":2015,"TYPE":"L","HEIGHT":null,"GlobalID":"403c55d9-85b9-4df4-9e0e-38843f020cf8","Shape__Area":400.80859375,"Shape__Length":80.33648451922548}},{"type":"Feature","id":264927,"geometry":{"type":"Polygon","coordinates":[[[-80.1978090914825,25.7648238073424],[-80.1980050670465,25.7648199928602],[-80.1980146089515,25.7652219795512],[-80.1978186342857,25.7652257948295],[-80.1978090914825,25.7648238073424]]]},"properties":{"OBJECTID":264927,"UNIQUEID":"D3_MDC_Building_27866","SOURCE":"P","YEARUPDATE":2015,"TYPE":"L","HEIGHT":null,"GlobalID":"b15fed13-2fda-416b-b402-a59e04ccac04","Shape__Area":1084.505859375,"Shape__Length":143.04229759645023}},{"type":"Feature","id":269507,"geometry":{"type":"Polygon","coordinates":[[[-80.189402643579,25.7595035486001],[-80.189564496637,25.7594344908192],[-80.1895764900443,25.7594564515814],[-80.1896284557869,25.7594303865251],[-80.1896172088795,25.7594120001273],[-80.1897011663243,25.7593761763354],[-80.1896814608802,25.7593385968998],[-80.1898550010201,25.7592604234806],[-80.1901181031938,25.7591419076116],[-80.190142726914,25.7591904553789],[-80.1898746274124,25.7593074623256],[-80.1899028695466,25.7593752273231],[-80.1901536153936,25.7592229087322],[-80.1901870228407,25.7592668295217],[-80.1899300166345,25.7594219797201],[-80.1899236574606,25.7594251058769],[-80.1897671610567,25.7595020340655],[-80.189694213364,25.7595378934175],[-80.1896364642677,25.7595662804117],[-80.1894874265755,25.7596646732877],[-80.189402643579,25.7595035486001]]]},"properties":{"OBJECTID":269507,"UNIQUEID":"D1_MDC_Building_55","SOURCE":"P","YEARUPDATE":2015,"TYPE":"L","HEIGHT":null,"GlobalID":"88245d0f-7521-423e-a6e4-4eb9cb2fb0f5","Shape__Area":1570.671875,"Shape__Length":305.2416416969642}},{"type":"Feature","id":273683,"geometry":{"type":"Polygon","coordinates":[[[-80.1986896246155,25.7646487350232],[-80.1986819152738,25.764448625128],[-80.1987795369923,25.7644455411721],[-80.1987838740585,25.7645580529244],[-80.1988909191044,25.764554672873],[-80.1988942922783,25.7646422685966],[-80.1986896246155,25.7646487350232]]]},"properties":{"OBJECTID":273683,"UNIQUEID":"D3_MDC_Building_9124","SOURCE":"P","YEARUPDATE":2015,"TYPE":"L","HEIGHT":null,"GlobalID":"8b49d6b7-ab62-48a2-bd1e-4d5e09ba4c07","Shape__Area":398.314453125,"Shape__Length":95.09459278092909}},{"type":"Feature","id":296177,"geometry":{"type":"Polygon","coordinates":[[[-80.1917502288772,25.7610006145248],[-80.1917223990697,25.7609947142248],[-80.1917167244121,25.7610147475747],[-80.1914789520345,25.7609250367801],[-80.1914573619249,25.7609168913997],[-80.1914294602522,25.7609106399736],[-80.1911955551219,25.7608582427026],[-80.1910328711222,25.7608217988154],[-80.1907181391759,25.7607512928147],[-80.1908084836424,25.7604205941293],[-80.1908526403301,25.7602589615806],[-80.1911658559203,25.7603197407779],[-80.191327970388,25.7603511978938],[-80.1915515790285,25.7603945883446],[-80.191616571241,25.7604072004713],[-80.191791282784,25.7604411016735],[-80.1918666101138,25.7604557177867],[-80.1918933349935,25.7604609037315],[-80.1918962410435,25.7604486249349],[-80.1919450267499,25.7604580923184],[-80.1917935465385,25.7610396933867],[-80.1917426668591,25.761028294881],[-80.1917502288772,25.7610006145248]],[[-80.191803329192,25.7606921553767],[-80.191865792647,25.760458694244],[-80.1918224336631,25.7606166097972],[-80.191803329192,25.7606921553767]]]},"properties":{"OBJECTID":296177,"UNIQUEID":"D1_MDC_Building_225","SOURCE":"P","YEARUPDATE":2015,"TYPE":"L","HEIGHT":null,"GlobalID":"3379dc51-f814-47f7-9b67-579287eca7a0","Shape__Area":8157.095703125,"Shape__Length":452.68823346738964}},{"type":"Feature","id":296707,"geometry":{"type":"Polygon","coordinates":[[[-80.19487243414,25.7637384329523],[-80.1948715492994,25.7637038272283],[-80.1948612734709,25.763704043236],[-80.1948604434276,25.7636716145691],[-80.1948659968126,25.7636714988795],[-80.1948650383102,25.7636340186947],[-80.194859310652,25.7636341384294],[-80.1948581392488,25.7635883455689],[-80.1948950671935,25.7635875713382],[-80.1949319960366,25.7635867979166],[-80.1949331674397,25.7636325729793],[-80.1949338106334,25.7636576743817],[-80.1949349559854,25.763702479405],[-80.1949358426226,25.7637371037368],[-80.1948988814403,25.7637378779664],[-80.19487243414,25.7637384329523]]]},"properties":{"OBJECTID":296707,"UNIQUEID":"D3_MDC_Building_22747","SOURCE":"P","YEARUPDATE":2015,"TYPE":"L","HEIGHT":null,"GlobalID":"006c42f6-6ad8-4b06-a300-aba724742f03","Shape__Area":144.814453125,"Shape__Length":54.85244893508974}},{"type":"Feature","id":299698,"geometry":{"type":"Polygon","coordinates":[[[-80.1971091736204,25.7684048838011],[-80.1970984207865,25.7683878255297],[-80.1970302467412,25.7683878967205],[-80.196993895515,25.7683572782256],[-80.1968892220214,25.7683486487725],[-80.1967679234069,25.76831442947],[-80.1967036705079,25.7683185472097],[-80.1965807863669,25.7682981858348],[-80.1965863990408,25.768271816114],[-80.196585561811,25.7682494484442],[-80.1965794568603,25.7682344012916],[-80.1965798593055,25.7682325673186],[-80.1965787957002,25.7682267110633],[-80.1965788540907,25.7682201809217],[-80.1965801377833,25.76821375433],[-80.1965826144385,25.7682076214002],[-80.1965835962971,25.7682062307517],[-80.1965818445823,25.7681411728129],[-80.1965727185974,25.7681021966032],[-80.1967300450446,25.7680699592499],[-80.1970824676053,25.7681161896618],[-80.1972344427885,25.7680696130031],[-80.1972895508379,25.7680296554673],[-80.1973423789631,25.7680362106981],[-80.1973402652273,25.7681301414604],[-80.1973569846713,25.7681418636881],[-80.1973464923488,25.7682326190938],[-80.1973627545504,25.7683123358136],[-80.1973493040757,25.7683288132438],[-80.1973634848808,25.7684241805327],[-80.1971091736204,25.7684048838011]]]},"properties":{"OBJECTID":299698,"UNIQUEID":"D3_MDC_Building_46","SOURCE":"P","YEARUPDATE":2015,"TYPE":"L","HEIGHT":null,"GlobalID":"d7af1919-123c-4bd5-9f4b-bffda1274d77","Shape__Area":2960.8515625,"Shape__Length":254.49934117076563}},{"type":"Feature","id":305595,"geometry":{"type":"Polygon","coordinates":[[[-80.1946610767233,25.7682264610864],[-80.1946556068815,25.7681334906684],[-80.1946560704122,25.7681500878535],[-80.1946230797834,25.7681501323479],[-80.1946195916251,25.7680311132639],[-80.1945586445264,25.7680330014422],[-80.1945591206335,25.7679147103309],[-80.1946490958923,25.7679117130269],[-80.19464614313,25.7678229709508],[-80.1948516309546,25.7681012743573],[-80.194860800957,25.7681342567795],[-80.1948491462145,25.7681674090799],[-80.1948077410665,25.7681926324894],[-80.1947564517553,25.7682106203147],[-80.1946610767233,25.7682264610864]]]},"properties":{"OBJECTID":305595,"UNIQUEID":"D3_MDC_Building_27642","SOURCE":"P","YEARUPDATE":2015,"TYPE":"L","HEIGHT":null,"GlobalID":"983e5d2d-17e3-41b4-a020-ea5b84f51b2f","Shape__Area":862.359375,"Shape__Length":146.66013060816812}},{"type":"Feature","id":310128,"geometry":{"type":"Polygon","coordinates":[[[-80.1988086172547,25.7676614148178],[-80.1988098012342,25.7675838366335],[-80.1989939298164,25.7675861463033],[-80.198993715119,25.7676001272878],[-80.1990112196906,25.7676003481424],[-80.1990106807015,25.767635702665],[-80.1989918106906,25.7676354672486],[-80.1989913821942,25.7676637058793],[-80.1988086172547,25.7676614148178]]]},"properties":{"OBJECTID":310128,"UNIQUEID":"D3_MDC_Building_21009","SOURCE":"P","YEARUPDATE":2015,"TYPE":"L","HEIGHT":null,"GlobalID":"e1047bf9-4f74-43fc-a8d5-716d5f61a1bf","Shape__Area":204.580078125,"Shape__Length":64.07626067264712}},{"type":"Feature","id":310734,"geometry":{"type":"Polygon","coordinates":[[[-80.1936438083259,25.7637435354249],[-80.1936429091123,25.7637128930795],[-80.1936268041159,25.7637132805989],[-80.1936253039294,25.7636621611951],[-80.1936414071291,25.7636617728665],[-80.1936407630371,25.7636397991289],[-80.1936470674137,25.7636373024991],[-80.1936466191544,25.7636219311546],[-80.1936465392044,25.7636193641399],[-80.1936870307658,25.7636183892729],[-80.1937275088525,25.763617415215],[-80.1937280496383,25.7636353487205],[-80.1937386596401,25.7636350930707],[-80.1937417749975,25.7637411763303],[-80.1936438083259,25.7637435354249]]]},"properties":{"OBJECTID":310734,"UNIQUEID":"D1_MDC_Building_339","SOURCE":"P","YEARUPDATE":2015,"TYPE":"L","HEIGHT":null,"GlobalID":"0ed32615-c450-4a5d-b384-d4d617f2bafd","Shape__Area":174.328125,"Shape__Length":55.84073231400697}},{"type":"Feature","id":317494,"geometry":{"type":"Polygon","coordinates":[[[-80.192906836755,25.7599814528765],[-80.1929191167249,25.7599474811564],[-80.1929628547978,25.7599565642843],[-80.1929577020613,25.7599775532893],[-80.1929647906672,25.7599792805961],[-80.1929891835204,25.7600755396852],[-80.1929859136528,25.7600909074437],[-80.1929322114668,25.7600815840405],[-80.192906836755,25.7599814528765]]]},"properties":{"OBJECTID":317494,"UNIQUEID":"D1_Small_Building_399","SOURCE":"L","YEARUPDATE":2015,"TYPE":"S","HEIGHT":null,"GlobalID":"d28ad7b2-0ac1-4735-8d94-2d5c127470d1","Shape__Area":103.927734375,"Shape__Length":45.80780522224444}},{"type":"Feature","id":320243,"geometry":{"type":"Polygon","coordinates":[[[-80.1960358332812,25.7610683494307],[-80.1960244444401,25.7607005111224],[-80.1960609645496,25.7606391973455],[-80.1960796566941,25.7606478508212],[-80.1961928587929,25.7606449795436],[-80.1962051046269,25.7610418308592],[-80.1960569832163,25.7610482732109],[-80.1962051881702,25.7610445233302],[-80.1962057900414,25.7610640494064],[-80.1960358332812,25.7610683494307]]]},"properties":{"OBJECTID":320243,"UNIQUEID":"D1_MDC_Building_176","SOURCE":"P","YEARUPDATE":2015,"TYPE":"L","HEIGHT":null,"GlobalID":"bfc32dc0-afd8-4312-9ef1-f12d8af82f12","Shape__Area":968.162109375,"Shape__Length":172.45549180747742}},{"type":"Feature","id":320987,"geometry":{"type":"Polygon","coordinates":[[[-80.1977586268247,25.7637175408854],[-80.1977582989396,25.7636763885833],[-80.1977422253842,25.7636764937556],[-80.1977420295515,25.7636518219458],[-80.197741424087,25.763575512109],[-80.1977115874432,25.7635757070825],[-80.197711213744,25.7635287516394],[-80.1977702384481,25.7635283673554],[-80.1978184896569,25.7635280526471],[-80.1978186531503,25.7635486599729],[-80.1978469087592,25.7635484755166],[-80.1978477235312,25.7636511318534],[-80.1978161738001,25.763651338153],[-80.1978163705312,25.7636759937826],[-80.1978166966196,25.7637171622651],[-80.1977586268247,25.7637175408854]]]},"properties":{"OBJECTID":320987,"UNIQUEID":"D3_MDC_Building_7907","SOURCE":"P","YEARUPDATE":2015,"TYPE":"L","HEIGHT":null,"GlobalID":"7aed9ce9-7f7e-41c8-b9fa-0351403297d4","Shape__Area":248.599609375,"Shape__Length":76.92158790691198}},{"type":"Feature","id":325111,"geometry":{"type":"Polygon","coordinates":[[[-80.1970311459548,25.7650302616597],[-80.1972243574027,25.7650238227602],[-80.1972321574743,25.765215749386],[-80.1970389460264,25.7652221874661],[-80.1970311459548,25.7650302616597]]]},"properties":{"OBJECTID":325111,"UNIQUEID":"D3_MDC_Building_6481","SOURCE":"P","YEARUPDATE":2015,"TYPE":"L","HEIGHT":null,"GlobalID":"8ea64361-fa84-4a45-b0bd-97ade345660e","Shape__Area":510.9453125,"Shape__Length":90.52490777097586}},{"type":"Feature","id":325562,"geometry":{"type":"Polygon","coordinates":[[[-80.1983143695752,25.7679924444337],[-80.1983142734555,25.7679334877715],[-80.1983062901275,25.7679334990973],[-80.1980131123582,25.7679338898389],[-80.1980128581349,25.7677758804685],[-80.1983060170397,25.7677754889174],[-80.1983059730222,25.7677472931898],[-80.1984625080538,25.7677470860883],[-80.1984629060074,25.7679922462316],[-80.1983143695752,25.7679924444337]]]},"properties":{"OBJECTID":325562,"UNIQUEID":"D3_MDC_Building_24346","SOURCE":"P","YEARUPDATE":2015,"TYPE":"L","HEIGHT":null,"GlobalID":"28ba8c14-baf5-45a1-b266-23ff0b158d15","Shape__Area":1158.998046875,"Shape__Length":160.72917387060716}},{"type":"Feature","id":331351,"geometry":{"type":"Polygon","coordinates":[[[-80.1983063691793,25.7626431388938],[-80.1983056118995,25.7626194821956],[-80.1983418535313,25.7626185291641],[-80.1983426117094,25.762642169682],[-80.1984029910729,25.7626405848023],[-80.1984091957366,25.7628342029043],[-80.198352736621,25.7628356834174],[-80.1983531103201,25.7628474369109],[-80.1983129430505,25.7628484886414],[-80.1983125675547,25.7628367367661],[-80.1983063691793,25.7626431388938]]]},"properties":{"OBJECTID":331351,"UNIQUEID":"D3_MDC_Building_2329","SOURCE":"P","YEARUPDATE":2015,"TYPE":"L","HEIGHT":null,"GlobalID":"8c2dd757-6d36-4d9c-aa7d-4bea480dfddd","Shape__Area":275.93359375,"Shape__Length":78.15856769213484}},{"type":"Feature","id":335034,"geometry":{"type":"Polygon","coordinates":[[[-80.19766246936,25.7673417870332],[-80.1978359852454,25.7673347722561],[-80.1978541581636,25.7677032719869],[-80.1976806395833,25.7677102867422],[-80.1976797619293,25.7676924881448],[-80.19766246936,25.7673417870332]]]},"properties":{"OBJECTID":335034,"UNIQUEID":"D3_MDC_Building_5107","SOURCE":"P","YEARUPDATE":2015,"TYPE":"L","HEIGHT":null,"GlobalID":"8dbeaccd-acf4-4fb0-8d89-bf9e008df3db","Shape__Area":881.6015625,"Shape__Length":129.8613934475028}},{"type":"Feature","id":337872,"geometry":{"type":"Polygon","coordinates":[[[-80.1971156962876,25.7668258790465],[-80.1972508118895,25.7667733808347],[-80.1971145500373,25.7668232384824],[-80.1970950017984,25.7667782914446],[-80.1970843208297,25.7667787145499],[-80.1970788554795,25.7666408873248],[-80.1971015595,25.76664014871],[-80.1971002614344,25.7666073956279],[-80.197199954668,25.7666041531645],[-80.1971998262089,25.7666002060639],[-80.1972053373732,25.7666000272754],[-80.197204766943,25.7665856198311],[-80.1973014166844,25.7665824776828],[-80.1973019889112,25.7665968843185],[-80.1973042257163,25.7666532698416],[-80.197308954448,25.7667724788033],[-80.1973144494426,25.7669110161739],[-80.1972257587746,25.7669430815259],[-80.1971156962876,25.7668258790465]]]},"properties":{"OBJECTID":337872,"UNIQUEID":"D3_MDC_Building_27274","SOURCE":"P","YEARUPDATE":2015,"TYPE":"L","HEIGHT":null,"GlobalID":"077e86fd-55be-4e6d-99c3-73c1c59f88f2","Shape__Area":893.8203125,"Shape__Length":158.54296531695857}},{"type":"Feature","id":338330,"geometry":{"type":"Polygon","coordinates":[[[-80.1985809778734,25.7604344295215],[-80.1987513352822,25.7603173330728],[-80.1988167236517,25.7603953423701],[-80.1986463689379,25.7605124387419],[-80.1985809778734,25.7604344295215]]]},"properties":{"OBJECTID":338330,"UNIQUEID":"D3_MDC_Building_25524","SOURCE":"P","YEARUPDATE":2015,"TYPE":"L","HEIGHT":null,"GlobalID":"a7831422-3156-4692-9e76-185f3d3645b7","Shape__Area":288.208984375,"Shape__Length":71.87482349141158}},{"type":"Feature","id":352343,"geometry":{"type":"Polygon","coordinates":[[[-80.1968871208619,25.7631546130147],[-80.1968832275635,25.7630259591304],[-80.1968431456338,25.7630269526097],[-80.1968423164888,25.762999504909],[-80.1968397212559,25.7629137396014],[-80.196932572022,25.7629114363129],[-80.1969318785226,25.7628884964627],[-80.1971420187221,25.7628832847352],[-80.1971453083527,25.7629919712919],[-80.1971507683129,25.7631724778232],[-80.197153469547,25.7632616990802],[-80.1968517874268,25.7632691825209],[-80.1968490861928,25.763179979068],[-80.1968483495742,25.7631555749411],[-80.1968871208619,25.7631546130147]]]},"properties":{"OBJECTID":352343,"UNIQUEID":"D3_MDC_Building_14154","SOURCE":"P","YEARUPDATE":2015,"TYPE":"L","HEIGHT":null,"GlobalID":"0a57c986-1b70-47c3-9632-edf9c5f44654","Shape__Area":1476.44921875,"Shape__Length":169.7019785714198}},{"type":"Feature","id":355644,"geometry":{"type":"Polygon","coordinates":[[[-80.1933635429403,25.7640355781966],[-80.1933572188007,25.7638826491141],[-80.1935700278949,25.7638754302605],[-80.1935710286181,25.7638995971977],[-80.1935794925447,25.7638993124239],[-80.1935848204527,25.7640280770058],[-80.1933635429403,25.7640355781966]]]},"properties":{"OBJECTID":355644,"UNIQUEID":"D1_MDC_Building_91","SOURCE":"P","YEARUPDATE":2015,"TYPE":"L","HEIGHT":null,"GlobalID":"bddd49ec-d9c6-42bc-aed9-1c17379b92c4","Shape__Area":463.466796875,"Shape__Length":87.13212845662588}},{"type":"Feature","id":363491,"geometry":{"type":"Polygon","coordinates":[[[-80.195645645546,25.7623728870689],[-80.1956639594997,25.7619658990186],[-80.1957407708464,25.7619632737179],[-80.1957399048704,25.7619453941648],[-80.1957310124474,25.7619455681062],[-80.1957307941568,25.7619252218188],[-80.1957305435269,25.7619017178842],[-80.1957293388861,25.7617891178571],[-80.1957113537158,25.7617898087693],[-80.1957101463801,25.7616767199811],[-80.1957585161665,25.7616751011091],[-80.1957985217394,25.7616737645892],[-80.1959201167979,25.7616696967789],[-80.1959208147889,25.7617126458258],[-80.195930200387,25.7617124735022],[-80.1959321820705,25.7617622620807],[-80.1959341619574,25.7618120676281],[-80.1959123068449,25.7618131484928],[-80.1959164822143,25.7619180635233],[-80.1959191762618,25.7619858189405],[-80.1959217265789,25.7620499304529],[-80.1959228710326,25.7620787140796],[-80.1959279599887,25.7622066263028],[-80.1959497908467,25.7622059143583],[-80.1959498294743,25.7622059119313],[-80.195952581014,25.7622750643744],[-80.1959560691722,25.7623627604813],[-80.195645645546,25.7623728870689]]]},"properties":{"OBJECTID":363491,"UNIQUEID":"D1_MDC_Building_38","SOURCE":"P","YEARUPDATE":2015,"TYPE":"L","HEIGHT":null,"GlobalID":"521dc940-a0cd-4683-bb29-c0b8180449c3","Shape__Area":2351.259765625,"Shape__Length":247.00851945048083}},{"type":"Feature","id":367533,"geometry":{"type":"Polygon","coordinates":[[[-80.1902480166517,25.7598105043959],[-80.1902395473352,25.7598016000556],[-80.1902303027726,25.7598083167405],[-80.1901018382971,25.7597787688255],[-80.1899419013456,25.759741979954],[-80.1899354478486,25.7597352737829],[-80.1899093643661,25.7597081691652],[-80.1902982953582,25.7594012462757],[-80.1903202528787,25.759383919725],[-80.1905426200475,25.7595792275713],[-80.1905394669608,25.7595884005314],[-80.1905637205752,25.7595985063205],[-80.1905293447442,25.7596658294132],[-80.1905054693206,25.7596563749113],[-80.1905291363351,25.7596662120916],[-80.1904648007911,25.7597838188804],[-80.1904311463073,25.7597721710685],[-80.1904155587404,25.7597904449534],[-80.1903833074251,25.7598104987326],[-80.190344375339,25.7598238350158],[-80.1903009211338,25.7598245251304],[-80.1902480166517,25.7598105043959]],[[-80.1901573182491,25.7595294631577],[-80.1902247314212,25.759471401143],[-80.1901546574392,25.7595266986472],[-80.1901496044157,25.7595330051614],[-80.1901573182491,25.7595294631577]],[[-80.1902368559826,25.7594637710254],[-80.1902284854808,25.7594745450975],[-80.190305517813,25.7594095851223],[-80.1902368559826,25.7594637710254]],[[-80.1900748475161,25.7595942062431],[-80.1901067278272,25.7595666283014],[-80.190072112146,25.7595913632567],[-80.1900677589102,25.7595973356315],[-80.1900748475161,25.7595942062431]],[[-80.1899723200978,25.759672352744],[-80.1899904669648,25.7596567114741],[-80.1899704372289,25.7596703956639],[-80.1899651533384,25.7596761682007],[-80.1899723200978,25.759672352744]],[[-80.1900331063981,25.759626479069],[-80.1900458669667,25.7596144679801],[-80.1900308147958,25.7596240980483],[-80.1900274533,25.7596285566976],[-80.1900331063981,25.759626479069]]]},"properties":{"OBJECTID":367533,"UNIQUEID":"D1_MDC_Building_344","SOURCE":"P","YEARUPDATE":2015,"TYPE":"L","HEIGHT":null,"GlobalID":"b8de0b9b-a0d2-4168-bf8c-988ebd83dce1","Shape__Area":2207.962890625,"Shape__Length":269.71565775978087}},{"type":"Feature","id":368864,"geometry":{"type":"Polygon","coordinates":[[[-80.1983891965434,25.7606823773411],[-80.1981712347128,25.7604000404662],[-80.1983733143292,25.7602721157791],[-80.1985438990118,25.7604763224096],[-80.1985354350852,25.7604821191783],[-80.1985912770582,25.7605544553854],[-80.1983891965434,25.7606823773411]],[[-80.1984735106194,25.7605059898888],[-80.1983691982486,25.7603767255451],[-80.1982763861101,25.7604381397785],[-80.1983806984809,25.7605674072914],[-80.1984735106194,25.7605059898888]]]},"properties":{"OBJECTID":368864,"UNIQUEID":"D1_MDC_Building_93","SOURCE":"P","YEARUPDATE":2015,"TYPE":"L","HEIGHT":null,"GlobalID":"f5ac6369-2f18-4848-adab-ffd2463401eb","Shape__Area":934.166015625,"Shape__Length":206.30093471298144}},{"type":"Feature","id":370616,"geometry":{"type":"Polygon","coordinates":[[[-80.1979086778165,25.7617968643255],[-80.1979083562196,25.7617826407573],[-80.197861934879,25.761783500757],[-80.1978596154289,25.7616809512154],[-80.1979189913743,25.7616798501237],[-80.1979181613309,25.7616431734875],[-80.1978993074897,25.7616435221802],[-80.1978984756498,25.76160672256],[-80.1980901869112,25.7616031676737],[-80.1980910816332,25.7616426977769],[-80.1980709270315,25.7616430715495],[-80.1980718154653,25.7616823427494],[-80.1981680744396,25.7616805580261],[-80.198167109649,25.7616379495699],[-80.1981428389666,25.7616384018186],[-80.1981420628222,25.7616039969314],[-80.1982421396364,25.7616021402031],[-80.1982430747827,25.7616435885208],[-80.1982710105913,25.7616430715495],[-80.1982721334854,25.7616926619445],[-80.1983076627533,25.7616920050111],[-80.1983095069945,25.7617736111651],[-80.1982758857484,25.7617742373549],[-80.1982763025667,25.7617927431235],[-80.1982020514186,25.7617941209027],[-80.1982015690233,25.7617728644297],[-80.1981307341682,25.7617741782957],[-80.1981312300382,25.7617961588508],[-80.1980601966554,25.7617974767617],[-80.1980596549713,25.7617735108453],[-80.1979803606812,25.7617749808542],[-80.1979808251102,25.7617955269979],[-80.1979086778165,25.7617968643255]]]},"properties":{"OBJECTID":370616,"UNIQUEID":"D1_MDC_Building_174","SOURCE":"P","YEARUPDATE":2015,"TYPE":"L","HEIGHT":null,"GlobalID":"8e38c9fb-f61c-4956-8c0b-5c964cb89eee","Shape__Area":925.05078125,"Shape__Length":191.03152659716147}},{"type":"Feature","id":371302,"geometry":{"type":"Polygon","coordinates":[[[-80.1960593350057,25.7668147335032],[-80.1960472607499,25.7665070118975],[-80.1959790202294,25.7665094065331],[-80.1959768121704,25.7664531196396],[-80.1961284055696,25.7664477996628],[-80.1961420743349,25.7667962139556],[-80.1960968711098,25.766797987276],[-80.1960974684895,25.7668132190619],[-80.1961426735112,25.7668114457417],[-80.1961577265804,25.7671951359575],[-80.196017874162,25.767200043314],[-80.1960144776319,25.767113448586],[-80.1960709780701,25.7671114657407],[-80.1960593350057,25.7668147335032]]]},"properties":{"OBJECTID":371302,"UNIQUEID":"D3_MDC_Building_5186","SOURCE":"P","YEARUPDATE":2015,"TYPE":"L","HEIGHT":null,"GlobalID":"34f6f9ee-4555-4031-9fb7-45428503d159","Shape__Area":969.185546875,"Shape__Length":241.31019106115718}},{"type":"Feature","id":373225,"geometry":{"type":"MultiPolygon","coordinates":[[[[-80.1952478176394,25.7698121908324],[-80.1952498343572,25.7697558593935],[-80.1952767568662,25.7697570591055],[-80.1951965130569,25.7697506617202],[-80.1952060396905,25.7696249960662],[-80.1952025560238,25.7696085220519],[-80.195183515333,25.7696073369],[-80.1951904323607,25.7695048337573],[-80.195131024076,25.7695019667389],[-80.1951367544292,25.7693827880238],[-80.1951477884358,25.7693833761515],[-80.1950439180362,25.7693260446106],[-80.1955988244551,25.7691712673522],[-80.1956021455267,25.7692171988215],[-80.1955389688094,25.7692335191839],[-80.1956023916651,25.7692206418406],[-80.195607542605,25.7692354332305],[-80.1956193689257,25.7692693998658],[-80.1956255951489,25.7692872783158],[-80.1956511971345,25.769326145733],[-80.19545034821,25.7693757555698],[-80.1954346267943,25.7696366323947],[-80.1954579506523,25.7696377075254],[-80.1954549969917,25.7696838758444],[-80.1954519975169,25.769730817527],[-80.1954589891048,25.7697311403087],[-80.1954635354784,25.7697908371001],[-80.1953913181161,25.7697653834721],[-80.195366389867,25.7697639038544],[-80.1953634712406,25.7698065781568],[-80.1953409792225,25.7698054868482],[-80.1953096468837,25.7698039643552],[-80.1952478176394,25.7698121908324]]],[[[-80.1951440074268,25.7692748766582],[-80.1955114534123,25.7691708992662],[-80.1955143567673,25.7691855628434],[-80.1951499929015,25.7692863860113],[-80.1951440074268,25.7692748766582]]]]},"properties":{"OBJECTID":373225,"UNIQUEID":"D3_MDC_Building_48","SOURCE":"P","YEARUPDATE":2015,"TYPE":"L","HEIGHT":null,"GlobalID":"205b0cf7-18ab-441c-9107-5e8bd924abf7","Shape__Area":2538.91015625,"Shape__Length":382.848188937909}},{"type":"Feature","id":376554,"geometry":{"type":"Polygon","coordinates":[[[-80.1929215044469,25.7607876558197],[-80.1929735716991,25.7605909228167],[-80.1933276983638,25.7606677750095],[-80.193265309469,25.7609224729432],[-80.1929676625811,25.7608561092719],[-80.1929820113712,25.7608033382016],[-80.1929782105992,25.7607999612794],[-80.1929686938471,25.7607978958069],[-80.1929215044469,25.7607876558197]]]},"properties":{"OBJECTID":376554,"UNIQUEID":"D1_MDC_Building_306","SOURCE":"P","YEARUPDATE":2015,"TYPE":"L","HEIGHT":null,"GlobalID":"ef17a12c-771a-46d4-8503-b8859857832f","Shape__Area":1261.71875,"Shape__Length":145.72333685228443}},{"type":"Feature","id":378777,"geometry":{"type":"Polygon","coordinates":[[[-80.198487727357,25.7622829014223],[-80.1984875432024,25.7622759559226],[-80.1984701859545,25.7622763280752],[-80.1984690873149,25.7622344366313],[-80.1984677119942,25.7621820027292],[-80.1984667409154,25.7621450220536],[-80.1984649604545,25.7620771291924],[-80.1984645328564,25.7620608531516],[-80.1984641070549,25.7620445949072],[-80.1984448426837,25.76204500913],[-80.1984426957101,25.7619631928149],[-80.1985590895232,25.7619606880596],[-80.1985944921285,25.7619599259538],[-80.1985940259029,25.7619422389493],[-80.1985919687609,25.7618637468683],[-80.198610431835,25.7618633504436],[-80.1986095434011,25.7618293582271],[-80.1986077683301,25.7617615735955],[-80.1986060076322,25.7616942573543],[-80.1986001452266,25.7616943827542],[-80.1985985570052,25.7616338510152],[-80.1985861701358,25.7616341179957],[-80.1985848478157,25.7615836230784],[-80.1986089397333,25.7615831044888],[-80.1986936643393,25.7615812801215],[-80.198695353172,25.761645714656],[-80.1987087183068,25.7616454282588],[-80.1988229588581,25.7616429720387],[-80.1988250645092,25.7617232813495],[-80.1988074826824,25.761723659167],[-80.1988078968058,25.7617395202211],[-80.1988083136241,25.7617553812731],[-80.1988101039664,25.7618237120037],[-80.1988109735356,25.7618568604034],[-80.1988295758485,25.7618564615515],[-80.1988316410754,25.7619352141448],[-80.198813276816,25.7619356089513],[-80.1988138930603,25.7619591347229],[-80.1988145039147,25.7619824347708],[-80.1988338527276,25.7619820197387],[-80.1988359188527,25.7620607738668],[-80.1988174773383,25.7620611702909],[-80.1988179103262,25.7620776307902],[-80.1988183433142,25.7620941018046],[-80.1988040124904,25.7620944084264],[-80.1988058567317,25.7621646595947],[-80.1988208253593,25.7621643400286],[-80.1988216616908,25.762196296635],[-80.1988443252871,25.7621958096002],[-80.198846356378,25.7622733605628],[-80.1987279566269,25.7622759081899],[-80.1987067438098,25.7622763644814],[-80.1987064815017,25.7622663123161],[-80.1986828432334,25.7622671520865],[-80.1986831181178,25.7622776459807],[-80.1986353807453,25.7622786718274],[-80.1985876433728,25.7622796984831],[-80.198587401726,25.7622705427204],[-80.1984888439629,25.7622740449999],[-80.1985076906176,25.7622736396772],[-80.1985278865418,25.7622732052295],[-80.1985281183072,25.7622820317179],[-80.198487727357,25.7622829014223]]]},"properties":{"OBJECTID":378777,"UNIQUEID":"D3_MDC_Building_6078","SOURCE":"P","YEARUPDATE":2015,"TYPE":"L","HEIGHT":null,"GlobalID":"a628c813-b0dd-49e9-a030-b05f9746ba06","Shape__Area":2614.421875,"Shape__Length":292.9383583402452}},{"type":"Feature","id":382732,"geometry":{"type":"Polygon","coordinates":[[[-80.1987066261305,25.7658768667125],[-80.1989967595094,25.7658715305298],[-80.1990005818409,25.766041971938],[-80.198710468225,25.766047306495],[-80.198432680393,25.7660524137224],[-80.1984292380489,25.7658989759485],[-80.1987070070162,25.7658938703325],[-80.1987066261305,25.7658768667125]]]},"properties":{"OBJECTID":382732,"UNIQUEID":"D3_MDC_Building_6380","SOURCE":"P","YEARUPDATE":2015,"TYPE":"L","HEIGHT":null,"GlobalID":"1b841ac8-434b-4d8b-8c31-683c9897abe6","Shape__Area":1267.423828125,"Shape__Length":168.60824351844926}},{"type":"Feature","id":384992,"geometry":{"type":"Polygon","coordinates":[[[-80.192369031564,25.7607307295004],[-80.1924387399317,25.7604793441725],[-80.1928257655972,25.7605673466135],[-80.1928913066803,25.76058224992],[-80.1928582711357,25.7607063596586],[-80.1928513675828,25.7607322949887],[-80.1928252760153,25.7608303147414],[-80.1927596028799,25.7608159802192],[-80.192369031564,25.7607307295004]]]},"properties":{"OBJECTID":384992,"UNIQUEID":"D1_MDC_Building_193","SOURCE":"P","YEARUPDATE":2015,"TYPE":"L","HEIGHT":null,"GlobalID":"087a7e93-cec9-40c7-9e75-cda8ec855066","Shape__Area":1655.923828125,"Shape__Length":167.77646344618654}},{"type":"Feature","id":412343,"geometry":{"type":"Polygon","coordinates":[[[-80.1963221110909,25.7613900207356],[-80.1963211031811,25.7613594222796],[-80.1962821468405,25.7613604715962],[-80.1962763832497,25.7611877120542],[-80.1962522553994,25.7611883754627],[-80.1962475221762,25.7610472465445],[-80.196310771657,25.7610455103538],[-80.1969951926821,25.7610267237333],[-80.1970049079619,25.7613169261638],[-80.1970632265902,25.7613153258948],[-80.197081167743,25.7612011654927],[-80.1971070266468,25.7612044970975],[-80.1970897232978,25.7613145993823],[-80.1970916367093,25.7613145459861],[-80.1970934584927,25.7613688564201],[-80.197006726152,25.7613712357877],[-80.1963221110909,25.7613900207356]]]},"properties":{"OBJECTID":412343,"UNIQUEID":"D1_MDC_Building_65","SOURCE":"P","YEARUPDATE":2015,"TYPE":"L","HEIGHT":null,"GlobalID":"02bcac1b-02a7-4b6d-8eb6-352d002d71f0","Shape__Area":3568.99609375,"Shape__Length":299.01439653735383}},{"type":"Feature","id":417728,"geometry":{"type":"Polygon","coordinates":[[[-80.1928407872254,25.7613595412075],[-80.1928848684547,25.7611904595362],[-80.193193693978,25.7612539970638],[-80.193142698416,25.7614619486369],[-80.1929010830456,25.7614117982945],[-80.1928407872254,25.7613595412075]]]},"properties":{"OBJECTID":417728,"UNIQUEID":"D1_MDC_Building_173","SOURCE":"P","YEARUPDATE":2015,"TYPE":"L","HEIGHT":null,"GlobalID":"199fd0e2-0525-4029-bfae-34f074ab337b","Shape__Area":912.4296875,"Shape__Length":119.97141214362415}},{"type":"Feature","id":420015,"geometry":{"type":"Polygon","coordinates":[[[-80.1892738485234,25.7652190452818],[-80.1892566511756,25.765205530814],[-80.1892422700462,25.7652137276767],[-80.1892240980263,25.7651977449266],[-80.189199844412,25.7652047671111],[-80.1891799476268,25.7651885513656],[-80.1891569273993,25.7651955808317],[-80.1891343168036,25.7651789023327],[-80.1891071041387,25.7651847902897],[-80.189088194602,25.7651688051087],[-80.1890639418859,25.7651756031997],[-80.1890455183378,25.7651605160161],[-80.1890215207433,25.7651659727729],[-80.1890124666235,25.7651533983661],[-80.1889924252096,25.7651588769665],[-80.1889653940044,25.7651372505703],[-80.18895449744,25.7651047494841],[-80.1889696592053,25.7650905206491],[-80.1889593815802,25.7650763735223],[-80.1889770316789,25.7650601415792],[-80.1889692846079,25.7650370613767],[-80.1889864298534,25.7650219474782],[-80.1889791786524,25.7649986480269],[-80.188997344384,25.7649788418717],[-80.1889913445363,25.7649530862603],[-80.1890089937367,25.7649366334408],[-80.1890007436091,25.7649146680293],[-80.1890188850863,25.7648986658227],[-80.1890111398119,25.7648751365885],[-80.189028488975,25.7648665093093],[-80.1890214488781,25.7648485800349],[-80.1890450808582,25.7648247733003],[-80.1890822073306,25.7648149138952],[-80.1890957036194,25.7648277358949],[-80.1891110702007,25.7648199944782],[-80.189129736294,25.7648359797062],[-80.189153741075,25.7648291799777],[-80.1891721628265,25.7648444904902],[-80.1891973982995,25.7648383703304],[-80.1892185320649,25.7648545917868],[-80.1892467247917,25.7648496050503],[-80.1892646560631,25.7648642424641],[-80.1892893965644,25.7648583407381],[-80.1893078183159,25.7648736528648],[-80.1893320665403,25.7648675246165],[-80.1893425912022,25.7648818982909],[-80.1893633818111,25.7648753048625],[-80.1893901623864,25.7648973770706],[-80.1894003214339,25.7649294267864],[-80.1893844212534,25.7649432034046],[-80.1893941994153,25.7649582445023],[-80.1893763004832,25.7649746965098],[-80.189383562464,25.7649964329607],[-80.1893659168569,25.7650124375811],[-80.1893736711144,25.7650346230249],[-80.1893545055578,25.7650559889391],[-80.1893605260668,25.7650788361435],[-80.1893433610584,25.7650966335148],[-80.1893513704374,25.7651177025118],[-80.1893351980674,25.7651348348728],[-80.1893414656131,25.7651576852981],[-80.1893275767605,25.7651661070682],[-80.189334356346,25.7651858266283],[-80.1893099886456,25.7652089569603],[-80.1892738485234,25.7652190452818]]]},"properties":{"OBJECTID":420015,"UNIQUEID":"D1_MDC_Building_6","SOURCE":"P","YEARUPDATE":2015,"TYPE":"L","HEIGHT":null,"GlobalID":"612b50b1-bdaa-4b2f-910c-afef02621f10","Shape__Area":1777.19921875,"Shape__Length":184.41163061543307}},{"type":"Feature","id":421299,"geometry":{"type":"Polygon","coordinates":[[[-80.1981823917887,25.770455861355],[-80.1981539735847,25.7704315574184],[-80.1979366199135,25.7704313155359],[-80.197911394322,25.7704084992937],[-80.1979009217624,25.7702171942661],[-80.1979238943792,25.7701906817833],[-80.1980852353975,25.7701834269095],[-80.1981165318037,25.7702056882393],[-80.198138084184,25.7701808009816],[-80.1982876590686,25.7701794241088],[-80.1983228865025,25.7702044343306],[-80.1983539718046,25.7701762699211],[-80.1985033652296,25.7701748898122],[-80.1985416666984,25.7702095268176],[-80.1985453030786,25.7702737795036],[-80.1985967612731,25.7702720847054],[-80.1985986297689,25.7704371910977],[-80.1981823917887,25.770455861355]]]},"properties":{"OBJECTID":421299,"UNIQUEID":"D3_MDC_Building_1621","SOURCE":"P","YEARUPDATE":2015,"TYPE":"L","HEIGHT":null,"GlobalID":"40ff846c-0085-45e8-92b6-e997f832b661","Shape__Area":2369.556640625,"Shape__Length":216.41145666276785}},{"type":"Feature","id":436549,"geometry":{"type":"Polygon","coordinates":[[[-80.1946269937431,25.7674138828347],[-80.1948916598837,25.7674055518312],[-80.1948908513999,25.7674170346688],[-80.1946366362593,25.7675793143726],[-80.1946269937431,25.7674138828347]]]},"properties":{"OBJECTID":436549,"UNIQUEID":"D3_MDC_Building_12367","SOURCE":"P","YEARUPDATE":2015,"TYPE":"L","HEIGHT":null,"GlobalID":"de3fb2ed-7908-45fe-9fc7-8e4ca1d54067","Shape__Area":320.97265625,"Shape__Length":86.06749412331463}},{"type":"Feature","id":441234,"geometry":{"type":"Polygon","coordinates":[[[-80.1961921832598,25.7640255763392],[-80.1961878659566,25.763864321655],[-80.1962887144236,25.7638621073767],[-80.1962906053773,25.7639327636251],[-80.1963811106422,25.7639307766816],[-80.1963791675862,25.7638582685931],[-80.1964803268703,25.7638560454155],[-80.1964846953776,25.7640191503294],[-80.1961921832598,25.7640255763392]]]},"properties":{"OBJECTID":441234,"UNIQUEID":"D3_MDC_Building_1617","SOURCE":"P","YEARUPDATE":2015,"TYPE":"L","HEIGHT":null,"GlobalID":"1ab7a080-f3cb-4f83-87e4-28ded12e40ac","Shape__Area":563.947265625,"Shape__Length":122.95007122851885}},{"type":"Feature","id":442739,"geometry":{"type":"Polygon","coordinates":[[[-80.1945892537213,25.7611919797125],[-80.1945760404018,25.7608240964812],[-80.194775842789,25.7608216523796],[-80.1947969927241,25.7608213942968],[-80.1947977967162,25.7608754476826],[-80.1947911698444,25.7608755293953],[-80.1947915579166,25.7609014622613],[-80.1947784020892,25.7609016232596],[-80.1947616709671,25.7609018271369],[-80.1947622809232,25.760942697238],[-80.1947933671236,25.7609423169908],[-80.1948613031152,25.7610022738577],[-80.1948617926971,25.761015902069],[-80.1949102954342,25.7610144733115],[-80.1949097268006,25.7609986348136],[-80.1949383956346,25.7609977901799],[-80.1949373275378,25.7610132516672],[-80.1949590326317,25.7610126141469],[-80.1949606585823,25.7610579808301],[-80.1949799058856,25.7610574169322],[-80.1949824615926,25.7611440524845],[-80.1949840318477,25.7611877816312],[-80.1949541601696,25.761188661052],[-80.1949538933699,25.7611812422029],[-80.1945892537213,25.7611919797125]]]},"properties":{"OBJECTID":442739,"UNIQUEID":"D1_MDC_Building_35","SOURCE":"P","YEARUPDATE":2015,"TYPE":"L","HEIGHT":null,"GlobalID":"561f427c-07d1-46e9-993b-9e51b6903bad","Shape__Area":1519.869140625,"Shape__Length":188.45188448219673}},{"type":"Feature","id":447538,"geometry":{"type":"Polygon","coordinates":[[[-80.1884953065144,25.7663268882395],[-80.1886196333497,25.7658575048465],[-80.1893951722907,25.7660259302423],[-80.1893360397888,25.7662491894509],[-80.189327637846,25.7662809103477],[-80.1893135612455,25.7663340559771],[-80.1892632151654,25.7665241432491],[-80.1885412059339,25.7663673438832],[-80.1884876717328,25.7663557169422],[-80.1884953065144,25.7663268882395]],[[-80.1892318370125,25.7662601230892],[-80.1892316878922,25.7662600907292],[-80.1892194070239,25.7663070483279],[-80.1892318370125,25.7662601230892]]]},"properties":{"OBJECTID":447538,"UNIQUEID":"D1_MDC_Building_422","SOURCE":"P","YEARUPDATE":2015,"TYPE":"L","HEIGHT":null,"GlobalID":"64f779d4-07bf-460c-9734-5d8be7b3866a","Shape__Area":5622.4765625,"Shape__Length":316.18155028533977}},{"type":"Feature","id":449450,"geometry":{"type":"Polygon","coordinates":[[[-80.1966816563935,25.7662332375822],[-80.1966811515403,25.7662130716278],[-80.196626303104,25.7662142001835],[-80.196609350098,25.7662145488628],[-80.1966086440221,25.7661864619795],[-80.1965698583614,25.7661872580362],[-80.1965707620666,25.766223193033],[-80.196425780268,25.7662261806716],[-80.1964206266332,25.7660209419371],[-80.1965008452897,25.7660192907643],[-80.1964968621597,25.7658606203168],[-80.196561617217,25.765859287889],[-80.1965622541225,25.7658846436563],[-80.1966153804884,25.7658835498846],[-80.1968010649526,25.7658797265374],[-80.1968665835779,25.7658783771207],[-80.1968731781104,25.7661408124877],[-80.196822466416,25.766141856908],[-80.1968231994412,25.7661710173459],[-80.196824688848,25.7662302912028],[-80.1967466944201,25.7662318986866],[-80.1966816563935,25.7662332375822]]]},"properties":{"OBJECTID":449450,"UNIQUEID":"D3_MDC_Building_27868","SOURCE":"P","YEARUPDATE":2015,"TYPE":"L","HEIGHT":null,"GlobalID":"a0153e7e-fb4b-4c4e-9b2e-ee6bda4d4cdd","Shape__Area":1913.728515625,"Shape__Length":201.97950549340987}},{"type":"Feature","id":463364,"geometry":{"type":"Polygon","coordinates":[[[-80.1982863322569,25.7690807181454],[-80.1982820122587,25.7689388721442],[-80.1981815976779,25.7689410256541],[-80.1981827654878,25.7687195359017],[-80.1982976106053,25.7687200334265],[-80.1982982681721,25.7688492814045],[-80.1983665329471,25.7688495758741],[-80.198366210452,25.7689107859056],[-80.1983817728659,25.7689108522421],[-80.1983825040946,25.7689362842109],[-80.1984399091362,25.7689365309504],[-80.198443686552,25.7690679184476],[-80.1983867189899,25.7690676725174],[-80.198382664893,25.7689418985457],[-80.1983866677859,25.7690811525682],[-80.1983365022672,25.7690809357613],[-80.1982863322569,25.7690807181454]]]},"properties":{"OBJECTID":463364,"UNIQUEID":"D3_MDC_Building_17837","SOURCE":"P","YEARUPDATE":2015,"TYPE":"L","HEIGHT":null,"GlobalID":"980622d7-79cd-43dd-88e2-f3178259f804","Shape__Area":740.525390625,"Shape__Length":177.82616520545017}},{"type":"Feature","id":465771,"geometry":{"type":"Polygon","coordinates":[[[-80.1986608416955,25.7690053235209],[-80.1987849700031,25.7690028423746],[-80.1987869966024,25.7690859660049],[-80.1986628691931,25.7690884471494],[-80.1986608416955,25.7690053235209]]]},"properties":{"OBJECTID":465771,"UNIQUEID":"D3_MDC_Building_28054","SOURCE":"P","YEARUPDATE":2015,"TYPE":"L","HEIGHT":null,"GlobalID":"1b512f15-218f-4218-ac63-08f4c560c6e5","Shape__Area":142.048828125,"Shape__Length":48.19766152291167}},{"type":"Feature","id":465944,"geometry":{"type":"Polygon","coordinates":[[[-80.1981989073151,25.7665277877868],[-80.1987554567528,25.7665140461395],[-80.1987555959917,25.7665197042747],[-80.1988354553221,25.7665174099551],[-80.1988426157932,25.7667225200097],[-80.1981273295533,25.7667430661061],[-80.1981201394378,25.766537956087],[-80.1981991004529,25.7665356884647],[-80.1981989073151,25.7665277877868]]]},"properties":{"OBJECTID":465944,"UNIQUEID":"D3_MDC_Building_14834","SOURCE":"P","YEARUPDATE":2015,"TYPE":"L","HEIGHT":null,"GlobalID":"7d00ec1b-8808-44ed-8adc-cc253950e99e","Shape__Area":2072.806640625,"Shape__Length":211.74142998931572}},{"type":"Feature","id":467179,"geometry":{"type":"Polygon","coordinates":[[[-80.1983007367425,25.7629366228151],[-80.1984300546176,25.7629344279361],[-80.1984321764383,25.7630365904913],[-80.1984048613654,25.7630370556791],[-80.1983674303642,25.7630376923795],[-80.1983373314122,25.7630382036815],[-80.1983375011938,25.7630464492351],[-80.1983030211583,25.7630470349671],[-80.1983027247142,25.7630326974765],[-80.1983024031174,25.7630171755755],[-80.1983021902167,25.7630069034189],[-80.1983007367425,25.7629366228151]]]},"properties":{"OBJECTID":467179,"UNIQUEID":"D3_MDC_Building_9203","SOURCE":"P","YEARUPDATE":2015,"TYPE":"L","HEIGHT":null,"GlobalID":"f3a80e0f-5513-4926-950c-38615b78852d","Shape__Area":185.775390625,"Shape__Length":56.096574838395334}},{"type":"Feature","id":469113,"geometry":{"type":"Polygon","coordinates":[[[-80.1939050698515,25.7643660580871],[-80.1939049090531,25.7643606603515],[-80.1938888238196,25.7643608634138],[-80.1938309282979,25.7643615923346],[-80.1938263828225,25.7642028517141],[-80.1938861342636,25.7642020807236],[-80.1938854973581,25.7641641816368],[-80.1938886306818,25.7641583098095],[-80.1938943933744,25.7641544087413],[-80.1938922814351,25.7638759739195],[-80.1938835686752,25.7638761494761],[-80.1938828383449,25.7638463574415],[-80.1939027800459,25.7638459577872],[-80.1939017622547,25.7638044204376],[-80.1938939720645,25.7638025548445],[-80.1938876703828,25.7637987694541],[-80.1938832354003,25.7637937972357],[-80.1938805853702,25.7637878728039],[-80.1938794957137,25.763743355014],[-80.1938804712841,25.7637370487236],[-80.1938836297607,25.763731357286],[-80.1938886342751,25.7637268842285],[-80.1938939361319,25.7637243997358],[-80.1938997778762,25.7637233213155],[-80.1938989523245,25.7636895917533],[-80.1938877224851,25.7636898182782],[-80.1938855126295,25.7635995860702],[-80.1946420171679,25.7635843902777],[-80.1946474241276,25.7637689879173],[-80.1946500283436,25.763857871366],[-80.1946503328725,25.7638682623744],[-80.194655667967,25.7640504576063],[-80.1946559805807,25.7640610953475],[-80.194658571322,25.7641496072398],[-80.1946643771337,25.7643478277842],[-80.1939050698515,25.7643660580871]]]},"properties":{"OBJECTID":469113,"UNIQUEID":"D3_MDC_Building_19756","SOURCE":"P","YEARUPDATE":2015,"TYPE":"L","HEIGHT":null,"GlobalID":"2e918f7e-ffeb-4808-bed3-882b159eba55","Shape__Area":8164.630859375,"Shape__Length":380.17970306680786}},{"type":"Feature","id":470626,"geometry":{"type":"Polygon","coordinates":[[[-80.1940151323385,25.7629264622966],[-80.1941690101534,25.762921327428],[-80.1941709280565,25.7629684797038],[-80.1940170511399,25.7629736137614],[-80.1940160917392,25.7629500388404],[-80.1940151323385,25.7629264622966]]]},"properties":{"OBJECTID":470626,"UNIQUEID":"D1_Small_Building_395","SOURCE":"L","YEARUPDATE":2015,"TYPE":"S","HEIGHT":null,"GlobalID":"0f050493-577f-466e-8083-f8d0921828ab","Shape__Area":99.97265625,"Shape__Length":45.94692767962766}},{"type":"Feature","id":472137,"geometry":{"type":"Polygon","coordinates":[[[-80.1947587739003,25.7676704633779],[-80.1949531881924,25.7675492878509],[-80.1949651483621,25.7679155986007],[-80.1949469116635,25.7679387510525],[-80.1949240854722,25.7679477890746],[-80.1949026570594,25.7679480552319],[-80.1948740430227,25.7679284137936],[-80.194742216153,25.7677552301911],[-80.1947337387517,25.767719137905],[-80.1947390325236,25.7676907431524],[-80.1947587739003,25.7676704633779]]]},"properties":{"OBJECTID":472137,"UNIQUEID":"D3_MDC_Building_1685","SOURCE":"P","YEARUPDATE":2015,"TYPE":"L","HEIGHT":null,"GlobalID":"3d3c3628-2b32-41e4-9118-78d3bc2a03fd","Shape__Area":802.58984375,"Shape__Length":121.70200796721281}},{"type":"Feature","id":474282,"geometry":{"type":"Polygon","coordinates":[[[-80.1976403788889,25.7660689440513],[-80.1976398336116,25.7660517066549],[-80.1975708007769,25.7660534977845],[-80.1975674707222,25.7659484229902],[-80.1976616060791,25.7659459757582],[-80.197661446179,25.7659408927963],[-80.1976690234684,25.7659406970177],[-80.1977394361153,25.7659388662453],[-80.1978317011799,25.7659364683622],[-80.1978341068682,25.7660123479102],[-80.197799476814,25.7660132467113],[-80.1977997858344,25.7660230218808],[-80.197800058024,25.7660316053898],[-80.1978008772875,25.7660575169045],[-80.1977251924282,25.7660594827783],[-80.1977254214986,25.7660667338592],[-80.1977157691008,25.7660669862677],[-80.1976477369894,25.766068753127],[-80.1976403788889,25.7660689440513]]]},"properties":{"OBJECTID":474282,"UNIQUEID":"D3_MDC_Building_25602","SOURCE":"P","YEARUPDATE":2015,"TYPE":"L","HEIGHT":null,"GlobalID":"627ec9ad-a24d-46ce-8eda-2c37c1e6f956","Shape__Area":408.75390625,"Shape__Length":90.39599926956473}},{"type":"Feature","id":476476,"geometry":{"type":"Polygon","coordinates":[[[-80.1906649894538,25.7649173490863],[-80.1906042866968,25.7649004707228],[-80.1906062764652,25.7648924113702],[-80.1906245868256,25.7648949767393],[-80.1905653707804,25.7648841505736],[-80.1905847824754,25.7648055091529],[-80.190562523121,25.7648010037754],[-80.1905781304507,25.7647360960643],[-80.1905872160115,25.7646983160725],[-80.1905751166029,25.7646958671967],[-80.1905899711445,25.7646176835517],[-80.1906149389195,25.7645490178802],[-80.1906257977546,25.7645498454993],[-80.1906319727739,25.7645173167459],[-80.1906385924592,25.7644897820164],[-80.1906253027829,25.7644871616256],[-80.1906375180741,25.7644363645421],[-80.1906335187745,25.7644355757547],[-80.1906488476265,25.7643718328226],[-80.1906253351223,25.7643666551388],[-80.1906393991463,25.7643112717063],[-80.1906699436626,25.7643176313612],[-80.1906557960952,25.764373345677],[-80.1906923521374,25.7643815150907],[-80.1906996913733,25.764350999116],[-80.1907356599173,25.7643472226423],[-80.1907740036068,25.7643491691281],[-80.190819950637,25.7643589792221],[-80.1908499328079,25.7643703159231],[-80.1908890247941,25.7643896602334],[-80.1908827850962,25.7644201624449],[-80.1909112931317,25.7644259323237],[-80.1908942529891,25.764494974257],[-80.190881961341,25.7644924865444],[-80.190863330282,25.7645679705997],[-80.190855383785,25.7646001652175],[-80.190866433063,25.7646024013253],[-80.1908547756256,25.7646819829513],[-80.1908282546634,25.7647531394892],[-80.1908198365509,25.764787246557],[-80.1908030685978,25.7648551791278],[-80.1907784314028,25.7648501923914],[-80.1907599836001,25.7649249359758],[-80.1907220216946,25.7649172520051],[-80.1907200876217,25.7649250832155],[-80.1906649894538,25.7649173490863]]]},"properties":{"OBJECTID":476476,"UNIQUEID":"D1_MDC_Building_3","SOURCE":"P","YEARUPDATE":2015,"TYPE":"L","HEIGHT":null,"GlobalID":"173f6590-5102-4360-9a4d-d6fedad50e6c","Shape__Area":1916.201171875,"Shape__Length":226.2389125749234}},{"type":"Feature","id":477744,"geometry":{"type":"Polygon","coordinates":[[[-80.1898469116909,25.7679276808497],[-80.1897972716867,25.7679168525336],[-80.1898193989887,25.7678336771181],[-80.1898461948353,25.767839522876],[-80.1898522737349,25.767816672967],[-80.1897149860066,25.7677868843483],[-80.1896934282364,25.7678679086941],[-80.1895160648667,25.7678292155411],[-80.1895303669444,25.7677744097249],[-80.1894349649629,25.7677535992673],[-80.1894196459923,25.7678107730057],[-80.1891980738326,25.7677628177083],[-80.189195926859,25.7677708849559],[-80.1891037453378,25.767750776701],[-80.1891131003932,25.7677134272427],[-80.1891089843126,25.7677125300724],[-80.1890843309479,25.7677071470508],[-80.1890970079732,25.7676419877146],[-80.1890658975183,25.7676349276518],[-80.1891022316766,25.7674983626391],[-80.1891379603704,25.7675061588925],[-80.1891546645431,25.7674435582881],[-80.189268943722,25.7674679251289],[-80.189277651092,25.7674351852192],[-80.1892776708549,25.7674351116009],[-80.1892790623453,25.767435414973],[-80.1893586584694,25.7674527662363],[-80.1893789711746,25.7674060809123],[-80.1894283803118,25.7674168591175],[-80.1894259386909,25.7674674219359],[-80.1895043140045,25.7674845159352],[-80.1894893651398,25.7675453051861],[-80.1894904143721,25.7675455325127],[-80.1895844293548,25.7675660404441],[-80.1896008002525,25.7675045012685],[-80.1896008523548,25.7675043038745],[-80.1896253889385,25.7675096561636],[-80.1896899957737,25.767523748798],[-80.189779137396,25.7675431937184],[-80.1897574224206,25.7676254624586],[-80.1897732866686,25.7676289225126],[-80.1898978344894,25.7676558214563],[-80.1899189853228,25.7675763267681],[-80.1899721188752,25.767587917185],[-80.1900252524276,25.7675995076007],[-80.1899964209986,25.7677078710971],[-80.1900012404601,25.7677089308745],[-80.1900012817826,25.7677089397734],[-80.189993413439,25.7677385091753],[-80.1899877872904,25.7677596577934],[-80.1899815808301,25.7677829850174],[-80.1899417333607,25.7679327515917],[-80.1899140580634,25.7679266663777],[-80.1899086780532,25.7679468878612],[-80.1898454698949,25.7679331010748],[-80.1898469116909,25.7679276808497]],[[-80.1893759258858,25.7676799350394],[-80.1894008164057,25.7675863703939],[-80.1893174626288,25.767568188316],[-80.1892926484657,25.7676614609303],[-80.189332051269,25.7676703654901],[-80.1893759258858,25.7676799350394]]]},"properties":{"OBJECTID":477744,"UNIQUEID":"D1_MDC_Building_165","SOURCE":"P","YEARUPDATE":2015,"TYPE":"L","HEIGHT":null,"GlobalID":"8a43ab0a-4a9f-464a-aed5-1749535de670","Shape__Area":3617.37890625,"Shape__Length":428.4196442870209}},{"type":"Feature","id":479964,"geometry":{"type":"Polygon","coordinates":[[[-80.1917405234789,25.7655317108211],[-80.1918686097637,25.7650438619023],[-80.1919095495845,25.7650526744315],[-80.1919293268937,25.7649752167025],[-80.1918914664978,25.7649670659369],[-80.1920193183223,25.7644800981391],[-80.1923719681567,25.7645560142146],[-80.1923251075399,25.7647345039314],[-80.1922286168003,25.7651020215088],[-80.1920957272237,25.7656081755382],[-80.1917405234789,25.7655317108211]]]},"properties":{"OBJECTID":479964,"UNIQUEID":"D1_MDC_Building_213","SOURCE":"P","YEARUPDATE":2015,"TYPE":"L","HEIGHT":null,"GlobalID":"28a1114e-8454-4a41-8575-271061066c6a","Shape__Area":5369.375,"Shape__Length":357.3206200056782}},{"type":"Feature","id":486110,"geometry":{"type":"Polygon","coordinates":[[[-80.1957879889927,25.7640382948701],[-80.195781952314,25.7638781865795],[-80.1958839380482,25.7638750338424],[-80.1958865296878,25.7639437395455],[-80.1959796921693,25.7639408586396],[-80.1959789986699,25.7639224478607],[-80.1960793782164,25.7639193469018],[-80.1960835140599,25.7640291618955],[-80.1957879889927,25.7640382948701]]]},"properties":{"OBJECTID":486110,"UNIQUEID":"D3_MDC_Building_6741","SOURCE":"P","YEARUPDATE":2015,"TYPE":"L","HEIGHT":null,"GlobalID":"e2b5d0c6-f633-4b54-9944-50d5fdc157a7","Shape__Area":494.107421875,"Shape__Length":109.99245353203358}},{"type":"Feature","id":488748,"geometry":{"type":"Polygon","coordinates":[[[-80.1968103247867,25.7626916908926],[-80.1968064782006,25.7625887149702],[-80.196806057789,25.7625774274497],[-80.1968397005947,25.7625763983695],[-80.1968685598716,25.7625755149138],[-80.1969015783481,25.7625745044412],[-80.1969340497507,25.7625735109581],[-80.1969359335179,25.7626239091804],[-80.1969663414903,25.7626229796107],[-80.1969645017405,25.7625736452563],[-80.1969910101263,25.7625728346129],[-80.197023638734,25.7625718346576],[-80.197052025497,25.7625709649554],[-80.1970845633749,25.7625699698542],[-80.1970849613286,25.7625806489884],[-80.1970887171848,25.7626812649931],[-80.1970890531547,25.7626902799538],[-80.1970562008664,25.7626912847623],[-80.1970280530553,25.7626921471824],[-80.1969943877917,25.7626931778796],[-80.1969668912592,25.7626940192651],[-80.1969650362381,25.7626442747647],[-80.1969366629499,25.7626451420393],[-80.1969385925311,25.7626968095907],[-80.1969059441604,25.7626978079269],[-80.1968730442614,25.7626988143533],[-80.1968446637866,25.7626996824366],[-80.1968106625531,25.762700722842],[-80.1968103247867,25.7626916908926]]]},"properties":{"OBJECTID":488748,"UNIQUEID":"D3_MDC_Building_22974","SOURCE":"P","YEARUPDATE":2015,"TYPE":"L","HEIGHT":null,"GlobalID":"b75e8211-a992-4927-ad0a-0b5d5ba25726","Shape__Area":426.654296875,"Shape__Length":117.0372324539114}},{"type":"Feature","id":489875,"geometry":{"type":"Polygon","coordinates":[[[-80.1937895447094,25.7640091784042],[-80.1938272326288,25.7640089745322],[-80.1938279719423,25.7641210603475],[-80.1937902822262,25.7641212634103],[-80.1937525916119,25.764121466473],[-80.1937518576883,25.7640093814671],[-80.1937895447094,25.7640091784042]]]},"properties":{"OBJECTID":489875,"UNIQUEID":"D1_MDC_Building_223","SOURCE":"P","YEARUPDATE":2015,"TYPE":"L","HEIGHT":null,"GlobalID":"f7a1ac67-eb4e-45d1-98a2-16d2cf873343","Shape__Area":116.259765625,"Shape__Length":44.49188625136138}},{"type":"Feature","id":496220,"geometry":{"type":"MultiPolygon","coordinates":[[[[-80.1882029884328,25.7683123665551],[-80.1883178829576,25.7680948170177],[-80.1890126013708,25.7682541761621],[-80.1888995232395,25.7684663343305],[-80.1882029884328,25.7683123665551]]],[[[-80.1891181623998,25.7682444772212],[-80.1891222605142,25.7682281292172],[-80.1891678194721,25.768237552295],[-80.1891640249883,25.7682539633987],[-80.1891602314029,25.7682703745],[-80.1891140633872,25.7682608260319],[-80.1891181623998,25.7682444772212]]]]},"properties":{"OBJECTID":496220,"UNIQUEID":"D1_MDC_Building_169","SOURCE":"P","YEARUPDATE":2015,"TYPE":"L","HEIGHT":null,"GlobalID":"cc38b16e-a936-4fdd-b648-f14d901b93c6","Shape__Area":2324.02734375,"Shape__Length":237.2770080942903}},{"type":"Feature","id":499485,"geometry":{"type":"Polygon","coordinates":[[[-80.1937075716431,25.7698564256317],[-80.1937654240457,25.7698551215628],[-80.1937669143508,25.7699090931736],[-80.1937090610498,25.7699104012867],[-80.1937075716431,25.7698564256317]]]},"properties":{"OBJECTID":499485,"UNIQUEID":"D1_MDC_Building_340","SOURCE":"P","YEARUPDATE":2015,"TYPE":"L","HEIGHT":null,"GlobalID":"82c24d21-ebcb-4ca4-b7af-e4d5e277906c","Shape__Area":42.9921875,"Shape__Length":26.23216890456319}},{"type":"Feature","id":500299,"geometry":{"type":"Polygon","coordinates":[[[-80.196350546363,25.7664469348429],[-80.1965411221539,25.7664404191653],[-80.1965552580432,25.7667780447006],[-80.1963646517096,25.7667845603597],[-80.196350546363,25.7664469348429]]]},"properties":{"OBJECTID":500299,"UNIQUEID":"D3_MDC_Building_22806","SOURCE":"P","YEARUPDATE":2015,"TYPE":"L","HEIGHT":null,"GlobalID":"970558e0-d7fc-42b8-9f22-c2ef3bd28ca1","Shape__Area":886.7109375,"Shape__Length":125.99034736511344}},{"type":"Feature","id":501763,"geometry":{"type":"Polygon","coordinates":[[[-80.197397496894,25.7613620022877],[-80.197391607539,25.7611652508196],[-80.1973876477652,25.7610329889069],[-80.197538165881,25.761025701921],[-80.1976818630888,25.7611100001935],[-80.1976833075798,25.7611580431272],[-80.1976858372356,25.7612421900163],[-80.1977092338572,25.7612416350187],[-80.1977130346291,25.7613681744048],[-80.1976532113228,25.7613696419916],[-80.1974199269283,25.7613753626676],[-80.197397496894,25.7613620022877]]]},"properties":{"OBJECTID":501763,"UNIQUEID":"D1_MDC_Building_285","SOURCE":"P","YEARUPDATE":2015,"TYPE":"L","HEIGHT":null,"GlobalID":"a808f1fe-2262-499b-9a26-1c5d2dce2b45","Shape__Area":1341.513671875,"Shape__Length":146.7839396301274}},{"type":"Feature","id":501943,"geometry":{"type":"MultiPolygon","coordinates":[[[[-80.1912512866021,25.7600345026228],[-80.1914319324159,25.7593684944327],[-80.1918146353882,25.7594468910776],[-80.191753276861,25.7596621425944],[-80.1917276380445,25.759751596258],[-80.1916365578578,25.760120205287],[-80.1912512866021,25.7600345026228]]],[[[-80.1917143860974,25.7600337178515],[-80.1917627010866,25.7598424236109],[-80.1917562493863,25.7598662086913],[-80.1917029613236,25.7598543545813],[-80.1917900691601,25.7595451643138],[-80.1918405347161,25.7595555023027],[-80.192088428412,25.7596062796304],[-80.192039840335,25.7597853957078],[-80.1920608995402,25.7597878349764],[-80.1920217815028,25.7599320397563],[-80.1920012972194,25.7599274832242],[-80.1919577972001,25.7600878452187],[-80.1917143860974,25.7600337178515]]]]},"properties":{"OBJECTID":501943,"UNIQUEID":"D1_MDC_Building_390","SOURCE":"P","YEARUPDATE":2015,"TYPE":"L","HEIGHT":null,"GlobalID":"20de6b39-3c14-4467-b82b-46fa73726b0d","Shape__Area":5709.978515625,"Shape__Length":459.21107903184236}},{"type":"Feature","id":502950,"geometry":{"type":"Polygon","coordinates":[[[-80.1966545317636,25.7673925764014],[-80.1970117324633,25.7673832673245],[-80.1970268906354,25.7678601278352],[-80.1966696890373,25.7678694376838],[-80.1966545317636,25.7673925764014]]]},"properties":{"OBJECTID":502950,"UNIQUEID":"D3_MDC_Building_27283","SOURCE":"P","YEARUPDATE":2015,"TYPE":"L","HEIGHT":null,"GlobalID":"2e511f8b-bb46-4b9b-b295-0d604602ef2e","Shape__Area":2345.80078125,"Shape__Length":197.4987874084635}},{"type":"Feature","id":507579,"geometry":{"type":"Polygon","coordinates":[[[-80.1947324613473,25.7639847987181],[-80.1947322448534,25.7639696903487],[-80.1947969010959,25.763968934728],[-80.1947970825556,25.7639815950159],[-80.1949941855054,25.763979286894],[-80.1949939797911,25.7639650077651],[-80.1950661396613,25.7639641639615],[-80.1950677018316,25.7640735873505],[-80.1947177694009,25.7640776817759],[-80.1947117677564,25.7639850381868],[-80.1947324613473,25.7639847987181]]]},"properties":{"OBJECTID":507579,"UNIQUEID":"D3_MDC_Building_14151","SOURCE":"P","YEARUPDATE":2015,"TYPE":"L","HEIGHT":null,"GlobalID":"7cf82ebc-a711-4b18-8b8c-dc319b28fcae","Shape__Area":486.0859375,"Shape__Length":108.63154051273641}},{"type":"Feature","id":508905,"geometry":{"type":"Polygon","coordinates":[[[-80.1964379425587,25.7692405063435],[-80.1965799096112,25.7692370560442],[-80.1965800039343,25.7692403995581],[-80.1965800272906,25.7692412214817],[-80.1965802339031,25.7692485581201],[-80.1965804144644,25.7692549692851],[-80.1965804198543,25.7692551804289],[-80.1965804225493,25.7692552702256],[-80.1965805653814,25.7692603457647],[-80.1965805680763,25.7692604307076],[-80.1965807279765,25.7692661097454],[-80.1965807396546,25.7692665312238],[-80.1964387735003,25.7692699799043],[-80.1964386567193,25.7692658541078],[-80.196438655821,25.7692658144678],[-80.1964385983288,25.7692637944454],[-80.1964384581917,25.7692588200289],[-80.1964384528017,25.7692586299186],[-80.1964383521904,25.7692550283407],[-80.1964379533384,25.769240927822],[-80.1964379425587,25.7692405063435]]]},"properties":{"OBJECTID":508905,"UNIQUEID":"D3_MDC_Building_20943","SOURCE":"P","YEARUPDATE":2015,"TYPE":"L","HEIGHT":null,"GlobalID":"85eac75d-f4fa-4688-8e14-9e6d82f6f8d9","Shape__Area":57.61328125,"Shape__Length":38.90794854754573}},{"type":"Feature","id":509729,"geometry":{"type":"Polygon","coordinates":[[[-80.1988931280617,25.7666289343845],[-80.1988908032217,25.7665475855936],[-80.1988749749064,25.7665479375078],[-80.1988726734227,25.7664649342588],[-80.1989943610077,25.7664615316098],[-80.1989965708633,25.7665406540964],[-80.1989754721322,25.7665412422381],[-80.1989775454439,25.7666154119872],[-80.1989873388771,25.7666151870859],[-80.1989985139192,25.7666149330606],[-80.1989990645865,25.7666352227234],[-80.1989879093073,25.7666354872656],[-80.1989773738656,25.7666357356279],[-80.1989781374337,25.7666632828035],[-80.1989650435901,25.7666777929811],[-80.198932348507,25.7666785348316],[-80.1988945447049,25.7666793907509],[-80.1988931280617,25.7666289343845]]]},"properties":{"OBJECTID":509729,"UNIQUEID":"D3_MDC_Building_5102","SOURCE":"P","YEARUPDATE":2015,"TYPE":"L","HEIGHT":null,"GlobalID":"6c2e793d-7b8d-466b-897e-5ab1a01436c0","Shape__Area":296.279296875,"Shape__Length":84.00727651886143}},{"type":"Feature","id":514796,"geometry":{"type":"MultiPolygon","coordinates":[[[[-80.1930639359285,25.7603844187091],[-80.193107311082,25.7602082136575],[-80.1932407324613,25.7602351466443],[-80.1932758880299,25.760092331358],[-80.193470652665,25.760131645141],[-80.1934705655284,25.7601319986924],[-80.193478516517,25.7601336564194],[-80.1934005571234,25.7604484938705],[-80.1933925755921,25.7604468733637],[-80.1930639359285,25.7603844187091]]],[[[-80.1932477626767,25.7604327086936],[-80.1932508501863,25.7604221304962],[-80.193391683565,25.76045055854],[-80.1933886203099,25.7604611415891],[-80.1932477626767,25.7604327086936]]]]},"properties":{"OBJECTID":514796,"UNIQUEID":"D1_MDC_Building_33","SOURCE":"P","YEARUPDATE":2015,"TYPE":"L","HEIGHT":null,"GlobalID":"9fa0b2a3-7fcb-4b7d-bbec-1f0292d5555b","Shape__Area":1285.1171875,"Shape__Length":191.79310425956666}},{"type":"Feature","id":518507,"geometry":{"type":"Polygon","coordinates":[[[-80.1942220035686,25.7681082324599],[-80.194331015925,25.7681054438796],[-80.1943353224485,25.7682435460775],[-80.1942263064989,25.7682463314186],[-80.1942220035686,25.7681082324599]]]},"properties":{"OBJECTID":518507,"UNIQUEID":"D1_MDC_Building_162","SOURCE":"P","YEARUPDATE":2015,"TYPE":"L","HEIGHT":null,"GlobalID":"60709360-9887-456f-b1a9-3667b7fb0f6f","Shape__Area":207.326171875,"Shape__Length":58.43562684204831}},{"type":"Feature","id":527489,"geometry":{"type":"Polygon","coordinates":[[[-80.1963025359026,25.7668305833602],[-80.1963730374828,25.766827310161],[-80.1963779261146,25.7669139123787],[-80.1963073921951,25.7669171847665],[-80.1963025359026,25.7668305833602]]]},"properties":{"OBJECTID":527489,"UNIQUEID":"D3_MDC_Building_19913","SOURCE":"P","YEARUPDATE":2015,"TYPE":"L","HEIGHT":null,"GlobalID":"0cc6f8ef-b0cb-48e8-860b-bdedb008e011","Shape__Area":84.25390625,"Shape__Length":37.15800002195689}},{"type":"Feature","id":530013,"geometry":{"type":"Polygon","coordinates":[[[-80.1933082166004,25.7637069921052],[-80.1933199557845,25.7637065002225],[-80.1932899574439,25.7637073780066],[-80.1932871915312,25.7635955029545],[-80.1933940497275,25.7635933388304],[-80.1933943434766,25.7635991750888],[-80.1934462130994,25.7635983749697],[-80.1934468104791,25.763622530637],[-80.1935011908931,25.7636209004654],[-80.1935013049792,25.7636251720814],[-80.1935022365321,25.763659988982],[-80.1935032821711,25.7636990936661],[-80.1934915358004,25.7636996688776],[-80.1934922778089,25.7637297894102],[-80.1933088714723,25.7637335076543],[-80.1933082166004,25.7637069921052]],[[-80.1933996399435,25.7637031678789],[-80.1933990614284,25.7636930948],[-80.1933995671799,25.763703171115],[-80.1933996399435,25.7637031678789]]]},"properties":{"OBJECTID":530013,"UNIQUEID":"D1_MDC_Building_287","SOURCE":"P","YEARUPDATE":2015,"TYPE":"L","HEIGHT":null,"GlobalID":"36e8f0c2-4ad3-4168-b6da-8113d9b29bef","Shape__Area":368.08984375,"Shape__Length":86.82367130548413}},{"type":"Feature","id":531754,"geometry":{"type":"Polygon","coordinates":[[[-80.1983065066216,25.7632493259178],[-80.1983029609712,25.763090582192],[-80.1983025764923,25.7630733168563],[-80.1983943402969,25.7630716357087],[-80.1983947265724,25.7630888832462],[-80.1983967819178,25.7631809280499],[-80.1984186100809,25.7631805292024],[-80.1984198686206,25.7632368896506],[-80.1983980404575,25.7632372893068],[-80.1983982722228,25.7632476447727],[-80.1983523979562,25.7632484853453],[-80.1983065066216,25.7632493259178]]]},"properties":{"OBJECTID":531754,"UNIQUEID":"D3_MDC_Building_20990","SOURCE":"P","YEARUPDATE":2015,"TYPE":"L","HEIGHT":null,"GlobalID":"94aeacf7-2a5d-405c-b5b9-b2521db14266","Shape__Area":239.263671875,"Shape__Length":68.81572995426487}},{"type":"Feature","id":533327,"geometry":{"type":"Polygon","coordinates":[[[-80.189970801945,25.7666610135657],[-80.1897178974465,25.7666071982325],[-80.1897072631901,25.7666481780111],[-80.1895135522789,25.7666069579601],[-80.1895581266833,25.7664352059758],[-80.1895483727759,25.7664331300843],[-80.1895547328481,25.7664086255013],[-80.1896244007917,25.766140180658],[-80.1902865112584,25.7662810713387],[-80.1902172906758,25.7665477999781],[-80.1901690358737,25.7667337407984],[-80.1899632911309,25.7666899594918],[-80.189970801945,25.7666610135657]]]},"properties":{"OBJECTID":533327,"UNIQUEID":"D1_MDC_Building_423","SOURCE":"P","YEARUPDATE":2015,"TYPE":"L","HEIGHT":null,"GlobalID":"95e57d0c-4b2f-47f5-8dce-284fcb0da9c1","Shape__Area":4256.841796875,"Shape__Length":276.79921742321864}},{"type":"Feature","id":533525,"geometry":{"type":"Polygon","coordinates":[[[-80.189447912381,25.7707922490705],[-80.1894470086759,25.770763855862],[-80.189442755153,25.7707670593812],[-80.1892733948742,25.7707714763546],[-80.1892728190541,25.7707533869871],[-80.1892683104097,25.770757458531],[-80.1892628423645,25.7707610026265],[-80.189256811974,25.770763696495],[-80.1892503773417,25.7707654665203],[-80.1892437118422,25.7707662657822],[-80.1892369906473,25.7707660748654],[-80.1892303943182,25.7707648970058],[-80.1892240962297,25.7707627645622],[-80.1892182643669,25.7707597333533],[-80.1892130595282,25.7707558883211],[-80.1891845865269,25.7707678465086],[-80.189181561001,25.7707617970346],[-80.1891774242592,25.7707552856388],[-80.1891236484113,25.770756688392],[-80.1890761805334,25.7707579269244],[-80.1890492876687,25.770758627492],[-80.1890476051242,25.7707057491859],[-80.1890345319419,25.7707060897622],[-80.1890278754256,25.7704968446586],[-80.189042968919,25.7706312478881],[-80.1890250008167,25.7704064663473],[-80.189022796351,25.7703371697902],[-80.1890584307217,25.7703362402809],[-80.1890577273408,25.7703141237817],[-80.1890478575508,25.770314380226],[-80.1890408021825,25.7702882172412],[-80.1890350745243,25.7702890448203],[-80.1890138329611,25.7702463011196],[-80.1896220930197,25.7702105720111],[-80.1895644077037,25.7702320567215],[-80.1896749723489,25.770191575699],[-80.189729948346,25.7701781119538],[-80.1897862493581,25.7701703595604],[-80.189843159428,25.770168415597],[-80.1898999482253,25.7701723075687],[-80.1899558997927,25.7701819853188],[-80.1899373909046,25.7702077721545],[-80.1899406661621,25.7702130919628],[-80.1899429640527,25.7702188203024],[-80.1899442261856,25.770224809131],[-80.1899444157301,25.7702309023169],[-80.1899435317879,25.7702369461551],[-80.1899415932235,25.7702427837048],[-80.189938651241,25.7702482669241],[-80.1899347812987,25.7702532542427],[-80.1899300822115,25.7702576218878],[-80.1899246806417,25.7702612501314],[-80.189924630336,25.7702686878284],[-80.1899384563066,25.7702682873868],[-80.1899188766266,25.7703687229462],[-80.1899272830611,25.7703685045237],[-80.189929428238,25.770435983303],[-80.1899218994576,25.7704361790741],[-80.1899227007548,25.7704613526541],[-80.1899363533505,25.7704609958977],[-80.1899411144215,25.7706566511743],[-80.1899355960707,25.7706824047391],[-80.1899253427001,25.7707069399896],[-80.1899106534485,25.770729553932],[-80.1898919532193,25.7707495904929],[-80.1898756676615,25.770761707239],[-80.1898574642005,25.770771331549],[-80.1898378072655,25.7707782207328],[-80.1898171900314,25.7707821984353],[-80.189447912381,25.7707922490705]],[[-80.1896821238368,25.7705468673902],[-80.189625541652,25.7705897865292],[-80.1896302685871,25.7705869049756],[-80.1896787309,25.7705500587807],[-80.1896821238368,25.7705468673902]],[[-80.1898418937017,25.7703094681444],[-80.1897834178683,25.7703179801539],[-80.1897749090259,25.7703200058211],[-80.1898418937017,25.7703094681444]],[[-80.189356617497,25.7706378919619],[-80.1893402474976,25.7706907889045],[-80.1893592100349,25.7706323189649],[-80.189356617497,25.7706378919619]],[[-80.1893774260723,25.7704566355408],[-80.1894021575904,25.7704299208685],[-80.1893885490121,25.7704432551497],[-80.1893774260723,25.7704566355408]],[[-80.1893381849657,25.7705072731075],[-80.1893595855307,25.7704780951286],[-80.1893499493027,25.7704896852621],[-80.1893381849657,25.7705072731075]],[[-80.1894222304454,25.7704102515269],[-80.1894504079009,25.770385920076],[-80.1894321074219,25.7704005746044],[-80.1894222304454,25.7704102515269]],[[-80.1894315837041,25.7705136550816],[-80.1894579097318,25.7704839812048],[-80.1894495787559,25.7704921857926],[-80.1894315837041,25.7705136550816]],[[-80.1893048996894,25.7705618665203],[-80.1893230070306,25.770529967176],[-80.1893167008573,25.7705393941159],[-80.1893048996894,25.7705618665203]],[[-80.1894721300628,25.7703685255569],[-80.1895042026133,25.7703464381868],[-80.1894801852559,25.7703620756214],[-80.1894721300628,25.7703685255569]],[[-80.1892527668602,25.7707007117302],[-80.1892691898603,25.7706424359483],[-80.189267545045,25.7706466037634],[-80.1892527668602,25.7707007117302]],[[-80.1892778011106,25.7706206115446],[-80.1892927679415,25.7705849666817],[-80.1892891387478,25.7705918769095],[-80.1892778011106,25.7706206115446]],[[-80.189503272857,25.7704169805552],[-80.1895275112,25.7703989445259],[-80.1895147227836,25.7704074071816],[-80.189503272857,25.7704169805552]],[[-80.1895556311633,25.7703803365505],[-80.1895819589877,25.7703648649577],[-80.1895687187187,25.7703716765036],[-80.1895556311633,25.7703803365505]],[[-80.1894558148605,25.770458766372],[-80.1894776825495,25.7704383746234],[-80.1894655858359,25.7704484883875],[-80.1894558148605,25.770458766372]],[[-80.1895265607824,25.7703318799194],[-80.189564354703,25.7703114218133],[-80.1895322938306,25.7703281473205],[-80.1895265607824,25.7703318799194]],[[-80.1894219555608,25.7704943821498],[-80.1894148903111,25.7705038090925],[-80.1894325511896,25.7704832369511],[-80.1894219555608,25.7704943821498]],[[-80.1894119330572,25.770537101492],[-80.1893990143851,25.7705573508447],[-80.1894161910717,25.7705320203447],[-80.1894119330572,25.770537101492]],[[-80.1893843996938,25.7705444898244],[-80.1893794095524,25.7705531320613],[-80.1893944033328,25.770531144229],[-80.1893843996938,25.7705444898244]],[[-80.1895849539708,25.7703006762298],[-80.1896431162922,25.7702766918058],[-80.1895879067332,25.7702991351369],[-80.1895849539708,25.7703006762298]],[[-80.1896268702603,25.7703417647534],[-80.1896136434661,25.77034856902],[-80.189637303294,25.7703377473965],[-80.1896268702603,25.7703417647534]],[[-80.1893534123081,25.7705981545218],[-80.1893502044242,25.7706057030266],[-80.1893623226973,25.7705827225969],[-80.1893534123081,25.7705981545218]],[[-80.1893807839748,25.770585925312],[-80.1893716193622,25.7706056342641],[-80.1893838858574,25.7705810633979],[-80.1893807839748,25.770585925312]],[[-80.1896725271346,25.7703241817373],[-80.1896966531882,25.770315856601],[-80.1896884138404,25.7703180634781],[-80.1896725271346,25.7703241817373]],[[-80.1893293976456,25.7706546716241],[-80.1893278696113,25.7706602470469],[-80.1893367126269,25.7706374551179],[-80.1893293976456,25.7706546716241]],[[-80.1897349115379,25.7703056085361],[-80.1897581805987,25.7702999926479],[-80.1897525445686,25.7703008849448],[-80.1897349115379,25.7703056085361]],[[-80.1895962565738,25.7706076388932],[-80.1895744320039,25.7706205071874],[-80.1895777764317,25.7706189054258],[-80.1895962565738,25.7706076388932]],[[-80.1897226189915,25.770508779412],[-80.1897246222346,25.7705064447209],[-80.1897068742195,25.7705235884387],[-80.1897226189915,25.770508779412]],[[-80.1897201773705,25.7703334671234],[-80.1897410910487,25.7703280575245],[-80.1897245773188,25.7703319899397],[-80.1897201773705,25.7703334671234]],[[-80.1895412536272,25.7706364018384],[-80.1895192386145,25.7706466458299],[-80.1895218419322,25.7706457017615],[-80.1895412536272,25.7706364018384]],[[-80.1897614423815,25.7704635312145],[-80.1897627054127,25.7704616827145],[-80.1897478400914,25.7704793830111],[-80.1897614423815,25.7704635312145]],[[-80.1898184243166,25.7702904516239],[-80.1898018512979,25.7702930759314],[-80.1898212198737,25.7702903035818],[-80.1898184243166,25.7702904516239]],[[-80.189482151668,25.7706600868708],[-80.1894613601608,25.770667436365],[-80.1894630921126,25.7706669938583],[-80.189482151668,25.7706600868708]],[[-80.189681785172,25.7703463475819],[-80.1896675262134,25.7703511318443],[-80.1896654942243,25.7703520265677],[-80.189681785172,25.7703463475819]],[[-80.1897947635903,25.7704148189823],[-80.1897954301402,25.7704135658848],[-80.1897839918917,25.770430568046],[-80.1897947635903,25.7704148189823]],[[-80.189901238206,25.7702657027184],[-80.1898920286777,25.7702655910801],[-80.1898981596795,25.7702658394348],[-80.189901238206,25.7702657027184]],[[-80.1894174765609,25.7706786397923],[-80.1894013859375,25.7706826668453],[-80.1894021863364,25.7706825430729],[-80.1894174765609,25.7706786397923]],[[-80.1898224424808,25.770362610352],[-80.1898154796391,25.7703758556538],[-80.1898222125121,25.7703631911941],[-80.1898224424808,25.770362610352]],[[-80.1899049239936,25.7702655401148],[-80.1899100057632,25.7702647707816],[-80.1899036492842,25.7702655959339],[-80.1899049239936,25.7702655401148]],[[-80.189914959972,25.7702640192457],[-80.1899221411043,25.7702619612186],[-80.1899145323739,25.7702640839636],[-80.189914959972,25.7702640192457]],[[-80.1892787847659,25.770745165429],[-80.1892793417213,25.7707439115261],[-80.189277765178,25.7707467971208],[-80.1892787847659,25.770745165429]],[[-80.1892808176533,25.7707405931325],[-80.1892813341847,25.7707387284574],[-80.1892803460378,25.7707416553097],[-80.1892808176533,25.7707405931325]],[[-80.189276104193,25.770749452968],[-80.1892764707057,25.770748868083],[-80.1892740856786,25.770751873405],[-80.189276104193,25.770749452968]],[[-80.1892822459747,25.7707354286701],[-80.1892825244524,25.7707329880085],[-80.1892820663116,25.7707360798907],[-80.1892822459747,25.7707354286701]],[[-80.1892828487442,25.7707301331543],[-80.189282691539,25.7707265712605],[-80.1892828182015,25.7707304090129],[-80.1892828487442,25.7707301331543]]]},"properties":{"OBJECTID":533525,"UNIQUEID":"D1_MDC_Building_22","SOURCE":"P","YEARUPDATE":2015,"TYPE":"L","HEIGHT":null,"GlobalID":"90e16f72-da5f-4a86-a080-94c4daa7b981","Shape__Area":6951.87890625,"Shape__Length":693.1512643830929}},{"type":"Feature","id":534391,"geometry":{"type":"Polygon","coordinates":[[[-80.1958936892606,25.7652555476856],[-80.1958930281006,25.7652399670177],[-80.1957976548652,25.765243282329],[-80.1957964735806,25.7652153958497],[-80.1957939349416,25.7651554208854],[-80.1957793238435,25.7648104433055],[-80.1959579349731,25.76480423658],[-80.1959769208666,25.7652526522493],[-80.1958936892606,25.7652555476856]]]},"properties":{"OBJECTID":534391,"UNIQUEID":"D3_MDC_Building_17816","SOURCE":"P","YEARUPDATE":2015,"TYPE":"L","HEIGHT":null,"GlobalID":"c93ad3fd-695d-42c1-81c4-b1a03b9b4808","Shape__Area":1083.19921875,"Shape__Length":150.73139816630186}},{"type":"Feature","id":536272,"geometry":{"type":"Polygon","coordinates":[[[-80.1984105270399,25.7654706244429],[-80.198504389309,25.7654680558501],[-80.198510862569,25.7656620309655],[-80.1984169994016,25.7656646011721],[-80.1984105270399,25.7654706244429]]]},"properties":{"OBJECTID":536272,"UNIQUEID":"D3_MDC_Building_6566","SOURCE":"P","YEARUPDATE":2015,"TYPE":"L","HEIGHT":null,"GlobalID":"a54b479a-6b82-4f1c-a1c2-62c6a915e602","Shape__Area":250.759765625,"Shape__Length":68.88300032233192}},{"type":"Feature","id":536903,"geometry":{"type":"Polygon","coordinates":[[[-80.1965216835095,25.7632602064371],[-80.1965214544391,25.7632542455727],[-80.1964917857802,25.7632551799916],[-80.1964838383849,25.7630483253574],[-80.1965135052471,25.7630473917459],[-80.1965132240744,25.7630400676686],[-80.196616683944,25.7630368097363],[-80.1966251415824,25.7632569468928],[-80.1965216835095,25.7632602064371]]]},"properties":{"OBJECTID":536903,"UNIQUEID":"D3_MDC_Building_27517","SOURCE":"P","YEARUPDATE":2015,"TYPE":"L","HEIGHT":null,"GlobalID":"1481283e-a12d-4638-bf31-c7a851c3ee51","Shape__Area":398.310546875,"Shape__Length":84.11078476164519}},{"type":"Feature","id":546080,"geometry":{"type":"Polygon","coordinates":[[[-80.1964252565503,25.7649041355357],[-80.1965092382495,25.7649025830465],[-80.1965129599697,25.7650676289515],[-80.1964289782705,25.7650691822475],[-80.1964252565503,25.7649041355357]]]},"properties":{"OBJECTID":546080,"UNIQUEID":"D3_MDC_Building_6346","SOURCE":"P","YEARUPDATE":2015,"TYPE":"L","HEIGHT":null,"GlobalID":"916f9f32-c314-4d79-8098-26c8f1624f89","Shape__Area":190.806640625,"Shape__Length":59.512053355723296}},{"type":"Feature","id":552887,"geometry":{"type":"Polygon","coordinates":[[[-80.1969415911076,25.7644990799941],[-80.1971733878919,25.7644934217626],[-80.1971764520453,25.7645967827403],[-80.1971480050952,25.7645974841533],[-80.1971489357499,25.7646281149442],[-80.1970117872605,25.764631533826],[-80.197013555145,25.7646897162869],[-80.1967874878155,25.7646952264601],[-80.1967746266356,25.764695596178],[-80.196772767123,25.7646332691553],[-80.1967856238113,25.7646329544499],[-80.1967828578986,25.7645398825178],[-80.1969426933404,25.7645359879343],[-80.1969415911076,25.7644990799941]]]},"properties":{"OBJECTID":552887,"UNIQUEID":"D3_MDC_Building_6419","SOURCE":"P","YEARUPDATE":2015,"TYPE":"L","HEIGHT":null,"GlobalID":"02881e19-d290-4847-b603-77404e147a6c","Shape__Area":821.8046875,"Shape__Length":137.6344067284291}},{"type":"Feature","id":553593,"geometry":{"type":"Polygon","coordinates":[[[-80.1959225081133,25.7656870777355],[-80.1959219960736,25.7656666341998],[-80.195845629393,25.7656681996231],[-80.1958415088207,25.765503130283],[-80.1959202452571,25.7655015195533],[-80.1959207563985,25.7655219550273],[-80.1959701071452,25.7655209445798],[-80.1959695196471,25.7654974510651],[-80.1960481644552,25.7654958403354],[-80.1960522742477,25.7656605893199],[-80.1959872407127,25.765661922559],[-80.1959878362957,25.7656857412607],[-80.1959225081133,25.7656870777355]]]},"properties":{"OBJECTID":553593,"UNIQUEID":"D3_MDC_Building_12040","SOURCE":"P","YEARUPDATE":2015,"TYPE":"L","HEIGHT":null,"GlobalID":"74f08dfb-a000-41c2-8e20-4e55744bb6b2","Shape__Area":474.58203125,"Shape__Length":97.72075791014578}},{"type":"Feature","id":553855,"geometry":{"type":"Polygon","coordinates":[[[-80.1900471587442,25.7608550259713],[-80.1900621381515,25.7607957728927],[-80.1902085797125,25.7608261271647],[-80.1901666939658,25.7609918372924],[-80.1900679197087,25.7609713646319],[-80.1900754017767,25.7609417628009],[-80.1900673465836,25.7609400929496],[-80.1900867771432,25.760863237697],[-80.1900471587442,25.7608550259713]]]},"properties":{"OBJECTID":553855,"UNIQUEID":"D1_MDC_Building_166","SOURCE":"P","YEARUPDATE":2015,"TYPE":"L","HEIGHT":null,"GlobalID":"ec9d96c1-065f-4de6-8956-1884eb0baff2","Shape__Area":286.87890625,"Shape__Length":75.4696353180363}},{"type":"Feature","id":556955,"geometry":{"type":"Polygon","coordinates":[[[-80.1938465410175,25.7629320882419],[-80.1940099005503,25.7629266370456],[-80.1940108590527,25.7629502127803],[-80.1940118184534,25.7629737885103],[-80.1938484580223,25.7629792397045],[-80.1938465410175,25.7629320882419]]]},"properties":{"OBJECTID":556955,"UNIQUEID":"D1_Small_Building_383","SOURCE":"L","YEARUPDATE":2015,"TYPE":"S","HEIGHT":null,"GlobalID":"aa7f8623-6492-4e47-9942-3dbd24415576","Shape__Area":106.12890625,"Shape__Length":48.059471918929354}},{"type":"Feature","id":557006,"geometry":{"type":"Polygon","coordinates":[[[-80.1889404280259,25.7637872628051],[-80.1889687060928,25.7636814433265],[-80.1889464736878,25.7636766126812],[-80.1889521411589,25.7636554050864],[-80.1889802880717,25.7636381034271],[-80.1890116374785,25.7636188334239],[-80.1890334530652,25.7635372002227],[-80.1890144941211,25.7635101061812],[-80.1890148372776,25.7635088255042],[-80.1889928734689,25.763475350722],[-80.1889967784454,25.7634607406437],[-80.1890259763871,25.763467138368],[-80.1890456467969,25.7633935264934],[-80.1890754663727,25.7633794681565],[-80.1895860714751,25.7634908766082],[-80.1896362567568,25.7635027271191],[-80.189680790737,25.7635133001879],[-80.1897288613845,25.7635247105903],[-80.1897736765374,25.7635353491877],[-80.1898188824574,25.7635460800123],[-80.1898626753275,25.7635564759022],[-80.1898629394322,25.7635568852656],[-80.1898915570622,25.7635633331439],[-80.189911791614,25.7636017210696],[-80.1898867609569,25.7636967717854],[-80.1898207159189,25.7637329421512],[-80.1897823848057,25.7637223909454],[-80.1897788050193,25.7637353764846],[-80.189763708831,25.763790152614],[-80.189808020029,25.7638053758867],[-80.1898412576945,25.7638516726808],[-80.1898088033599,25.763955221909],[-80.1897694912865,25.7639851271786],[-80.1897428095259,25.763979185767],[-80.1897018804849,25.7639700713952],[-80.1896568281768,25.7639600387897],[-80.1896150493296,25.7639507342977],[-80.1895725284739,25.7639412647656],[-80.1895698676641,25.7639406717569],[-80.1895583916863,25.7639381160753],[-80.1895019568252,25.7639255472015],[-80.1894772657313,25.7639200491279],[-80.1894301383149,25.7639095537609],[-80.1889503526132,25.7638027045127],[-80.1889404280259,25.7637872628051]]]},"properties":{"OBJECTID":557006,"UNIQUEID":"D1_MDC_Building_74","SOURCE":"P","YEARUPDATE":2015,"TYPE":"L","HEIGHT":null,"GlobalID":"ba64bfa6-b832-4db5-a67a-214f58655dbf","Shape__Area":5234.41015625,"Shape__Length":324.28059973267705}},{"type":"Feature","id":557070,"geometry":{"type":"Polygon","coordinates":[[[-80.1885807057553,25.7688362964248],[-80.1890483174882,25.7688213715029],[-80.1890200708624,25.7690459335761],[-80.1886865048378,25.769056684936],[-80.1884398041046,25.769340967851],[-80.1884394950842,25.7693413246108],[-80.1881930611506,25.7692349866736],[-80.1883475623963,25.7690565037242],[-80.1883385424126,25.7690501014472],[-80.1885122442492,25.7688494351112],[-80.1885807057553,25.7688362964248]]]},"properties":{"OBJECTID":557070,"UNIQUEID":"D1_MDC_Building_247","SOURCE":"P","YEARUPDATE":2015,"TYPE":"L","HEIGHT":null,"GlobalID":"3d0c91d1-baf4-419c-a574-1956526e2caa","Shape__Area":2929.513671875,"Shape__Length":260.75009149690544}},{"type":"Feature","id":564053,"geometry":{"type":"Polygon","coordinates":[[[-80.1988143062854,25.7674080864044],[-80.1988085130501,25.7673189904219],[-80.1989522318175,25.767311328449],[-80.1989529899956,25.7673229811842],[-80.1989722920961,25.7673219521452],[-80.1989773280516,25.7673993953989],[-80.1988143062854,25.7674080864044]]]},"properties":{"OBJECTID":564053,"UNIQUEID":"D3_Small_Building_8421","SOURCE":"L","YEARUPDATE":2015,"TYPE":"S","HEIGHT":null,"GlobalID":"7cc71f21-5d58-458b-a25b-16c7d86677c1","Shape__Area":197.451171875,"Shape__Length":58.4225781648378}},{"type":"Feature","id":567911,"geometry":{"type":"Polygon","coordinates":[[[-80.1986812163845,25.7686774897887],[-80.1991087120518,25.768667313582],[-80.1991120304284,25.7687815638821],[-80.1986845329645,25.768791740888],[-80.1986812163845,25.7686774897887]]]},"properties":{"OBJECTID":567911,"UNIQUEID":"D3_MDC_Building_28183","SOURCE":"P","YEARUPDATE":2015,"TYPE":"L","HEIGHT":null,"GlobalID":"1f89c069-d888-4e91-812d-eae3e53200d7","Shape__Area":672.548828125,"Shape__Length":123.46580187277759}},{"type":"Feature","id":570645,"geometry":{"type":"Polygon","coordinates":[[[-80.1894974104516,25.7625562439293],[-80.1888589607111,25.762428832061],[-80.1888644610956,25.7624062246274],[-80.1888271810113,25.7623986925908],[-80.188835311663,25.7623643615453],[-80.1888354068844,25.762364380962],[-80.1888418585848,25.7623374678748],[-80.1888293477478,25.7623349728357],[-80.1888935377648,25.7620712103382],[-80.1889476783286,25.762082190476],[-80.1889557317252,25.762049202327],[-80.1888527515559,25.762028318053],[-80.1888665667467,25.7619715525164],[-80.1888735879789,25.7619427057594],[-80.1889028730572,25.7618223754855],[-80.189117376374,25.761865182897],[-80.189114623936,25.7618764882838],[-80.1891546079493,25.7618844685563],[-80.1891566992272,25.7618758782751],[-80.1891978573386,25.7618840915483],[-80.1891954768031,25.76189387353],[-80.189239776323,25.7619027146091],[-80.1892416609885,25.7618949681475],[-80.1892816072726,25.7619029395194],[-80.189279560012,25.7619113493849],[-80.1893087489705,25.7619172617749],[-80.1895800779156,25.7619678026649],[-80.1895332280786,25.7621603070234],[-80.1895299016171,25.7621739779803],[-80.1894861069504,25.7621652380499],[-80.1894784407277,25.7621967343192],[-80.189532046794,25.7622074320946],[-80.1895209031929,25.7622553936815],[-80.1895107998409,25.7625141131125],[-80.1895176243421,25.7625154747028],[-80.1895101952747,25.7625459992396],[-80.1895003802819,25.7625440405888],[-80.1894974104516,25.7625562439293]]]},"properties":{"OBJECTID":570645,"UNIQUEID":"D1_MDC_Building_300","SOURCE":"P","YEARUPDATE":2015,"TYPE":"L","HEIGHT":null,"GlobalID":"5cca1965-4403-4242-8bc1-cce952c22b1d","Shape__Area":5516.279296875,"Shape__Length":340.45759114546104}},{"type":"Feature","id":570806,"geometry":{"type":"Polygon","coordinates":[[[-80.1961725990884,25.7700920533214],[-80.196200693899,25.7699619232961],[-80.1962464630627,25.7699697347582],[-80.1962914453022,25.769977410312],[-80.1962812566103,25.7700246681876],[-80.1963153647433,25.7700304839055],[-80.1962974846759,25.7701133527983],[-80.1962183898117,25.770099863157],[-80.1961725990884,25.7700920533214]]]},"properties":{"OBJECTID":570806,"UNIQUEID":"D3_MDC_Building_15670","SOURCE":"P","YEARUPDATE":2015,"TYPE":"L","HEIGHT":null,"GlobalID":"0c5674bc-cdf2-41f4-9713-f43fa002031a","Shape__Area":208.83984375,"Shape__Length":61.06895170144669}},{"type":"Feature","id":572208,"geometry":{"type":"Polygon","coordinates":[[[-80.1984194203612,25.7651818139509],[-80.1984164226831,25.7650809824423],[-80.1984757330515,25.7650795335086],[-80.1984761777175,25.7650944192595],[-80.1988367372181,25.7650856172505],[-80.1988363545357,25.7650727426931],[-80.1989058769522,25.7650710462027],[-80.1989088162398,25.7651698697627],[-80.1984194203612,25.7651818139509]]]},"properties":{"OBJECTID":572208,"UNIQUEID":"D3_MDC_Building_8801","SOURCE":"P","YEARUPDATE":2015,"TYPE":"L","HEIGHT":null,"GlobalID":"8b405832-3b67-42a8-9df4-f29a6f8ad0c3","Shape__Area":603.68359375,"Shape__Length":137.1186979802308}},{"type":"Feature","id":572399,"geometry":{"type":"Polygon","coordinates":[[[-80.1962082505271,25.766769858463],[-80.1962007756456,25.7665459368551],[-80.1961902626618,25.7665462272855],[-80.1961870395066,25.7664496514613],[-80.196304357686,25.7664467050872],[-80.1963054599189,25.7664797235652],[-80.1963062585212,25.7665036424186],[-80.1963075718581,25.7665429912924],[-80.196315723171,25.7667872381385],[-80.1962621683087,25.7667885834999],[-80.1962727387846,25.7671052486186],[-80.196275839769,25.7671981931452],[-80.1961662354229,25.7672009461511],[-80.196163124557,25.7671077257595],[-80.1961692825083,25.7671075858035],[-80.1961580535673,25.7667711196889],[-80.1962082505271,25.766769858463]]]},"properties":{"OBJECTID":572399,"UNIQUEID":"D3_MDC_Building_26910","SOURCE":"P","YEARUPDATE":2015,"TYPE":"L","HEIGHT":null,"GlobalID":"db5a1dbb-72fa-4c72-92f1-2f74cfec015e","Shape__Area":1120.1796875,"Shape__Length":224.22043959796136}},{"type":"Feature","id":582582,"geometry":{"type":"Polygon","coordinates":[[[-80.1935726869082,25.7596035984534],[-80.1934236752672,25.759572520582],[-80.1934217402961,25.7595801272301],[-80.1933665235505,25.7595686112727],[-80.1933721011901,25.7595466828931],[-80.1933587118008,25.7595438892574],[-80.193421979248,25.7592951397212],[-80.193437490458,25.7592983742937],[-80.193444342807,25.759271433004],[-80.1934577789087,25.759218605405],[-80.1934998748612,25.7590530926376],[-80.1934900742415,25.759051048979],[-80.1934959258672,25.7590280355685],[-80.1935057282836,25.7590300808456],[-80.1935099485688,25.7590134848125],[-80.1935188751278,25.7589783914723],[-80.1935063885453,25.7589757871409],[-80.1935242713077,25.7589054758342],[-80.193586188587,25.7589178810022],[-80.1935841404281,25.758925934288],[-80.1938024301438,25.7589288557682],[-80.1937888781595,25.7589858824645],[-80.1937792302533,25.7589838703577],[-80.1937630920193,25.7590473111711],[-80.1937467148333,25.7590438953646],[-80.1937421325271,25.7590619112749],[-80.1937467130367,25.7590628667621],[-80.193736029373,25.759093829882],[-80.1937545256847,25.7590995134514],[-80.1937352631101,25.7591727032379],[-80.1937121359831,25.7591688715841],[-80.1937003985956,25.759215971144],[-80.1937939320813,25.7592355234105],[-80.1937405290343,25.7594280920685],[-80.1936523198633,25.7594088958144],[-80.1936394550901,25.7594605154222],[-80.1936619857357,25.7594646302329],[-80.1936227850534,25.7596234920733],[-80.1935704069841,25.7596125683413],[-80.1935726869082,25.7596035984534]]]},"properties":{"OBJECTID":582582,"UNIQUEID":"D1_MDC_Building_30","SOURCE":"P","YEARUPDATE":2015,"TYPE":"L","HEIGHT":null,"GlobalID":"1bb06e0e-3dad-4815-abde-f6efba0eb718","Shape__Area":2662.77734375,"Shape__Length":274.22644451126365}},{"type":"Feature","id":583310,"geometry":{"type":"Polygon","coordinates":[[[-80.1985579926803,25.7655810010689],[-80.1985542152646,25.7654126996287],[-80.1986596999368,25.7654107604413],[-80.1986605919639,25.7654505020452],[-80.1986706656715,25.7654503184009],[-80.1986724829633,25.7655312844754],[-80.1986624092557,25.7655314689285],[-80.1986634773526,25.7655790602663],[-80.1985579926803,25.7655810010689]]]},"properties":{"OBJECTID":583310,"UNIQUEID":"D3_MDC_Building_13635","SOURCE":"P","YEARUPDATE":2015,"TYPE":"L","HEIGHT":null,"GlobalID":"cc31b515-0402-4a07-892a-a94479ef5be7","Shape__Area":255.61328125,"Shape__Length":67.34835680121947}},{"type":"Feature","id":586513,"geometry":{"type":"Polygon","coordinates":[[[-80.1982799389471,25.7655826368767],[-80.1982784118111,25.765519744016],[-80.1982493333453,25.7655203208367],[-80.198247360645,25.765439233404],[-80.1983528938262,25.7654371283708],[-80.1983582486836,25.7656571413436],[-80.1982639255788,25.7656590222786],[-80.1982620768459,25.7655829944568],[-80.1982799389471,25.7655826368767]]]},"properties":{"OBJECTID":586513,"UNIQUEID":"D3_MDC_Building_8153","SOURCE":"P","YEARUPDATE":2015,"TYPE":"L","HEIGHT":null,"GlobalID":"080742a2-d369-4c23-a8bd-3548255e7b89","Shape__Area":282.73828125,"Shape__Length":81.88348053080294}},{"type":"Feature","id":587633,"geometry":{"type":"Polygon","coordinates":[[[-80.1979294450693,25.7631960688805],[-80.1979292725927,25.7631800656333],[-80.1978594797834,25.7631806780623],[-80.1978593773754,25.7631712990793],[-80.1978294032894,25.7631715628202],[-80.1978295146804,25.7631818996843],[-80.1977556435197,25.7631825452832],[-80.1977553506689,25.7631552076454],[-80.1977237632086,25.7631554875668],[-80.1977229421484,25.7630786531648],[-80.1977452338422,25.7630784573815],[-80.1977447846845,25.7630368437153],[-80.1978199682839,25.7630361819351],[-80.1978201165059,25.7630498325655],[-80.197853179,25.7630495413176],[-80.1978530370661,25.7630362312855],[-80.1979590804905,25.76303530091],[-80.1979588999291,25.7630181625828],[-80.1980233369827,25.7630175922221],[-80.1980234771199,25.7630305163527],[-80.1981342402928,25.7630295430989],[-80.198134312158,25.7630364456764],[-80.1981619506244,25.7630362037787],[-80.1981618419282,25.7630260545951],[-80.198233422385,25.7630254276028],[-80.1982336451672,25.7630463472983],[-80.198241813548,25.7630462744864],[-80.1982701059879,25.7630460261166],[-80.1982707635547,25.7631074219797],[-80.1982424890811,25.7631076711584],[-80.1982432104283,25.7631752551932],[-80.1981719919926,25.7631758805666],[-80.1981718455672,25.7631623286512],[-80.1981371005286,25.7631626360793],[-80.1981372280893,25.7631747422737],[-80.1980732357018,25.7631753061615],[-80.1980734441109,25.7631948035715],[-80.1979294450693,25.7631960688805]]]},"properties":{"OBJECTID":587633,"UNIQUEID":"D3_MDC_Building_1636","SOURCE":"P","YEARUPDATE":2015,"TYPE":"L","HEIGHT":null,"GlobalID":"c630bb36-26d6-4c11-a2f6-54e1b2d362df","Shape__Area":1069.072265625,"Shape__Length":177.5950967154475}},{"type":"Feature","id":598195,"geometry":{"type":"Polygon","coordinates":[[[-80.191677441983,25.764616574397],[-80.1913870840253,25.7645532530573],[-80.1914036651288,25.7644909162516],[-80.1913864129837,25.7644871543445],[-80.1914007833333,25.7644331284915],[-80.1914176734573,25.7644368119261],[-80.1914240802419,25.7644127082012],[-80.1914963407234,25.7644284669605],[-80.1915356599834,25.7644370433037],[-80.1916183831429,25.764455084284],[-80.1916141529762,25.76447099675],[-80.1916268291032,25.7644737611453],[-80.1916237838144,25.764485211906],[-80.1916650012146,25.7644942000323],[-80.1916689250558,25.7644794460752],[-80.1917236980336,25.7644929290741],[-80.1917027421346,25.764575936129],[-80.1916890455215,25.7645729492579],[-80.191677441983,25.764616574397]]]},"properties":{"OBJECTID":598195,"UNIQUEID":"D1_MDC_Building_357","SOURCE":"P","YEARUPDATE":2015,"TYPE":"L","HEIGHT":null,"GlobalID":"513b8bd0-73c8-49c0-b89c-7fc4308360b1","Shape__Area":595.83203125,"Shape__Length":112.75870221598163}},{"type":"Feature","id":601614,"geometry":{"type":"Polygon","coordinates":[[[-80.1974835096841,25.7637453314434],[-80.1974834252425,25.7637384264802],[-80.1974540458411,25.7637387193445],[-80.1974531529157,25.7636656771869],[-80.1974825368086,25.7636653835134],[-80.197482403858,25.7636544310287],[-80.1976084446789,25.7636531730058],[-80.1976088570056,25.7636870926975],[-80.197623252508,25.7636869495014],[-80.1976239487024,25.7637439286074],[-80.1976095514033,25.7637440726125],[-80.1974835096841,25.7637453314434]]]},"properties":{"OBJECTID":601614,"UNIQUEID":"D3_MDC_Building_26416","SOURCE":"P","YEARUPDATE":2015,"TYPE":"L","HEIGHT":null,"GlobalID":"11e4ff8c-773d-4f92-92e7-b8623cb0f28a","Shape__Area":198.48828125,"Shape__Length":60.283580204899266}},{"type":"Feature","id":602399,"geometry":{"type":"Polygon","coordinates":[[[-80.1989445449336,25.7682478361338],[-80.1990459970685,25.7682464616655],[-80.1990736364331,25.768252185246],[-80.1990950325066,25.7682717950803],[-80.1991039851167,25.7683097049904],[-80.1991091980403,25.768447239043],[-80.1989522866147,25.7684521139883],[-80.1989445449336,25.7682478361338]]]},"properties":{"OBJECTID":602399,"UNIQUEID":"D3_MDC_Building_26953","SOURCE":"P","YEARUPDATE":2015,"TYPE":"L","HEIGHT":null,"GlobalID":"4662954a-d0b8-4e6c-88ae-b4add8aff46b","Shape__Area":428.25390625,"Shape__Length":82.39541525758102}},{"type":"Feature","id":611168,"geometry":{"type":"Polygon","coordinates":[[[-80.1916832729475,25.7686834673694],[-80.1917419374271,25.7684598632579],[-80.1917430863724,25.7684601180882],[-80.1918021946198,25.7684732171761],[-80.1920578183187,25.7685298639188],[-80.1920690589378,25.7687670296922],[-80.1917489703375,25.7686976973916],[-80.1916832729475,25.7686834673694]]]},"properties":{"OBJECTID":611168,"UNIQUEID":"D1_MDC_Building_16","SOURCE":"P","YEARUPDATE":2015,"TYPE":"L","HEIGHT":null,"GlobalID":"5e21a13c-def0-4233-bf9b-513d1bfad8d3","Shape__Area":1137.259765625,"Shape__Length":138.12722086591515}},{"type":"Feature","id":614167,"geometry":{"type":"Polygon","coordinates":[[[-80.1944536826736,25.7678903880762],[-80.1945115198049,25.7678888647497],[-80.1945123938657,25.7679160637694],[-80.1945218450407,25.7682103080458],[-80.1943943839834,25.7682136653414],[-80.1943690308311,25.7682143319466],[-80.1943665326163,25.7681365963711],[-80.194360408801,25.7679461306478],[-80.1944087696044,25.7679448556816],[-80.1944079314762,25.7679188159496],[-80.1944545531411,25.7679175870955],[-80.1944536826736,25.7678903880762]]]},"properties":{"OBJECTID":614167,"UNIQUEID":"D1_MDC_Building_218","SOURCE":"P","YEARUPDATE":2015,"TYPE":"L","HEIGHT":null,"GlobalID":"b67bb36f-8290-4683-b121-089e8a802b6d","Shape__Area":623.58984375,"Shape__Length":113.53841180558392}},{"type":"Feature","id":614880,"geometry":{"type":"Polygon","coordinates":[[[-80.1952930864414,25.7625603044279],[-80.195293470022,25.7625602922925],[-80.1953013239925,25.7628099265321],[-80.1952913086754,25.7628102509506],[-80.1952909915702,25.7628102606589],[-80.1952261107488,25.7628123616934],[-80.195223943114,25.7628124320785],[-80.1952223045869,25.7628124854741],[-80.195219461419,25.7628125768937],[-80.1952186942578,25.7628126019735],[-80.1952183106772,25.7628126141088],[-80.195210457605,25.7625629895832],[-80.1952326280262,25.7625622695506],[-80.1952896773349,25.7625604144553],[-80.1952911775214,25.7625603667228],[-80.1952923192802,25.7625603295077],[-80.1952930864414,25.7625603044279]]]},"properties":{"OBJECTID":614880,"UNIQUEID":"D3_MDC_Building_22302","SOURCE":"P","YEARUPDATE":2015,"TYPE":"L","HEIGHT":null,"GlobalID":"0539eca4-032f-4e69-8810-deedb02288a8","Shape__Area":285.427734375,"Shape__Length":80.22984732806015}},{"type":"Feature","id":636762,"geometry":{"type":"Polygon","coordinates":[[[-80.1938029403868,25.7627709574711],[-80.1938576450927,25.762770044083],[-80.1938593285355,25.7628527732296],[-80.1938046238297,25.762853686617],[-80.1938029403868,25.7627709574711]]]},"properties":{"OBJECTID":636762,"UNIQUEID":"D1_Small_Building_384","SOURCE":"L","YEARUPDATE":2015,"TYPE":"S","HEIGHT":null,"GlobalID":"a323f784-3147-4f14-9514-fb4fab227e98","Shape__Area":62.29296875,"Shape__Length":32.636526971305585}},{"type":"Feature","id":639030,"geometry":{"type":"MultiPolygon","coordinates":[[[[-80.1966980344777,25.7641539718735],[-80.1966978655945,25.7641427823926],[-80.1967599840964,25.7641420097836],[-80.1967601188437,25.7641508183347],[-80.1967825120471,25.7641505392246],[-80.1967842565753,25.7642652873707],[-80.1966842794741,25.7642665300159],[-80.1966825708784,25.764154166037],[-80.1966980344777,25.7641539718735]]],[[[-80.1966977452202,25.7641348864094],[-80.1966975808285,25.7641240795907],[-80.1966799999001,25.7641243004517],[-80.1966784350349,25.7640211477886],[-80.1967361994026,25.7640204269558],[-80.196737026751,25.7640749343606],[-80.1967781642011,25.7640744222541],[-80.1967788594971,25.7641201396887],[-80.196759655313,25.7641203775391],[-80.1967598637221,25.7641341129914],[-80.1966977452202,25.7641348864094]]]]},"properties":{"OBJECTID":639030,"UNIQUEID":"D3_MDC_Building_7293","SOURCE":"P","YEARUPDATE":2015,"TYPE":"L","HEIGHT":null,"GlobalID":"312552de-5ff0-43cb-a6cd-fad13d865ac1","Shape__Area":282.919921875,"Shape__Length":103.00502946846278}},{"type":"Feature","id":644645,"geometry":{"type":"Polygon","coordinates":[[[-80.1933123165113,25.7638164974419],[-80.1933111316334,25.7637845485528],[-80.1934234515866,25.7637814726698],[-80.1934251871318,25.763811132851],[-80.1934245762774,25.7637976344033],[-80.193494304408,25.7637954896993],[-80.1934965537895,25.7638628581441],[-80.1933136433229,25.7638678659564],[-80.1933123165113,25.7638164974419]]]},"properties":{"OBJECTID":644645,"UNIQUEID":"D1_MDC_Building_263","SOURCE":"P","YEARUPDATE":2015,"TYPE":"L","HEIGHT":null,"GlobalID":"6d613607-f401-4f0b-a892-a54cbd2e837d","Shape__Area":194.060546875,"Shape__Length":64.6213674875517}},{"type":"Feature","id":645243,"geometry":{"type":"Polygon","coordinates":[[[-80.1909341301028,25.7599665980372],[-80.1910317491264,25.7596303009994],[-80.1905232083525,25.7595187432967],[-80.1904448752597,25.7594648988363],[-80.190646943198,25.7592118458071],[-80.191013370494,25.7592893930554],[-80.1913026450835,25.7593506112527],[-80.191275678557,25.7594538852856],[-80.1911311441194,25.7600073988825],[-80.1909341301028,25.7599665980372]],[[-80.1910228629916,25.7597683135446],[-80.1910346452949,25.7597266517935],[-80.1910340362372,25.7597265085926],[-80.1910221200849,25.759768138791],[-80.1910228629916,25.7597683135446]],[[-80.1910740570814,25.7597359380086],[-80.1910741118786,25.7597359525714],[-80.1910741217601,25.7597359177825],[-80.1910725164707,25.7597355407677],[-80.1910740570814,25.7597359380086]]]},"properties":{"OBJECTID":645243,"UNIQUEID":"D1_MDC_Building_118","SOURCE":"P","YEARUPDATE":2015,"TYPE":"L","HEIGHT":null,"GlobalID":"7a8ba2fe-ff90-47ca-bfe5-b469c8ff702a","Shape__Area":4277.046875,"Shape__Length":342.7626127403322}},{"type":"Feature","id":650769,"geometry":{"type":"Polygon","coordinates":[[[-80.1958299232485,25.764308013],[-80.1958287859813,25.7642779354918],[-80.1957955671804,25.7642789710294],[-80.1957636671064,25.7642799653072],[-80.1957580032285,25.764130957834],[-80.1957650756647,25.764130738591],[-80.1957635125962,25.7640895993765],[-80.1958619140524,25.7640865315915],[-80.1958623012263,25.7640967348885],[-80.1958708154585,25.7640964687226],[-80.1959559272384,25.7640938151535],[-80.1963556487938,25.7640813530863],[-80.1963553298918,25.7640729571277],[-80.1964286890129,25.764070670851],[-80.196436199827,25.7642681868762],[-80.1963826782023,25.7642682079105],[-80.1963835351951,25.7642907526955],[-80.1963256172155,25.7642925592229],[-80.1960219372421,25.7643020271088],[-80.1959517419875,25.7643042162995],[-80.1958729615337,25.7643066724646],[-80.1958299232485,25.764308013]],[[-80.1962985348063,25.7641035807728],[-80.1963017885043,25.7640995818121],[-80.1962999703141,25.7641014522546],[-80.1962985348063,25.7641035807728]],[[-80.1963021118978,25.7640993010839],[-80.1963066690512,25.7640965374889],[-80.1963042588713,25.7640977404941],[-80.1963021118978,25.7640993010839]],[[-80.1962970391114,25.7641140672236],[-80.196296724701,25.7641091071535],[-80.196296644751,25.7641115956832],[-80.1962970391114,25.7641140672236]],[[-80.1963070768863,25.7640963748769],[-80.1963123949128,25.7640951775347],[-80.1963096811023,25.7640955666709],[-80.1963070768863,25.7640963748769]],[[-80.1962967777016,25.764108697792],[-80.1962983362786,25.7641039424025],[-80.1962973292672,25.7641062610392],[-80.1962967777016,25.764108697792]]]},"properties":{"OBJECTID":650769,"UNIQUEID":"D3_MDC_Building_27863","SOURCE":"P","YEARUPDATE":2015,"TYPE":"L","HEIGHT":null,"GlobalID":"dca10ef5-3252-40d7-b5c2-e50363f55509","Shape__Area":1921.09765625,"Shape__Length":212.6368939641163}},{"type":"Feature","id":653580,"geometry":{"type":"Polygon","coordinates":[[[-80.1963709444081,25.7606750571631],[-80.1964822187224,25.760670722336],[-80.1964835563138,25.7606988744383],[-80.1963722802029,25.7607032100735],[-80.1963709444081,25.7606750571631]]]},"properties":{"OBJECTID":653580,"UNIQUEID":"D1_Small_Building_396","SOURCE":"L","YEARUPDATE":2015,"TYPE":"S","HEIGHT":null,"GlobalID":"f42a32c6-4885-40a8-a118-36e4f03e562f","Shape__Area":43.181640625,"Shape__Length":31.7632293841421}},{"type":"Feature","id":658855,"geometry":{"type":"Polygon","coordinates":[[[-80.1924884643777,25.7602681110261],[-80.1925389299337,25.7600727169364],[-80.1925552352544,25.7600761699292],[-80.1927995446724,25.7601279114123],[-80.1928327823379,25.7601349500775],[-80.1927814804503,25.7603301685029],[-80.1927756189431,25.7603524688964],[-80.192498984548,25.7602938822166],[-80.1925047499355,25.760271560777],[-80.1924884643777,25.7602681110261]]]},"properties":{"OBJECTID":658855,"UNIQUEID":"D1_MDC_Building_32","SOURCE":"P","YEARUPDATE":2015,"TYPE":"L","HEIGHT":null,"GlobalID":"5273e236-ef4d-4165-bf43-e9eb7de01ba2","Shape__Area":921.6796875,"Shape__Length":122.35841720033307}},{"type":"Feature","id":663804,"geometry":{"type":"Polygon","coordinates":[[[-80.197615924052,25.7671395888099],[-80.1976096816591,25.7668431964211],[-80.1976994682717,25.7668416552833],[-80.1977020006225,25.7669620387172],[-80.1978357660565,25.7669591174347],[-80.1978343503116,25.7668921414921],[-80.1979709939478,25.766889785696],[-80.1979753004713,25.7670944404523],[-80.1978373497864,25.7670968447839],[-80.1978359008038,25.767027780094],[-80.197709444063,25.7670299700434],[-80.1977117266821,25.7671379449336],[-80.197615924052,25.7671395888099]]]},"properties":{"OBJECTID":663804,"UNIQUEID":"D3_MDC_Building_7075","SOURCE":"P","YEARUPDATE":2015,"TYPE":"L","HEIGHT":null,"GlobalID":"2f0bd679-fade-41d9-99e4-cefecd602990","Shape__Area":887.287109375,"Shape__Length":187.20873755535308}},{"type":"Feature","id":663918,"geometry":{"type":"Polygon","coordinates":[[[-80.19790261329,25.7678363969407],[-80.1979014248189,25.7677965347872],[-80.19788644092,25.7677968915517],[-80.1978857043015,25.767772079834],[-80.1978840621811,25.7677168266198],[-80.1979131469351,25.7677161341241],[-80.1979120195494,25.7676784262721],[-80.1979092509417,25.7675857846842],[-80.1979924475134,25.7675837670602],[-80.1979952026464,25.7676764256385],[-80.1979963246422,25.7677141512889],[-80.1979979649659,25.7677693252233],[-80.1979998891572,25.7678340079948],[-80.1980025104412,25.7679222201749],[-80.1979052444555,25.7679246002201],[-80.19790261329,25.7678363969407]]]},"properties":{"OBJECTID":663918,"UNIQUEID":"D3_MDC_Building_14549","SOURCE":"P","YEARUPDATE":2015,"TYPE":"L","HEIGHT":null,"GlobalID":"39c9e88c-c6f8-44f5-898b-8ae7524bda90","Shape__Area":444.61328125,"Shape__Length":108.71014928647222}},{"type":"Feature","id":665001,"geometry":{"type":"Polygon","coordinates":[[[-80.1969119233469,25.7654583283663],[-80.1969997597171,25.7654564344841],[-80.1970003894361,25.765480393185],[-80.197003315249,25.7655917276636],[-80.1969594082929,25.7655926750081],[-80.1969154824721,25.7655936215437],[-80.1969125539643,25.765482304056],[-80.1969119233469,25.7654583283663]]]},"properties":{"OBJECTID":665001,"UNIQUEID":"D3_MDC_Building_17058","SOURCE":"P","YEARUPDATE":2015,"TYPE":"L","HEIGHT":null,"GlobalID":"4da09214-df51-4675-a21d-5a60f2cceeea","Shape__Area":163.611328125,"Shape__Length":53.01717980636812}},{"type":"Feature","id":665579,"geometry":{"type":"Polygon","coordinates":[[[-80.1973457314757,25.7598949750485],[-80.1974271538748,25.7598423605055],[-80.197555999236,25.7600058617012],[-80.1974745795319,25.7600584761717],[-80.1973457314757,25.7598949750485]]]},"properties":{"OBJECTID":665579,"UNIQUEID":"D1_MDC_Building_267","SOURCE":"P","YEARUPDATE":2015,"TYPE":"L","HEIGHT":null,"GlobalID":"2202fc1f-8f62-455d-8700-bb9c825910ea","Shape__Area":276.44921875,"Shape__Length":71.87454102653352}},{"type":"Feature","id":666255,"geometry":{"type":"Polygon","coordinates":[[[-80.1923133710507,25.761188708785],[-80.192343337052,25.7610802074647],[-80.1923803117091,25.7610885737006],[-80.1924172863662,25.7610969407449],[-80.1923873212632,25.7612054380048],[-80.1923503457078,25.7611970733952],[-80.1923133710507,25.761188708785]]]},"properties":{"OBJECTID":666255,"UNIQUEID":"D1_MDC_Building_386","SOURCE":"P","YEARUPDATE":2015,"TYPE":"L","HEIGHT":null,"GlobalID":"0e66a02a-5ba2-4451-b649-5ba561809e3c","Shape__Area":117.296875,"Shape__Length":44.614847109552294}},{"type":"Feature","id":666642,"geometry":{"type":"Polygon","coordinates":[[[-80.1935538276771,25.7635953055541],[-80.1935905606874,25.7635942805278],[-80.1935925657271,25.7636531115204],[-80.1935945689702,25.7637119441019],[-80.1935211128311,25.7637142247224],[-80.193519226369,25.7636588676832],[-80.1935170955652,25.7635963305803],[-80.1935538276771,25.7635953055541]]]},"properties":{"OBJECTID":666642,"UNIQUEID":"D1_MDC_Building_80","SOURCE":"P","YEARUPDATE":2015,"TYPE":"L","HEIGHT":null,"GlobalID":"d5c74515-11f3-47cb-8399-fa98be85a7a4","Shape__Area":119.169921875,"Shape__Length":45.49418575134288}},{"type":"Feature","id":683326,"geometry":{"type":"MultiPolygon","coordinates":[[[[-80.1900748331431,25.7618072271984],[-80.1899963904558,25.7617901566525],[-80.1899935940004,25.7618006950855],[-80.1898777328883,25.7617754816443],[-80.1899376747723,25.7615496065109],[-80.1900568632441,25.7615755432748],[-80.1900530445059,25.7615899351465],[-80.1907698542885,25.7617428323941],[-80.1907718647181,25.7617352574366],[-80.1908847784577,25.7617598285159],[-80.1908239984456,25.7619888528005],[-80.1907108286861,25.7619642251366],[-80.190714979801,25.7619485817415],[-80.1904194268861,25.7618999922234],[-80.1900748331431,25.7618072271984]]],[[[-80.1908385978656,25.7619506916906],[-80.1908980097436,25.7617291969849],[-80.1915591985388,25.7618746218514],[-80.1914997893558,25.7620961170948],[-80.1908385978656,25.7619506916906]]]]},"properties":{"OBJECTID":683326,"UNIQUEID":"D1_MDC_Building_245","SOURCE":"P","YEARUPDATE":2015,"TYPE":"L","HEIGHT":null,"GlobalID":"18790125-b1a4-4df3-8ff4-e9215eba99a1","Shape__Area":5093.544921875,"Shape__Length":489.0717910451014}},{"type":"Feature","id":683947,"geometry":{"type":"Polygon","coordinates":[[[-80.1979044449549,25.7673696997096],[-80.1979787841379,25.7673653489471],[-80.1979843393196,25.7674433390512],[-80.1979100001366,25.7674476922379],[-80.1979044449549,25.7673696997096]]]},"properties":{"OBJECTID":683947,"UNIQUEID":"D3_MDC_Building_25710","SOURCE":"P","YEARUPDATE":2015,"TYPE":"L","HEIGHT":null,"GlobalID":"3f40215f-1652-4044-b8ab-f6527a4ef100","Shape__Area":80.11328125,"Shape__Length":35.90646006203643}},{"type":"Feature","id":684530,"geometry":{"type":"Polygon","coordinates":[[[-80.1977925301419,25.7601977859218],[-80.1977769686262,25.760179501582],[-80.1978292299145,25.7601430315972],[-80.1978460122406,25.7601627528007],[-80.1978323614416,25.7601722792671],[-80.1978486074735,25.7601913694134],[-80.1978680946269,25.760177771042],[-80.1979534624267,25.7602780784113],[-80.1978511101799,25.7603495069992],[-80.1977482728427,25.7602286718869],[-80.1977925301419,25.7601977859218]]]},"properties":{"OBJECTID":684530,"UNIQUEID":"D1_Small_Building_398","SOURCE":"L","YEARUPDATE":2015,"TYPE":"S","HEIGHT":null,"GlobalID":"127932d0-9685-43a6-920a-c077c3edab80","Shape__Area":283.85546875,"Shape__Length":76.00440987251785}},{"type":"Feature","id":689422,"geometry":{"type":"Polygon","coordinates":[[[-80.1915809198024,25.7641310759502],[-80.191625383714,25.7639761721833],[-80.1915659305135,25.7639618793008],[-80.191571878259,25.7639415907991],[-80.1915778269028,25.7639213031029],[-80.191637045643,25.7639355385501],[-80.1916860891659,25.7637646790917],[-80.1919783075346,25.7638349260356],[-80.1919452100063,25.7639478177951],[-80.191976912451,25.7639554371072],[-80.1919363445327,25.7640938102994],[-80.1919116812866,25.7640878810286],[-80.1918780780068,25.7642025078831],[-80.1915809198024,25.7641310759502]]]},"properties":{"OBJECTID":689422,"UNIQUEID":"D1_MDC_Building_102","SOURCE":"P","YEARUPDATE":2015,"TYPE":"L","HEIGHT":null,"GlobalID":"8d792f2e-e495-4bc4-ba64-2451ab4c1b37","Shape__Area":1681.193359375,"Shape__Length":181.62770351207215}},{"type":"Feature","id":689776,"geometry":{"type":"Polygon","coordinates":[[[-80.192974839222,25.7608297176719],[-80.1929820158628,25.7608033244479],[-80.1932796609541,25.7608696881488],[-80.1932724852116,25.7608960797399],[-80.1932653085708,25.7609224729432],[-80.1929676625811,25.7608561092719],[-80.192974839222,25.7608297176719]]]},"properties":{"OBJECTID":689776,"UNIQUEID":"D1_MDC_Building_243","SOURCE":"P","YEARUPDATE":2015,"TYPE":"L","HEIGHT":null,"GlobalID":"75a5bc85-8c4b-4ca9-95b6-7c326bb86623","Shape__Area":229.28125,"Shape__Length":81.70241376493189}},{"type":"Feature","id":692261,"geometry":{"type":"Polygon","coordinates":[[[-80.1897948354556,25.7671979722899],[-80.189468939247,25.7671283996104],[-80.1894428413913,25.7672286291065],[-80.1890504491904,25.7671448602161],[-80.1890349936759,25.7671415611378],[-80.1884378511672,25.7670140781454],[-80.1883677403542,25.7669991109267],[-80.1883173367819,25.7669883496724],[-80.1884401966684,25.7665165022588],[-80.188490618207,25.7665272667919],[-80.1885598369929,25.7665420439555],[-80.189159166001,25.7666699926283],[-80.1891886370305,25.76667628501],[-80.1895861154926,25.7667611399049],[-80.1896004463163,25.7668163887099],[-80.1901308898135,25.7669300202921],[-80.1901270180746,25.766944893676],[-80.1900471030486,25.7672518261869],[-80.1897948354556,25.7671979722899]],[[-80.1891732237369,25.7668385252768],[-80.1891879372429,25.7667820120203],[-80.1891561350853,25.7668922474706],[-80.1891732237369,25.7668385252768]],[[-80.1892608049855,25.7669112402658],[-80.1892885162154,25.7668069299235],[-80.1892741296961,25.7668600591374],[-80.1892608049855,25.7669112402658]]]},"properties":{"OBJECTID":692261,"UNIQUEID":"D1_MDC_Building_426","SOURCE":"P","YEARUPDATE":2015,"TYPE":"L","HEIGHT":null,"GlobalID":"3f1e9cd8-14f9-470b-9f42-dbd7c90a86d4","Shape__Area":10440.98046875,"Shape__Length":561.881907934843}},{"type":"Feature","id":692417,"geometry":{"type":"Polygon","coordinates":[[[-80.1963927042993,25.7645159778309],[-80.1967661528275,25.7645052171605],[-80.1967776270086,25.7648318764078],[-80.1964041775821,25.7648426653639],[-80.1963927042993,25.7645159778309]]]},"properties":{"OBJECTID":692417,"UNIQUEID":"D3_MDC_Building_7742","SOURCE":"P","YEARUPDATE":2015,"TYPE":"L","HEIGHT":null,"GlobalID":"e779d792-66c4-4dfa-836c-c21cd5249ce9","Shape__Area":1680.359375,"Shape__Length":163.98604864281887}},{"type":"Feature","id":692698,"geometry":{"type":"Polygon","coordinates":[[[-80.198419829993,25.7615939018305],[-80.1985106056508,25.7615913307268],[-80.1985177140196,25.76179690235],[-80.1984269338703,25.7617994742583],[-80.198419829993,25.7615939018305]]]},"properties":{"OBJECTID":692698,"UNIQUEID":"D3_MDC_Building_21023","SOURCE":"P","YEARUPDATE":2015,"TYPE":"L","HEIGHT":null,"GlobalID":"c2a8f261-d522-4067-9ce5-1c2d25a5f029","Shape__Area":257.0234375,"Shape__Length":71.06461597235638}},{"type":"Feature","id":693420,"geometry":{"type":"Polygon","coordinates":[[[-80.1974657886185,25.7621945005931],[-80.1976748229919,25.7621888956476],[-80.1976782347933,25.7622931971034],[-80.1974691968267,25.7622987971898],[-80.1974657886185,25.7621945005931]]]},"properties":{"OBJECTID":693420,"UNIQUEID":"D3_MDC_Building_7712","SOURCE":"P","YEARUPDATE":2015,"TYPE":"L","HEIGHT":null,"GlobalID":"5bb57403-3338-4d78-9a94-8e6f387005da","Shape__Area":300.255859375,"Shape__Length":72.35517881152361}},{"type":"Feature","id":703717,"geometry":{"type":"Polygon","coordinates":[[[-80.1948364099005,25.7638473743754],[-80.1950728761276,25.7638427726886],[-80.1950752036626,25.7639409727108],[-80.194838741927,25.7639455735848],[-80.1948364099005,25.7638473743754]]]},"properties":{"OBJECTID":703717,"UNIQUEID":"D3_MDC_Building_13485","SOURCE":"P","YEARUPDATE":2015,"TYPE":"L","HEIGHT":null,"GlobalID":"14296492-8402-4ea7-a5db-15206e0d0702","Shape__Area":319.66015625,"Shape__Length":76.9402280631034}},{"type":"Feature","id":707462,"geometry":{"type":"Polygon","coordinates":[[[-80.1905724009958,25.765222736782],[-80.1904483535366,25.7651971050017],[-80.1904434693964,25.7652138223305],[-80.1903974549926,25.7652039848009],[-80.1903514792163,25.7651941553605],[-80.1903487375581,25.7652054135079],[-80.1902556765862,25.7651920389969],[-80.1901658890753,25.7651679014471],[-80.1901687277516,25.7651568665823],[-80.1901305197076,25.765148809674],[-80.1900348096039,25.7651273466957],[-80.1900923341215,25.7651407382031],[-80.1900882288206,25.7651566991177],[-80.190028020137,25.7651432881958],[-80.1899516417783,25.7651270101484],[-80.1899456185743,25.7651257068366],[-80.1899553446339,25.7650882991126],[-80.1899172884052,25.7650799121244],[-80.1899135909395,25.7650297082978],[-80.1899295692734,25.7649572939166],[-80.1899543870298,25.7649111383213],[-80.1899708783018,25.7648895806458],[-80.1900041240521,25.7648976157284],[-80.1900140055203,25.7648606415618],[-80.1900202757609,25.7648621786803],[-80.1900977527593,25.7648777780049],[-80.1901581024783,25.7648893072006],[-80.1901544930475,25.7649038693716],[-80.19019452018,25.7649119271054],[-80.1902275566229,25.7649185795895],[-80.1902294736277,25.764910772649],[-80.1903258934004,25.7649229773642],[-80.1904160779667,25.764949160948],[-80.190413158442,25.7649610533818],[-80.1904593246611,25.7649714046523],[-80.1905055313044,25.7649817656299],[-80.1904976027737,25.7649980703946],[-80.1906255363449,25.7650280692464],[-80.1906127470302,25.7650697768686],[-80.190623490881,25.7650355817],[-80.1906656021049,25.7650450236385],[-80.1906509901085,25.7651052850474],[-80.1906209980561,25.765100043484],[-80.1906038519122,25.7651526799672],[-80.190636198449,25.7651577686258],[-80.1906159674905,25.7652200953732],[-80.1905757984242,25.7652102360009],[-80.1905870336535,25.7651639696698],[-80.1905724009958,25.765222736782]]]},"properties":{"OBJECTID":707462,"UNIQUEID":"D1_MDC_Building_5","SOURCE":"P","YEARUPDATE":2015,"TYPE":"L","HEIGHT":null,"GlobalID":"eb21f4db-a822-4e8e-9005-a1cc61075c4d","Shape__Area":2404.642578125,"Shape__Length":273.4513241272018}},{"type":"Feature","id":708167,"geometry":{"type":"Polygon","coordinates":[[[-80.1960879256863,25.7635631130908],[-80.1963918670694,25.7635537988595],[-80.1963956489768,25.7636549641716],[-80.1963981561747,25.7637220430679],[-80.1964013164479,25.7638066250088],[-80.1960973732681,25.7638159392203],[-80.1960879256863,25.7635631130908]]]},"properties":{"OBJECTID":708167,"UNIQUEID":"D3_MDC_Building_27569","SOURCE":"P","YEARUPDATE":2015,"TYPE":"L","HEIGHT":null,"GlobalID":"d87506f2-d00b-4b86-9728-168b9299cd10","Shape__Area":1058.58203125,"Shape__Length":130.24595409178463}},{"type":"Feature","id":711064,"geometry":{"type":"Polygon","coordinates":[[[-80.1951369044479,25.770687645247],[-80.1950809232361,25.7706486140546],[-80.1950596924527,25.7706691068884],[-80.1950410407324,25.7706523231834],[-80.1950197551517,25.7706816637224],[-80.1949197996101,25.7706137255876],[-80.1949063805764,25.7706065597264],[-80.194928515065,25.7705732357966],[-80.1949717689459,25.7705318787747],[-80.1949501572768,25.7705131955859],[-80.1949586032371,25.7705013263596],[-80.1949663494098,25.7704904359875],[-80.195004529606,25.7704367720504],[-80.1954023395464,25.7700540428588],[-80.1954568053005,25.7700226239089],[-80.1954709250201,25.7700133983626],[-80.1954965045478,25.7700347294036],[-80.1955469611207,25.7699852735475],[-80.1955823736075,25.7699626287223],[-80.1956230097977,25.770012112093],[-80.1956474556515,25.7700418799288],[-80.1956238973332,25.7700645668056],[-80.1956283691466,25.7700686561705],[-80.1956619293074,25.7700993518854],[-80.1956314476731,25.7701306551317],[-80.1956636783272,25.7701563449017],[-80.1955870295756,25.7702279714071],[-80.1954341965014,25.7703743922232],[-80.1954270944207,25.7703682723486],[-80.1953536894856,25.7704381254601],[-80.1953580400265,25.770441874235],[-80.1952852154031,25.770500074072],[-80.1952731159945,25.7704896496673],[-80.195236413527,25.7705245745745],[-80.1952476972652,25.7705342975982],[-80.1951950497014,25.7706033117095],[-80.1951334414426,25.7706585490184],[-80.1951813602748,25.7706157569126],[-80.1951895259607,25.7706231047916],[-80.1951369044479,25.770687645247]],[[-80.1954540259129,25.7701612254396],[-80.1954882535219,25.770128760515],[-80.1954763786921,25.7701397932997],[-80.1954540259129,25.7701612254396]]]},"properties":{"OBJECTID":711064,"UNIQUEID":"D3_MDC_Building_50","SOURCE":"P","YEARUPDATE":2015,"TYPE":"L","HEIGHT":null,"GlobalID":"126ce10a-875f-487d-a4a7-5112e9a51ce2","Shape__Area":2859.0078125,"Shape__Length":304.59187323541835}},{"type":"Feature","id":716767,"geometry":{"type":"Polygon","coordinates":[[[-80.1932427069583,25.7611323004405],[-80.193120699573,25.761106576356],[-80.1931168449021,25.7611215693978],[-80.1930518715543,25.7611078716216],[-80.1930557271235,25.7610928785781],[-80.192931955447,25.7610667823287],[-80.1929519025379,25.7609892030708],[-80.1929322006871,25.7609850494793],[-80.1929440126348,25.7609391115884],[-80.1929637162822,25.7609432659906],[-80.1929726060102,25.7609086942404],[-80.1932833575215,25.7609742181027],[-80.1932491101497,25.761107400763],[-80.1932427069583,25.7611323004405]]]},"properties":{"OBJECTID":716767,"UNIQUEID":"D1_MDC_Building_108","SOURCE":"P","YEARUPDATE":2015,"TYPE":"L","HEIGHT":null,"GlobalID":"067510c7-4b98-420b-852d-553ad16c807d","Shape__Area":739.84375,"Shape__Length":119.48013678216692}},{"type":"Feature","id":717130,"geometry":{"type":"Polygon","coordinates":[[[-80.1918698674052,25.7699594907083],[-80.1918695278421,25.7699491536255],[-80.1917850350014,25.7699514292723],[-80.1917784943678,25.7697523791771],[-80.1917703152071,25.7697526000276],[-80.191760846964,25.7697048607026],[-80.1917659853275,25.7696622713061],[-80.1917755416055,25.769662522089],[-80.1917672699183,25.7694108045786],[-80.1918130516585,25.769409570886],[-80.1918488090984,25.7693930709544],[-80.1918955700021,25.7693867172344],[-80.1919523022056,25.7693946047783],[-80.1919837324608,25.7694049726507],[-80.1920765688538,25.7694024696704],[-80.1920821617648,25.7695726560341],[-80.1920982541848,25.7696530594845],[-80.1920875004525,25.7697351204732],[-80.1920889090109,25.7697779808506],[-80.1921026765909,25.7697776103394],[-80.192105095754,25.7698512587038],[-80.1920913290723,25.7698516300236],[-80.1920943357335,25.769943096829],[-80.1919501139096,25.7699469823363],[-80.1919504121503,25.7699584463216],[-80.1919063210395,25.7699649796035],[-80.1918698674052,25.7699594907083]],[[-80.1919962971966,25.769627211046],[-80.1919934441473,25.7695404328329],[-80.1919123595148,25.769542618691],[-80.191912929945,25.7695599647924],[-80.1919075373583,25.7695601104084],[-80.1919098020112,25.7696289988857],[-80.1919962971966,25.769627211046]],[[-80.1920043514914,25.7698066008082],[-80.1920015595276,25.7697216396877],[-80.1919131904564,25.7697255527075],[-80.1919153985154,25.769792739812],[-80.1919232785371,25.7697925270512],[-80.1919238121364,25.7698087704819],[-80.1920043514914,25.7698066008082]]]},"properties":{"OBJECTID":717130,"UNIQUEID":"D1_MDC_Building_430","SOURCE":"P","YEARUPDATE":2015,"TYPE":"L","HEIGHT":null,"GlobalID":"354023a2-eedb-4086-9e90-14afa9981d96","Shape__Area":2190.6640625,"Shape__Length":292.88240136098676}},{"type":"Feature","id":719917,"geometry":{"type":"Polygon","coordinates":[[[-80.1914830833865,25.7659187762872],[-80.1914879756115,25.7658990835459],[-80.1915366409437,25.765908966322],[-80.1915380468071,25.7659032952137],[-80.1915294346585,25.7659014854748],[-80.1915294139972,25.7659015752741],[-80.191166781185,25.7658233859511],[-80.1911503626766,25.7658579708322],[-80.1911429722368,25.7658838435526],[-80.1911400284576,25.7659104330438],[-80.1911443682187,25.7659329524377],[-80.1911527548902,25.7659545131597],[-80.1911649603,25.7659745238296],[-80.1911806484781,25.765992434327],[-80.1911993873349,25.7660077527794],[-80.1912206648308,25.7660200576981],[-80.1912438934674,25.7660290101121],[-80.1914029159339,25.7660626888515],[-80.1914641882228,25.7661923959996],[-80.1911749666339,25.766131014676],[-80.1911149555797,25.766099174816],[-80.1910616773985,25.7660389551706],[-80.1910300117847,25.7659943443807],[-80.1910162819339,25.7659355007954],[-80.1910122799393,25.7658846040152],[-80.1910231100284,25.7658072681796],[-80.1910312227137,25.7657793591807],[-80.1910460431193,25.7657825668795],[-80.1911004217367,25.7655548532208],[-80.1915895508156,25.7656541763427],[-80.1915709916219,25.7657305269114],[-80.1916166727507,25.7657388903926],[-80.1916764834806,25.765749840258],[-80.191695825107,25.7656577537598],[-80.192029004856,25.7657254463674],[-80.1918816425219,25.7662850556639],[-80.1916886197201,25.7662448637263],[-80.1916952160493,25.7662183163781],[-80.1916190667609,25.766200514321],[-80.1916269943933,25.7661727146297],[-80.191515375126,25.7661466203059],[-80.1915355926098,25.7660652420604],[-80.1914720161422,25.7660522915631],[-80.1914896312066,25.7659813898307],[-80.1914686321885,25.765976945173],[-80.1914830833865,25.7659187762872]]]},"properties":{"OBJECTID":719917,"UNIQUEID":"D1_MDC_Building_89","SOURCE":"P","YEARUPDATE":2015,"TYPE":"L","HEIGHT":null,"GlobalID":"7b9bf56b-95d9-4a0d-b7c6-b49ee6122dc3","Shape__Area":5858.474609375,"Shape__Length":517.2241603939215}},{"type":"Feature","id":729373,"geometry":{"type":"Polygon","coordinates":[[[-80.1979810281295,25.7597544020246],[-80.1977536061406,25.7594853677114],[-80.1979157637275,25.7593729660363],[-80.1979359901945,25.759396892794],[-80.1979807909743,25.7593658359037],[-80.1979887087252,25.7593752022426],[-80.1980512952494,25.7594492405491],[-80.1980454912344,25.7594532647469],[-80.1981821815829,25.7596149663522],[-80.1979810281295,25.7597544020246]],[[-80.1980355361043,25.7595860154648],[-80.1979549069177,25.7594906645379],[-80.1979112083707,25.7595209641284],[-80.1979918375574,25.759616315031],[-80.1980355361043,25.7595860154648]]]},"properties":{"OBJECTID":729373,"UNIQUEID":"D1_MDC_Building_290","SOURCE":"P","YEARUPDATE":2015,"TYPE":"L","HEIGHT":null,"GlobalID":"2f0f2725-cf1c-46c8-a690-275552925136","Shape__Area":1080.197265625,"Shape__Length":183.63812939576798}},{"type":"Feature","id":730327,"geometry":{"type":"Polygon","coordinates":[[[-80.1960076118083,25.765881905182],[-80.1960651354276,25.7658803429976],[-80.1960759673132,25.766207400534],[-80.1960769419853,25.766236837634],[-80.1960091775719,25.7662386773008],[-80.1960082028998,25.7662092596173],[-80.195997373709,25.7658821826699],[-80.1960076118083,25.765881905182]]]},"properties":{"OBJECTID":730327,"UNIQUEID":"D3_MDC_Building_20083","SOURCE":"P","YEARUPDATE":2015,"TYPE":"L","HEIGHT":null,"GlobalID":"31eaacbc-fd5e-4080-8ab6-7c31cd6aaac6","Shape__Area":332.70703125,"Shape__Length":103.26473587256488}},{"type":"Feature","id":736655,"geometry":{"type":"Polygon","coordinates":[[[-80.1950646170169,25.7635591836875],[-80.1950892847546,25.763558466088],[-80.195090114798,25.7635818256893],[-80.1950948462246,25.7637151008885],[-80.1949729915529,25.7637186492394],[-80.1949674282863,25.7635620160616],[-80.1950646170169,25.7635591836875]]]},"properties":{"OBJECTID":736655,"UNIQUEID":"D3_MDC_Building_13622","SOURCE":"P","YEARUPDATE":2015,"TYPE":"L","HEIGHT":null,"GlobalID":"5a5e17dd-cd0f-4555-af1d-a4a4010b91e6","Shape__Area":262.90234375,"Shape__Length":65.88578229531147}},{"type":"Feature","id":737576,"geometry":{"type":"MultiPolygon","coordinates":[[[[-80.1913814003846,25.7712665193275],[-80.1913767821458,25.7712267206165],[-80.1913779742101,25.7712666333917],[-80.1909014080704,25.7712824268355],[-80.1908831812533,25.771232498254],[-80.1908710719633,25.7711810722543],[-80.1908652194392,25.7711287604133],[-80.1908656928513,25.7710761815901],[-80.1908724877081,25.7710239619253],[-80.1908855222629,25.7709727291785],[-80.1908439805709,25.7709352529171],[-80.1906664680809,25.7711031986706],[-80.1906225620231,25.7710652540582],[-80.1905187464206,25.7711634723742],[-80.1903851938873,25.7710477382936],[-80.1904887956907,25.7709497221239],[-80.1904918607425,25.7709522986878],[-80.1904480112785,25.7709144025652],[-80.190581553032,25.7707880602272],[-80.1905556860434,25.7707656436846],[-80.1903269821586,25.7709820185587],[-80.1902394566055,25.7709061696927],[-80.1902349785039,25.7707740027661],[-80.1904431244434,25.7705770759809],[-80.1904048822635,25.7705439348703],[-80.1903504668151,25.770595417774],[-80.1903292791508,25.7705740609468],[-80.1903124537056,25.770549740855],[-80.1903004836544,25.7705231677737],[-80.190293721137,25.7704951304483],[-80.1902923673758,25.7704664588825],[-80.1902964618969,25.7704380008784],[-80.1903052087928,25.7704121178251],[-80.1903184634348,25.7703878567551],[-80.1903358781749,25.7703658567576],[-80.1903569957706,25.7703466962489],[-80.1903812574698,25.7703308816474],[-80.1904078143645,25.7703189056185],[-80.1904361508219,25.7703109445194],[-80.1904655302232,25.7703072070659],[-80.1904951934922,25.7703077887173],[-80.1905243662811,25.7703126749118],[-80.1905522966999,25.7703217394492],[-80.1905782553167,25.7703347461087],[-80.190601580073,25.7703513640193],[-80.190446214648,25.770498355817],[-80.190489799109,25.7705361250639],[-80.1904972533292,25.770529071645],[-80.1906249524401,25.7704082574111],[-80.1906891235924,25.7704638685556],[-80.190746861909,25.7704092435479],[-80.1906912094805,25.7703610166767],[-80.1907116991538,25.7703438421944],[-80.1907349268921,25.7703298299832],[-80.1907603123837,25.7703193287111],[-80.1907872178248,25.7703126012953],[-80.1908149595974,25.7703098208565],[-80.1908428361173,25.7703110561576],[-80.1908701458003,25.7703162772666],[-80.1908961951469,25.7703253507025],[-80.1909203292853,25.7703380475252],[-80.1909419418527,25.7703540530433],[-80.1909237258154,25.7703701467372],[-80.1909464504971,25.7703690934554],[-80.1910366018258,25.7704452241868],[-80.1910056719322,25.770472552865],[-80.191144827258,25.770590065624],[-80.1911543700612,25.7705808012913],[-80.1911547392688,25.7705817138103],[-80.1911530854703,25.7705755696773],[-80.1911528321454,25.7705701997291],[-80.1911536082898,25.7705648702291],[-80.1911553878524,25.7705597413537],[-80.1911581178326,25.7705549676163],[-80.1911617164836,25.7705506913959],[-80.191166076906,25.7705470429368],[-80.1911710670474,25.7705441298322],[-80.1911765368892,25.7705420418781],[-80.1911823238362,25.7705408389381],[-80.1911882518188,25.7705405574162],[-80.1911941456654,25.770541206211],[-80.1911998266112,25.7705427675251],[-80.1912051257731,25.7705451920112],[-80.1912098823525,25.7705484100978],[-80.1912139544157,25.7705523214724],[-80.19121722069,25.7705568112611],[-80.1912195805643,25.7705617443656],[-80.1912209666648,25.7705669695085],[-80.1912213349741,25.77057233703],[-80.1912206747123,25.7705776778551],[-80.1912190056425,25.7705828390886],[-80.1912163807653,25.7705876589362],[-80.1912128746407,25.770591998255],[-80.1912085941684,25.770595722756],[-80.1912036687057,25.770598724037],[-80.1911982437797,25.7706009090667],[-80.191192486477,25.7706022155543],[-80.1911865638844,25.7706026014332],[-80.1911806565631,25.770602056996],[-80.1911749441762,25.7706005968041],[-80.1911688715649,25.7705982087228],[-80.1911706807718,25.7705992636205],[-80.1911644087345,25.7706108480793],[-80.1911217288771,25.7706523434076],[-80.191134356495,25.7706617711467],[-80.1910942637856,25.7706931349174],[-80.1912095023652,25.7706258221233],[-80.1912653614062,25.7706037283293],[-80.1913233997601,25.7705868596731],[-80.191383025437,25.7705753908947],[-80.1914436257861,25.7705694384875],[-80.1915045800714,25.770569063934],[-80.1915652639638,25.7705742704702],[-80.1916250639139,25.7705850063212],[-80.1916320348406,25.7707574431605],[-80.1916895809177,25.7707555356103],[-80.1916891236752,25.7707442383497],[-80.1917100373533,25.7707435450627],[-80.1917104945958,25.7707548431323],[-80.1917261351632,25.7707543245828],[-80.1917610427968,25.7707531669473],[-80.1917606664027,25.7707438459995],[-80.1917825951771,25.7707431195447],[-80.1917829715712,25.7707524413016],[-80.1918335494166,25.7707507643077],[-80.1918355149305,25.7707993801347],[-80.191850036197,25.7707988996069],[-80.191850736883,25.770816239053],[-80.191836217413,25.7708167195807],[-80.1918380454846,25.7708619360937],[-80.1918525901074,25.7708635321892],[-80.1918539519534,25.7708972160285],[-80.1918505886609,25.7709051261233],[-80.191851013564,25.7709156572753],[-80.1916418345619,25.7709259878023],[-80.1919865774253,25.7709111448491],[-80.1919871056347,25.7709242161615],[-80.191994588601,25.7711092982831],[-80.1919951832857,25.7711240182485],[-80.1916674131914,25.7711319202385],[-80.1919330234613,25.7711260608903],[-80.1919377899222,25.7712439338013],[-80.1916527104651,25.7712533833355],[-80.1916471831312,25.7711166825351],[-80.1916336446215,25.7711298678892],[-80.1916354026245,25.7711733749362],[-80.1916242194976,25.7711737454429],[-80.1916274722972,25.7712542157617],[-80.1915235057778,25.7712582015379],[-80.191531207933,25.7714487226184],[-80.1915210982929,25.7714490575298],[-80.1915234851166,25.7715080771629],[-80.1913913402433,25.7715124560873],[-80.1913814003846,25.7712665193275]]],[[[-80.1916035294999,25.7710061476454],[-80.191646843568,25.7710036260926],[-80.1916419890722,25.7710037878862],[-80.1916035294999,25.7710061476454]]],[[[-80.1911588077387,25.7705899911988],[-80.1911567326304,25.7705866541946],[-80.1911574692489,25.7705884768056],[-80.1911588077387,25.7705899911988]]],[[[-80.191164897418,25.7705958942578],[-80.1911617596027,25.7705933314387],[-80.1911630980925,25.7705948450228],[-80.191164897418,25.7705958942578]]],[[[-80.1906598618704,25.7714006207503],[-80.1906612021568,25.7713888503065],[-80.1906645654492,25.7713774147732],[-80.1906698682043,25.7713665980973],[-80.1906769783698,25.7713566696646],[-80.1906857207741,25.7713478737827],[-80.1906913756688,25.771343429326],[-80.1906996060335,25.7713381039056],[-80.1907128948115,25.7713317980186],[-80.1907271420919,25.7713275363876],[-80.1907419750739,25.7713254330768],[-80.1907426272507,25.771343688195],[-80.1907326550528,25.7713444227357],[-80.1907229514511,25.7713466037068],[-80.1907137697706,25.7713501801434],[-80.1907053435732,25.7713550541605],[-80.1906979010311,25.7713610963235],[-80.190691635282,25.771368149693],[-80.1906867134125,25.7713760265887],[-80.1906832629835,25.7713845231513],[-80.1906813774197,25.771393399927],[-80.1910451394143,25.771382736147],[-80.191065342525,25.7714004775635],[-80.190721560859,25.7714119592056],[-80.1907218564047,25.7714257836092],[-80.1907466157706,25.7714502814937],[-80.1907472221334,25.7714775233812],[-80.1907336674541,25.7714771601561],[-80.1907198863993,25.7714746831063],[-80.1907067665046,25.7714701375338],[-80.1906946787741,25.7714636552995],[-80.1906839690593,25.7714554216561],[-80.1906749472789,25.771445671203],[-80.1906678694528,25.7714346822238],[-80.1906629368036,25.7714227726415],[-80.1906604870978,25.7714117998395],[-80.1906598618704,25.7714006207503]]]]},"properties":{"OBJECTID":737576,"UNIQUEID":"D1_MDC_Building_408","SOURCE":"P","YEARUPDATE":2015,"TYPE":"L","HEIGHT":null,"GlobalID":"33404596-e846-4f58-bf6b-54e7436aff7c","Shape__Area":15490.57421875,"Shape__Length":1214.0240734770257}},{"type":"Feature","id":739923,"geometry":{"type":"Polygon","coordinates":[[[-80.1901257532467,25.760228341798],[-80.1901669913081,25.7600745825881],[-80.1903453571977,25.7601138090004],[-80.1905961138244,25.7601689573418],[-80.1907077070406,25.7601935004288],[-80.1906868796007,25.7602711627288],[-80.1906722945537,25.7603255464538],[-80.1905693934363,25.760709238216],[-80.1903499655551,25.7606609815145],[-80.190095047932,25.7606049191879],[-80.1900286705173,25.7605903208919],[-80.1901257532467,25.760228341798]]]},"properties":{"OBJECTID":739923,"UNIQUEID":"D1_MDC_Building_455","SOURCE":"P","YEARUPDATE":2015,"TYPE":"L","HEIGHT":null,"GlobalID":"80c995a9-70e2-4988-b3f9-2b637a7848c9","Shape__Area":4063.419921875,"Shape__Length":255.08268764258142}},{"type":"Feature","id":740004,"geometry":{"type":"Polygon","coordinates":[[[-80.1968057864978,25.7635258415987],[-80.1971638145459,25.7635169715157],[-80.1971738711855,25.7638498968893],[-80.1968158449341,25.7638587653293],[-80.1968057864978,25.7635258415987]]]},"properties":{"OBJECTID":740004,"UNIQUEID":"D3_MDC_Building_27568","SOURCE":"P","YEARUPDATE":2015,"TYPE":"L","HEIGHT":null,"GlobalID":"4a2f1e3b-e588-45f3-9511-c1102ddd2158","Shape__Area":1641.34375,"Shape__Length":162.0748050871341}},{"type":"Feature","id":744077,"geometry":{"type":"Polygon","coordinates":[[[-80.1973967710553,25.7617142185825],[-80.1973965833074,25.7616011677468],[-80.1974569168568,25.7616010852255],[-80.1975039598316,25.761601021312],[-80.1975041844104,25.7616321795557],[-80.1975039113226,25.7615834167752],[-80.1976166453991,25.7615832638682],[-80.1976166687553,25.7615971428127],[-80.1976651400514,25.7615970764721],[-80.1976735563673,25.7615970643366],[-80.1976735446893,25.7615900799633],[-80.197719148563,25.7615900176678],[-80.1977193434974,25.7617061315065],[-80.1976703619582,25.7617073596159],[-80.1974576588652,25.7617126919406],[-80.1973967710553,25.7617142185825]]]},"properties":{"OBJECTID":744077,"UNIQUEID":"D1_MDC_Building_207","SOURCE":"P","YEARUPDATE":2015,"TYPE":"L","HEIGHT":null,"GlobalID":"ea0b9a50-3dfd-4607-a3ff-a982a1203139","Shape__Area":521.7421875,"Shape__Length":112.61784440310262}},{"type":"Feature","id":745172,"geometry":{"type":"Polygon","coordinates":[[[-80.1915763132416,25.7691021084097],[-80.1916141969938,25.7689332189783],[-80.1920536627122,25.7690140394872],[-80.192015781655,25.7691829288036],[-80.1915763132416,25.7691021084097]]]},"properties":{"OBJECTID":745172,"UNIQUEID":"D1_MDC_Building_429","SOURCE":"P","YEARUPDATE":2015,"TYPE":"L","HEIGHT":null,"GlobalID":"6af94108-b6b5-4da2-a8da-a5d2ccf9d5a9","Shape__Area":1063.44921875,"Shape__Length":142.45875529649686}},{"type":"Feature","id":750799,"geometry":{"type":"Polygon","coordinates":[[[-80.1974575807118,25.7603858167307],[-80.1976131213083,25.7602805103884],[-80.1976240798564,25.7602937843226],[-80.1976749065352,25.7602593741916],[-80.1977381227784,25.7603359434347],[-80.1976872960996,25.7603703559707],[-80.1976723014209,25.7603805078085],[-80.1976539272801,25.7603582511084],[-80.1976680398132,25.7603477869791],[-80.1975133957353,25.7604534201138],[-80.1974575807118,25.7603858167307]]]},"properties":{"OBJECTID":750799,"UNIQUEID":"D1_MDC_Building_126","SOURCE":"P","YEARUPDATE":2015,"TYPE":"L","HEIGHT":null,"GlobalID":"5d233d36-2c35-4fb3-a6b9-ae82e88877ef","Shape__Area":315.287109375,"Shape__Length":89.22691974578164}},{"type":"Feature","id":753523,"geometry":{"type":"MultiPolygon","coordinates":[[[[-80.1901487429316,25.7691189958834],[-80.1902984804113,25.7685867581838],[-80.190473638417,25.768618166997],[-80.1904661895867,25.7686813769555],[-80.1905003201776,25.7686879798803],[-80.1906864600876,25.7687239990633],[-80.1908501421156,25.7687556731867],[-80.1905996945093,25.7697358631137],[-80.1901748318041,25.7696221670727],[-80.1901487429316,25.7691189958834]]],[[[-80.190716369495,25.769720939114],[-80.1908176644248,25.7693320868769],[-80.1913857284677,25.7694572706899],[-80.1912825398894,25.7698417500027],[-80.190716369495,25.769720939114]]]]},"properties":{"OBJECTID":753523,"UNIQUEID":"D1_MDC_Building_347","SOURCE":"P","YEARUPDATE":2015,"TYPE":"L","HEIGHT":null,"GlobalID":"b1dbf493-6d11-40eb-93ba-872f758325c4","Shape__Area":10852.8203125,"Shape__Length":603.4011756540544}},{"type":"Feature","id":753531,"geometry":{"type":"Polygon","coordinates":[[[-80.1954841329495,25.7666077192271],[-80.1956495963367,25.7666054613141],[-80.1956521116194,25.7667562624631],[-80.195486644639,25.7667585228002],[-80.1954841329495,25.7666077192271]]]},"properties":{"OBJECTID":753531,"UNIQUEID":"D3_MDC_Building_7140","SOURCE":"P","YEARUPDATE":2015,"TYPE":"L","HEIGHT":null,"GlobalID":"8dc27eaa-1684-43cd-a047-4297b1f64ec5","Shape__Area":343.431640625,"Shape__Length":74.1287329666777}},{"type":"Feature","id":755542,"geometry":{"type":"Polygon","coordinates":[[[-80.198858884283,25.7654054339458],[-80.1989333097043,25.7654033515642],[-80.19894206738,25.7656596363129],[-80.1988676419587,25.7656617194989],[-80.198858884283,25.7654054339458]]]},"properties":{"OBJECTID":755542,"UNIQUEID":"D3_MDC_Building_2518","SOURCE":"P","YEARUPDATE":2015,"TYPE":"L","HEIGHT":null,"GlobalID":"2326f08d-e68a-4dd4-b881-7021bcbbe240","Shape__Area":262.7109375,"Shape__Length":79.96609287821593}},{"type":"Feature","id":756735,"geometry":{"type":"MultiPolygon","coordinates":[[[[-80.1951771453793,25.7677515500955],[-80.1951687685893,25.7675421646812],[-80.1951678550026,25.7675192912542],[-80.1951781146615,25.7674804709758],[-80.1952021868162,25.7674618059134],[-80.1953193415023,25.7674579712912],[-80.195316665421,25.7673907165277],[-80.1953945466612,25.7673881512125],[-80.1954247543092,25.7673871569606],[-80.1954306212064,25.7675335942253],[-80.1954004153549,25.7675345828129],[-80.1954028965017,25.7675967376152],[-80.1954458081245,25.7675953267347],[-80.1954530269862,25.7677758181762],[-80.1954101045836,25.7677772355265],[-80.1954121509458,25.7678284914954],[-80.1954149626726,25.7678989204839],[-80.19518341023,25.7679081947339],[-80.195180526638,25.7678360919517],[-80.1951794432698,25.7678089730037],[-80.1951783590032,25.7677818710383],[-80.1951771453793,25.7677515500955]]],[[[-80.1952984520786,25.7679050332049],[-80.1954314557413,25.7678982409331],[-80.1954439153742,25.768209366385],[-80.1953108057104,25.7682137341053],[-80.1951776960465,25.7682181018254],[-80.1951654493143,25.7679118254763],[-80.1952984520786,25.7679050332049]]]]},"properties":{"OBJECTID":756735,"UNIQUEID":"D3_MDC_Building_23676","SOURCE":"P","YEARUPDATE":2015,"TYPE":"L","HEIGHT":null,"GlobalID":"4c859921-f8e1-4d5a-9224-9f270079a181","Shape__Area":2781.224609375,"Shape__Length":327.5690022873997}},{"type":"Feature","id":758420,"geometry":{"type":"Polygon","coordinates":[[[-80.191187802661,25.7627910948854],[-80.1908838909223,25.7627246723909],[-80.1908832270673,25.7627265905875],[-80.190795994365,25.7627081165164],[-80.1907546125731,25.7626988628948],[-80.1907552063595,25.7626965466577],[-80.1902670052403,25.7625898443694],[-80.190228511532,25.7625297022284],[-80.1899138155183,25.7624606219368],[-80.189922641466,25.7624321199439],[-80.189859348866,25.7624123222598],[-80.1898681496608,25.7623792524908],[-80.1898504438666,25.7623751725693],[-80.1898481702306,25.7623818761643],[-80.1898404770585,25.7623254319804],[-80.1898440146241,25.7622698849811],[-80.1898549075952,25.762215127567],[-80.1898730005634,25.7621619550137],[-80.1898980276272,25.7621111415637],[-80.1899296303589,25.762063419391],[-80.1899470406074,25.7620658845018],[-80.1899563947645,25.7620312847625],[-80.189963117756,25.7620276942916],[-80.1900159431863,25.7620340532598],[-80.1900205201027,25.7620168549199],[-80.1902507106993,25.7620670770102],[-80.1902693184021,25.7620772456925],[-80.1904861797965,25.7620999947687],[-80.1904824706527,25.7621139391841],[-80.1913189692688,25.7622964388755],[-80.1913217010456,25.7622861731287],[-80.1913730873748,25.7622973830103],[-80.1914001805638,25.762303294572],[-80.191536305872,25.7623329923377],[-80.1915264468618,25.7623700514303],[-80.1915103867811,25.7624304128984],[-80.1915129865056,25.7624755428043],[-80.191509830724,25.7625206476132],[-80.1915009589623,25.7625651213651],[-80.1914864888997,25.7626083742816],[-80.1914666163689,25.7626498311472],[-80.1914416045765,25.7626889410182],[-80.1914148437642,25.762789521334],[-80.1913775133742,25.76278108726],[-80.1913774352208,25.762781359092],[-80.1913432669007,25.762773348946],[-80.1912134154263,25.7627440088791],[-80.1913351039097,25.7627716823566],[-80.1913350464175,25.7627718805675],[-80.1913349314331,25.7627722794163],[-80.1913342918326,25.7627744856247],[-80.1913342576967,25.7627746037422],[-80.1913289773994,25.7627928181062],[-80.1913203769289,25.7628224817705],[-80.1913203194367,25.7628226807903],[-80.191187802661,25.7627910948854]]]},"properties":{"OBJECTID":758420,"UNIQUEID":"D1_MDC_Building_321","SOURCE":"P","YEARUPDATE":2015,"TYPE":"L","HEIGHT":null,"GlobalID":"806ef49a-68e2-43ee-bd87-e08d124f00ae","Shape__Area":11160.3046875,"Shape__Length":519.7365939121374}},{"type":"Feature","id":766491,"geometry":{"type":"Polygon","coordinates":[[[-80.198100654081,25.7654268887838],[-80.1981995837466,25.7654239990147],[-80.1982087492574,25.7656811873764],[-80.1981098168968,25.7656840763302],[-80.198100654081,25.7654268887838]]]},"properties":{"OBJECTID":766491,"UNIQUEID":"D3_MDC_Building_8152","SOURCE":"P","YEARUPDATE":2015,"TYPE":"L","HEIGHT":null,"GlobalID":"0e0a3f4f-e4ea-4b7b-9dc1-31d12f7d963b","Shape__Area":350.47265625,"Shape__Length":85.65150713878724}},{"type":"Feature","id":773425,"geometry":{"type":"Polygon","coordinates":[[[-80.1929460895397,25.7694858891069],[-80.1927073927957,25.7696528200273],[-80.1926753516861,25.7696152527436],[-80.1929140412437,25.7694483185344],[-80.1929460895397,25.7694858891069]]]},"properties":{"OBJECTID":773425,"UNIQUEID":null,"SOURCE":null,"YEARUPDATE":2023,"TYPE":null,"HEIGHT":null,"GlobalID":"94517020-a937-4a70-a9ce-28d2d663d563","Shape__Area":197.005859375,"Shape__Length":78.99723363227918}},{"type":"Feature","id":773426,"geometry":{"type":"Polygon","coordinates":[[[-80.1929858058551,25.7695324514571],[-80.1927471198909,25.7696993928288],[-80.1927299000852,25.7696792031939],[-80.192968590541,25.7695122674567],[-80.1929858058551,25.7695324514571]]]},"properties":{"OBJECTID":773426,"UNIQUEID":null,"SOURCE":null,"YEARUPDATE":2023,"TYPE":null,"HEIGHT":null,"GlobalID":"15b9bedd-7765-45dd-a42e-a7ae57454a16","Shape__Area":105.85546875,"Shape__Length":73.57842446604971}},{"type":"Feature","id":773427,"geometry":{"type":"Polygon","coordinates":[[[-80.1927073927957,25.7696528200273],[-80.1929460895397,25.7694858891069],[-80.192968590541,25.7695122674567],[-80.1927299000852,25.7696792031939],[-80.1927073927957,25.7696528200273]]]},"properties":{"OBJECTID":773427,"UNIQUEID":null,"SOURCE":null,"YEARUPDATE":2023,"TYPE":null,"HEIGHT":null,"GlobalID":"65891ce2-bd3f-42e1-8b5a-32713c3c90b1","Shape__Area":138.34375,"Shape__Length":75.50994957629041}},{"type":"Feature","id":773428,"geometry":{"type":"Polygon","coordinates":[[[-80.1930083086529,25.7695588281787],[-80.1930421715459,25.7695985182371],[-80.1928034918699,25.7697654651787],[-80.1927696298752,25.7697257800299],[-80.1930083086529,25.7695588281787]]]},"properties":{"OBJECTID":773428,"UNIQUEID":null,"SOURCE":null,"YEARUPDATE":2023,"TYPE":null,"HEIGHT":null,"GlobalID":"8b2746d0-ba7b-48c9-bfc0-b773711549b5","Shape__Area":208.142578125,"Shape__Length":79.65928693145963}},{"type":"Feature","id":773429,"geometry":{"type":"Polygon","coordinates":[[[-80.1927696298752,25.7697257800299],[-80.1927471243824,25.7696993968736],[-80.1929858058551,25.7695324514571],[-80.1930083086529,25.7695588281787],[-80.1927696298752,25.7697257800299]]]},"properties":{"OBJECTID":773429,"UNIQUEID":null,"SOURCE":null,"YEARUPDATE":2023,"TYPE":null,"HEIGHT":null,"GlobalID":"133b6d5a-6d31-4fc6-935c-95cb0f965e0e","Shape__Area":138.33984375,"Shape__Length":75.50975249782478}},{"type":"Feature","id":773430,"geometry":{"type":"Polygon","coordinates":[[[-80.1914557189063,25.7676982327858],[-80.1914501789959,25.7676970548958],[-80.1915248685219,25.7674086891037],[-80.1920191656087,25.7675136574364],[-80.1920204924203,25.7675551789263],[-80.1920132322362,25.7675553690393],[-80.1920220518956,25.7678314459251],[-80.1920293120798,25.7678312550036],[-80.1920310134889,25.76788453504],[-80.1915204398275,25.7677761118396],[-80.1915219669635,25.7677702175392],[-80.1914414994736,25.76775313248],[-80.1914557189063,25.7676982327858]]]},"properties":{"OBJECTID":773430,"UNIQUEID":null,"SOURCE":null,"YEARUPDATE":2023,"TYPE":null,"HEIGHT":null,"GlobalID":"af014510-0cab-4c19-a64f-698d04719f1a","Shape__Area":2725.333984375,"Shape__Length":216.56557500153406}},{"type":"Feature","id":773431,"geometry":{"type":"Polygon","coordinates":[[[-80.1915054020297,25.7674104381452],[-80.1915234240309,25.7674142654881],[-80.1914954495947,25.7675222683434],[-80.1914774266951,25.767518441813],[-80.1915054020297,25.7674104381452]]]},"properties":{"OBJECTID":773431,"UNIQUEID":null,"SOURCE":null,"YEARUPDATE":2023,"TYPE":null,"HEIGHT":null,"GlobalID":"c2dacda2-deb9-4760-8338-a7c0e98e8282","Shape__Area":28.255859375,"Shape__Length":31.540027219710186}},{"type":"Feature","id":773432,"geometry":{"type":"Polygon","coordinates":[[[-80.1914501789959,25.7676970548958],[-80.1914557189063,25.7676982327858],[-80.1914432736463,25.7677462835702],[-80.1914154824664,25.7677403819874],[-80.1914505266439,25.7676050791221],[-80.1914727779135,25.7676098044386],[-80.1914501789959,25.7676970548958]]]},"properties":{"OBJECTID":773432,"UNIQUEID":null,"SOURCE":null,"YEARUPDATE":2023,"TYPE":null,"HEIGHT":null,"GlobalID":"2604b15b-8ec4-4fdf-b431-a386f3dab970","Shape__Area":47.5703125,"Shape__Length":40.704626375719464}},{"type":"Feature","id":773433,"geometry":{"type":"Polygon","coordinates":[[[-80.193123768218,25.7636265660197],[-80.1931509943576,25.7643021031561],[-80.1931499197706,25.7643115835561],[-80.1931458192894,25.7643203686221],[-80.1931390500502,25.7643276932087],[-80.1931302016278,25.7643329193727],[-80.1931200446861,25.7643355919355],[-80.1931094638558,25.7643354781272],[-80.1930993806868,25.7643325878602],[-80.1930906733846,25.7643271728654],[-80.1930745694626,25.7643234716871],[-80.1930581696427,25.7643259002873],[-80.1930268365929,25.7643316338567],[-80.1929949714046,25.7643339997906],[-80.1929630187552,25.764332965073],[-80.1929314245426,25.7643285441431],[-80.1928418759835,25.7643317988038],[-80.1928246107873,25.7643263443644],[-80.1928107806634,25.7643155562134],[-80.1928023221489,25.7643009449402],[-80.1928004196315,25.7642845564599],[-80.1928097369576,25.7642211321982],[-80.1928181790731,25.7642014176883],[-80.1928229445886,25.7641807284011],[-80.1928239063396,25.7641596164159],[-80.1928210386622,25.7641386450916],[-80.1928192887799,25.764110265576],[-80.1928228121766,25.7640820200095],[-80.1928315104112,25.7640546975532],[-80.1928451404613,25.7640290615776],[-80.1928536441508,25.7640130336137],[-80.1928585629999,25.7639958312216],[-80.192859713029,25.7639780978208],[-80.1928570512237,25.7639604966926],[-80.1928514057258,25.7639348876696],[-80.1928512285517,25.7639087793007],[-80.1928565260696,25.7638831100362],[-80.1928671078633,25.7638588025441],[-80.1928730398303,25.7638331805394],[-80.1928755730912,25.763807107133],[-80.1928746722459,25.7637809466746],[-80.1928703498831,25.7637550647307],[-80.1928683783833,25.7637421143301],[-80.1928691386435,25.7637290607255],[-80.1928726036853,25.7637163671325],[-80.1928786505496,25.7637044839917],[-80.1928870646595,25.7636938329842],[-80.1928975474348,25.7636847920683],[-80.1929097268875,25.7636776820672],[-80.1929231708218,25.7636727552842],[-80.192932102607,25.7636717805273],[-80.192940902447,25.7636734680502],[-80.1929486184658,25.7636776353141],[-80.1929544160241,25.7636838315469],[-80.1929677443279,25.7636748174707],[-80.1929660941227,25.7636668761514],[-80.1930198088852,25.7636145084125],[-80.1930355744346,25.7636050685637],[-80.1930528971446,25.7635981895139],[-80.193071269061,25.7635940729782],[-80.1930901514635,25.763592839666],[-80.1931036166174,25.7635959178348],[-80.1931147397343,25.7636034133003],[-80.1931218181149,25.7636141786745],[-80.193123768218,25.7636265660197]]]},"properties":{"OBJECTID":773433,"UNIQUEID":null,"SOURCE":null,"YEARUPDATE":2023,"TYPE":null,"HEIGHT":null,"GlobalID":"5153ec9f-a466-4cc6-88a3-3a1f03ea51db","Shape__Area":2795.500818191096,"Shape__Length":239.56992806745546}},{"type":"Feature","id":773434,"geometry":{"type":"Polygon","coordinates":[[[-80.1928418759835,25.7643317988038],[-80.1927675359022,25.7643334791245],[-80.1927515105847,25.7643307679839],[-80.1927363887175,25.7643252749424],[-80.1927227594248,25.7643172139997],[-80.192711153682,25.764306899197],[-80.1927020236306,25.7642947323821],[-80.1926957249629,25.7642811875543],[-80.192692503065,25.7642667923982],[-80.1926924834569,25.7642521077262],[-80.1928460055389,25.7636506407795],[-80.1928600678843,25.7636330424241],[-80.1928773340846,25.7636179330471],[-80.1928972708124,25.7636057793558],[-80.192919262252,25.7635969567605],[-80.1929340056824,25.7635923882945],[-80.1929492666312,25.7635895113675],[-80.1929648068234,25.7635883708982],[-80.192980383624,25.7635889846934],[-80.1929930926532,25.7635965565872],[-80.1930011936878,25.763608180243],[-80.1930032398095,25.7636217795696],[-80.1929988655626,25.763634925604],[-80.1929660941227,25.7636668761514],[-80.1929677443279,25.7636748174707],[-80.1929544160241,25.7636838315469],[-80.1929486184658,25.7636776353141],[-80.192940902447,25.7636734680502],[-80.192932102607,25.7636717805273],[-80.1929231708218,25.7636727552842],[-80.1929097268875,25.7636776820672],[-80.1928975474348,25.7636847920683],[-80.1928870646595,25.7636938329842],[-80.1928786505496,25.7637044839917],[-80.1928726036853,25.7637163671325],[-80.1928691386434,25.7637290607255],[-80.1928683783833,25.7637421143301],[-80.1928703498831,25.7637550647307],[-80.192874672246,25.7637809466746],[-80.1928755730912,25.763807107133],[-80.1928730398303,25.7638331805394],[-80.1928671078633,25.7638588025441],[-80.1928565260696,25.7638831100362],[-80.1928512285517,25.7639087793007],[-80.1928514057258,25.7639348876696],[-80.1928570512237,25.7639604966926],[-80.192859713029,25.7639780978208],[-80.1928585629999,25.7639958312216],[-80.1928536441509,25.7640130336137],[-80.1928451404613,25.7640290615776],[-80.1928315104112,25.7640546975532],[-80.1928228121766,25.7640820200095],[-80.1928192887799,25.764110265576],[-80.1928210386622,25.7641386450916],[-80.1928239063395,25.7641596164159],[-80.1928229445886,25.7641807284011],[-80.1928181790731,25.7642014176883],[-80.1928097369576,25.7642211321982],[-80.1928004196315,25.7642845564599],[-80.1928023221489,25.7643009449402],[-80.1928107806634,25.7643155562134],[-80.1928246107873,25.7643263443644],[-80.1928418759835,25.7643317988038]]]},"properties":{"OBJECTID":773434,"UNIQUEID":null,"SOURCE":null,"YEARUPDATE":2023,"TYPE":null,"HEIGHT":null,"GlobalID":"3d5ec287-47bf-431e-941f-297f5a4225e1","Shape__Area":908.101559791714,"Shape__Length":224.13023012395615}},{"type":"Feature","id":773435,"geometry":{"type":"Polygon","coordinates":[[[-80.1930859078221,25.7636886087968],[-80.1929544160241,25.7636838315469],[-80.1929586605638,25.7635880624124],[-80.1930901514635,25.763592839666],[-80.1930859078221,25.7636886087968]]]},"properties":{"OBJECTID":773435,"UNIQUEID":null,"SOURCE":null,"YEARUPDATE":2023,"TYPE":null,"HEIGHT":null,"GlobalID":"d8f63b7b-822b-4e9b-a06a-41757eaad1be","Shape__Area":173.552734375,"Shape__Length":52.99316021257511}},{"type":"Feature","id":773436,"geometry":{"type":"Polygon","coordinates":[[[-80.193097506869,25.763850078109],[-80.1930201771944,25.7638182335921],[-80.1930158727229,25.7638156601714],[-80.193012292555,25.763812305413],[-80.1930096080047,25.7638083298449],[-80.1930079475301,25.7638039237012],[-80.1930052705505,25.7637375406062],[-80.1930066380349,25.7637319031534],[-80.1930095552613,25.7637267655261],[-80.1930138296812,25.763722466828],[-80.1930191791661,25.7637192907903],[-80.1930944768515,25.7636882156141],[-80.19310017159,25.763689621061],[-80.193105104072,25.7636925443284],[-80.1931087902578,25.763696698547],[-80.1931108684105,25.7637016760504],[-80.1931164128124,25.7638392316225],[-80.1931159245457,25.7638421660709],[-80.1931146628334,25.7638449070917],[-80.1931127025686,25.7638472919831],[-80.1931101601088,25.7638491791825],[-80.1931071863697,25.7638504566691],[-80.1931039578669,25.7638510486139],[-80.1931006662384,25.7638509198801],[-80.193097506869,25.763850078109]]]},"properties":{"OBJECTID":773436,"UNIQUEID":null,"SOURCE":null,"YEARUPDATE":2023,"TYPE":null,"HEIGHT":null,"GlobalID":"53ab2cd0-9b17-4634-9f98-b0b74be4e150","Shape__Area":190.99419122375548,"Shape__Length":54.658314162788294}},{"type":"Feature","id":773437,"geometry":{"type":"Polygon","coordinates":[[[-80.1929531125685,25.7638808935485],[-80.1929521214991,25.7638837272676],[-80.1929500091185,25.7638860092629],[-80.1929470923303,25.7638873971846],[-80.1929438087171,25.7638876828141],[-80.1928902260071,25.7638807786682],[-80.19288601232,25.7638784612734],[-80.1928829721111,25.7638749577949],[-80.1928819502127,25.7638726982967],[-80.1928814329162,25.7638703034538],[-80.1928814397614,25.7638678637257],[-80.1928819704896,25.7638654712675],[-80.1928857128711,25.7638571262617],[-80.1928900955511,25.7638423206912],[-80.1928929627387,25.7638272171725],[-80.1928942906013,25.7638119412487],[-80.1928940681015,25.763796619896],[-80.1928936144523,25.7637921743475],[-80.1928936186061,25.7637867791683],[-80.1928948866847,25.7637815062415],[-80.1928973615908,25.763776592989],[-80.1929009318877,25.763772260638],[-80.1929054368172,25.7637687042596],[-80.1929106735376,25.7637660839854],[-80.1929164062572,25.7637645177975],[-80.1929223768511,25.7637640762162],[-80.1929283164839,25.7637647791243],[-80.1929339577139,25.7637665948723],[-80.192939046536,25.7637694417031],[-80.1929433538176,25.7637731914336],[-80.1929466856166,25.763777675226],[-80.1929488919134,25.7637826911905],[-80.1929498733659,25.763788013475],[-80.1929495857827,25.7637934024354],[-80.1929531125685,25.7638808935485]]]},"properties":{"OBJECTID":773437,"UNIQUEID":null,"SOURCE":null,"YEARUPDATE":2023,"TYPE":null,"HEIGHT":null,"GlobalID":"fb74ebfe-ee56-4da3-a77b-0baa61017183","Shape__Area":95.84359209984541,"Shape__Length":40.572058599662384}},{"type":"Feature","id":773438,"geometry":{"type":"Polygon","coordinates":[[[-80.1930143561113,25.764199207914],[-80.192886362353,25.7642034374404],[-80.1928752104131,25.7641939560717],[-80.1928666457599,25.7641824987278],[-80.1928610874462,25.7641696259951],[-80.19285880743,25.7641559677124],[-80.192854710214,25.7640542858665],[-80.1928590349986,25.7640339623731],[-80.1928677322751,25.7640148086955],[-80.1928804593031,25.7639975796386],[-80.1928967145384,25.7639829541623],[-80.1929291643814,25.7639818814075],[-80.1929570012931,25.7639873434305],[-80.19298455158,25.7639938786921],[-80.1930117642502,25.7640014750962],[-80.1930385889363,25.7640101185826],[-80.1930649759893,25.7640197931531],[-80.1930908765702,25.7640304809009],[-80.1931162427401,25.7640421620442],[-80.1931410275496,25.7640548149624],[-80.1931447339984,25.7641467756887],[-80.1930124211402,25.7641511467946],[-80.1930143561113,25.764199207914]]]},"properties":{"OBJECTID":773438,"UNIQUEID":null,"SOURCE":null,"YEARUPDATE":2023,"TYPE":null,"HEIGHT":null,"GlobalID":"1525f9fd-6ab0-401e-829d-2c557fc22431","Shape__Area":662.0495035797358,"Shape__Length":104.97241750236337}},{"type":"Feature","id":773439,"geometry":{"type":"Polygon","coordinates":[[[-80.1931509943576,25.7643021031561],[-80.1931513094365,25.7643097786215],[-80.1931507032429,25.7643174399033],[-80.1931491828525,25.764324997577],[-80.1931467660115,25.7643323634277],[-80.1931434809301,25.7643394514794],[-80.1931393659524,25.7643461789986],[-80.1931344691095,25.7643524674601],[-80.1931288475586,25.7643582434636],[-80.1931225669158,25.7643634395902],[-80.1931157004903,25.7643679951894],[-80.1931083284288,25.7643718570873],[-80.1931005367798,25.7643749802069],[-80.1930924164892,25.7643773280944],[-80.1930840623393,25.7643788733448],[-80.1930755718416,25.7643795979215],[-80.1930670440994,25.7643794933672],[-80.1929768631263,25.7643705756163],[-80.192968418756,25.7643686764078],[-80.1929604124061,25.7643656021116],[-80.1929530442876,25.7643614296053],[-80.1929464986517,25.7643562632286],[-80.192940939182,25.7643502321745],[-80.1929365049016,25.7643434872587],[-80.1929333066964,25.7643361971482],[-80.1929314245426,25.7643285441431],[-80.1929471490984,25.7643311751294],[-80.1929630187552,25.764332965073],[-80.1929789780995,25.7643339077239],[-80.1929949714046,25.7643339997906],[-80.1930109428253,25.7643332409517],[-80.1930268365929,25.7643316338567],[-80.1930425972096,25.7643291841172],[-80.1930581696427,25.7643259002873],[-80.1930662298936,25.7643239210849],[-80.1930745694626,25.7643234716871],[-80.1930828342636,25.7643245711749],[-80.1930906733846,25.7643271728654],[-80.1930985441267,25.7643322133639],[-80.1931076241479,25.7643351766933],[-80.1931172532245,25.764335847385],[-80.1931267312103,25.7643341766721],[-80.1931353689451,25.7643302860348],[-80.1931425383649,25.7643244583676],[-80.193147718169,25.7643171174096],[-80.1931505317253,25.7643087969341],[-80.1931509943576,25.7643021031561]]]},"properties":{"OBJECTID":773439,"UNIQUEID":null,"SOURCE":null,"YEARUPDATE":2023,"TYPE":null,"HEIGHT":null,"GlobalID":"981f42b2-5b9c-4b35-af91-57811433ee1b","Shape__Area":113.95598217844963,"Shape__Length":60.48423936961386}},{"type":"Feature","id":777243,"geometry":{"type":"Polygon","coordinates":[[[-80.1915789057795,25.7676157327246],[-80.1915952820671,25.7675525068277],[-80.19169202703,25.7675730519715],[-80.191675649844,25.7676362786664],[-80.1915789057795,25.7676157327246]]]},"properties":{"OBJECTID":777243,"UNIQUEID":null,"SOURCE":null,"YEARUPDATE":2023,"TYPE":null,"HEIGHT":null,"GlobalID":"cff66e49-4038-491a-a33b-53deef63a278","Shape__Area":88.798828125,"Shape__Length":38.18040844408074}},{"type":"Feature","id":777244,"geometry":{"type":"Polygon","coordinates":[[[-80.1918615112763,25.7676095342357],[-80.1919022606542,25.7676181888212],[-80.1918794820736,25.7677061252959],[-80.1918387344923,25.7676974707168],[-80.1918615112763,25.7676095342357]]]},"properties":{"OBJECTID":777244,"UNIQUEID":null,"SOURCE":null,"YEARUPDATE":2023,"TYPE":null,"HEIGHT":null,"GlobalID":"25758fba-4665-4aea-a435-7cf22ed1fa6a","Shape__Area":52.021484375,"Shape__Length":31.644529045183972}},{"type":"Feature","id":794373,"geometry":{"type":"Polygon","coordinates":[[[-80.1888436255708,25.7708231088189],[-80.1882998735327,25.7708385900597],[-80.1883287651489,25.770834822691],[-80.1884323507826,25.7708212951102],[-80.1885304719644,25.7707947010564],[-80.1885977099651,25.7707760203359],[-80.1886182547607,25.7707724208833],[-80.1886381728463,25.7707666311404],[-80.1886571773922,25.7707587344818],[-80.188674994724,25.7707488446228],[-80.1887017663161,25.7707308903499],[-80.1887060405002,25.7707271885044],[-80.1887158972869,25.7707143086693],[-80.1887242006797,25.7707005693933],[-80.1887308592039,25.7706861220355],[-80.1887357995055,25.7706711257555],[-80.1887389671594,25.7706557457605],[-80.1887403272691,25.7706401514846],[-80.1887398648508,25.770624514723],[-80.1887375849988,25.7706090077388],[-80.1887335128292,25.7705938013654],[-80.1887276932032,25.7705790631247],[-80.1887201902331,25.7705649553814],[-80.1887110865756,25.7705516335543],[-80.1887004825215,25.7705392444043],[-80.188688494891,25.7705279244173],[-80.1886752557463,25.7705177983008],[-80.188660910937,25.7705089776099],[-80.1886351859704,25.7705006447892],[-80.1886087467581,25.7704943821631],[-80.1885817982911,25.7704902382881],[-80.1885545495091,25.770488245293],[-80.1884915138273,25.7704923629573],[-80.1883986441966,25.7705120023534],[-80.1888276409487,25.7703628886385],[-80.1888436255708,25.7708231088189]]]},"properties":{"OBJECTID":794373,"UNIQUEID":null,"SOURCE":null,"YEARUPDATE":2023,"TYPE":null,"HEIGHT":null,"GlobalID":"4c202ae8-792f-411e-933a-afe24f8c0115","Shape__Area":1103.4298794865608,"Shape__Length":277.30126798035224}},{"type":"Feature","id":794375,"geometry":{"type":"Polygon","coordinates":[[[-80.1888304589637,25.770443990505],[-80.1878235014291,25.7708597721021],[-80.187731565148,25.7706410776871],[-80.1887637204263,25.7702852434573],[-80.1888304589637,25.770443990505]]]},"properties":{"OBJECTID":794375,"UNIQUEID":null,"SOURCE":null,"YEARUPDATE":2023,"TYPE":null,"HEIGHT":null,"GlobalID":"dc75ce67-5a18-4c18-bdfe-3b97ad5e0a13","Shape__Area":3068.90234375,"Shape__Length":296.2346066459728}},{"type":"Feature","id":794384,"geometry":{"type":"Polygon","coordinates":[[[-80.1888322951201,25.7704968753995],[-80.1888279832067,25.7703727281675],[-80.1888477299733,25.7703721667408],[-80.1888520463782,25.7704963123554],[-80.1888322951201,25.7704968753995]]]},"properties":{"OBJECTID":794384,"UNIQUEID":null,"SOURCE":null,"YEARUPDATE":2023,"TYPE":null,"HEIGHT":null,"GlobalID":"6a524814-a7ff-493d-ae65-63e07a8ffd36","Shape__Area":33.76953125,"Shape__Length":35.10652203005548}},{"type":"Feature","id":798199,"geometry":{"type":"Polygon","coordinates":[[[-80.1905212024145,25.7613845484336],[-80.1905225723453,25.7613791287185],[-80.1904863450865,25.7613716160335],[-80.1904849221551,25.7613772485247],[-80.1903009265237,25.7613385848082],[-80.1903022227926,25.7613334571522],[-80.1901957463803,25.7613113761912],[-80.1902378935368,25.7611447231746],[-80.1903443429997,25.7611669141954],[-80.1903473793054,25.7611551168477],[-80.1903664864714,25.7611592663881],[-80.190364997963,25.7611648843268],[-80.1903998130702,25.7611724479941],[-80.1904013015786,25.7611668300558],[-80.1904881929211,25.761185707266],[-80.1904868652111,25.7611907224725],[-80.1905285964476,25.7611997877066],[-80.190530084956,25.7611941697696],[-80.1905724306402,25.7612033684941],[-80.1905709412335,25.7612089872398],[-80.1906652823046,25.7612294825122],[-80.190618698369,25.7614053284555],[-80.1905212024145,25.7613845484336]]]},"properties":{"OBJECTID":798199,"UNIQUEID":null,"SOURCE":null,"YEARUPDATE":2023,"TYPE":null,"HEIGHT":null,"GlobalID":"f58d8f27-0662-489f-b777-8581b65bbc1b","Shape__Area":1083.890625,"Shape__Length":147.7187555138158}},{"type":"Feature","id":798200,"geometry":{"type":"Polygon","coordinates":[[[-80.1902129643894,25.7610515546597],[-80.1907192836296,25.7611565512667],[-80.1906979980489,25.7612406002637],[-80.1901930406547,25.7611301912859],[-80.1902129643894,25.7610515546597]]]},"properties":{"OBJECTID":798200,"UNIQUEID":null,"SOURCE":null,"YEARUPDATE":2023,"TYPE":null,"HEIGHT":null,"GlobalID":"7840d571-4387-47e7-8ae1-8e8175d5c621","Shape__Area":596.462890625,"Shape__Length":136.30775365738486}},{"type":"Feature","id":798201,"geometry":{"type":"Polygon","coordinates":[[[-80.1905860221505,25.7611550602152],[-80.1905550311715,25.7611486332411],[-80.1905604525042,25.7611272002828],[-80.1905914434832,25.7611336264491],[-80.1905860221505,25.7611550602152]]]},"properties":{"OBJECTID":798201,"UNIQUEID":null,"SOURCE":null,"YEARUPDATE":2023,"TYPE":null,"HEIGHT":null,"GlobalID":"8b446ae1-065c-4699-a759-30f88df95342","Shape__Area":9.619140625,"Shape__Length":12.51457831275551}},{"type":"Feature","id":798202,"geometry":{"type":"Polygon","coordinates":[[[-80.1906386077306,25.7611655906143],[-80.1906076158533,25.7611591636407],[-80.1906130380843,25.7611377290663],[-80.1906440290633,25.7611441560411],[-80.1906386077306,25.7611655906143]]]},"properties":{"OBJECTID":798202,"UNIQUEID":null,"SOURCE":null,"YEARUPDATE":2023,"TYPE":null,"HEIGHT":null,"GlobalID":"277a7863-acf2-4928-b3ad-cccf8c013112","Shape__Area":9.619140625,"Shape__Length":12.515012918506333}},{"type":"Feature","id":798203,"geometry":{"type":"Polygon","coordinates":[[[-80.190533620725,25.7611432693386],[-80.190502629746,25.7611368423638],[-80.1905080510787,25.7611154094034],[-80.190539042956,25.7611218355704],[-80.190533620725,25.7611432693386]]]},"properties":{"OBJECTID":798203,"UNIQUEID":null,"SOURCE":null,"YEARUPDATE":2023,"TYPE":null,"HEIGHT":null,"GlobalID":"5926f8e9-e1d0-4de9-bd2c-990175e35823","Shape__Area":9.62109375,"Shape__Length":12.514697975434506}},{"type":"Feature","id":798204,"geometry":{"type":"Polygon","coordinates":[[[-80.1906903165549,25.7611769899158],[-80.190659325576,25.7611705629428],[-80.1906647469087,25.7611491291795],[-80.1906957378877,25.7611555561537],[-80.1906903165549,25.7611769899158]]]},"properties":{"OBJECTID":798204,"UNIQUEID":null,"SOURCE":null,"YEARUPDATE":2023,"TYPE":null,"HEIGHT":null,"GlobalID":"1d6119fd-436b-4294-bd0d-ad78f6480db7","Shape__Area":9.619140625,"Shape__Length":12.514698252897574}},{"type":"Feature","id":798205,"geometry":{"type":"Polygon","coordinates":[[[-80.1906784722679,25.7612010336201],[-80.1906858815724,25.7611730361625],[-80.1907094955863,25.7611781622073],[-80.1907020862818,25.7612061588547],[-80.1906784722679,25.7612010336201]]]},"properties":{"OBJECTID":798205,"UNIQUEID":null,"SOURCE":null,"YEARUPDATE":2023,"TYPE":null,"HEIGHT":null,"GlobalID":"cff27306-d974-49b2-8323-202e7346ef32","Shape__Area":9.615234375,"Shape__Length":12.522908862031182}},{"type":"Feature","id":798206,"geometry":{"type":"Polygon","coordinates":[[[-80.1904661824,25.7613032607716],[-80.1903915135353,25.761287775051],[-80.1904056664926,25.7612318141496],[-80.190480334459,25.7612472982594],[-80.1904661824,25.7613032607716]]]},"properties":{"OBJECTID":798206,"UNIQUEID":null,"SOURCE":null,"YEARUPDATE":2023,"TYPE":null,"HEIGHT":null,"GlobalID":"92639afa-f8d7-4f59-9bb3-0b6d3dc9edff","Shape__Area":60.51171875,"Shape__Length":31.24763122067945}},{"type":"Feature","id":798207,"geometry":{"type":"Polygon","coordinates":[[[-80.1903443429997,25.7611669141954],[-80.1902378656891,25.7611448323944],[-80.190195745482,25.7613113753822],[-80.1903022227926,25.7613334571522],[-80.1902983699184,25.7613486936845],[-80.190129700444,25.7613144044052],[-80.1901804435795,25.7611137743431],[-80.1903485255556,25.7611503767115],[-80.1903443429997,25.7611669141954]]]},"properties":{"OBJECTID":798207,"UNIQUEID":null,"SOURCE":null,"YEARUPDATE":2023,"TYPE":null,"HEIGHT":null,"GlobalID":"c41ccc07-4aba-4880-bc50-7a97f2eaa900","Shape__Area":229.94140625,"Shape__Length":113.39950637126549}},{"type":"Feature","id":798208,"geometry":{"type":"Polygon","coordinates":[[[-80.190714449795,25.7612302057891],[-80.190665078387,25.761425429695],[-80.1905579066787,25.7614032055521],[-80.1905622176937,25.7613869334641],[-80.1906064300771,25.7613965399265],[-80.1906496884496,25.7612332736478],[-80.190605469778,25.7612236663632],[-80.1906097628268,25.7612074614004],[-80.190714449795,25.7612302057891]]]},"properties":{"OBJECTID":798208,"UNIQUEID":null,"SOURCE":null,"YEARUPDATE":2023,"TYPE":null,"HEIGHT":null,"GlobalID":"2406b330-cacb-4348-bc92-e18d7a1096db","Shape__Area":195.5390625,"Shape__Length":83.97943962768805}},{"type":"Feature","id":798209,"geometry":{"type":"Polygon","coordinates":[[[-80.1903653617807,25.7611523701738],[-80.1904067094366,25.7611613512712],[-80.1904035545533,25.7611732602651],[-80.1903622068974,25.7611642783596],[-80.1903653617807,25.7611523701738]]]},"properties":{"OBJECTID":798209,"UNIQUEID":null,"SOURCE":null,"YEARUPDATE":2023,"TYPE":null,"HEIGHT":null,"GlobalID":"66b0b95e-3413-4f8e-b76d-f806f91a46bc","Shape__Area":7.166015625,"Shape__Length":12.496107316417739}},{"type":"Feature","id":798210,"geometry":{"type":"Polygon","coordinates":[[[-80.190490019196,25.7611788142894],[-80.1905317513309,25.7611878787154],[-80.1905285964476,25.7611997877066],[-80.1904868652111,25.7611907224725],[-80.190490019196,25.7611788142894]]]},"properties":{"OBJECTID":798210,"UNIQUEID":null,"SOURCE":null,"YEARUPDATE":2023,"TYPE":null,"HEIGHT":null,"GlobalID":"054e017a-7a9b-4875-bc41-e5f9ec758669","Shape__Area":7.23046875,"Shape__Length":12.58403074416673}},{"type":"Feature","id":798211,"geometry":{"type":"Polygon","coordinates":[[[-80.1904807395991,25.7613704550703],[-80.1905225723453,25.7613791287185],[-80.1905192000697,25.7613924623984],[-80.1904773673236,25.7613837879422],[-80.1904807395991,25.7613704550703]]]},"properties":{"OBJECTID":798211,"UNIQUEID":null,"SOURCE":null,"YEARUPDATE":2023,"TYPE":null,"HEIGHT":null,"GlobalID":"cc3f57b9-cba8-4816-96f2-fc1c6d674b12","Shape__Area":8.076171875,"Shape__Length":12.937786252469763}},{"type":"Feature","id":798212,"geometry":{"type":"Polygon","coordinates":[[[-80.1904407295347,25.761367961629],[-80.1904384037964,25.7613770357489],[-80.1903121491765,25.7613505051109],[-80.1903144740164,25.7613414309889],[-80.1904407295347,25.761367961629]]]},"properties":{"OBJECTID":798212,"UNIQUEID":null,"SOURCE":null,"YEARUPDATE":2023,"TYPE":null,"HEIGHT":null,"GlobalID":"a333b392-bf46-41c7-af32-6803c2f2d993","Shape__Area":16.611328125,"Shape__Length":31.16646697491537}},{"type":"Feature","id":798213,"geometry":{"type":"Polygon","coordinates":[[[-80.1904719388043,25.7613686533527],[-80.1904638431869,25.7614006692327],[-80.1902665048786,25.761359744275],[-80.1902746013943,25.7613277291929],[-80.1904719388043,25.7613686533527]]]},"properties":{"OBJECTID":798213,"UNIQUEID":null,"SOURCE":null,"YEARUPDATE":2023,"TYPE":null,"HEIGHT":null,"GlobalID":"fb5776c1-827e-4d6e-8eb1-502158042d3b","Shape__Area":91.490234375,"Shape__Length":53.2020226967828}},{"type":"Feature","id":798214,"geometry":{"type":"Polygon","coordinates":[[[-80.1903144740164,25.7613414309889],[-80.1903121491765,25.7613505051109],[-80.1902986007854,25.7613476589304],[-80.1903009265237,25.7613385848082],[-80.1903144740164,25.7613414309889]]]},"properties":{"OBJECTID":798214,"UNIQUEID":null,"SOURCE":null,"YEARUPDATE":2023,"TYPE":null,"HEIGHT":null,"GlobalID":"ee41c5be-cbbb-4ca6-890d-a2b926837c59","Shape__Area":1.78125,"Shape__Length":5.39944010132862}},{"type":"Feature","id":798215,"geometry":{"type":"Polygon","coordinates":[[[-80.1905579066787,25.7614032055521],[-80.1905186404193,25.7613946775317],[-80.190521440468,25.7613836059096],[-80.1905608208135,25.7613921590108],[-80.1905579066787,25.7614032055521]]]},"properties":{"OBJECTID":798215,"UNIQUEID":null,"SOURCE":null,"YEARUPDATE":2023,"TYPE":null,"HEIGHT":null,"GlobalID":"bb860ed1-7750-4077-805e-006b0b13b3d1","Shape__Area":6.31640625,"Shape__Length":11.812835519713502}},{"type":"Feature","id":798216,"geometry":{"type":"Polygon","coordinates":[[[-80.1905709412335,25.7612089872398],[-80.1905734367534,25.7611995684582],[-80.1906097628268,25.7612074614004],[-80.1906072682052,25.7612168785633],[-80.1905709412335,25.7612089872398]]]},"properties":{"OBJECTID":798216,"UNIQUEID":null,"SOURCE":null,"YEARUPDATE":2023,"TYPE":null,"HEIGHT":null,"GlobalID":"c37d2aa0-f435-4ef0-9933-0c041c4bc835","Shape__Area":4.978515625,"Shape__Length":10.713245938046384}},{"type":"Feature","id":798217,"geometry":{"type":"Polygon","coordinates":[[[-80.1906798377072,25.7613114336326],[-80.1906728101867,25.761339273296],[-80.1906138986703,25.7613270568858],[-80.1906209261908,25.7612992164106],[-80.1906798377072,25.7613114336326]]]},"properties":{"OBJECTID":798217,"UNIQUEID":null,"SOURCE":null,"YEARUPDATE":2023,"TYPE":null,"HEIGHT":null,"GlobalID":"3d210fb5-b33f-4e0b-889e-f37587f87d11","Shape__Area":23.75,"Shape__Length":20.517119934246146}},{"type":"Feature","id":798218,"geometry":{"type":"Polygon","coordinates":[[[-80.1902612784803,25.761304390992],[-80.1902513673678,25.7613435757373],[-80.1901845803213,25.7613297250794],[-80.1901944896372,25.7612905411385],[-80.1902612784803,25.761304390992]]]},"properties":{"OBJECTID":798218,"UNIQUEID":null,"SOURCE":null,"YEARUPDATE":2023,"TYPE":null,"HEIGHT":null,"GlobalID":"c962a4b9-90ad-4a01-95ad-3e83fbd6196d","Shape__Area":37.900390625,"Shape__Length":25.19351093907745}},{"type":"Feature","id":798219,"geometry":{"type":"Polygon","coordinates":[[[-80.1902404708034,25.7612051321897],[-80.1902305596908,25.7612443177768],[-80.1902377533996,25.7612458088271],[-80.1902278431854,25.7612849944008],[-80.1901628536679,25.7612715158917],[-80.1901826740963,25.7611931479587],[-80.1902404708034,25.7612051321897]]]},"properties":{"OBJECTID":798219,"UNIQUEID":null,"SOURCE":null,"YEARUPDATE":2023,"TYPE":null,"HEIGHT":null,"GlobalID":"270e0fba-da6b-4651-9287-d37186606708","Shape__Area":69.673828125,"Shape__Length":34.71773021651136}},{"type":"Feature","id":798220,"geometry":{"type":"Polygon","coordinates":[[[-80.1902948835568,25.7611920873142],[-80.1902849733426,25.7612312712875],[-80.190178610118,25.7612092145785],[-80.1901885203322,25.7611700314069],[-80.1902948835568,25.7611920873142]]]},"properties":{"OBJECTID":798220,"UNIQUEID":null,"SOURCE":null,"YEARUPDATE":2023,"TYPE":null,"HEIGHT":null,"GlobalID":"e505e60f-58d2-4fba-93a3-6b5794aeacd7","Shape__Area":60.3515625,"Shape__Length":34.23482791499221}},{"type":"Feature","id":808525,"geometry":{"type":"Polygon","coordinates":[[[-80.1873050010337,25.7692293416115],[-80.1872495686925,25.7692800152969],[-80.1871844866484,25.7692742658786],[-80.1871945064571,25.769306769868],[-80.1870527648817,25.7693425914723],[-80.1870512943396,25.7693378217308],[-80.1870189846338,25.769345982713],[-80.1870225787932,25.7693576433383],[-80.1866491185869,25.7693367077664],[-80.1866059356122,25.7693168052154],[-80.1865659032291,25.7692921326387],[-80.1865296675854,25.7692630882643],[-80.186497813547,25.7692301408837],[-80.1865890168028,25.7691666974221],[-80.1865810882721,25.7691572436768],[-80.1866383621597,25.7691178592655],[-80.1866306644961,25.7691086805698],[-80.1866672106568,25.7690835495788],[-80.1866857980611,25.7691066603146],[-80.1867076564571,25.7691273197641],[-80.1867323916264,25.7691451553334],[-80.186759557468,25.7691598453579],[-80.1867648692062,25.7691476232807],[-80.1868246044777,25.7691583989009],[-80.1868253276215,25.7691650851241],[-80.1868467461528,25.7691662743253],[-80.1868890460229,25.7691603169935],[-80.1868870894922,25.7691539713508],[-80.1869587274411,25.7691358639392],[-80.186962137446,25.7691469251306],[-80.1870159357517,25.769133327785],[-80.1870142199695,25.7691277628072],[-80.1871507189769,25.7690932646308],[-80.1871552878084,25.7691080875869],[-80.1871972409288,25.7690974842751],[-80.1872032290985,25.7691169111401],[-80.1872654940258,25.7691011756548],[-80.1872824658964,25.7691562356871],[-80.1873013655517,25.769179013339],[-80.1873050010337,25.7692293416115]]]},"properties":{"OBJECTID":808525,"UNIQUEID":null,"SOURCE":null,"YEARUPDATE":2023,"TYPE":null,"HEIGHT":null,"GlobalID":"19c2a80b-c537-40bc-afb7-aa476b80d6d5","Shape__Area":2043.619345575571,"Shape__Length":231.5962338055821}},{"type":"Feature","id":808526,"geometry":{"type":"Polygon","coordinates":[[[-80.1873137614043,25.7691852594758],[-80.1873162663625,25.769196748354],[-80.1873169832384,25.7692084387929],[-80.1873158982597,25.7692201062017],[-80.1873130322707,25.7692315264321],[-80.187308440331,25.7692424800847],[-80.1873022106588,25.7692527567236],[-80.1872944629353,25.7692621589194],[-80.1872853460059,25.7692705060423],[-80.1872750350203,25.7692776377318],[-80.1872637280679,25.7692834169778],[-80.187251642372,25.7692877327525],[-80.187239010117,25.7692905021436],[-80.1872260739871,25.7692916719472],[-80.1872130825049,25.7692912196897],[-80.1872002852558,25.7692891540594],[-80.1871879280943,25.7692855147403],[-80.1871944687279,25.7693066477121],[-80.1871033687783,25.7693297642974],[-80.1870389721488,25.7691216210258],[-80.1871507189769,25.7690932646308],[-80.1871631399823,25.7691334612668],[-80.1871802484138,25.769126699214],[-80.1871983864396,25.769122662547],[-80.187217023094,25.7691214694338],[-80.1872356128149,25.7691231548014],[-80.1872536114139,25.7691276693128],[-80.1872704920069,25.7691348808116],[-80.187285760438,25.7691445781908],[-80.1872989697449,25.7691564775723],[-80.1873077862723,25.7691702763944],[-80.1873137614043,25.7691852594758]],[[-80.187298366077,25.7692078203154],[-80.1872964431542,25.7691912533285],[-80.1872886085764,25.7691761641103],[-80.1872775244962,25.7691630065784],[-80.1872634950251,25.7691523702273],[-80.1872472089918,25.7691447772883],[-80.1872294660189,25.7691406005655],[-80.1872111372631,25.7691400451308],[-80.1871931226421,25.7691431382553],[-80.18717630665,25.7691497280705],[-80.18716151493,25.7691594910245],[-80.1871545338528,25.7691682552203],[-80.1871491164108,25.7691778746636],[-80.1871453890019,25.7691881249167],[-80.1871434385928,25.7691987668239],[-80.1871433106897,25.7692095520918],[-80.1871450082768,25.7692202290821],[-80.1871484917467,25.7692305486831],[-80.1871536798241,25.7692402701214],[-80.1871623071197,25.7692490443353],[-80.1871723184377,25.7692565320722],[-80.1871834799126,25.7692625584177],[-80.1871955308109,25.769266982596],[-80.1872081896222,25.769269701258],[-80.1872211606352,25.7692706508954],[-80.1872341408457,25.7692698093247],[-80.1872468270342,25.7692671962051],[-80.1872657757716,25.7692574446027],[-80.1872813227684,25.7692436511139],[-80.1872924327977,25.7692267342034],[-80.187298366077,25.7692078203154]]]},"properties":{"OBJECTID":808526,"UNIQUEID":null,"SOURCE":null,"YEARUPDATE":2023,"TYPE":null,"HEIGHT":null,"GlobalID":"9b5f31f4-9235-489a-ba94-45245073285e","Shape__Area":377.47645369544625,"Shape__Length":154.3393739298746}},{"type":"Feature","id":808527,"geometry":{"type":"Polygon","coordinates":[[[-80.1871510378788,25.7692396658134],[-80.187171931794,25.7693071856834],[-80.1870151021151,25.7693469680496],[-80.1869538612672,25.7691490745918],[-80.1871315399456,25.7691040030428],[-80.1871518652272,25.7691696922674],[-80.1871729828229,25.7691643343903],[-80.1871929999824,25.7692290188284],[-80.1871510378788,25.7692396658134]]]},"properties":{"OBJECTID":808527,"UNIQUEID":null,"SOURCE":null,"YEARUPDATE":2023,"TYPE":null,"HEIGHT":null,"GlobalID":"2bbf7b7b-8264-47c8-bcb8-af02659e9672","Shape__Area":521.197265625,"Shape__Length":96.77019784522464}},{"type":"Feature","id":808528,"geometry":{"type":"Polygon","coordinates":[[[-80.1870225931662,25.7693576433383],[-80.1869883149076,25.7693673298494],[-80.1869534361901,25.7693750855746],[-80.186918090976,25.7693808807259],[-80.1868824150193,25.7693846930456],[-80.1868465453442,25.7693865078915],[-80.1868106197191,25.7693863182933],[-80.186774776127,25.7693841249792],[-80.1867391522362,25.7693799363731],[-80.1867139208651,25.7693741988321],[-80.1866891830332,25.7693669242263],[-80.1866650540533,25.7693581464654],[-80.1866416464003,25.7693479064655],[-80.1866653556356,25.7693106562052],[-80.1866323766849,25.7692934475938],[-80.1866483199846,25.7692684015849],[-80.1866296152637,25.7692586404354],[-80.1866618917319,25.7692193143043],[-80.1866755101916,25.7692264211937],[-80.186690768975,25.7692024511143],[-80.1867244208072,25.769216677208],[-80.1867596402217,25.7692273928797],[-80.1867959773584,25.7692344612585],[-80.1868329680804,25.76923779206],[-80.1868701399027,25.76923734274],[-80.186907018027,25.7692331190376],[-80.1869431314063,25.7692251749022],[-80.1869780187618,25.7692136118039],[-80.1870311514159,25.7692001341951],[-80.1870503502102,25.7692621878116],[-80.1869972238443,25.7692756629865],[-80.1870225931662,25.7693576433383]]]},"properties":{"OBJECTID":808528,"UNIQUEID":null,"SOURCE":null,"YEARUPDATE":2023,"TYPE":null,"HEIGHT":null,"GlobalID":"a7c49df3-f282-4a2a-b197-4a7234731179","Shape__Area":786.4820268601179,"Shape__Length":134.2231197081414}},{"type":"Feature","id":808542,"geometry":{"type":"Polygon","coordinates":[[[-80.1871021039504,25.7692235986625],[-80.1871192159583,25.7692789078038],[-80.1870900243048,25.7692863115852],[-80.1870729122969,25.7692310032563],[-80.1871021039504,25.7692235986625]]]},"properties":{"OBJECTID":808542,"UNIQUEID":null,"SOURCE":null,"YEARUPDATE":2023,"TYPE":null,"HEIGHT":null,"GlobalID":"431e0b2b-7b31-41f3-bd00-6490d72e9e6e","Shape__Area":23.9609375,"Shape__Length":20.946590028975287}},{"type":"Feature","id":808543,"geometry":{"type":"Polygon","coordinates":[[[-80.1871021039504,25.7692235986625],[-80.1870889526146,25.769226934896],[-80.1870867679119,25.7692198636018],[-80.1870999165527,25.769216528986],[-80.1871021039504,25.7692235986625]]]},"properties":{"OBJECTID":808543,"UNIQUEID":null,"SOURCE":null,"YEARUPDATE":2023,"TYPE":null,"HEIGHT":null,"GlobalID":"2ca3ff35-7eaa-4e88-887a-58a4b7a577d9","Shape__Area":1.37890625,"Shape__Length":4.856102117830605}},{"type":"Feature","id":808544,"geometry":{"type":"Polygon","coordinates":[[[-80.187168102276,25.7691981327781],[-80.1871587588987,25.7691679432519],[-80.1871729828229,25.7691643343903],[-80.1871823253018,25.7691945247264],[-80.187168102276,25.7691981327781]]]},"properties":{"OBJECTID":808544,"UNIQUEID":null,"SOURCE":null,"YEARUPDATE":2023,"TYPE":null,"HEIGHT":null,"GlobalID":"7bbd0ed9-0b84-407b-bc4d-e27a9731dd15","Shape__Area":6.37109375,"Shape__Length":11.038096589395828}},{"type":"Feature","id":808545,"geometry":{"type":"Polygon","coordinates":[[[-80.1871427275642,25.7691968610613],[-80.1871388782832,25.7691844205632],[-80.1871620395462,25.7691785433214],[-80.1871658897255,25.769190984629],[-80.1871427275642,25.7691968610613]]]},"properties":{"OBJECTID":808545,"UNIQUEID":null,"SOURCE":null,"YEARUPDATE":2023,"TYPE":null,"HEIGHT":null,"GlobalID":"537aca11-41f7-43e9-899b-63f7a0e09a73","Shape__Area":4.275390625,"Shape__Length":8.550359611146316}},{"type":"Feature","id":808546,"geometry":{"type":"Polygon","coordinates":[[[-80.1871186895455,25.7691382609487],[-80.1870909756207,25.7690483524299],[-80.1871675875414,25.7690290056429],[-80.1872073981799,25.7690436441592],[-80.1872219077683,25.7690907114871],[-80.1872426561564,25.7690854668637],[-80.1872487988363,25.7691053944898],[-80.1871186895455,25.7691382609487]]]},"properties":{"OBJECTID":808546,"UNIQUEID":null,"SOURCE":null,"YEARUPDATE":2023,"TYPE":null,"HEIGHT":null,"GlobalID":"9b92e9a6-9d35-4e0c-b14f-04c18cdf7dbd","Shape__Area":146.39453125,"Shape__Length":51.21455945263262}},{"type":"Feature","id":808550,"geometry":{"type":"Polygon","coordinates":[[[-80.1869733681837,25.7684007790081],[-80.1868864579766,25.7682225836126],[-80.1869938102463,25.7681796555276],[-80.1870215645953,25.7682365629042],[-80.1870288211862,25.7682336618777],[-80.1870611578415,25.7682999639868],[-80.1870539021489,25.7683028658206],[-80.1870807204534,25.7683578509876],[-80.1869733681837,25.7684007790081]]]},"properties":{"OBJECTID":808550,"UNIQUEID":null,"SOURCE":null,"YEARUPDATE":2023,"TYPE":null,"HEIGHT":null,"GlobalID":"25521965-7bb7-4b94-b9fb-ac20145e7370","Shape__Area":322.4765625,"Shape__Length":76.0346786200277}},{"type":"Feature","id":808551,"geometry":{"type":"Polygon","coordinates":[[[-80.1870704329467,25.7683192178592],[-80.1870901877981,25.768359722172],[-80.1870356744334,25.768381521913],[-80.187015919582,25.7683410176076],[-80.1870704329467,25.7683192178592]]]},"properties":{"OBJECTID":808551,"UNIQUEID":null,"SOURCE":null,"YEARUPDATE":2023,"TYPE":null,"HEIGHT":null,"GlobalID":"7a128732-ef5f-4cb8-8813-53a0e6e0572d","Shape__Area":36.30859375,"Shape__Length":24.216517260995133}},{"type":"Feature","id":808552,"geometry":{"type":"Polygon","coordinates":[[[-80.1869989288468,25.7681738025057],[-80.1870186827998,25.768214306868],[-80.1869656175194,25.7682355274012],[-80.1869458617697,25.768195023046],[-80.1869989288468,25.7681738025057]]]},"properties":{"OBJECTID":808552,"UNIQUEID":null,"SOURCE":null,"YEARUPDATE":2023,"TYPE":null,"HEIGHT":null,"GlobalID":"a376c231-5572-40cc-8658-d13cbffaa72c","Shape__Area":35.349609375,"Shape__Length":23.863928172126904}},{"type":"Feature","id":808578,"geometry":{"type":"Polygon","coordinates":[[[-80.1871111167477,25.7685632353435],[-80.1871353883283,25.7686130008242],[-80.1870714462464,25.7687624896789],[-80.1862678358511,25.7690838375761],[-80.1861929891199,25.7689303729796],[-80.1871111167477,25.7685632353435]]]},"properties":{"OBJECTID":808578,"UNIQUEID":null,"SOURCE":null,"YEARUPDATE":2023,"TYPE":null,"HEIGHT":null,"GlobalID":"cc07f528-2de7-4c21-a446-e4287251392c","Shape__Area":2219.306640625,"Shape__Length":256.9484785895565}},{"type":"Feature","id":808582,"geometry":{"type":"Polygon","coordinates":[[[-80.18699279515,25.7686105496021],[-80.1869040128538,25.7684285142678],[-80.1870223335532,25.7683811999366],[-80.1871111167477,25.7685632353435],[-80.18699279515,25.7686105496021]]]},"properties":{"OBJECTID":808582,"UNIQUEID":null,"SOURCE":null,"YEARUPDATE":2023,"TYPE":null,"HEIGHT":null,"GlobalID":"2fbf2df0-122e-495f-a35a-9b4f8a9abdf0","Shape__Area":354.185546875,"Shape__Length":77.97616257205833}},{"type":"Feature","id":808584,"geometry":{"type":"Polygon","coordinates":[[[-80.1869927960483,25.7686105487931],[-80.1869698252282,25.7685634505334],[-80.1870304462385,25.7685392076922],[-80.1870017881843,25.7684804503119],[-80.1869411653774,25.7685046931651],[-80.1869166260988,25.7684543783381],[-80.1869820378245,25.768428221415],[-80.1870047427433,25.7684747728545],[-80.1870576526152,25.768453615465],[-80.1870906396508,25.7685212482311],[-80.1870409520358,25.768541118514],[-80.1870614291327,25.7685831031925],[-80.1869927960483,25.7686105487931]]]},"properties":{"OBJECTID":808584,"UNIQUEID":null,"SOURCE":null,"YEARUPDATE":2023,"TYPE":null,"HEIGHT":null,"GlobalID":"2bf0dc61-305e-49cb-b8b5-648b6ad5396c","Shape__Area":170.474609375,"Shape__Length":85.75980022801987}},{"type":"Feature","id":808586,"geometry":{"type":"Polygon","coordinates":[[[-80.1869995450911,25.7684641185201],[-80.1869830717854,25.7684303417658],[-80.1869945127288,25.7684257669532],[-80.1870354094305,25.7684401102643],[-80.1870393548312,25.7684482001175],[-80.1869995450911,25.7684641185201]]]},"properties":{"OBJECTID":808586,"UNIQUEID":null,"SOURCE":null,"YEARUPDATE":2023,"TYPE":null,"HEIGHT":null,"GlobalID":"f9446834-7736-4d35-9e8f-0d9216841f4c","Shape__Area":16.12109375,"Shape__Length":16.78033473763408}},{"type":"Feature","id":808587,"geometry":{"type":"Polygon","coordinates":[[[-80.1869507665711,25.7684209777593],[-80.1869650129532,25.7683762602695],[-80.1870071556181,25.7683872689476],[-80.1869929092361,25.7684319856242],[-80.1869507665711,25.7684209777593]]]},"properties":{"OBJECTID":808587,"UNIQUEID":null,"SOURCE":null,"YEARUPDATE":2023,"TYPE":null,"HEIGHT":null,"GlobalID":"45ef5bff-13fa-4a1d-93b0-785a258f36bb","Shape__Area":28.087890625,"Shape__Length":21.27043761121822}},{"type":"Feature","id":815502,"geometry":{"type":"Polygon","coordinates":[[[-80.1923264945387,25.7692851960023],[-80.1922779882083,25.7692874295949],[-80.1922634606535,25.7690286399833],[-80.1922818437775,25.7690277945978],[-80.1922804379141,25.769002738825],[-80.1922865338816,25.7690024589174],[-80.1922860254352,25.768993400751],[-80.1923049152089,25.7689925310958],[-80.1923054245537,25.7690015892622],[-80.192322096387,25.7690008223477],[-80.1923275087366,25.7690015471952],[-80.1923300464773,25.7690024912766],[-80.1923344563071,25.7690054214076],[-80.1923376058004,25.7690094719779],[-80.1923540943775,25.7693032119764],[-80.1923496746663,25.7693068968778],[-80.1923441329593,25.7693090034602],[-80.192341146061,25.7693093763997],[-80.1923381331115,25.7693092793222],[-80.192332384792,25.7693076921045],[-80.192327575212,25.7693044319174],[-80.1923264945387,25.7692851960023]]]},"properties":{"OBJECTID":815502,"UNIQUEID":null,"SOURCE":null,"YEARUPDATE":2023,"TYPE":null,"HEIGHT":null,"GlobalID":"66e9bf86-a015-473b-a14a-6b67d62f8f99","Shape__Area":297.611328125,"Shape__Length":93.69703233360373}},{"type":"Feature","id":815645,"geometry":{"type":"Polygon","coordinates":[[[-80.1922407171073,25.7692895345598],[-80.1921922098785,25.7692917657254],[-80.1921932896535,25.7693110016394],[-80.1921912558677,25.769313018425],[-80.1921862001493,25.7693159574471],[-80.192180341337,25.7693171668713],[-80.1921743783202,25.7693165026993],[-80.1921690180729,25.7693140425929],[-80.1921667695897,25.7693122231983],[-80.1921502801144,25.7690184840311],[-80.1921529606872,25.7690141648793],[-80.1921570192756,25.7690108440105],[-80.1921594384387,25.7690096717963],[-80.1921647411938,25.7690084534703],[-80.1921814130272,25.7690076865558],[-80.1921809045807,25.7689986291988],[-80.1921997952528,25.7689977587347],[-80.1922003036993,25.7690068169007],[-80.1922063996668,25.7690065369931],[-80.1922078073269,25.7690315919561],[-80.1922261895525,25.7690307449527],[-80.1922407171073,25.7692895345598]]]},"properties":{"OBJECTID":815645,"UNIQUEID":null,"SOURCE":null,"YEARUPDATE":2023,"TYPE":null,"HEIGHT":null,"GlobalID":"06da108a-a97a-4837-92f1-b078965e2b46","Shape__Area":297.615234375,"Shape__Length":93.69785481549604}},{"type":"Feature","id":818366,"geometry":{"type":"Polygon","coordinates":[[[-80.1970191211064,25.7600303765054],[-80.1971110133701,25.7600857619349],[-80.1971215416252,25.7600710025756],[-80.1971816811386,25.7601061781152],[-80.1971636133232,25.7601315124582],[-80.1971299229068,25.7601118066212],[-80.1971196416884,25.7601262180874],[-80.1970931916932,25.7601107475851],[-80.1970453411329,25.7601778309111],[-80.1967309361734,25.7599939323641],[-80.1968874676117,25.75981001007],[-80.1970891331047,25.7599439092305],[-80.1970191211064,25.7600303765054]]]},"properties":{"OBJECTID":818366,"UNIQUEID":null,"SOURCE":null,"YEARUPDATE":2023,"TYPE":null,"HEIGHT":null,"GlobalID":"518b1745-57b2-4c70-9cff-bc31a9e50ad2","Shape__Area":994.5,"Shape__Length":157.63081885836272}},{"type":"Feature","id":818367,"geometry":{"type":"Polygon","coordinates":[[[-80.1971127516102,25.7602028157328],[-80.1970526094019,25.7601676369858],[-80.1970931889982,25.760110745967],[-80.1971196416884,25.7601262180874],[-80.1971299229068,25.7601118066212],[-80.1971636106283,25.7601315116491],[-80.1971127516102,25.7602028157328]]]},"properties":{"OBJECTID":818367,"UNIQUEID":null,"SOURCE":null,"YEARUPDATE":2023,"TYPE":null,"HEIGHT":null,"GlobalID":"064a4a41-728e-4d2b-8f11-5aa362215e99","Shape__Area":76.189453125,"Shape__Length":36.91625326449519}},{"type":"Feature","id":818368,"geometry":{"type":"Polygon","coordinates":[[[-80.1971127516102,25.7602028157328],[-80.1971054806463,25.760213008037],[-80.1970453411329,25.7601778309111],[-80.1970526094019,25.7601676377948],[-80.1971127516102,25.7602028157328]]]},"properties":{"OBJECTID":818368,"UNIQUEID":null,"SOURCE":null,"YEARUPDATE":2023,"TYPE":null,"HEIGHT":null,"GlobalID":"ea6a4964-5756-410a-8963-a0b51ef802bf","Shape__Area":11.953125,"Shape__Length":18.960516615528707}},{"type":"Feature","id":818369,"geometry":{"type":"Polygon","coordinates":[[[-80.1971737400314,25.7596726399551],[-80.1972363067927,25.7597170120252],[-80.1971168155885,25.7598551806151],[-80.1969498196755,25.7597367470533],[-80.1970806152792,25.759583061639],[-80.1971889844418,25.7596550157153],[-80.1971737400314,25.7596726399551]]]},"properties":{"OBJECTID":818369,"UNIQUEID":null,"SOURCE":null,"YEARUPDATE":2023,"TYPE":null,"HEIGHT":null,"GlobalID":"afc487ab-5eed-492e-9dfa-142ec921d1dc","Shape__Area":551.80078125,"Shape__Length":95.85687004658213}},{"type":"Feature","id":818370,"geometry":{"type":"Polygon","coordinates":[[[-80.1970691923021,25.7599104245437],[-80.1970785707136,25.7599166509422],[-80.1970679104061,25.7599298181233],[-80.1968874676117,25.75981001007],[-80.1969498196755,25.7597367470533],[-80.1971166871294,25.7598550891931],[-80.1970691923021,25.7599104245437]]]},"properties":{"OBJECTID":818370,"UNIQUEID":null,"SOURCE":null,"YEARUPDATE":2023,"TYPE":null,"HEIGHT":null,"GlobalID":"5e3169c9-57e3-4494-9624-89c3299f62fe","Shape__Area":263.30078125,"Shape__Length":71.96460527886929}},{"type":"Feature","id":818371,"geometry":{"type":"Polygon","coordinates":[[[-80.1969904118482,25.7598783621464],[-80.1970012015131,25.759865038005],[-80.1970473668339,25.759895690243],[-80.1970365762707,25.7599090143809],[-80.1969904118482,25.7598783621464]]]},"properties":{"OBJECTID":818371,"UNIQUEID":null,"SOURCE":null,"YEARUPDATE":2023,"TYPE":null,"HEIGHT":null,"GlobalID":"8119969a-7dd9-4d82-b295-bc43b848f890","Shape__Area":13.013671875,"Shape__Length":16.846134715796055}},{"type":"Feature","id":818372,"geometry":{"type":"Polygon","coordinates":[[[-80.197039395184,25.7599108848895],[-80.1969810415215,25.7598721397911],[-80.1970201613555,25.7598238236892],[-80.1970785159163,25.7598625696123],[-80.197039395184,25.7599108848895]]]},"properties":{"OBJECTID":818372,"UNIQUEID":null,"SOURCE":null,"YEARUPDATE":2023,"TYPE":null,"HEIGHT":null,"GlobalID":"5a5b92c5-7b27-4a24-9c25-87ee46e9c34f","Shape__Area":59.6484375,"Shape__Length":30.923199052460376}},{"type":"Feature","id":818373,"geometry":{"type":"Polygon","coordinates":[[[-80.1969219000365,25.7599505862642],[-80.1969726880877,25.7599853306196],[-80.1969537803476,25.7600079951471],[-80.1969029922964,25.7599732507984],[-80.1969219000365,25.7599505862642]]]},"properties":{"OBJECTID":818373,"UNIQUEID":null,"SOURCE":null,"YEARUPDATE":2023,"TYPE":null,"HEIGHT":null,"GlobalID":"c4b8b095-75af-41e6-949a-644d9a146ec1","Shape__Area":24.87890625,"Shape__Length":21.20758762557072}},{"type":"Feature","id":818374,"geometry":{"type":"Polygon","coordinates":[[[-80.1969361347405,25.7599335227328],[-80.1969615292152,25.7599508953187],[-80.1969448277375,25.7599709159001],[-80.1969194323644,25.7599535433171],[-80.1969361347405,25.7599335227328]]]},"properties":{"OBJECTID":818374,"UNIQUEID":null,"SOURCE":null,"YEARUPDATE":2023,"TYPE":null,"HEIGHT":null,"GlobalID":"1e9cb54c-ad6e-4865-9161-a71ee27d669a","Shape__Area":10.98828125,"Shape__Length":13.290474529659601}},{"type":"Feature","id":818375,"geometry":{"type":"Polygon","coordinates":[[[-80.1969803381407,25.7599283513278],[-80.1970241606552,25.7599583304255],[-80.1970053535264,25.7599808744108],[-80.1969615292152,25.7599508953187],[-80.1969803381407,25.7599283513278]]]},"properties":{"OBJECTID":818375,"UNIQUEID":null,"SOURCE":null,"YEARUPDATE":2023,"TYPE":null,"HEIGHT":null,"GlobalID":"542f6ed9-deb0-46f6-9e5c-15f805ef96a2","Shape__Area":21.3515625,"Shape__Length":19.223110530988173}},{"type":"Feature","id":818376,"geometry":{"type":"Polygon","coordinates":[[[-80.1969521939228,25.7599142739725],[-80.1969775874993,25.7599316473703],[-80.1969615292152,25.7599508953187],[-80.1969361347405,25.7599335227328],[-80.1969521939228,25.7599142739725]]]},"properties":{"OBJECTID":818376,"UNIQUEID":null,"SOURCE":null,"YEARUPDATE":2023,"TYPE":null,"HEIGHT":null,"GlobalID":"e4a9ed5f-cd04-4aac-99dc-39e44de90ced","Shape__Area":10.564453125,"Shape__Length":13.051735829313017}},{"type":"Feature","id":818377,"geometry":{"type":"Polygon","coordinates":[[[-80.1969935775113,25.7599374077587],[-80.1970133664987,25.759913687416],[-80.1970439496426,25.759934610087],[-80.1970241606552,25.7599583304255],[-80.1969935775113,25.7599374077587]]]},"properties":{"OBJECTID":818377,"UNIQUEID":null,"SOURCE":null,"YEARUPDATE":2023,"TYPE":null,"HEIGHT":null,"GlobalID":"9890d564-07ba-43b4-839c-cfa6feadfcfc","Shape__Area":15.67578125,"Shape__Length":15.885203072096992}},{"type":"Feature","id":818378,"geometry":{"type":"Polygon","coordinates":[[[-80.1970875367984,25.7599226046927],[-80.1970768755926,25.7599357710641],[-80.197065975435,25.7599285325535],[-80.1970766357425,25.7599153661812],[-80.1970875367984,25.7599226046927]]]},"properties":{"OBJECTID":818378,"UNIQUEID":null,"SOURCE":null,"YEARUPDATE":2023,"TYPE":null,"HEIGHT":null,"GlobalID":"0fdf0481-bc51-488d-a440-044a913d6ae6","Shape__Area":3.033203125,"Shape__Length":7.043563547175908}},{"type":"Feature","id":818379,"geometry":{"type":"Polygon","coordinates":[[[-80.1967095041673,25.7599789755869],[-80.1969301241129,25.7597197482147],[-80.1969515570173,25.7597347050245],[-80.1967309361734,25.7599939323641],[-80.1967095041673,25.7599789755869]]]},"properties":{"OBJECTID":818379,"UNIQUEID":null,"SOURCE":null,"YEARUPDATE":2023,"TYPE":null,"HEIGHT":null,"GlobalID":"1e6a8b78-6215-42cd-aaa7-dc789266c1f2","Shape__Area":121.845703125,"Shape__Length":86.77811323836949}},{"type":"Feature","id":818380,"geometry":{"type":"Polygon","coordinates":[[[-80.1970947367955,25.7602280691511],[-80.1968645336224,25.760093421138],[-80.1968752783716,25.7600783600068],[-80.1971054806463,25.760213008037],[-80.1970947367955,25.7602280691511]]]},"properties":{"OBJECTID":818380,"UNIQUEID":null,"SOURCE":null,"YEARUPDATE":2023,"TYPE":null,"HEIGHT":null,"GlobalID":"f727f870-9165-4361-a4ab-b0c01447b8c6","Shape__Area":67.609375,"Shape__Length":65.5377959288751}},{"type":"Feature","id":818381,"geometry":{"type":"Polygon","coordinates":[[[-80.1971218389676,25.7598966635224],[-80.1972609332078,25.7600613264283],[-80.1971816775453,25.7601061805423],[-80.1971215416252,25.7600710025756],[-80.1971110133701,25.7600857619349],[-80.1970191211064,25.7600303765054],[-80.1970891331047,25.7599439092305],[-80.1970768755926,25.7599357710641],[-80.1970858470674,25.7599246904065],[-80.1970626067527,25.7599090394613],[-80.1972314109743,25.7597135404139],[-80.1971737400314,25.7596726399551],[-80.1971889844418,25.7596550157153],[-80.1971844928654,25.7596520327656],[-80.1972426120676,25.7595848358762],[-80.1973332053674,25.7596940885477],[-80.1971218389676,25.7598966635224]]]},"properties":{"OBJECTID":818381,"UNIQUEID":null,"SOURCE":null,"YEARUPDATE":2023,"TYPE":null,"HEIGHT":null,"GlobalID":"48e5324b-9837-463c-80c3-aa7fde7642fc","Shape__Area":677.19140625,"Shape__Length":182.2072649757691}},{"type":"Feature","id":818382,"geometry":{"type":"Polygon","coordinates":[[[-80.1972609332078,25.7600613272374],[-80.1973621059667,25.760181093776],[-80.1972029307866,25.7602913531548],[-80.1970947367955,25.7602280691511],[-80.1971816775453,25.7601061805423],[-80.1972609332078,25.7600613272374]]]},"properties":{"OBJECTID":818382,"UNIQUEID":null,"SOURCE":null,"YEARUPDATE":2023,"TYPE":null,"HEIGHT":null,"GlobalID":"7bf35d2c-ed4a-4fe6-8b41-d1e9fe20e0a2","Shape__Area":444.00390625,"Shape__Length":83.64268452775846}},{"type":"Feature","id":818383,"geometry":{"type":"Polygon","coordinates":[[[-80.1972290870327,25.7602732346829],[-80.1972163058029,25.760258103997],[-80.1973149444143,25.7601897772195],[-80.1973277265425,25.7602049087232],[-80.1972290870327,25.7602732346829]]]},"properties":{"OBJECTID":818383,"UNIQUEID":null,"SOURCE":null,"YEARUPDATE":2023,"TYPE":null,"HEIGHT":null,"GlobalID":"5fe4871e-5673-41cc-9e56-108138d59d16","Shape__Area":32.55078125,"Shape__Length":32.40510848534408}},{"type":"Feature","id":818384,"geometry":{"type":"Polygon","coordinates":[[[-80.1972791672115,25.7598778969462],[-80.1971773072414,25.7599623287167],[-80.1971309874104,25.7599074933792],[-80.1972328473805,25.7598230615697],[-80.1972791672115,25.7598778969462]]]},"properties":{"OBJECTID":818384,"UNIQUEID":null,"SOURCE":null,"YEARUPDATE":2023,"TYPE":null,"HEIGHT":null,"GlobalID":"4b9ea817-2353-4dd6-9b05-e4bab3b6714a","Shape__Area":130.6640625,"Shape__Length":47.85340792757178}},{"type":"Feature","id":818385,"geometry":{"type":"Polygon","coordinates":[[[-80.197206938171,25.759805139624],[-80.1973242752151,25.7597023901577],[-80.1973934715432,25.7597704842109],[-80.1972738842193,25.7598716422292],[-80.197206938171,25.759805139624]]]},"properties":{"OBJECTID":818385,"UNIQUEID":null,"SOURCE":null,"YEARUPDATE":2023,"TYPE":null,"HEIGHT":null,"GlobalID":"9c8be044-8973-426e-ad92-8a54850af8ec","Shape__Area":205.185546875,"Shape__Length":58.986414191304554}},{"type":"Feature","id":818386,"geometry":{"type":"Polygon","coordinates":[[[-80.1972120432968,25.7598102107129],[-80.197228557925,25.7598266165093],[-80.1971309874104,25.7599074933792],[-80.1971218389676,25.7598966635224],[-80.1972120432968,25.7598102107129]]]},"properties":{"OBJECTID":818386,"UNIQUEID":null,"SOURCE":null,"YEARUPDATE":2023,"TYPE":null,"HEIGHT":null,"GlobalID":"e5194dbc-80df-466f-80ea-91bfa981e525","Shape__Area":32.361328125,"Shape__Length":33.84412629756376}},{"type":"Feature","id":818387,"geometry":{"type":"Polygon","coordinates":[[[-80.1971889844418,25.7596550157153],[-80.1971737400314,25.7596726399551],[-80.1972028714978,25.759693301347],[-80.1971809984189,25.7597203161641],[-80.1971202821872,25.7596800014562],[-80.1971574607619,25.7596340849047],[-80.1971889844418,25.7596550157153]]]},"properties":{"OBJECTID":818387,"UNIQUEID":null,"SOURCE":null,"YEARUPDATE":2023,"TYPE":null,"HEIGHT":null,"GlobalID":"03aef188-2ce0-49ce-add8-bcbfb91523d3","Shape__Area":47.4453125,"Shape__Length":30.802866151400764}},{"type":"Feature","id":818388,"geometry":{"type":"Polygon","coordinates":[[[-80.1972158261025,25.7597024864341],[-80.1971751090639,25.7596736124273],[-80.1972277431531,25.7596156508047],[-80.1972676768607,25.7596453864588],[-80.1972158261025,25.7597024864341]]]},"properties":{"OBJECTID":818388,"UNIQUEID":null,"SOURCE":null,"YEARUPDATE":2023,"TYPE":null,"HEIGHT":null,"GlobalID":"14695b21-49f1-497f-a410-fe8af7e5b05d","Shape__Area":52.98828125,"Shape__Length":29.909499940592895}},{"type":"Feature","id":818389,"geometry":{"type":"Polygon","coordinates":[[[-80.1974020702171,25.759777136174],[-80.1972741375442,25.7598820659483],[-80.1972070513588,25.759814994591],[-80.1973332053674,25.7596940885477],[-80.1974020702171,25.759777136174]]]},"properties":{"OBJECTID":818389,"UNIQUEID":null,"SOURCE":null,"YEARUPDATE":2023,"TYPE":null,"HEIGHT":null,"GlobalID":"f1220fb9-1087-46f7-ad3d-839d6fbc8f37","Shape__Area":236.818359375,"Shape__Length":63.73881655417673}},{"type":"Feature","id":818390,"geometry":{"type":"Polygon","coordinates":[[[-80.1972676768607,25.7596453864588],[-80.1972205763937,25.7596103135315],[-80.1972426120676,25.7595848358762],[-80.1972837549076,25.7596344538293],[-80.1972676768607,25.7596453864588]]]},"properties":{"OBJECTID":818390,"UNIQUEID":null,"SOURCE":null,"YEARUPDATE":2023,"TYPE":null,"HEIGHT":null,"GlobalID":"b7b1dd4b-1b78-4ecf-80df-11519bb40a37","Shape__Area":22.15234375,"Shape__Length":20.69196611215253}},{"type":"Feature","id":818395,"geometry":{"type":"Polygon","coordinates":[[[-80.1973463261604,25.7596398889959],[-80.1973349525906,25.7596286068584],[-80.1973826827766,25.7595891238183],[-80.1973592268662,25.7595658694164],[-80.1973102668866,25.7596063702435],[-80.197223098863,25.7595199083232],[-80.1972716330412,25.7594797691103],[-80.1972425635586,25.7594509492555],[-80.1971925660248,25.75949230852],[-80.1971821141265,25.759481942209],[-80.1972544590496,25.7594209004516],[-80.1974160569861,25.7595810891855],[-80.1973463261604,25.7596398889959]]]},"properties":{"OBJECTID":818395,"UNIQUEID":null,"SOURCE":null,"YEARUPDATE":2023,"TYPE":null,"HEIGHT":null,"GlobalID":"9709d047-7d06-49d4-91a9-a58dbfce1359","Shape__Area":225.306640625,"Shape__Length":104.6725932878157}},{"type":"Feature","id":818396,"geometry":{"type":"Polygon","coordinates":[[[-80.1972425635586,25.7594509500646],[-80.1972716348378,25.7594797691103],[-80.1972230997614,25.7595199083232],[-80.1973102668866,25.7596063702435],[-80.1973592295612,25.7595658677983],[-80.1973826818783,25.7595891238183],[-80.1973176564282,25.7596429148254],[-80.1971779800796,25.7595043738273],[-80.1972425635586,25.7594509500646]]]},"properties":{"OBJECTID":818396,"UNIQUEID":null,"SOURCE":null,"YEARUPDATE":2023,"TYPE":null,"HEIGHT":null,"GlobalID":"37e2d9a0-33c6-493d-8bd4-a50aafffa296","Shape__Area":120.18359375,"Shape__Length":80.58684903826719}},{"type":"Feature","id":818401,"geometry":{"type":"Polygon","coordinates":[[[-80.1971844928654,25.7596520327656],[-80.1970806152792,25.759583061639],[-80.1971615409099,25.7594879744588],[-80.1972502288829,25.7595760310316],[-80.1971844928654,25.7596520327656]]]},"properties":{"OBJECTID":818401,"UNIQUEID":null,"SOURCE":null,"YEARUPDATE":2023,"TYPE":null,"HEIGHT":null,"GlobalID":"ae6fc984-ffd1-42dc-ad57-8c7f3d1a2ed4","Shape__Area":192.548828125,"Shape__Length":55.77716259657153}},{"type":"Feature","id":818402,"geometry":{"type":"Polygon","coordinates":[[[-80.1972426120676,25.7595848358762],[-80.1972502288829,25.7595760310316],[-80.1973176564282,25.7596429148254],[-80.1973349525906,25.7596286068584],[-80.1973463261604,25.7596398889959],[-80.1976893406652,25.7593506395694],[-80.1977903975414,25.7594485844122],[-80.1974020702171,25.759777136174],[-80.1972426120676,25.7595848358762]]]},"properties":{"OBJECTID":818402,"UNIQUEID":null,"SOURCE":null,"YEARUPDATE":2023,"TYPE":null,"HEIGHT":null,"GlobalID":"cabb6deb-3d20-410b-9a3e-dac41094f379","Shape__Area":998.74609375,"Shape__Length":174.85583614001166}},{"type":"Feature","id":818408,"geometry":{"type":"Polygon","coordinates":[[[-80.1971644496547,25.7600230101717],[-80.1971898117902,25.7599771277326],[-80.197248382845,25.7600464643176],[-80.1971916075224,25.7600551582885],[-80.1971644496547,25.7600230101717]]]},"properties":{"OBJECTID":818408,"UNIQUEID":null,"SOURCE":null,"YEARUPDATE":2023,"TYPE":null,"HEIGHT":null,"GlobalID":"597c9b2f-fd06-4cd5-b94c-ee7887bdac04","Shape__Area":44.76953125,"Shape__Length":28.507399917800235}},{"type":"Feature","id":818409,"geometry":{"type":"Polygon","coordinates":[[[-80.197108910414,25.7600331677025],[-80.1971644496547,25.7600230101717],[-80.1971916075224,25.7600551582885],[-80.1971711025777,25.760099997033],[-80.197108910414,25.7600331677025]]]},"properties":{"OBJECTID":818409,"UNIQUEID":null,"SOURCE":null,"YEARUPDATE":2023,"TYPE":null,"HEIGHT":null,"GlobalID":"ef53cb1c-7599-46d9-acdb-435090432c7d","Shape__Area":42.79296875,"Shape__Length":28.073464172781474}},{"type":"Feature","id":818410,"geometry":{"type":"Polygon","coordinates":[[[-80.1971916075224,25.7600551582885],[-80.197248382845,25.7600464643176],[-80.1971711025777,25.760099997033],[-80.1971916075224,25.7600551582885]]]},"properties":{"OBJECTID":818410,"UNIQUEID":null,"SOURCE":null,"YEARUPDATE":2023,"TYPE":null,"HEIGHT":null,"GlobalID":"5b677a3d-4a42-42eb-ba3e-6fc123eb3ba2","Shape__Area":16.287109375,"Shape__Length":23.257874556089135}},{"type":"Feature","id":818411,"geometry":{"type":"Polygon","coordinates":[[[-80.1971898117902,25.7599771277326],[-80.1971644496547,25.7600230101717],[-80.197108910414,25.7600331677025],[-80.1971898117902,25.7599771277326]]]},"properties":{"OBJECTID":818411,"UNIQUEID":null,"SOURCE":null,"YEARUPDATE":2023,"TYPE":null,"HEIGHT":null,"GlobalID":"1e2f59c5-1ca7-45f9-99a1-7e42590705ec","Shape__Area":15.759765625,"Shape__Length":24.0054684601088}},{"type":"Feature","id":818412,"geometry":{"type":"Polygon","coordinates":[[[-80.1970389154837,25.7599843953659],[-80.1971113161023,25.7600280310907],[-80.1970747070596,25.760073244432],[-80.1970023082376,25.7600296071058],[-80.1970389154837,25.7599843953659]]]},"properties":{"OBJECTID":818412,"UNIQUEID":null,"SOURCE":null,"YEARUPDATE":2023,"TYPE":null,"HEIGHT":null,"GlobalID":"9e7d8dbb-22cf-41dc-9b31-da84106f65e9","Shape__Area":67.021484375,"Shape__Length":33.22843827113367}},{"type":"Feature","id":818413,"geometry":{"type":"Polygon","coordinates":[[[-80.1983363845879,25.75979208165],[-80.1985319639949,25.7600235595117],[-80.1983794848569,25.7601291994072],[-80.1981839045516,25.7598977266057],[-80.1983363845879,25.75979208165]]]},"properties":{"OBJECTID":818413,"UNIQUEID":null,"SOURCE":null,"YEARUPDATE":2023,"TYPE":null,"HEIGHT":null,"GlobalID":"2ea3d1bd-adb6-4ef6-b38f-d4173cb9f0d6","Shape__Area":769.931640625,"Shape__Length":114.73633101788408}},{"type":"Feature","id":818414,"geometry":{"type":"Polygon","coordinates":[[[-80.1984118233088,25.7601067913691],[-80.1985068444046,25.7600409571648],[-80.19866476374,25.7602278725541],[-80.1985697408476,25.7602937050366],[-80.1984118233088,25.7601067913691]]]},"properties":{"OBJECTID":818414,"UNIQUEID":null,"SOURCE":null,"YEARUPDATE":2023,"TYPE":null,"HEIGHT":null,"GlobalID":"8b9fec7c-567a-4376-8b9d-6d31fb9ada64","Shape__Area":387.427734375,"Shape__Length":84.75291287473937}},{"type":"Feature","id":818415,"geometry":{"type":"Polygon","coordinates":[[[-80.1985238063938,25.7599934170038],[-80.1985223583095,25.7600000762358],[-80.1985375191766,25.7600180191871],[-80.1985458492542,25.7600195045896],[-80.1986331538218,25.7601228371008],[-80.1986319509776,25.7601317689245],[-80.1986472843212,25.7601499173526],[-80.1986569322274,25.7601509820516],[-80.1987382620999,25.7602472418106],[-80.1985626216989,25.7603689288235],[-80.1984972611772,25.7602914939279],[-80.1984982430358,25.7602803162186],[-80.1984784127259,25.760256824094],[-80.198467323922,25.7602560255704],[-80.1984203510158,25.7602003756637],[-80.198421271789,25.760189884013],[-80.1984077844833,25.7601739030138],[-80.1983973721108,25.7601731530321],[-80.1982727748826,25.7600255376211],[-80.1982749515006,25.7600158007919],[-80.1982571199422,25.7599946758745],[-80.1982448229042,25.759992421881],[-80.1981558106393,25.7598869663258],[-80.1983312004104,25.7597654511453],[-80.1984092873648,25.7598578747311],[-80.1984075778708,25.7598655760191],[-80.1984234780513,25.7598843927579],[-80.1984331870429,25.7598861605183],[-80.1985238063938,25.7599934170038]],[[-80.1986988368387,25.7602210717526],[-80.1983363845879,25.75979208165],[-80.1981841596731,25.7598975502342],[-80.1985463603957,25.7603267098542],[-80.1986988368387,25.7602210717526]]]},"properties":{"OBJECTID":818415,"UNIQUEID":null,"SOURCE":null,"YEARUPDATE":2023,"TYPE":null,"HEIGHT":null,"GlobalID":"2bdfe9cb-9376-47f4-b864-625f330ce17e","Shape__Area":400.314453125,"Shape__Length":379.02607767072936}},{"type":"Feature","id":818416,"geometry":{"type":"Polygon","coordinates":[[[-80.1983363845879,25.75979208165],[-80.1981915725708,25.7598924144255],[-80.1983869184159,25.7601240458096],[-80.1983794848569,25.7601291994072],[-80.198168038507,25.7598784948295],[-80.1983202643201,25.7597730205651],[-80.1983363845879,25.75979208165]]]},"properties":{"OBJECTID":818416,"UNIQUEID":null,"SOURCE":null,"YEARUPDATE":2023,"TYPE":null,"HEIGHT":null,"GlobalID":"a3de7cfd-b096-4005-9552-861de5f603bf","Shape__Area":100.884765625,"Shape__Length":120.59106360743857}},{"type":"Feature","id":818417,"geometry":{"type":"Polygon","coordinates":[[[-80.1983794848569,25.7601291994072],[-80.1984118233088,25.7601067913691],[-80.1985697435425,25.7602937018005],[-80.19866476374,25.7602278725541],[-80.1985068444046,25.7600409571648],[-80.1985319639949,25.7600235595117],[-80.1986988368387,25.7602210717526],[-80.1985463603957,25.7603267098542],[-80.1983794848569,25.7601291994072]]]},"properties":{"OBJECTID":818417,"UNIQUEID":null,"SOURCE":null,"YEARUPDATE":2023,"TYPE":null,"HEIGHT":null,"GlobalID":"ceb8ac0f-7768-4266-88fb-104f7f174802","Shape__Area":269.52734375,"Shape__Length":162.2450766397369}},{"type":"Feature","id":818418,"geometry":{"type":"Polygon","coordinates":[[[-80.1983649393358,25.7599369490312],[-80.1983176583075,25.7598809883022],[-80.1983621985759,25.7598501305632],[-80.1984094787059,25.7599060904977],[-80.1983649393358,25.7599369490312]]]},"properties":{"OBJECTID":818418,"UNIQUEID":null,"SOURCE":null,"YEARUPDATE":2023,"TYPE":null,"HEIGHT":null,"GlobalID":"f23083a2-7360-432d-8d7f-94e6c6c21c58","Shape__Area":54.373046875,"Shape__Length":29.89423485397716}},{"type":"Feature","id":818419,"geometry":{"type":"Polygon","coordinates":[[[-80.1986162250703,25.7601978603536],[-80.1986419662947,25.7601800266501],[-80.19867588129,25.7602201704805],[-80.1986501391672,25.760238003369],[-80.1986162250703,25.7601978603536]]]},"properties":{"OBJECTID":818419,"UNIQUEID":null,"SOURCE":null,"YEARUPDATE":2023,"TYPE":null,"HEIGHT":null,"GlobalID":"b6f0401d-11d7-4451-8c0c-2ea6d893c561","Shape__Area":22.541015625,"Shape__Length":19.700196148692882}},{"type":"Feature","id":818420,"geometry":{"type":"Polygon","coordinates":[[[-80.1967380059147,25.7638190029671],[-80.1967388467378,25.7638467813662],[-80.1966167836569,25.7638498111335],[-80.1966159778681,25.763823179112],[-80.19643190049,25.7638277500569],[-80.1964263893257,25.7636458934618],[-80.1964907122933,25.7636442956512],[-80.1964897672656,25.7636130602698],[-80.1967877824628,25.7636056601797],[-80.1967942018238,25.763817605795],[-80.1967380059147,25.7638190029671]]]},"properties":{"OBJECTID":818420,"UNIQUEID":null,"SOURCE":null,"YEARUPDATE":2023,"TYPE":null,"HEIGHT":null,"GlobalID":"b2018767-23c4-45ee-93b4-98111dd551f0","Shape__Area":1079.42578125,"Shape__Length":139.9861069394537}},{"type":"Feature","id":818421,"geometry":{"type":"Polygon","coordinates":[[[-80.1964255044852,25.7636165940615],[-80.1964232470189,25.7635420090301],[-80.1967293865795,25.7635344066808],[-80.1967316485374,25.763608991717],[-80.1964255044852,25.7636165940615]]]},"properties":{"OBJECTID":818421,"UNIQUEID":null,"SOURCE":null,"YEARUPDATE":2023,"TYPE":null,"HEIGHT":null,"GlobalID":"94680480-99f7-4cd9-ba44-185f296b8094","Shape__Area":314.421875,"Shape__Length":86.63026848566366}},{"type":"Feature","id":818422,"geometry":{"type":"Polygon","coordinates":[[[-80.1964862539546,25.7636444072957],[-80.1964263893257,25.7636458934618],[-80.1964255044852,25.7636165940615],[-80.1964853673174,25.763615107086],[-80.1964862539546,25.7636444072957]]]},"properties":{"OBJECTID":818422,"UNIQUEID":null,"SOURCE":null,"YEARUPDATE":2023,"TYPE":null,"HEIGHT":null,"GlobalID":"203a0c1e-7e9e-4c11-a97f-8d19b51ca6b4","Shape__Area":24.15234375,"Shape__Length":20.57904958543302}},{"type":"Feature","id":818423,"geometry":{"type":"Polygon","coordinates":[[[-80.1966741761221,25.7638483864552],[-80.1966717264164,25.7637674702011],[-80.1965504817008,25.763770481363],[-80.1965491342278,25.7637259716568],[-80.1965566477369,25.7637257847738],[-80.1965554835203,25.7636873467291],[-80.1964876059191,25.763689031913],[-80.1964828619161,25.7635323736166],[-80.1967291404411,25.7635262574343],[-80.1967388485344,25.7638467805572],[-80.1966741761221,25.7638483864552]]]},"properties":{"OBJECTID":818423,"UNIQUEID":null,"SOURCE":null,"YEARUPDATE":2023,"TYPE":null,"HEIGHT":null,"GlobalID":"43b19728-20ef-48a5-8bd7-1e92d77f20bf","Shape__Area":811.71484375,"Shape__Length":135.79274325884748}},{"type":"Feature","id":818424,"geometry":{"type":"Polygon","coordinates":[[[-80.1966741761221,25.7638483872643],[-80.1966563661233,25.7638488297964],[-80.1966539155192,25.7637679127335],[-80.1966717264164,25.7637674702011],[-80.1966741761221,25.7638483872643]]]},"properties":{"OBJECTID":818424,"UNIQUEID":null,"SOURCE":null,"YEARUPDATE":2023,"TYPE":null,"HEIGHT":null,"GlobalID":"840f2af7-bf7e-4ee5-a8ec-33ba5bebc92a","Shape__Area":19.84375,"Shape__Length":23.978045310184942}},{"type":"Feature","id":818425,"geometry":{"type":"Polygon","coordinates":[[[-80.1965554817237,25.7636873459201],[-80.1965559883735,25.7637040327188],[-80.1964881107723,25.7637057179025],[-80.1964876059191,25.763689031913],[-80.1965554817237,25.7636873459201]]]},"properties":{"OBJECTID":818425,"UNIQUEID":null,"SOURCE":null,"YEARUPDATE":2023,"TYPE":null,"HEIGHT":null,"GlobalID":"7cae338a-c7a4-4b4d-a5f9-ee7935d6d4db","Shape__Area":15.59375,"Shape__Length":19.244380479773522}},{"type":"Feature","id":818426,"geometry":{"type":"Polygon","coordinates":[[[-80.1965504817008,25.763770481363],[-80.1965313179408,25.7637709562561],[-80.1965299695696,25.7637264473591],[-80.1965491342278,25.7637259716568],[-80.1965504817008,25.763770481363]]]},"properties":{"OBJECTID":818426,"UNIQUEID":null,"SOURCE":null,"YEARUPDATE":2023,"TYPE":null,"HEIGHT":null,"GlobalID":"e16dd275-9f1e-4e8a-b359-79172b75c03d","Shape__Area":11.744140625,"Shape__Length":15.27570925199881}},{"type":"Feature","id":818427,"geometry":{"type":"Polygon","coordinates":[[[-80.1967291404411,25.7635262574343],[-80.1964828619161,25.7635323728076],[-80.196482351673,25.7635155492605],[-80.196728630198,25.7635094346954],[-80.1967291404411,25.7635262574343]]]},"properties":{"OBJECTID":818427,"UNIQUEID":null,"SOURCE":null,"YEARUPDATE":2023,"TYPE":null,"HEIGHT":null,"GlobalID":"662b367f-7b94-4aa1-ae08-d65e8fdbd0fe","Shape__Area":57.05078125,"Shape__Length":59.01248607670655}},{"type":"Feature","id":818428,"geometry":{"type":"Polygon","coordinates":[[[-80.1964232470189,25.7635420090301],[-80.1964224897391,25.7635170354282],[-80.196784822514,25.7635080383287],[-80.1967855788955,25.7635330103144],[-80.1964232470189,25.7635420090301]]]},"properties":{"OBJECTID":818428,"UNIQUEID":null,"SOURCE":null,"YEARUPDATE":2023,"TYPE":null,"HEIGHT":null,"GlobalID":"72808b58-72e3-4215-9337-4b9907777c04","Shape__Area":124.599609375,"Shape__Length":86.87586137726689}},{"type":"Feature","id":818429,"geometry":{"type":"Polygon","coordinates":[[[-80.1967312191427,25.7635949245064],[-80.1967468812697,25.7635945353686],[-80.1967524786722,25.763779353854],[-80.1967368174436,25.7637797429913],[-80.1967312191427,25.7635949245064]]]},"properties":{"OBJECTID":818429,"UNIQUEID":null,"SOURCE":null,"YEARUPDATE":2023,"TYPE":null,"HEIGHT":null,"GlobalID":"27a08309-aedb-47ae-85e7-c4d0408340a1","Shape__Area":39.859375,"Shape__Length":49.194821616317455}},{"type":"Feature","id":818430,"geometry":{"type":"Polygon","coordinates":[[[-80.196749372298,25.7636767930922],[-80.1967733204851,25.7636761984641],[-80.1967754836283,25.7637476484691],[-80.1967515372378,25.7637482430969],[-80.196749372298,25.7636767930922]]]},"properties":{"OBJECTID":818430,"UNIQUEID":null,"SOURCE":null,"YEARUPDATE":2023,"TYPE":null,"HEIGHT":null,"GlobalID":"887002e2-ba4f-40ae-82a6-8bc408f0c2c6","Shape__Area":23.560546875,"Shape__Length":23.003595862925494}},{"type":"Feature","id":818431,"geometry":{"type":"Polygon","coordinates":[[[-80.1963753344749,25.7651471690063],[-80.1963775658901,25.765209914825],[-80.1963856210832,25.7652096802129],[-80.1963874958672,25.7652623975481],[-80.1961150009089,25.7652703403787],[-80.1961130551581,25.7652155786854],[-80.1961221173626,25.76521531414],[-80.1961092534878,25.7648534591731],[-80.1960982796683,25.7648537787319],[-80.1960963087645,25.7647983461771],[-80.1963706829984,25.7647903474933],[-80.196372579342,25.7648436992785],[-80.1963645537932,25.7648439322733],[-80.1963668921079,25.7649096238557],[-80.1962992947811,25.7649115937936],[-80.1963077416397,25.7651491397492],[-80.1963753344749,25.7651471690063]]]},"properties":{"OBJECTID":818431,"UNIQUEID":null,"SOURCE":null,"YEARUPDATE":2023,"TYPE":null,"HEIGHT":null,"GlobalID":"024e7221-cd9c-4f99-9ad8-c0cdfb9376c7","Shape__Area":1466.28515625,"Shape__Length":196.74727736802268}},{"type":"Feature","id":818432,"geometry":{"type":"Polygon","coordinates":[[[-80.1963668921078,25.7649096230467],[-80.1963725002902,25.7650674291265],[-80.1963049056583,25.7650693990617],[-80.1962992947811,25.7649115937936],[-80.1963668921078,25.7649096230467]]]},"properties":{"OBJECTID":818432,"UNIQUEID":null,"SOURCE":null,"YEARUPDATE":2023,"TYPE":null,"HEIGHT":null,"GlobalID":"c3116f7d-a16b-4bac-a731-e131e53fc283","Shape__Area":146.931640625,"Shape__Length":54.089466287443045}},{"type":"Feature","id":818433,"geometry":{"type":"Polygon","coordinates":[[[-80.1963049056583,25.7650693966347],[-80.1963725002902,25.7650674291265],[-80.1963753344749,25.7651471690063],[-80.1963077416397,25.7651491397492],[-80.1963049056583,25.7650693966347]]]},"properties":{"OBJECTID":818433,"UNIQUEID":null,"SOURCE":null,"YEARUPDATE":2023,"TYPE":null,"HEIGHT":null,"GlobalID":"810fb007-2ae9-4c4e-a4dc-9f53fc81ca78","Shape__Area":74.2421875,"Shape__Length":34.78037392067862}},{"type":"Feature","id":818434,"geometry":{"type":"Polygon","coordinates":[[[-80.1960962584588,25.7647968948128],[-80.1961615435221,25.7647949920209],[-80.1961635647315,25.7648518751319],[-80.1960982796683,25.7648537787319],[-80.1960962584588,25.7647968948128]]]},"properties":{"OBJECTID":818434,"UNIQUEID":null,"SOURCE":null,"YEARUPDATE":2023,"TYPE":null,"HEIGHT":null,"GlobalID":"69a815e3-6047-4a0b-8534-a92481ffcaa9","Shape__Area":51.15234375,"Shape__Length":28.612311234705157}},{"type":"Feature","id":818435,"geometry":{"type":"Polygon","coordinates":[[[-80.1961635647315,25.7648518751319],[-80.196164087551,25.76486656594],[-80.1961097763072,25.764868148363],[-80.1961092534877,25.7648534583641],[-80.1961635647315,25.7648518751319]]]},"properties":{"OBJECTID":818435,"UNIQUEID":null,"SOURCE":null,"YEARUPDATE":2023,"TYPE":null,"HEIGHT":null,"GlobalID":"e21e264f-8ac3-43ff-94b8-43afc066a3b6","Shape__Area":10.98828125,"Shape__Length":15.731694624820348}},{"type":"Feature","id":818436,"geometry":{"type":"Polygon","coordinates":[[[-80.1961768633909,25.7652137179686],[-80.1961788100402,25.7652684804717],[-80.1961150009089,25.7652703403787],[-80.1961130551581,25.7652155786854],[-80.1961768633909,25.7652137179686]]]},"properties":{"OBJECTID":818436,"UNIQUEID":null,"SOURCE":null,"YEARUPDATE":2023,"TYPE":null,"HEIGHT":null,"GlobalID":"f8b2cb63-c4eb-40f5-9a7d-cf4c52ea2a2a","Shape__Area":48.130859375,"Shape__Length":27.758774520447556}},{"type":"Feature","id":818437,"geometry":{"type":"Polygon","coordinates":[[[-80.1961768642893,25.7652137179686],[-80.1961221173626,25.76521531414],[-80.1961215388476,25.7651990280124],[-80.1961762857743,25.7651974318407],[-80.1961768642893,25.7652137179686]]]},"properties":{"OBJECTID":818437,"UNIQUEID":null,"SOURCE":null,"YEARUPDATE":2023,"TYPE":null,"HEIGHT":null,"GlobalID":"4c36099d-6647-46e2-b915-4b07b2b9069f","Shape__Area":12.283203125,"Shape__Length":16.223445367129237}},{"type":"Feature","id":818438,"geometry":{"type":"Polygon","coordinates":[[[-80.1960436692855,25.764933496103],[-80.1960357218901,25.7647099286138],[-80.19610408009,25.7647079360202],[-80.1961120283836,25.7649315027042],[-80.1960436692855,25.764933496103]]]},"properties":{"OBJECTID":818438,"UNIQUEID":null,"SOURCE":null,"YEARUPDATE":2023,"TYPE":null,"HEIGHT":null,"GlobalID":"e7c05836-e095-4b50-9c35-5a28fa6c7921","Shape__Area":210.505859375,"Shape__Length":70.52489196138028}},{"type":"Feature","id":818439,"geometry":{"type":"Polygon","coordinates":[[[-80.1958629354368,25.7646851041156],[-80.1957911519608,25.7646871970269],[-80.1957887130348,25.7646185888354],[-80.1958003138784,25.7646182506687],[-80.1957996401419,25.7645993044293],[-80.1957880392983,25.7645996425961],[-80.1957857450011,25.7645351133924],[-80.1958575284771,25.7645330212875],[-80.1958564747533,25.7645033604776],[-80.1962682858357,25.7644913571633],[-80.1962685427539,25.764498607531],[-80.1963146002768,25.7644972653797],[-80.1963153970825,25.7645196750161],[-80.1963379780338,25.7645190164803],[-80.1963402615512,25.7645832536395],[-80.1963297845001,25.7645835578279],[-80.1963304762029,25.7646030032299],[-80.196340953254,25.7646026990416],[-80.1963433858918,25.7646711001354],[-80.1963208049405,25.7646717586704],[-80.1963215676102,25.7646932371023],[-80.1962755100873,25.7646945792514],[-80.1962758065313,25.7647029306704],[-80.1958639954489,25.7647149347723],[-80.1958629354368,25.7646851041156]]]},"properties":{"OBJECTID":818439,"UNIQUEID":null,"SOURCE":null,"YEARUPDATE":2023,"TYPE":null,"HEIGHT":null,"GlobalID":"952e4521-0fb1-4360-a86b-1526577a17c8","Shape__Area":1516.294921875,"Shape__Length":180.26214110169096}},{"type":"Feature","id":818440,"geometry":{"type":"Polygon","coordinates":[[[-80.1960689388944,25.7646818567457],[-80.1962486306973,25.7646766192086],[-80.1962429802942,25.7645176371147],[-80.1960632866946,25.7645228746588],[-80.1960623793962,25.7644973592251],[-80.1962682858357,25.7644913571633],[-80.1962758065313,25.7647029306704],[-80.1960699000918,25.7647089343395],[-80.1960689388944,25.7646818567457]]]},"properties":{"OBJECTID":818440,"UNIQUEID":null,"SOURCE":null,"YEARUPDATE":2023,"TYPE":null,"HEIGHT":null,"GlobalID":"78ddbd73-405d-46a8-93fd-f4d2442a8678","Shape__Area":206.5625,"Shape__Length":138.22554845017004}},{"type":"Feature","id":818441,"geometry":{"type":"Polygon","coordinates":[[[-80.1960623793962,25.7644973592251],[-80.1960632866946,25.7645228746588],[-80.1958822555036,25.7645281518443],[-80.1958879077034,25.764687133115],[-80.1960689388944,25.7646818567457],[-80.1960699000918,25.7647089343395],[-80.1958639954489,25.7647149347723],[-80.1958564747533,25.7645033604776],[-80.1960623793962,25.7644973592251]]]},"properties":{"OBJECTID":818441,"UNIQUEID":null,"SOURCE":null,"YEARUPDATE":2023,"TYPE":null,"HEIGHT":null,"GlobalID":"9205f6cc-d18f-409d-a0bc-c959912a9a14","Shape__Area":203.634765625,"Shape__Length":138.52329670685444}},{"type":"Feature","id":818442,"geometry":{"type":"Polygon","coordinates":[[[-80.1960783676116,25.7646815816819],[-80.1960759161092,25.7646126288484],[-80.1961026409889,25.7646118505794],[-80.1961050924913,25.7646808034134],[-80.1960783676116,25.7646815816819]]]},"properties":{"OBJECTID":818442,"UNIQUEID":null,"SOURCE":null,"YEARUPDATE":2023,"TYPE":null,"HEIGHT":null,"GlobalID":"a8345e7e-c669-477d-8613-a1445300cf07","Shape__Area":25.3828125,"Shape__Length":23.008045632641416}},{"type":"Feature","id":818443,"geometry":{"type":"Polygon","coordinates":[[[-80.1960572365412,25.7646821981483],[-80.1960308422415,25.7646829675177],[-80.1960283539082,25.7646129613521],[-80.1960547473095,25.7646121911732],[-80.1960572365412,25.7646821981483]]]},"properties":{"OBJECTID":818443,"UNIQUEID":null,"SOURCE":null,"YEARUPDATE":2023,"TYPE":null,"HEIGHT":null,"GlobalID":"4be56698-30ce-4f80-921f-9f7c28af828e","Shape__Area":25.455078125,"Shape__Length":23.19494846082873}},{"type":"Feature","id":818444,"geometry":{"type":"Polygon","coordinates":[[[-80.1957816325137,25.7646253044388],[-80.1958005447454,25.7646247518841],[-80.1957996401419,25.7645993044293],[-80.1957807288085,25.7645998561751],[-80.1957771490221,25.7644991714125],[-80.1963471579177,25.7644825567276],[-80.1963507269243,25.7645829486421],[-80.1963367455452,25.764583355575],[-80.1963374381463,25.764602800168],[-80.1963514177288,25.7646023940443],[-80.1963550100916,25.764703424167],[-80.195785001196,25.76472003963],[-80.1957816325137,25.7646253044388]]]},"properties":{"OBJECTID":818444,"UNIQUEID":null,"SOURCE":null,"YEARUPDATE":2023,"TYPE":null,"HEIGHT":null,"GlobalID":"98250770-029e-4298-9d9f-d90ab3af021f","Shape__Area":1723.755859375,"Shape__Length":188.92927798731202}},{"type":"Feature","id":818445,"geometry":{"type":"Polygon","coordinates":[[[-80.1960149501458,25.764498741827],[-80.196014095848,25.7644747343872],[-80.1961069412242,25.7644720282408],[-80.196107795522,25.7644960356811],[-80.1960149501458,25.764498741827]]]},"properties":{"OBJECTID":818445,"UNIQUEID":null,"SOURCE":null,"YEARUPDATE":2023,"TYPE":null,"HEIGHT":null,"GlobalID":"3326fd09-e7d4-42ca-97bc-726b79c58566","Shape__Area":30.701171875,"Shape__Length":26.619869889495316}},{"type":"Feature","id":818446,"geometry":{"type":"Polygon","coordinates":[[[-80.1963670708726,25.7652629937863],[-80.1963675326066,25.7652760018092],[-80.1963082240349,25.765277729848],[-80.1963077614026,25.7652647210163],[-80.1963670708726,25.7652629937863]]]},"properties":{"OBJECTID":818446,"UNIQUEID":null,"SOURCE":null,"YEARUPDATE":2023,"TYPE":null,"HEIGHT":null,"GlobalID":"484ee6da-85a4-4dda-9b73-a3f299b05ccd","Shape__Area":10.625,"Shape__Length":16.428951315499507}},{"type":"Feature","id":818447,"geometry":{"type":"Polygon","coordinates":[[[-80.1961792906388,25.7652819868422],[-80.1961788100402,25.7652684804717],[-80.196287236695,25.7652653204904],[-80.1962877163953,25.7652788252433],[-80.1961792906388,25.7652819868422]]]},"properties":{"OBJECTID":818447,"UNIQUEID":null,"SOURCE":null,"YEARUPDATE":2023,"TYPE":null,"HEIGHT":null,"GlobalID":"b083c43f-297a-4c3b-9625-82ec838fd0eb","Shape__Area":20.169921875,"Shape__Length":27.493054409852473}},{"type":"Feature","id":818608,"geometry":{"type":"Polygon","coordinates":[[[-80.1982464955673,25.7641823237854],[-80.1982484925222,25.7642271253746],[-80.1982138202471,25.7642283922906],[-80.1981968375967,25.763847306418],[-80.1985833332561,25.7638331866496],[-80.1985983180534,25.7641694669284],[-80.1982464955673,25.7641823237854]]]},"properties":{"OBJECTID":818608,"UNIQUEID":null,"SOURCE":null,"YEARUPDATE":2023,"TYPE":null,"HEIGHT":null,"GlobalID":"59242e51-40e0-4147-bc89-53e9b953ce33","Shape__Area":1812.70703125,"Shape__Length":180.40482866563656}},{"type":"Feature","id":818609,"geometry":{"type":"Polygon","coordinates":[[[-80.1985072486465,25.7635050158338],[-80.198541646037,25.7635040086052],[-80.1985412229306,25.7634921629485],[-80.1987018147539,25.7634874585026],[-80.1987089365975,25.7636868580824],[-80.1986529293345,25.7636886694731],[-80.1986533488477,25.7636992910664],[-80.1986194509204,25.7637003872853],[-80.1986190314072,25.7636897665011],[-80.1985585424492,25.763691724324],[-80.1985627492597,25.7638095075361],[-80.1983466011276,25.7638173914056],[-80.1983423215536,25.7636975670498],[-80.1982465853988,25.7637003856673],[-80.1982469797592,25.7637113519011],[-80.1982126695053,25.763712361555],[-80.1982122751449,25.7637013961304],[-80.1981580905636,25.7637029915131],[-80.1981509714149,25.7635035919604],[-80.19850682554,25.7634931685592],[-80.1985072486465,25.7635050158338]]]},"properties":{"OBJECTID":818609,"UNIQUEID":null,"SOURCE":null,"YEARUPDATE":2023,"TYPE":null,"HEIGHT":null,"GlobalID":"d9e22ce0-f1b1-48ea-94a2-25c0e1276da0","Shape__Area":1872.34765625,"Shape__Length":209.67987464944807}},{"type":"Feature","id":818610,"geometry":{"type":"Polygon","coordinates":[[[-80.1983327320379,25.7637727166775],[-80.1983316612461,25.763742747442],[-80.1983439223514,25.7637423882383],[-80.1983449922449,25.7637723582828],[-80.1983327320379,25.7637727166775]]]},"properties":{"OBJECTID":818610,"UNIQUEID":null,"SOURCE":null,"YEARUPDATE":2023,"TYPE":null,"HEIGHT":null,"GlobalID":"e1f5fac7-4f99-444c-9a2b-462c5e02b731","Shape__Area":5.0625,"Shape__Length":10.143872102808773}},{"type":"Feature","id":818611,"geometry":{"type":"Polygon","coordinates":[[[-80.1981375730424,25.7636924848007],[-80.198134822401,25.7636154306933],[-80.1981549428668,25.763614841728],[-80.1981576926099,25.7636918958358],[-80.1981375730424,25.7636924848007]]]},"properties":{"OBJECTID":818611,"UNIQUEID":null,"SOURCE":null,"YEARUPDATE":2023,"TYPE":null,"HEIGHT":null,"GlobalID":"6f3442af-d139-4e6b-b701-9beeb2ea7b0a","Shape__Area":21.353515625,"Shape__Length":23.540503911677696}},{"type":"Feature","id":818612,"geometry":{"type":"Polygon","coordinates":[[[-80.1988667813726,25.7634826278494],[-80.1988739032162,25.7636820266283],[-80.1987089365975,25.7636868580824],[-80.1987018147539,25.7634874585026],[-80.1988667813726,25.7634826278494]]]},"properties":{"OBJECTID":818612,"UNIQUEID":null,"SOURCE":null,"YEARUPDATE":2023,"TYPE":null,"HEIGHT":null,"GlobalID":"f787d29b-f49c-4881-ac4b-ee5961926a51","Shape__Area":453.091796875,"Shape__Length":86.0670073507219}},{"type":"Feature","id":818613,"geometry":{"type":"Polygon","coordinates":[[[-80.1987817037287,25.7636959231259],[-80.1987487095066,25.7636968866659],[-80.1987483106547,25.7636857036141],[-80.1987813039784,25.7636847384559],[-80.1987817037287,25.7636959231259]]]},"properties":{"OBJECTID":818613,"UNIQUEID":null,"SOURCE":null,"YEARUPDATE":2023,"TYPE":null,"HEIGHT":null,"GlobalID":"af783d37-4b57-46fb-a6e8-dffc9b53156c","Shape__Area":5.083984375,"Shape__Length":10.115796432942005}},{"type":"Feature","id":818614,"geometry":{"type":"Polygon","coordinates":[[[-80.1988739032162,25.7636820266283],[-80.1988743029665,25.7636932080625],[-80.198841464153,25.7636941724116],[-80.198841065301,25.7636829885505],[-80.1988739032162,25.7636820266283]]]},"properties":{"OBJECTID":818614,"UNIQUEID":null,"SOURCE":null,"YEARUPDATE":2023,"TYPE":null,"HEIGHT":null,"GlobalID":"3a9cac41-790a-4a37-b432-b98619b72776","Shape__Area":5.060546875,"Shape__Length":10.080905110205784}},{"type":"Feature","id":818615,"geometry":{"type":"Polygon","coordinates":[[[-80.198772749322,25.7634756775658],[-80.1987730951734,25.7634853688062],[-80.1987405294477,25.7634863250668],[-80.1987401835963,25.7634766313994],[-80.198772749322,25.7634756775658]]]},"properties":{"OBJECTID":818615,"UNIQUEID":null,"SOURCE":null,"YEARUPDATE":2023,"TYPE":null,"HEIGHT":null,"GlobalID":"8ff747fd-3515-42a5-a20e-b3ed54130186","Shape__Area":4.349609375,"Shape__Length":9.651580033773355}},{"type":"Feature","id":818616,"geometry":{"type":"Polygon","coordinates":[[[-80.198816194544,25.7634744074057],[-80.1988165412938,25.7634840986462],[-80.1987839755681,25.7634850549068],[-80.1987836279201,25.7634753612393],[-80.198816194544,25.7634744074057]]]},"properties":{"OBJECTID":818616,"UNIQUEID":null,"SOURCE":null,"YEARUPDATE":2023,"TYPE":null,"HEIGHT":null,"GlobalID":"ff20d03a-82b9-42a1-9266-f24bb816bc3a","Shape__Area":4.349609375,"Shape__Length":9.651689636989161}},{"type":"Feature","id":818617,"geometry":{"type":"Polygon","coordinates":[[[-80.1985601576201,25.7637369500235],[-80.1985724178271,25.7637365908198],[-80.1985734266351,25.7637648400861],[-80.1985611664281,25.7637651984808],[-80.1985601576201,25.7637369500235]]]},"properties":{"OBJECTID":818617,"UNIQUEID":null,"SOURCE":null,"YEARUPDATE":2023,"TYPE":null,"HEIGHT":null,"GlobalID":"5b3506b1-b10c-42d5-802c-1fd802b87d34","Shape__Area":4.76953125,"Shape__Length":9.718151608508657}},{"type":"Feature","id":818618,"geometry":{"type":"Polygon","coordinates":[[[-80.1986447546653,25.7636273200246],[-80.198643708128,25.7635980044393],[-80.1987056981708,25.7635961881931],[-80.1987067456065,25.7636255037789],[-80.1986447546653,25.7636273200246]]]},"properties":{"OBJECTID":818618,"UNIQUEID":null,"SOURCE":null,"YEARUPDATE":2023,"TYPE":null,"HEIGHT":null,"GlobalID":"987890e6-04f3-49a8-8dcf-3fbfeb0a8a43","Shape__Area":25.03125,"Shape__Length":21.059749422778943}},{"type":"Feature","id":818619,"geometry":{"type":"Polygon","coordinates":[[[-80.1983974278063,25.7636369416771],[-80.1983964603208,25.7636098573666],[-80.1984349423509,25.7636087295951],[-80.1984359098365,25.7636358139059],[-80.1983974278063,25.7636369416771]]]},"properties":{"OBJECTID":818619,"UNIQUEID":null,"SOURCE":null,"YEARUPDATE":2023,"TYPE":null,"HEIGHT":null,"GlobalID":"b90f8eb7-7464-4dce-bccb-7e55415aa48d","Shape__Area":14.35546875,"Shape__Length":15.27119889766556}},{"type":"Feature","id":818620,"geometry":{"type":"Polygon","coordinates":[[[-80.1984427855417,25.7636085006429],[-80.1984435006007,25.7636285367879],[-80.1984356583082,25.7636287673581],[-80.1984349423509,25.7636087295951],[-80.1984427855417,25.7636085006429]]]},"properties":{"OBJECTID":818620,"UNIQUEID":null,"SOURCE":null,"YEARUPDATE":2023,"TYPE":null,"HEIGHT":null,"GlobalID":"7eea8e89-8176-4c37-9ff8-6ccacc03745b","Shape__Area":2.166015625,"Shape__Length":6.702984471097985}},{"type":"Feature","id":818621,"geometry":{"type":"Polygon","coordinates":[[[-80.1984898267198,25.7636368632023],[-80.1984905777114,25.7636578798723],[-80.1984548400344,25.7636589267415],[-80.1984527298918,25.7635998522372],[-80.1985534633745,25.7635969001293],[-80.1985548225256,25.7636349587737],[-80.1984898267198,25.7636368632023]]]},"properties":{"OBJECTID":818621,"UNIQUEID":null,"SOURCE":null,"YEARUPDATE":2023,"TYPE":null,"HEIGHT":null,"GlobalID":"b65717bd-ffb2-4448-afaa-4562e84205f5","Shape__Area":63.150390625,"Shape__Length":37.050722316786164}},{"type":"Feature","id":818622,"geometry":{"type":"Polygon","coordinates":[[[-80.1982113849143,25.7641737312435],[-80.1982460562911,25.7641724643269],[-80.1982484925222,25.7642271253746],[-80.1982138202471,25.7642283922906],[-80.1982113849143,25.7641737312435]]]},"properties":{"OBJECTID":818622,"UNIQUEID":null,"SOURCE":null,"YEARUPDATE":2023,"TYPE":null,"HEIGHT":null,"GlobalID":"3595b959-787e-4d0c-b3fa-1de4d7b333ec","Shape__Area":26.119140625,"Shape__Length":21.249528557599135}},{"type":"Feature","id":818623,"geometry":{"type":"Polygon","coordinates":[[[-80.1985627492597,25.7638095075361],[-80.1985640239691,25.7638381710017],[-80.1983464897365,25.7638461187816],[-80.1983452159254,25.7638174553179],[-80.1985627492597,25.7638095075361]]]},"properties":{"OBJECTID":818623,"UNIQUEID":null,"SOURCE":null,"YEARUPDATE":2023,"TYPE":null,"HEIGHT":null,"GlobalID":"a7619ba2-2d1f-45c9-bf3f-e913da444633","Shape__Area":85.93359375,"Shape__Length":55.56301517542916}},{"type":"Feature","id":818624,"geometry":{"type":"Polygon","coordinates":[[[-80.198313021204,25.7639014457999],[-80.1982842858946,25.7639296521492],[-80.1982006428602,25.763932708612],[-80.1981968375967,25.763847306418],[-80.1983709616415,25.7638409451199],[-80.198373558671,25.7638992339494],[-80.198313021204,25.7639014457999]]]},"properties":{"OBJECTID":818624,"UNIQUEID":null,"SOURCE":null,"YEARUPDATE":2023,"TYPE":null,"HEIGHT":null,"GlobalID":"20eb85bf-69a1-4230-b2d7-cf0e22402a7e","Shape__Area":176.73046875,"Shape__Length":57.969736693050045}},{"type":"Feature","id":818625,"geometry":{"type":"Polygon","coordinates":[[[-80.1985833413409,25.7638331874586],[-80.1985858296743,25.7638892288444],[-80.1983501746258,25.763897823834],[-80.1983476862925,25.7638417824522],[-80.1985833413409,25.7638331874586]]]},"properties":{"OBJECTID":818625,"UNIQUEID":null,"SOURCE":null,"YEARUPDATE":2023,"TYPE":null,"HEIGHT":null,"GlobalID":"cf14d8a7-3ca8-4b9d-bc20-13f093d9efd2","Shape__Area":182.01171875,"Shape__Length":66.37428031251831}},{"type":"Feature","id":818626,"geometry":{"type":"Polygon","coordinates":[[[-80.1983474760867,25.7638419029957],[-80.1983338181011,25.7638423026499],[-80.1983327491059,25.7638123868272],[-80.1983464079898,25.7638119863639],[-80.1983474760867,25.7638419029957]]]},"properties":{"OBJECTID":818626,"UNIQUEID":null,"SOURCE":null,"YEARUPDATE":2023,"TYPE":null,"HEIGHT":null,"GlobalID":"5674fb74-1b7e-422f-9676-46acc89ce66a","Shape__Area":5.626953125,"Shape__Length":10.442033169201245}},{"type":"Feature","id":818627,"geometry":{"type":"Polygon","coordinates":[[[-80.1985626181057,25.763806540871],[-80.1985739458614,25.7638061274634],[-80.1985751621803,25.7638334851768],[-80.1985638344245,25.7638338985843],[-80.1985626181057,25.763806540871]]]},"properties":{"OBJECTID":818627,"UNIQUEID":null,"SOURCE":null,"YEARUPDATE":2023,"TYPE":null,"HEIGHT":null,"GlobalID":"fbdaccab-b6e8-46c7-8500-c71f78d02f84","Shape__Area":4.271484375,"Shape__Length":9.292689170048986}},{"type":"Feature","id":818628,"geometry":{"type":"Polygon","coordinates":[[[-80.1985842594192,25.7638538044396],[-80.1988799039623,25.7638430032584],[-80.1988931666892,25.7641406732914],[-80.1988094778407,25.7641437313667],[-80.1988028491722,25.7639951169041],[-80.1985908934776,25.7640028599926],[-80.1985842594192,25.7638538044396]]]},"properties":{"OBJECTID":818628,"UNIQUEID":null,"SOURCE":null,"YEARUPDATE":2023,"TYPE":null,"HEIGHT":null,"GlobalID":"901513d6-80a4-40d9-b3f8-0c1e43cf9105","Shape__Area":778.77734375,"Shape__Length":139.52355694569835}},{"type":"Feature","id":818629,"geometry":{"type":"Polygon","coordinates":[[[-80.1988789858841,25.7638223870845],[-80.1988799039623,25.7638430032584],[-80.1985842594192,25.7638538044396],[-80.1985833413409,25.7638331874586],[-80.1988789858841,25.7638223870845]]]},"properties":{"OBJECTID":818629,"UNIQUEID":null,"SOURCE":null,"YEARUPDATE":2023,"TYPE":null,"HEIGHT":null,"GlobalID":"0688702d-3df2-42a0-ab1c-e93d39f4de69","Shape__Area":84.00390625,"Shape__Length":70.97693168581284}},{"type":"Feature","id":818630,"geometry":{"type":"Polygon","coordinates":[[[-80.1985908934776,25.7640028599926],[-80.1988028491722,25.7639951169041],[-80.1988094778407,25.7641437313667],[-80.1985975185528,25.7641514752545],[-80.1985908934776,25.7640028599926]]]},"properties":{"OBJECTID":818630,"UNIQUEID":null,"SOURCE":null,"YEARUPDATE":2023,"TYPE":null,"HEIGHT":null,"GlobalID":"cb16fa7f-6ca2-4a30-a25d-b444f3c7bea4","Shape__Area":434.142578125,"Shape__Length":83.99812436011025}},{"type":"Feature","id":818631,"geometry":{"type":"Polygon","coordinates":[[[-80.1988931639942,25.7641406749094],[-80.1988939634948,25.7641586657759],[-80.1985983180534,25.7641694669284],[-80.1985975185528,25.7641514752545],[-80.1988931639942,25.7641406749094]]]},"properties":{"OBJECTID":818631,"UNIQUEID":null,"SOURCE":null,"YEARUPDATE":2023,"TYPE":null,"HEIGHT":null,"GlobalID":"a3c6273a-0d70-41b6-86fa-8218efc250e9","Shape__Area":73.30859375,"Shape__Length":70.32759491381037}},{"type":"Feature","id":818632,"geometry":{"type":"Polygon","coordinates":[[[-80.1988575898107,25.7641599949867],[-80.1988601023985,25.76422973849],[-80.1982472474572,25.7642478393688],[-80.198244733971,25.7641780950672],[-80.1988575898107,25.7641599949867]]]},"properties":{"OBJECTID":818632,"UNIQUEID":null,"SOURCE":null,"YEARUPDATE":2023,"TYPE":null,"HEIGHT":null,"GlobalID":"38087c7d-0b79-43ee-b9d8-9523dd21b575","Shape__Area":588.763671875,"Shape__Length":153.76962929056108}},{"type":"Feature","id":818633,"geometry":{"type":"Polygon","coordinates":[[[-80.1983468409778,25.764257460162],[-80.1982739741335,25.7642596121388],[-80.1982735222809,25.7642470635245],[-80.1983463882269,25.7642449107384],[-80.1983468409778,25.764257460162]]]},"properties":{"OBJECTID":818633,"UNIQUEID":null,"SOURCE":null,"YEARUPDATE":2023,"TYPE":null,"HEIGHT":null,"GlobalID":"04bd3e4f-749c-41ea-b0b9-e84227b18b5b","Shape__Area":12.59765625,"Shape__Length":19.335557834119626}},{"type":"Feature","id":818634,"geometry":{"type":"Polygon","coordinates":[[[-80.198468566292,25.7642538657133],[-80.1983956994478,25.7642560176903],[-80.1983952475952,25.7642434682665],[-80.1984681144395,25.7642413162894],[-80.198468566292,25.7642538657133]]]},"properties":{"OBJECTID":818634,"UNIQUEID":null,"SOURCE":null,"YEARUPDATE":2023,"TYPE":null,"HEIGHT":null,"GlobalID":"919cd63b-f3fe-4004-96f2-95e26fe2ac36","Shape__Area":12.59375,"Shape__Length":19.33575120469405}},{"type":"Feature","id":818635,"geometry":{"type":"Polygon","coordinates":[[[-80.1985901631472,25.7642502745007],[-80.1985172972013,25.7642524272867],[-80.1985168444504,25.7642398778625],[-80.1985897103963,25.7642377258853],[-80.1985901631472,25.7642502745007]]]},"properties":{"OBJECTID":818635,"UNIQUEID":null,"SOURCE":null,"YEARUPDATE":2023,"TYPE":null,"HEIGHT":null,"GlobalID":"565eb9c6-44f0-47ff-84ea-8c8d4ea242ad","Shape__Area":12.59765625,"Shape__Length":19.33546113190399}},{"type":"Feature","id":818636,"geometry":{"type":"Polygon","coordinates":[[[-80.1987110368586,25.7642467043223],[-80.1986381709126,25.7642488571083],[-80.1986377181617,25.7642363076838],[-80.198710585006,25.7642341548975],[-80.1987110368586,25.7642467043223]]]},"properties":{"OBJECTID":818636,"UNIQUEID":null,"SOURCE":null,"YEARUPDATE":2023,"TYPE":null,"HEIGHT":null,"GlobalID":"69658207-c822-49c3-82d7-1a5ccbfd3d4e","Shape__Area":12.59765625,"Shape__Length":19.335661059076244}},{"type":"Feature","id":818637,"geometry":{"type":"Polygon","coordinates":[[[-80.1988330128028,25.7642431017832],[-80.1987601459585,25.7642452537603],[-80.1987596941059,25.7642327043354],[-80.1988325609502,25.7642305523581],[-80.1988330128028,25.7642431017832]]]},"properties":{"OBJECTID":818637,"UNIQUEID":null,"SOURCE":null,"YEARUPDATE":2023,"TYPE":null,"HEIGHT":null,"GlobalID":"3f701e39-e4df-4997-8da9-a23c67c0f7e7","Shape__Area":12.59375,"Shape__Length":19.33575120469405}},{"type":"Feature","id":818638,"geometry":{"type":"Polygon","coordinates":[[[-80.198729313083,25.7641646807987],[-80.198729896988,25.764177801395],[-80.1986510913814,25.7641806831042],[-80.1986505065781,25.7641675608903],[-80.198729313083,25.7641646807987]]]},"properties":{"OBJECTID":818638,"UNIQUEID":null,"SOURCE":null,"YEARUPDATE":2023,"TYPE":null,"HEIGHT":null,"GlobalID":"ac1c167a-a127-4761-ac9c-4560444bdeb5","Shape__Area":14.25,"Shape__Length":20.806156816471994}},{"type":"Feature","id":818639,"geometry":{"type":"Polygon","coordinates":[[[-80.198813690041,25.7641615992625],[-80.1988142748443,25.7641747190501],[-80.1987338891011,25.7641776549634],[-80.1987333051962,25.7641645351761],[-80.198813690041,25.7641615992625]]]},"properties":{"OBJECTID":818639,"UNIQUEID":null,"SOURCE":null,"YEARUPDATE":2023,"TYPE":null,"HEIGHT":null,"GlobalID":"1cc94761-fa10-4dc2-87bc-9fb6b04d440d","Shape__Area":14.533203125,"Shape__Length":21.157619438620692}},{"type":"Feature","id":818640,"geometry":{"type":"Polygon","coordinates":[[[-80.1988903190297,25.7641587992633],[-80.198890903833,25.7641719190511],[-80.1988184645868,25.7641745645283],[-80.1988178797835,25.7641614455498],[-80.1988903190297,25.7641587992633]]]},"properties":{"OBJECTID":818640,"UNIQUEID":null,"SOURCE":null,"YEARUPDATE":2023,"TYPE":null,"HEIGHT":null,"GlobalID":"45448fbe-a1f6-4d3e-81e8-71d08c3745ce","Shape__Area":13.09765625,"Shape__Length":19.386971155680317}},{"type":"Feature","id":818641,"geometry":{"type":"Polygon","coordinates":[[[-80.1986460365613,25.7641808683685],[-80.198593325217,25.7641827905867],[-80.1985927413121,25.7641696708],[-80.198645451758,25.7641677453456],[-80.1986460365613,25.7641808683685]]]},"properties":{"OBJECTID":818641,"UNIQUEID":null,"SOURCE":null,"YEARUPDATE":2023,"TYPE":null,"HEIGHT":null,"GlobalID":"b9aa8994-5958-4b41-80c6-3eb400896892","Shape__Area":9.533203125,"Shape__Length":14.991541213939712}},{"type":"Feature","id":818642,"geometry":{"type":"Polygon","coordinates":[[[-80.1987173960325,25.7638151496199],[-80.1987179799374,25.7638282686367],[-80.1986391743308,25.7638311511634],[-80.1986385895276,25.7638180297199],[-80.1987173960325,25.7638151496199]]]},"properties":{"OBJECTID":818642,"UNIQUEID":null,"SOURCE":null,"YEARUPDATE":2023,"TYPE":null,"HEIGHT":null,"GlobalID":"cd064b6e-ca21-432e-bd02-400a53693d8a","Shape__Area":14.25,"Shape__Length":20.80586111503307}},{"type":"Feature","id":818643,"geometry":{"type":"Polygon","coordinates":[[[-80.1987985839712,25.7638140873807],[-80.1987990843329,25.7638253068262],[-80.1987219720506,25.7638281230137],[-80.1987214725873,25.7638169051864],[-80.1987985839712,25.7638140873807]]]},"properties":{"OBJECTID":818643,"UNIQUEID":null,"SOURCE":null,"YEARUPDATE":2023,"TYPE":null,"HEIGHT":null,"GlobalID":"85a719ff-9c54-4506-98db-bd9d67212f52","Shape__Area":11.923828125,"Shape__Length":19.957850845115896}},{"type":"Feature","id":818644,"geometry":{"type":"Polygon","coordinates":[[[-80.1988742391862,25.763812710434],[-80.198874677564,25.7638225448428],[-80.1988065466379,25.7638250333785],[-80.1988061091584,25.7638151997789],[-80.1988742391862,25.763812710434]]]},"properties":{"OBJECTID":818644,"UNIQUEID":null,"SOURCE":null,"YEARUPDATE":2023,"TYPE":null,"HEIGHT":null,"GlobalID":"0ba10dd9-17cf-4162-825c-f6361edcd7e7","Shape__Area":9.236328125,"Shape__Length":17.61402883253364}},{"type":"Feature","id":818645,"geometry":{"type":"Polygon","coordinates":[[[-80.1986341195107,25.7638313356193],[-80.1985751621803,25.7638334851768],[-80.1985745782753,25.7638203653515],[-80.1986335356058,25.7638182133667],[-80.1986341195107,25.7638313356193]]]},"properties":{"OBJECTID":818645,"UNIQUEID":null,"SOURCE":null,"YEARUPDATE":2023,"TYPE":null,"HEIGHT":null,"GlobalID":"8e30575c-af4b-48c9-b3c8-0b02c6981327","Shape__Area":10.6640625,"Shape__Length":16.383268322036415}},{"type":"Feature","id":818646,"geometry":{"type":"Polygon","coordinates":[[[-80.1987099202527,25.7637523488597],[-80.1987128882864,25.7638317296104],[-80.1985627456664,25.7638361233803],[-80.1985574653692,25.7636913044438],[-80.1988739032162,25.7636820266283],[-80.1988762181747,25.7637475165993],[-80.1987099202527,25.7637523488597]]]},"properties":{"OBJECTID":818646,"UNIQUEID":null,"SOURCE":null,"YEARUPDATE":2023,"TYPE":null,"HEIGHT":null,"GlobalID":"8385d563-108c-4bfe-87fc-e5c6a6b1f7fd","Shape__Area":449.400390625,"Shape__Length":106.31572768394842}},{"type":"Feature","id":818647,"geometry":{"type":"Polygon","coordinates":[[[-80.1988097230807,25.7637268186981],[-80.1988087915278,25.7637004528158],[-80.1988269150387,25.7636999293814],[-80.1988278456933,25.7637262936458],[-80.1988097230807,25.7637268186981]]]},"properties":{"OBJECTID":818647,"UNIQUEID":null,"SOURCE":null,"YEARUPDATE":2023,"TYPE":null,"HEIGHT":null,"GlobalID":"e2fcc925-c2e6-48ab-8e5c-9118c223c45f","Shape__Area":6.583984375,"Shape__Length":10.558076606441483}},{"type":"Feature","id":818648,"geometry":{"type":"Polygon","coordinates":[[[-80.1986396234884,25.7637426285165],[-80.198618557995,25.7637432401336],[-80.1986180019378,25.7637274586309],[-80.1986390656346,25.7637268494408],[-80.1986396234884,25.7637426285165]]]},"properties":{"OBJECTID":818648,"UNIQUEID":null,"SOURCE":null,"YEARUPDATE":2023,"TYPE":null,"HEIGHT":null,"GlobalID":"483b9b7e-fc16-41ba-a198-9cb745c3cbaf","Shape__Area":4.580078125,"Shape__Length":8.59529731229665}},{"type":"Feature","id":818649,"geometry":{"type":"Polygon","coordinates":[[[-80.1985666901688,25.7637273397054],[-80.1985587625365,25.7637275710844],[-80.1985582064793,25.7637117895796],[-80.1985661323151,25.7637115606276],[-80.1985666901688,25.7637273397054]]]},"properties":{"OBJECTID":818649,"UNIQUEID":null,"SOURCE":null,"YEARUPDATE":2023,"TYPE":null,"HEIGHT":null,"GlobalID":"2ad3d356-2a8f-4401-b049-a144336b43cd","Shape__Area":1.720703125,"Shape__Length":5.668787295209966}},{"type":"Feature","id":818727,"geometry":{"type":"Polygon","coordinates":[[[-80.1984784127259,25.760256824094],[-80.1984982430358,25.7602803178367],[-80.1984972611772,25.7602914939279],[-80.198467323922,25.7602560255704],[-80.1984784127259,25.760256824094]]]},"properties":{"OBJECTID":818727,"UNIQUEID":null,"SOURCE":null,"YEARUPDATE":2023,"TYPE":null,"HEIGHT":null,"GlobalID":"4b4770cc-a27d-4ae6-9b57-ce918d2428a6","Shape__Area":4.22265625,"Shape__Length":11.778629261998008}},{"type":"Feature","id":818728,"geometry":{"type":"Polygon","coordinates":[[[-80.1985626216989,25.7603689288235],[-80.1985244100617,25.7603953771588],[-80.1981175990021,25.7599134147684],[-80.1981558106393,25.7598869663258],[-80.1985626216989,25.7603689288235]]]},"properties":{"OBJECTID":818728,"UNIQUEID":null,"SOURCE":null,"YEARUPDATE":2023,"TYPE":null,"HEIGHT":null,"GlobalID":"1233a651-21e8-4a89-9c49-da964649504a","Shape__Area":401.4453125,"Shape__Length":160.3911325026868}},{"type":"Feature","id":818729,"geometry":{"type":"Polygon","coordinates":[[[-80.1986472843212,25.7601499173526],[-80.1986319500793,25.7601317689245],[-80.1986331529234,25.7601228371008],[-80.1986569322274,25.7601509820516],[-80.1986472843212,25.7601499173526]]]},"properties":{"OBJECTID":818729,"UNIQUEID":null,"SOURCE":null,"YEARUPDATE":2023,"TYPE":null,"HEIGHT":null,"GlobalID":"aff2c7b7-cbba-43d0-8d4a-8bfb63284694","Shape__Area":2.787109375,"Shape__Length":9.384357482265823}},{"type":"Feature","id":818730,"geometry":{"type":"Polygon","coordinates":[[[-80.1985375191766,25.7600180191871],[-80.1985223574112,25.7600000762358],[-80.1985238063938,25.7599934170038],[-80.1985458483559,25.7600195045896],[-80.1985375191766,25.7600180191871]]]},"properties":{"OBJECTID":818730,"UNIQUEID":null,"SOURCE":null,"YEARUPDATE":2023,"TYPE":null,"HEIGHT":null,"GlobalID":"bfb0f1b6-36cd-477f-b491-aff80a0d2cb0","Shape__Area":2.142578125,"Shape__Length":8.622866042933875}},{"type":"Feature","id":818731,"geometry":{"type":"Polygon","coordinates":[[[-80.1986133729192,25.7602529156163],[-80.1986190008644,25.7602595764518],[-80.198605437202,25.7602689742729],[-80.1985998083584,25.7602623110107],[-80.1986133729192,25.7602529156163]]]},"properties":{"OBJECTID":818731,"UNIQUEID":null,"SOURCE":null,"YEARUPDATE":2023,"TYPE":null,"HEIGHT":null,"GlobalID":"0591ef9d-e8ba-4dc4-85b4-1fd0c18ae107","Shape__Area":1.970703125,"Shape__Length":5.879372010409845}},{"type":"Feature","id":818732,"geometry":{"type":"Polygon","coordinates":[[[-80.1985987510413,25.7602736076508],[-80.1985857057068,25.7602826446384],[-80.1985799888283,25.7602758786289],[-80.1985930323662,25.7602668400226],[-80.1985987510413,25.7602736076508]]]},"properties":{"OBJECTID":818732,"UNIQUEID":null,"SOURCE":null,"YEARUPDATE":2023,"TYPE":null,"HEIGHT":null,"GlobalID":"738f670d-f03c-401b-9bf5-474a2649ae91","Shape__Area":1.92578125,"Shape__Length":5.766245925195876}},{"type":"Feature","id":818738,"geometry":{"type":"Polygon","coordinates":[[[-80.1971471283394,25.7596468467855],[-80.1970883318075,25.7596078071084],[-80.1969059513469,25.7598222840783],[-80.1968874676117,25.75981001007],[-80.1970806152792,25.759583061639],[-80.1971574607619,25.7596340849047],[-80.1971471283394,25.7596468467855]]]},"properties":{"OBJECTID":818738,"UNIQUEID":null,"SOURCE":null,"YEARUPDATE":2023,"TYPE":null,"HEIGHT":null,"GlobalID":"8ea6a803-c4ac-4c45-abeb-14da9bd84823","Shape__Area":105.91796875,"Shape__Length":92.00298391802315}},{"type":"Feature","id":818739,"geometry":{"type":"Polygon","coordinates":[[[-80.1970453411329,25.7601778309111],[-80.1967309361734,25.7599939323641],[-80.1968874676117,25.75981001007],[-80.1970891331047,25.7599439092305],[-80.1970191211064,25.7600303765054],[-80.1971110133701,25.7600857619349],[-80.1971215416252,25.7600710025756],[-80.1971347648262,25.7600787370205],[-80.1971155552522,25.7601056716548],[-80.1969998684133,25.760035948382],[-80.197068947062,25.7599506323797],[-80.1968906090202,25.7598322215663],[-80.1967587300483,25.7599904203087],[-80.1970431052262,25.7601540353755],[-80.1970796361156,25.7601028189721],[-80.1970931916932,25.7601107475851],[-80.1970453411329,25.7601778309111]]]},"properties":{"OBJECTID":818739,"UNIQUEID":null,"SOURCE":null,"YEARUPDATE":2023,"TYPE":null,"HEIGHT":null,"GlobalID":"a7e63e5a-0f45-40c2-b18c-42aa8c2956e5","Shape__Area":257.33203125,"Shape__Length":266.08956902297393}},{"type":"Feature","id":818740,"geometry":{"type":"Polygon","coordinates":[[[-80.1985412229306,25.7634921629485],[-80.198541646037,25.7635040086052],[-80.1985072486465,25.7635050158338],[-80.19850682554,25.7634931685592],[-80.1985412229306,25.7634921629485]]]},"properties":{"OBJECTID":818740,"UNIQUEID":null,"SOURCE":null,"YEARUPDATE":2023,"TYPE":null,"HEIGHT":null,"GlobalID":"4c3a6ea7-289a-466e-a2e5-cf0596f42448","Shape__Area":5.615234375,"Shape__Length":10.592355057650394}},{"type":"Feature","id":818741,"geometry":{"type":"Polygon","coordinates":[[[-80.1964460588372,25.763541442717],[-80.1964456590869,25.7635282330583],[-80.1967628560104,25.7635203556418],[-80.1967632557606,25.7635335661103],[-80.1964460588372,25.763541442717]]]},"properties":{"OBJECTID":818741,"UNIQUEID":null,"SOURCE":null,"YEARUPDATE":2023,"TYPE":null,"HEIGHT":null,"GlobalID":"91bfac73-ab69-4208-94c0-6c20a2d04c7c","Shape__Area":57.701171875,"Shape__Length":73.91415503667078}},{"type":"Feature","id":818742,"geometry":{"type":"Polygon","coordinates":[[[-80.1964254460947,25.7636146588899],[-80.1964232470189,25.7635420090301],[-80.1967855788955,25.7635330103144],[-80.1967877824628,25.7636056601797],[-80.1964254460947,25.7636146588899]]]},"properties":{"OBJECTID":818742,"UNIQUEID":null,"SOURCE":null,"YEARUPDATE":2023,"TYPE":null,"HEIGHT":null,"GlobalID":"25245ab7-abba-4b2c-82d2-eb71afe7314b","Shape__Area":362.48046875,"Shape__Length":98.66705346620122}},{"type":"Feature","id":818743,"geometry":{"type":"Polygon","coordinates":[[[-80.1966306967641,25.7636071269299],[-80.1966338031383,25.7637097273938],[-80.1965755842231,25.7637111731082],[-80.1965724787471,25.7636085726456],[-80.1966306967641,25.7636071269299]]]},"properties":{"OBJECTID":818743,"UNIQUEID":null,"SOURCE":null,"YEARUPDATE":2023,"TYPE":null,"HEIGHT":null,"GlobalID":"5ba72535-db85-47a1-80ee-728fa5a8ce76","Shape__Area":82.25390625,"Shape__Length":38.34025082825352}},{"type":"Feature","id":818744,"geometry":{"type":"Polygon","coordinates":[[[-80.1961639159728,25.7647811676539],[-80.196272355204,25.7647780068507],[-80.1962728959898,25.7647931984453],[-80.1961644558602,25.7647963600571],[-80.1961639159728,25.7647811676539]]]},"properties":{"OBJECTID":818744,"UNIQUEID":null,"SOURCE":null,"YEARUPDATE":2023,"TYPE":null,"HEIGHT":null,"GlobalID":"6807a775-dfa7-4ca4-855c-ed1dd37928be","Shape__Area":22.69140625,"Shape__Length":27.91317136463944}},{"type":"Feature","id":818745,"geometry":{"type":"Polygon","coordinates":[[[-80.1962903493574,25.7647786516319],[-80.1963499355086,25.7647769146868],[-80.1963504349718,25.7647909388798],[-80.1962908488207,25.7647926758247],[-80.1962903493574,25.7647786516319]]]},"properties":{"OBJECTID":818745,"UNIQUEID":null,"SOURCE":null,"YEARUPDATE":2023,"TYPE":null,"HEIGHT":null,"GlobalID":"d2de9ee7-8dd1-49fc-8008-d35caecf629c","Shape__Area":11.51171875,"Shape__Length":16.741930434043326}},{"type":"Feature","id":818746,"geometry":{"type":"Polygon","coordinates":[[[-80.1958636945132,25.7647064547215],[-80.1958152645396,25.7647078672543],[-80.1958120656389,25.7646179068388],[-80.1958003138784,25.7646182506687],[-80.1957996401419,25.7645993044293],[-80.1958115886335,25.7645989557453],[-80.1958084660896,25.7645111318484],[-80.1958567011287,25.7645097265943],[-80.1958564747533,25.7645033604776],[-80.1962682858357,25.7644913571633],[-80.1962685427539,25.764498607531],[-80.1963146002768,25.7644972653797],[-80.1963153970825,25.7645196750161],[-80.1963379780338,25.7645190164803],[-80.1963402615512,25.7645832536395],[-80.1963297845001,25.7645835578279],[-80.1963304762029,25.7646030032299],[-80.196340953254,25.7646026990416],[-80.1963433858918,25.7646711001354],[-80.1963208049405,25.7646717586704],[-80.1963215676102,25.7646932371023],[-80.1962755100873,25.7646945792514],[-80.1962758065313,25.7647029306704],[-80.1958639954489,25.7647149347723],[-80.1958636945132,25.7647064547215]]]},"properties":{"OBJECTID":818746,"UNIQUEID":null,"SOURCE":null,"YEARUPDATE":2023,"TYPE":null,"HEIGHT":null,"GlobalID":"c6caea56-5eb2-4780-b32d-e96b81454864","Shape__Area":1503.015625,"Shape__Length":175.09404862735033}},{"type":"Feature","id":819783,"geometry":{"type":"Polygon","coordinates":[[[-80.1933448714572,25.7631036754002],[-80.1933908669963,25.7631261605387],[-80.1933928558664,25.7631176383052],[-80.1934701370319,25.7631227497037],[-80.1934719156962,25.7631167823603],[-80.1935063985366,25.7631093359173],[-80.1935413477381,25.7631039334661],[-80.1935766140867,25.7631005980726],[-80.1936120470146,25.7630993439771],[-80.1936474952426,25.763100176534],[-80.1936828074262,25.7631030921888],[-80.1937178328018,25.7631080784931],[-80.1937524218302,25.7631151141577],[-80.1937405748482,25.7631444128728],[-80.193738178143,25.7631940479459],[-80.1937686597772,25.7631794176073],[-80.1937769819408,25.7632134050431],[-80.1937805175675,25.7632480630869],[-80.1937792111054,25.763282847191],[-80.1937730830817,25.7633172108275],[-80.1937417525395,25.7633052939585],[-80.1937475628428,25.7633477027973],[-80.1937656827604,25.7633861951563],[-80.1936957025288,25.7633984016413],[-80.1936247437183,25.7634044954836],[-80.1935534630711,25.7634044202841],[-80.1934825203081,25.7633981767388],[-80.193481300396,25.7633895865672],[-80.1934055086371,25.763398675904],[-80.1934016890005,25.7633907758263],[-80.1933539336617,25.7634118540253],[-80.193346076473,25.7633737651109],[-80.1933401262419,25.7633353968679],[-80.1933360949712,25.7632968266922],[-80.1933339907927,25.7632581323873],[-80.193333817951,25.7632193920068],[-80.1933355767947,25.7631806836977],[-80.1933392637758,25.7631420855421],[-80.1933448714572,25.7631036754002]]]},"properties":{"OBJECTID":819783,"UNIQUEID":null,"SOURCE":null,"YEARUPDATE":2023,"TYPE":null,"HEIGHT":null,"GlobalID":"3cbc60b5-83b1-4ffb-aeb6-1ab3f43556be","Shape__Area":1688.738631516695,"Shape__Length":179.8032706493609}},{"type":"Feature","id":819784,"geometry":{"type":"Polygon","coordinates":[[[-80.1937085292471,25.7631363679633],[-80.1937188854256,25.763156963776],[-80.1937272707989,25.7631782744604],[-80.1937328625197,25.7631970670603],[-80.1937369239354,25.7632161757789],[-80.1937394335937,25.7632354996844],[-80.1937403782386,25.7632549367085],[-80.1937397528806,25.7632743841854],[-80.1937375608227,25.7632937393943],[-80.1937338136434,25.7633129001016],[-80.1937285311352,25.7633317651012],[-80.1937282499625,25.7633326258986],[-80.193721340429,25.7633511908181],[-80.1937129399751,25.7633692502355],[-80.1936630753047,25.7633748900158],[-80.1936129188565,25.7633777425172],[-80.1935745257595,25.7633780378095],[-80.1935200756989,25.763376422946],[-80.1934658682377,25.7633715251995],[-80.1934866929826,25.7633121334162],[-80.1934956303214,25.7633109546737],[-80.193491435189,25.7632018574263],[-80.193482642479,25.7632016195741],[-80.193460093867,25.76314566362],[-80.1935152764189,25.763136587366],[-80.1935711139581,25.7631317500685],[-80.1936000498469,25.763130580011],[-80.1936290148697,25.7631305510986],[-80.1936688694382,25.7631323798678],[-80.1937085292471,25.7631363679633]]]},"properties":{"OBJECTID":819784,"UNIQUEID":null,"SOURCE":null,"YEARUPDATE":2023,"TYPE":null,"HEIGHT":null,"GlobalID":"c09a7986-513e-4a93-a8e1-e6667623fd55","Shape__Area":823.3203294016421,"Shape__Length":115.74550164788522}},{"type":"Feature","id":819785,"geometry":{"type":"Polygon","coordinates":[[[-80.1935975594617,25.7632824156699],[-80.1935261020741,25.7632842570006],[-80.1935269150494,25.7633101019663],[-80.1934948613635,25.763310927976],[-80.193491435189,25.7632018574263],[-80.1935215934297,25.7632010807661],[-80.1935237996921,25.7632424985918],[-80.1935962497181,25.7632406969025],[-80.1935975594617,25.7632824156699]]]},"properties":{"OBJECTID":819785,"UNIQUEID":null,"SOURCE":null,"YEARUPDATE":2023,"TYPE":null,"HEIGHT":null,"GlobalID":"d875de42-2b62-48a3-ad17-9184b3e9363a","Shape__Area":88.40625,"Shape__Length":49.921486216812085}},{"type":"Feature","id":819786,"geometry":{"type":"Polygon","coordinates":[[[-80.1940012928931,25.7630218840853],[-80.1940130132126,25.7634083622966],[-80.1935851321681,25.7634190025224],[-80.1935797377848,25.763241107885],[-80.1935285625597,25.7632423804747],[-80.1935222375218,25.7630337953197],[-80.1940012928931,25.7630218840853]]]},"properties":{"OBJECTID":819786,"UNIQUEID":null,"SOURCE":null,"YEARUPDATE":2023,"TYPE":null,"HEIGHT":null,"GlobalID":"cc228a5b-9c03-46b6-bf1a-b2d794f06877","Shape__Area":2424.111328125,"Shape__Length":202.27516927006835}},{"type":"Feature","id":819787,"geometry":{"type":"Polygon","coordinates":[[[-80.1939758265531,25.7633425598567],[-80.1939674578479,25.7630665744674],[-80.193942883535,25.763067185279],[-80.1939368217035,25.7630497573265],[-80.1939275906156,25.7630499870888],[-80.1939267947083,25.7630237359373],[-80.1940012910965,25.7630218840853],[-80.1940130123143,25.7634083622966],[-80.1939385159261,25.7634102149515],[-80.1939376472553,25.7633816314756],[-80.1939660942054,25.7633809252013],[-80.1939758265531,25.7633425598567]]]},"properties":{"OBJECTID":819787,"UNIQUEID":null,"SOURCE":null,"YEARUPDATE":2023,"TYPE":null,"HEIGHT":null,"GlobalID":"5697f3cf-051b-414b-9a2e-79c3864d087f","Shape__Area":226.30078125,"Shape__Length":119.34202310388383}},{"type":"Feature","id":819788,"geometry":{"type":"Polygon","coordinates":[[[-80.1935714346566,25.7630325720781],[-80.1935720401211,25.7630525411715],[-80.193522842088,25.7630537636038],[-80.1935222375218,25.7630337953197],[-80.1935714346566,25.7630325720781]]]},"properties":{"OBJECTID":819788,"UNIQUEID":null,"SOURCE":null,"YEARUPDATE":2023,"TYPE":null,"HEIGHT":null,"GlobalID":"ac54c983-fbef-4977-b5de-1aee34c160da","Shape__Area":13.52734375,"Shape__Length":15.89580820228029}},{"type":"Feature","id":819789,"geometry":{"type":"Polygon","coordinates":[[[-80.1938292942623,25.7634129308304],[-80.1939618523606,25.7634096348844],[-80.1939620904141,25.7634174864197],[-80.1938295332142,25.7634207823654],[-80.1938292942623,25.7634129308304]]]},"properties":{"OBJECTID":819789,"UNIQUEID":null,"SOURCE":null,"YEARUPDATE":2023,"TYPE":null,"HEIGHT":null,"GlobalID":"943fcd19-1462-4649-af6f-d184aaee9314","Shape__Area":14.33203125,"Shape__Length":31.465471814326396}},{"type":"Feature","id":819790,"geometry":{"type":"Polygon","coordinates":[[[-80.1937768065986,25.7634220937861],[-80.1936418940159,25.7634254471721],[-80.1936416559624,25.7634175972554],[-80.193776568545,25.7634142422512],[-80.1937768065986,25.7634220937861]]]},"properties":{"OBJECTID":819790,"UNIQUEID":null,"SOURCE":null,"YEARUPDATE":2023,"TYPE":null,"HEIGHT":null,"GlobalID":"1d87024d-693a-445d-a136-65e16f24435f","Shape__Area":14.583984375,"Shape__Length":31.98976686171371}},{"type":"Feature","id":819791,"geometry":{"type":"Polygon","coordinates":[[[-80.1935228007655,25.7630523793671],[-80.193524434801,25.7631062844952],[-80.1934719156962,25.7631167823603],[-80.1934701370319,25.7631227497037],[-80.1933928558664,25.7631176383052],[-80.1933908669963,25.7631261605387],[-80.1933448714572,25.7631036754002],[-80.1933392637758,25.7631420855421],[-80.1933355767947,25.7631806836977],[-80.193333817951,25.7632193920068],[-80.1933339907927,25.7632581323873],[-80.1933360949712,25.7632968266922],[-80.1933401262419,25.7633353968679],[-80.193346076473,25.7633737651109],[-80.1933539336617,25.7634118540253],[-80.1933494600516,25.7634138280331],[-80.1933382934362,25.7633765201438],[-80.1933296899996,25.7633386654209],[-80.1933236821711,25.7633004065515],[-80.1933202925963,25.763261887746],[-80.1933195340516,25.7632232541946],[-80.1933214093962,25.7631846515203],[-80.1933259115614,25.7631462252299],[-80.1933330235769,25.7631081201654],[-80.1933358164391,25.763040083849],[-80.1933904250252,25.7630556704688],[-80.1935228007655,25.7630523793671]]]},"properties":{"OBJECTID":819791,"UNIQUEID":null,"SOURCE":null,"YEARUPDATE":2023,"TYPE":null,"HEIGHT":null,"GlobalID":"5b290856-29b8-43fe-a2b6-25f68e7acc24","Shape__Area":215.79220154881477,"Shape__Length":135.5639958602502}},{"type":"Feature","id":819792,"geometry":{"type":"Polygon","coordinates":[[[-80.1933010902651,25.7630381219703],[-80.1933354418416,25.7630492160907],[-80.1933330235769,25.7631081201654],[-80.1933259115614,25.7631462252299],[-80.1933214093962,25.7631846515203],[-80.1933195340516,25.7632232541946],[-80.1933202925963,25.763261887746],[-80.1933236821711,25.7633004065515],[-80.1933296899996,25.7633386654209],[-80.1933382934362,25.7633765201438],[-80.1933494600516,25.7634138280331],[-80.1933122464426,25.7634119276461],[-80.1932970549262,25.7633664859856],[-80.1932857320407,25.7633201379364],[-80.1932783429457,25.7632731502163],[-80.1932749301632,25.7632257932248],[-80.1932755133328,25.7631783394865],[-80.1932800890986,25.7631310620831],[-80.1932886311282,25.7630842330819],[-80.1933010902651,25.7630381219703]]]},"properties":{"OBJECTID":819792,"UNIQUEID":null,"SOURCE":null,"YEARUPDATE":2023,"TYPE":null,"HEIGHT":null,"GlobalID":"f8274f19-9afb-4e44-8445-e2ffb6236337","Shape__Area":219.26278576254845,"Shape__Length":100.65106114310169}},{"type":"Feature","id":819793,"geometry":{"type":"Polygon","coordinates":[[[-80.193460093867,25.76314566362],[-80.193482642479,25.7632016195741],[-80.1934712635193,25.7632053799039],[-80.1934487149073,25.7631494239515],[-80.193460093867,25.76314566362]]]},"properties":{"OBJECTID":819793,"UNIQUEID":null,"SOURCE":null,"YEARUPDATE":2023,"TYPE":null,"HEIGHT":null,"GlobalID":"32861938-709f-4a26-8e01-68a3b628ddfe","Shape__Area":9.9296875,"Shape__Length":17.414352403041725}},{"type":"Feature","id":819794,"geometry":{"type":"Polygon","coordinates":[[[-80.1934866929826,25.7633121334162],[-80.1934658682377,25.7633715251995],[-80.1934551935572,25.763368455778],[-80.1934760192004,25.7633090639932],[-80.1934866929826,25.7633121334162]]]},"properties":{"OBJECTID":819794,"UNIQUEID":null,"SOURCE":null,"YEARUPDATE":2023,"TYPE":null,"HEIGHT":null,"GlobalID":"0a433ffd-91b0-4825-8915-53f3dfed2975","Shape__Area":9.6015625,"Shape__Length":17.891778031120943}},{"type":"Feature","id":819795,"geometry":{"type":"Polygon","coordinates":[[[-80.1934923263178,25.7632302508257],[-80.1934939899977,25.7632832020379],[-80.1934508502028,25.763284313632],[-80.1934491865229,25.7632313616113],[-80.1934923263178,25.7632302508257]]]},"properties":{"OBJECTID":819795,"UNIQUEID":null,"SOURCE":null,"YEARUPDATE":2023,"TYPE":null,"HEIGHT":null,"GlobalID":"b73c9d29-e4e5-4ae2-ad11-e1ea5d17c296","Shape__Area":31.455078125,"Shape__Length":22.70406685554655}},{"type":"Feature","id":819796,"geometry":{"type":"Polygon","coordinates":[[[-80.1935975594617,25.7632824156699],[-80.1935971390502,25.7632690061544],[-80.1936281336224,25.7632682084601],[-80.1936285549323,25.7632816187847],[-80.1935975594617,25.7632824156699]]]},"properties":{"OBJECTID":819796,"UNIQUEID":null,"SOURCE":null,"YEARUPDATE":2023,"TYPE":null,"HEIGHT":null,"GlobalID":"9e3b828b-39f9-4ff7-900b-c84db278d471","Shape__Area":5.724609375,"Shape__Length":10.219938178740533}},{"type":"Feature","id":819797,"geometry":{"type":"Polygon","coordinates":[[[-80.1974750412659,25.7639277412532],[-80.1978677299109,25.7639171180623],[-80.1978662620637,25.763872655334],[-80.1981705196538,25.7638644227821],[-80.1981830915762,25.7642452990651],[-80.1974861426462,25.7642641596055],[-80.1974750412659,25.7639277412532]]]},"properties":{"OBJECTID":819797,"UNIQUEID":null,"SOURCE":null,"YEARUPDATE":2023,"TYPE":null,"HEIGHT":null,"GlobalID":"26bfde62-4d29-484d-9287-52d8dca42af5","Shape__Area":3415.38671875,"Shape__Length":249.43790294950884}},{"type":"Feature","id":819798,"geometry":{"type":"Polygon","coordinates":[[[-80.1978477109548,25.7638614334659],[-80.1978354076286,25.7638617659718],[-80.1978363095372,25.7638890840305],[-80.1977624823939,25.7638910823009],[-80.1977630016201,25.7639068103868],[-80.1976854841976,25.7639089073569],[-80.1976850601928,25.7638960658415],[-80.1975728651054,25.7638991020797],[-80.1975732953984,25.7639121110611],[-80.1975218560686,25.763913502569],[-80.1975222297678,25.7639249024157],[-80.197479831083,25.7639260471735],[-80.1974793109584,25.7639101928837],[-80.1974651211702,25.7639105771664],[-80.1974599684337,25.7637800568899],[-80.1974656628543,25.7637799031766],[-80.1974649558802,25.7637584755476],[-80.1974977434897,25.7637575872466],[-80.1974992472695,25.7638031713155],[-80.1975402580572,25.7638020613442],[-80.1975394046577,25.7637762245758],[-80.1976201146927,25.7637740386115],[-80.1976206276307,25.7637895733578],[-80.1976331555357,25.7637892343797],[-80.1976334690477,25.7637987492287],[-80.1976583281266,25.7637980769356],[-80.19765773973,25.7637802761336],[-80.1977714880046,25.7637771986324],[-80.1977710711863,25.7637645690654],[-80.1978127979312,25.7637634396773],[-80.1978134860407,25.7637842564976],[-80.1978389838218,25.7637835664061],[-80.1978393602159,25.7637949929628],[-80.1978455118789,25.7637948263053],[-80.1978477109548,25.7638614334659]]]},"properties":{"OBJECTID":819798,"UNIQUEID":null,"SOURCE":null,"YEARUPDATE":2023,"TYPE":null,"HEIGHT":null,"GlobalID":"5613102b-3c7f-4360-a11a-53c9b0e3d9f4","Shape__Area":652.375,"Shape__Length":144.19713833883932}},{"type":"Feature","id":819799,"geometry":{"type":"Polygon","coordinates":[[[-80.1977630016201,25.7639068103868],[-80.1976854841976,25.7639089073569],[-80.197684254404,25.7638716505356],[-80.1977617718265,25.7638695527558],[-80.1977630016201,25.7639068103868]]]},"properties":{"OBJECTID":819799,"UNIQUEID":null,"SOURCE":null,"YEARUPDATE":2023,"TYPE":null,"HEIGHT":null,"GlobalID":"5802d2e8-d6db-40ba-bc63-79dc264b71bd","Shape__Area":39.775390625,"Shape__Length":26.480755700154905}},{"type":"Feature","id":819800,"geometry":{"type":"Polygon","coordinates":[[[-80.197479831083,25.7639260471735],[-80.1974778287382,25.7638652123822],[-80.1975202283213,25.7638640676238],[-80.1975222297678,25.7639249024157],[-80.197479831083,25.7639260471735]]]},"properties":{"OBJECTID":819800,"UNIQUEID":null,"SOURCE":null,"YEARUPDATE":2023,"TYPE":null,"HEIGHT":null,"GlobalID":"3ed5a0cc-7ef3-44d9-a032-acd5f82b0b1b","Shape__Area":35.5234375,"Shape__Length":24.489744092541386}},{"type":"Feature","id":819801,"geometry":{"type":"Polygon","coordinates":[[[-80.1975106774332,25.7642466946141],[-80.1975033328074,25.7640240950319],[-80.1980275608612,25.7640099097542],[-80.1980349063852,25.764232510172],[-80.1975106774332,25.7642466946141]]]},"properties":{"OBJECTID":819801,"UNIQUEID":null,"SOURCE":null,"YEARUPDATE":2023,"TYPE":null,"HEIGHT":null,"GlobalID":"8b363a25-e51c-40cb-9147-38be91dc2196","Shape__Area":1607.119140625,"Shape__Length":171.82056046751813}},{"type":"Feature","id":819802,"geometry":{"type":"Polygon","coordinates":[[[-80.1976268224129,25.7640476632676],[-80.1975354385957,25.7640501356182],[-80.1975369028496,25.7640944672196],[-80.1975056828002,25.7640953126402],[-80.1975033328074,25.7640240950319],[-80.1976259357757,25.7640207780685],[-80.1976268224129,25.7640476632676]]]},"properties":{"OBJECTID":819802,"UNIQUEID":null,"SOURCE":null,"YEARUPDATE":2023,"TYPE":null,"HEIGHT":null,"GlobalID":"e2a74c34-cf64-42ac-ba19-db9ea58c3f24","Shape__Area":64.4609375,"Shape__Length":44.92229221727199}},{"type":"Feature","id":819803,"geometry":{"type":"Polygon","coordinates":[[[-80.1976266041223,25.7642301583682],[-80.1975106774332,25.7642466946141],[-80.1975081576588,25.7641703083034],[-80.1975393768099,25.7641694645013],[-80.1975410665409,25.7642206848134],[-80.1976288948263,25.764218309548],[-80.1976266041223,25.7642301583682]]]},"properties":{"OBJECTID":819803,"UNIQUEID":null,"SOURCE":null,"YEARUPDATE":2023,"TYPE":null,"HEIGHT":null,"GlobalID":"8cfe515b-76ac-4965-9930-e2d6e6ecff35","Shape__Area":51.841796875,"Shape__Length":43.590735838295814}},{"type":"Feature","id":819804,"geometry":{"type":"Polygon","coordinates":[[[-80.1980301938233,25.7640897466172],[-80.1979995756451,25.7640905742395],[-80.1979978266253,25.7640375691834],[-80.1979085062382,25.7640399849032],[-80.1979076213977,25.7640131555246],[-80.1980275617595,25.7640099097542],[-80.1980301938233,25.7640897466172]]]},"properties":{"OBJECTID":819804,"UNIQUEID":null,"SOURCE":null,"YEARUPDATE":2023,"TYPE":null,"HEIGHT":null,"GlobalID":"fcca9883-0f48-43c9-83d8-037cdc1bdb4e","Shape__Area":66.669921875,"Shape__Length":46.46044740427176}},{"type":"Feature","id":819805,"geometry":{"type":"Polygon","coordinates":[[[-80.1980349063852,25.764232510172],[-80.1979250262563,25.7642206136202],[-80.1979227777732,25.7642128980524],[-80.1980035390121,25.7642107137142],[-80.1980014378527,25.76414701273],[-80.1980320569292,25.7641461842991],[-80.1980349063852,25.764232510172]]]},"properties":{"OBJECTID":819805,"UNIQUEID":null,"SOURCE":null,"YEARUPDATE":2023,"TYPE":null,"HEIGHT":null,"GlobalID":"bd544102-f233-42ab-85af-d16635af71a2","Shape__Area":49.861328125,"Shape__Length":44.262851362750474}},{"type":"Feature","id":819806,"geometry":{"type":"Polygon","coordinates":[[[-80.1979131532232,25.7640931946391],[-80.1979141027425,25.7641219227573],[-80.1977177768354,25.7641272339392],[-80.1977197675021,25.7641875605353],[-80.1976551687517,25.7641893096242],[-80.1976565925814,25.764132384127],[-80.1976479202457,25.7641326187412],[-80.1976469024545,25.7641017823327],[-80.1977189724931,25.7640984491912],[-80.1977191386814,25.7641034909722],[-80.1978344185835,25.7641003714107],[-80.1978342514969,25.7640953304386],[-80.1979131532232,25.7640931946391]]]},"properties":{"OBJECTID":819806,"UNIQUEID":null,"SOURCE":null,"YEARUPDATE":2023,"TYPE":null,"HEIGHT":null,"GlobalID":"a7196678-932a-4f6d-bb76-acdea6a569c0","Shape__Area":149.30859375,"Shape__Length":82.79525864283842}},{"type":"Feature","id":819807,"geometry":{"type":"Polygon","coordinates":[[[-80.1979250262563,25.7642206136202],[-80.1978697412388,25.7642148599117],[-80.1978606444727,25.7642194444485],[-80.1978509532832,25.7642229027754],[-80.1978408386493,25.7642251738783],[-80.1978304790202,25.7642262176889],[-80.197820057168,25.7642260157917],[-80.1978097569621,25.7642245717485],[-80.1977997601261,25.7642219110363],[-80.1977902430311,25.764218080597],[-80.1977807478225,25.7642224342902],[-80.1977707954738,25.7642258612547],[-80.1977604971306,25.7642283232188],[-80.1977499678023,25.7642297926881],[-80.197739325078,25.7642302532519],[-80.1977286878132,25.7642296997667],[-80.1977181748023,25.7642281384138],[-80.1977079034522,25.7642255866298],[-80.1976875138233,25.7642227925406],[-80.1976668902961,25.764222629812],[-80.1976464494369,25.7642251017311],[-80.1976266041223,25.7642301583682],[-80.1976470165405,25.7641564790096],[-80.1976461155303,25.7641291739566],[-80.1978963924566,25.7641224025031],[-80.1979250262563,25.7642206136202]]]},"properties":{"OBJECTID":819807,"UNIQUEID":null,"SOURCE":null,"YEARUPDATE":2023,"TYPE":null,"HEIGHT":null,"GlobalID":"8e925f1c-5789-4545-bbec-348fac05b8d2","Shape__Area":364.8023839890957,"Shape__Length":87.35753457976281}},{"type":"Feature","id":819808,"geometry":{"type":"Polygon","coordinates":[[[-80.1976450546199,25.7640969913463],[-80.1976484493534,25.764199885059],[-80.1975725911192,25.7641874602175],[-80.1975696742895,25.764099031682],[-80.1976450546199,25.7640969913463]]]},"properties":{"OBJECTID":819808,"UNIQUEID":null,"SOURCE":null,"YEARUPDATE":2023,"TYPE":null,"HEIGHT":null,"GlobalID":"24cdc336-ea48-4db2-87bb-3332149f4339","Shape__Area":99.3125,"Shape__Length":40.637345528578216}},{"type":"Feature","id":819809,"geometry":{"type":"Polygon","coordinates":[[[-80.1979077768062,25.7638752174892],[-80.1979721761306,25.7638734740587],[-80.1979729558683,25.7638971102816],[-80.1979085565439,25.7638988520937],[-80.1979077768062,25.7638752174892]]]},"properties":{"OBJECTID":819809,"UNIQUEID":null,"SOURCE":null,"YEARUPDATE":2023,"TYPE":null,"HEIGHT":null,"GlobalID":"7203d644-40bc-4265-9247-2a8e042f5ade","Shape__Area":20.9609375,"Shape__Length":20.189848872061376}},{"type":"Feature","id":819810,"geometry":{"type":"Polygon","coordinates":[[[-80.1980610338853,25.7638714887323],[-80.1981231514889,25.763869808405],[-80.1981239042771,25.7638926056787],[-80.1980617875718,25.7638942868147],[-80.1980610338853,25.7638714887323]]]},"properties":{"OBJECTID":819810,"UNIQUEID":null,"SOURCE":null,"YEARUPDATE":2023,"TYPE":null,"HEIGHT":null,"GlobalID":"20e54c22-c1d9-4c70-9f06-81958bd223b0","Shape__Area":19.50390625,"Shape__Length":19.474334704136833}},{"type":"Feature","id":819811,"geometry":{"type":"Polygon","coordinates":[[[-80.1981619353529,25.763890048378],[-80.1981638568493,25.7639482700351],[-80.1981376404161,25.7639489795421],[-80.1981357171231,25.7638907586944],[-80.1981619353529,25.763890048378]]]},"properties":{"OBJECTID":819811,"UNIQUEID":null,"SOURCE":null,"YEARUPDATE":2023,"TYPE":null,"HEIGHT":null,"GlobalID":"9dd86db9-71be-4766-ba17-d5e09d9cd4d0","Shape__Area":21.0234375,"Shape__Length":20.23909996902843}},{"type":"Feature","id":819812,"geometry":{"type":"Polygon","coordinates":[[[-80.1981672048704,25.7640516039809],[-80.1981691290617,25.7641099024151],[-80.1981447505815,25.7641105625713],[-80.1981428263902,25.7640522641374],[-80.1981672048704,25.7640516039809]]]},"properties":{"OBJECTID":819812,"UNIQUEID":null,"SOURCE":null,"YEARUPDATE":2023,"TYPE":null,"HEIGHT":null,"GlobalID":"bb7f40e6-a230-442b-8eea-a59d4fbf29f2","Shape__Area":19.576171875,"Shape__Length":19.848618688459403}},{"type":"Feature","id":819813,"geometry":{"type":"Polygon","coordinates":[[[-80.197479882287,25.7639276110016],[-80.197529399222,25.763926274507],[-80.1975303667076,25.7639556684858],[-80.1974808506708,25.7639570049801],[-80.197479882287,25.7639276110016]]]},"properties":{"OBJECTID":819813,"UNIQUEID":null,"SOURCE":null,"YEARUPDATE":2023,"TYPE":null,"HEIGHT":null,"GlobalID":"a4ca0044-9f68-4c14-b564-091db2f014cf","Shape__Area":20.044921875,"Shape__Length":18.299044716718797}},{"type":"Feature","id":819814,"geometry":{"type":"Polygon","coordinates":[[[-80.1974750412659,25.7639277412532],[-80.1974861426462,25.7642641596055],[-80.1981830915762,25.7642452990651],[-80.1981833449011,25.7642530016865],[-80.1974770516955,25.764272113829],[-80.197465696092,25.7639279969023],[-80.1974750412659,25.7639277412532]]]},"properties":{"OBJECTID":819814,"UNIQUEID":null,"SOURCE":null,"YEARUPDATE":2023,"TYPE":null,"HEIGHT":null,"GlobalID":"f203ca2f-7c9e-4254-bfd7-f2b1e8cbe391","Shape__Area":118.21875,"Shape__Length":242.42813752383142}},{"type":"Feature","id":819815,"geometry":{"type":"Polygon","coordinates":[[[-80.1974770516955,25.764272113829],[-80.1974644177893,25.7642724568509],[-80.1974531430342,25.7639307653554],[-80.197465776042,25.7639304239506],[-80.1974770516955,25.764272113829]]]},"properties":{"OBJECTID":819815,"UNIQUEID":null,"SOURCE":null,"YEARUPDATE":2023,"TYPE":null,"HEIGHT":null,"GlobalID":"8c9f46bd-d838-43f2-9367-baad5b63d4bb","Shape__Area":59.44921875,"Shape__Length":87.32206428056378}},{"type":"Feature","id":819816,"geometry":{"type":"Polygon","coordinates":[[[-80.1974644842647,25.7638975002275],[-80.1974590207111,25.7638976474684],[-80.1974561263393,25.7638243400511],[-80.1974615898928,25.7638241928101],[-80.1974644842647,25.7638975002275]]]},"properties":{"OBJECTID":819816,"UNIQUEID":null,"SOURCE":null,"YEARUPDATE":2023,"TYPE":null,"HEIGHT":null,"GlobalID":"91c93393-b1a1-4a2d-a7ea-a2810734199a","Shape__Area":5.517578125,"Shape__Length":19.350997607341405}},{"type":"Feature","id":819817,"geometry":{"type":"Polygon","coordinates":[[[-80.1975732953984,25.7639121110611],[-80.1975218560686,25.763913502569],[-80.1975222297678,25.7639249024157],[-80.197479831083,25.7639260471735],[-80.1974793109584,25.7639101928837],[-80.1974651211702,25.7639105771664],[-80.1974599684337,25.7637800568899],[-80.1974656628543,25.7637799031766],[-80.1974649558802,25.7637584755476],[-80.1974977434897,25.7637575872466],[-80.1974992472695,25.7638031713155],[-80.1975402580572,25.7638020613442],[-80.197539918494,25.7637917593218],[-80.1976331555357,25.7637892343797],[-80.1976334690477,25.7637987492287],[-80.1976583281266,25.7637980769356],[-80.19765773973,25.7637802761336],[-80.1978132156478,25.7637760692445],[-80.1978138624348,25.7637956830543],[-80.1978455118789,25.7637948263053],[-80.1978477109548,25.7638614334659],[-80.1978354076286,25.7638617659718],[-80.1978363095372,25.7638890840305],[-80.1977624823939,25.7638910823009],[-80.1977630016201,25.7639068103868],[-80.1976854841976,25.7639089073569],[-80.1976850601928,25.7638960658415],[-80.1975728651054,25.7638991020797],[-80.1975732953984,25.7639121110611]]]},"properties":{"OBJECTID":819817,"UNIQUEID":null,"SOURCE":null,"YEARUPDATE":2023,"TYPE":null,"HEIGHT":null,"GlobalID":"6a04a7cd-c21c-49eb-a185-ce439187b9dc","Shape__Area":623.837890625,"Shape__Length":137.23145598786635}},{"type":"Feature","id":819818,"geometry":{"type":"Polygon","coordinates":[[[-80.1974613033302,25.7638138746093],[-80.1974558388784,25.7638140218503],[-80.1974546575938,25.7637840809409],[-80.1974601220457,25.7637839336998],[-80.1974613033302,25.7638138746093]]]},"properties":{"OBJECTID":819818,"UNIQUEID":null,"SOURCE":null,"YEARUPDATE":2023,"TYPE":null,"HEIGHT":null,"GlobalID":"1862391c-7566-44f5-bb69-427f3380586f","Shape__Area":2.25390625,"Shape__Length":8.62361538009211}},{"type":"Feature","id":819819,"geometry":{"type":"Polygon","coordinates":[[[-80.1974793109584,25.7639101928837],[-80.1974651211702,25.7639105771664],[-80.1974599684337,25.7637800568899],[-80.1974741573236,25.7637796726068],[-80.1974793109584,25.7639101928837]]]},"properties":{"OBJECTID":819819,"UNIQUEID":null,"SOURCE":null,"YEARUPDATE":2023,"TYPE":null,"HEIGHT":null,"GlobalID":"f1e13f68-6744-428c-a32a-c9d229848676","Shape__Area":25.51171875,"Shape__Length":35.44731898279211}},{"type":"Feature","id":819820,"geometry":{"type":"Polygon","coordinates":[[[-80.1978132156478,25.7637760692445],[-80.1978136872633,25.7637903394969],[-80.1976770580002,25.7637940367047],[-80.1976774586488,25.7638061905667],[-80.1976586119942,25.7638067002474],[-80.19765773973,25.7637802761336],[-80.1978132156478,25.7637760692445]]]},"properties":{"OBJECTID":819820,"UNIQUEID":null,"SOURCE":null,"YEARUPDATE":2023,"TYPE":null,"HEIGHT":null,"GlobalID":"cb88dfd2-ecf7-4bf5-a24e-04a68d993f0f","Shape__Area":33.7109375,"Shape__Length":41.165905785147736}},{"type":"Feature","id":819821,"geometry":{"type":"Polygon","coordinates":[[[-80.1976331555357,25.7637892343797],[-80.1976336136764,25.7638030920318],[-80.1975403757365,25.7638056169737],[-80.197539918494,25.7637917593218],[-80.1976331555357,25.7637892343797]]]},"properties":{"OBJECTID":819821,"UNIQUEID":null,"SOURCE":null,"YEARUPDATE":2023,"TYPE":null,"HEIGHT":null,"GlobalID":"288867e3-0220-4077-b0ab-c976ecca6634","Shape__Area":17.794921875,"Shape__Length":24.194997861883532}},{"type":"Feature","id":819822,"geometry":{"type":"Polygon","coordinates":[[[-80.1978477109548,25.7638614334659],[-80.1978354076286,25.7638617659718],[-80.1978329722959,25.7637879925385],[-80.197845275622,25.7637876592234],[-80.1978477109548,25.7638614334659]]]},"properties":{"OBJECTID":819822,"UNIQUEID":null,"SOURCE":null,"YEARUPDATE":2023,"TYPE":null,"HEIGHT":null,"GlobalID":"371b9245-bc95-45e6-b86f-ee351c13a02e","Shape__Area":12.501953125,"Shape__Length":20.98639391821277}},{"type":"Feature","id":819823,"geometry":{"type":"Polygon","coordinates":[[[-80.1978360247712,25.7638804510166],[-80.1978363095372,25.7638890840305],[-80.1976849649714,25.7638931800803],[-80.1976846802054,25.7638845470666],[-80.1978360247712,25.7638804510166]]]},"properties":{"OBJECTID":819823,"UNIQUEID":null,"SOURCE":null,"YEARUPDATE":2023,"TYPE":null,"HEIGHT":null,"GlobalID":"0524d2f0-a580-49cb-b463-39ffa127a77d","Shape__Area":17.9921875,"Shape__Length":35.84555326707959}},{"type":"Feature","id":819824,"geometry":{"type":"Polygon","coordinates":[[[-80.1975727303581,25.7638950416269],[-80.1975732936018,25.7639121110611],[-80.1975561429664,25.7639125754364],[-80.197555580621,25.7638955060023],[-80.1975727303581,25.7638950416269]]]},"properties":{"OBJECTID":819824,"UNIQUEID":null,"SOURCE":null,"YEARUPDATE":2023,"TYPE":null,"HEIGHT":null,"GlobalID":"f950692e-6daf-4bb6-be4e-f8d2c89967f7","Shape__Area":4.029296875,"Shape__Length":8.041685261749867}},{"type":"Feature","id":819825,"geometry":{"type":"Polygon","coordinates":[[[-80.1976847924948,25.7638879449355],[-80.1976850601928,25.7638960666506],[-80.1975728651054,25.7638991020797],[-80.1975725965091,25.7638909803649],[-80.1976847924948,25.7638879449355]]]},"properties":{"OBJECTID":819825,"UNIQUEID":null,"SOURCE":null,"YEARUPDATE":2023,"TYPE":null,"HEIGHT":null,"GlobalID":"e3979f67-f652-4d0b-b187-bc088eaaa430","Shape__Area":12.546875,"Shape__Length":26.999056253388368}},{"type":"Feature","id":819826,"geometry":{"type":"Polygon","coordinates":[[[-80.1975241018568,25.7641462546833],[-80.1975234478833,25.7641264297786],[-80.197547500275,25.7641257793307],[-80.1975481542486,25.7641456042356],[-80.1975241018568,25.7641462546833]]]},"properties":{"OBJECTID":819826,"UNIQUEID":null,"SOURCE":null,"YEARUPDATE":2023,"TYPE":null,"HEIGHT":null,"GlobalID":"da1dd42a-9dec-4b1a-8481-be2c40e1986f","Shape__Area":6.568359375,"Shape__Length":10.26057599034484}},{"type":"Feature","id":819827,"geometry":{"type":"Polygon","coordinates":[[[-80.1979471275073,25.7640389404644],[-80.1979684795633,25.7640383628275],[-80.1979686906674,25.7640447961173],[-80.1979473395097,25.7640453729453],[-80.1979471275073,25.7640389404644]]]},"properties":{"OBJECTID":819827,"UNIQUEID":null,"SOURCE":null,"YEARUPDATE":2023,"TYPE":null,"HEIGHT":null,"GlobalID":"5990b251-7e7a-4a1c-893b-091f503825c5","Shape__Area":1.892578125,"Shape__Length":6.346838688061407}},{"type":"Feature","id":819828,"geometry":{"type":"Polygon","coordinates":[[[-80.1978266634277,25.7641005817546],[-80.1977258095707,25.7641033097529],[-80.1977247567452,25.7640714232351],[-80.1978256106022,25.7640686952361],[-80.1978266634277,25.7641005817546]]]},"properties":{"OBJECTID":819828,"UNIQUEID":null,"SOURCE":null,"YEARUPDATE":2023,"TYPE":null,"HEIGHT":null,"GlobalID":"6cc17faf-68ff-4f92-be7b-f7d9a5c96e0e","Shape__Area":44.2890625,"Shape__Length":30.350409675718172}},{"type":"Feature","id":819829,"geometry":{"type":"Polygon","coordinates":[[[-80.1976079101812,25.7640481745652],[-80.197608171591,25.7640560818803],[-80.1975869147564,25.7640566570901],[-80.1975866533467,25.7640487497751],[-80.1976079101812,25.7640481745652]]]},"properties":{"OBJECTID":819829,"UNIQUEID":null,"SOURCE":null,"YEARUPDATE":2023,"TYPE":null,"HEIGHT":null,"GlobalID":"49997f6f-a3de-4ac5-8290-2873ae8c6669","Shape__Area":2.3125,"Shape__Length":6.690402051855601}},{"type":"Feature","id":819830,"geometry":{"type":"Polygon","coordinates":[[[-80.1977578821213,25.7641261490505],[-80.1977751531309,25.7641256814399],[-80.1977755286267,25.764137067513],[-80.1977582567188,25.7641375343145],[-80.1977578821213,25.7641261490505]]]},"properties":{"OBJECTID":819830,"UNIQUEID":null,"SOURCE":null,"YEARUPDATE":2023,"TYPE":null,"HEIGHT":null,"GlobalID":"7ec4c20c-47b1-48bb-9fdd-06243b433f6b","Shape__Area":2.7109375,"Shape__Length":6.6629724977738345}},{"type":"Feature","id":819831,"geometry":{"type":"Polygon","coordinates":[[[-80.1978017486532,25.7641249630348],[-80.1978190205612,25.7641244962333],[-80.197819396057,25.7641358798795],[-80.1978021250473,25.76413634749],[-80.1978017486532,25.7641249630348]]]},"properties":{"OBJECTID":819831,"UNIQUEID":null,"SOURCE":null,"YEARUPDATE":2023,"TYPE":null,"HEIGHT":null,"GlobalID":"60273636-dc67-4e82-b0e5-0e27cad0b810","Shape__Area":2.708984375,"Shape__Length":6.662578611898492}},{"type":"Feature","id":820029,"geometry":{"type":"Polygon","coordinates":[[[-80.1983973721108,25.7601731530321],[-80.1984077844833,25.7601739030138],[-80.198421271789,25.760189884013],[-80.1984203510158,25.7602003756637],[-80.1983973721108,25.7601731530321]]]},"properties":{"OBJECTID":820029,"UNIQUEID":null,"SOURCE":null,"YEARUPDATE":2023,"TYPE":null,"HEIGHT":null,"GlobalID":"05614995-dc5a-4f41-b984-0621ee00cee1","Shape__Area":2.90625,"Shape__Length":9.171506299336139}},{"type":"Feature","id":820030,"geometry":{"type":"Polygon","coordinates":[[[-80.1982448229042,25.759992421881],[-80.1982571199422,25.7599946758745],[-80.1982749515006,25.7600158007919],[-80.1982727748826,25.7600255376211],[-80.1982448229042,25.759992421881]]]},"properties":{"OBJECTID":820030,"UNIQUEID":null,"SOURCE":null,"YEARUPDATE":2023,"TYPE":null,"HEIGHT":null,"GlobalID":"b9042322-6cdb-4a55-9267-445238d11660","Shape__Area":3.876953125,"Shape__Length":11.046189269725108}},{"type":"Feature","id":820048,"geometry":{"type":"Polygon","coordinates":[[[-80.196448425898,25.7618377252192],[-80.1963889412565,25.7618969494618],[-80.1963918320351,25.7619642413172],[-80.1963698745146,25.7619888972971],[-80.1963467141499,25.7619897136077],[-80.1963356531938,25.7617322729211],[-80.1959953354316,25.7617442619518],[-80.1959909965688,25.7616432738075],[-80.1960597940448,25.7616408499486],[-80.1960603824413,25.7616545298646],[-80.196273432284,25.7616470252873],[-80.1962728861083,25.7616343153995],[-80.1963491539742,25.761631626987],[-80.1963495779791,25.7616414761391],[-80.196398786792,25.7616397415752],[-80.1963983529057,25.7616296634669],[-80.1964891321568,25.7616264653643],[-80.1964939695846,25.7617390809173],[-80.1964442613083,25.7617408316604],[-80.196448425898,25.7618377252192]]]},"properties":{"OBJECTID":820048,"UNIQUEID":null,"SOURCE":null,"YEARUPDATE":2023,"TYPE":null,"HEIGHT":null,"GlobalID":"cb6a276b-b4a9-4cac-9fad-6a51ee3d76ad","Shape__Area":929.734375,"Shape__Length":199.60505750567407}},{"type":"Feature","id":820049,"geometry":{"type":"Polygon","coordinates":[[[-80.1963356558888,25.761732271303],[-80.1963363350151,25.7617480708696],[-80.1960317118107,25.7617588010467],[-80.1960310371759,25.7617430039086],[-80.1963356558888,25.761732271303]]]},"properties":{"OBJECTID":820049,"UNIQUEID":null,"SOURCE":null,"YEARUPDATE":2023,"TYPE":null,"HEIGHT":null,"GlobalID":"a68d0ec6-8b25-43dc-9f9d-41442a5d7915","Shape__Area":66.31640625,"Shape__Length":71.78077268927642}},{"type":"Feature","id":820050,"geometry":{"type":"Polygon","coordinates":[[[-80.1963201886962,25.7617486396184],[-80.1963356558888,25.761732271303],[-80.1963416224989,25.7618711503032],[-80.1963254806715,25.7618717190514],[-80.1963201886962,25.7617486396184]]]},"properties":{"OBJECTID":820050,"UNIQUEID":null,"SOURCE":null,"YEARUPDATE":2023,"TYPE":null,"HEIGHT":null,"GlobalID":"13c28662-fc9c-4e32-b12a-a51c3999f28d","Shape__Area":29.13671875,"Shape__Length":36.85849835474758}},{"type":"Feature","id":820051,"geometry":{"type":"Polygon","coordinates":[[[-80.1963866280946,25.7618931793822],[-80.1963206369555,25.7618955045343],[-80.1963186543737,25.7618493477486],[-80.1963846455128,25.7618470225956],[-80.1963866280946,25.7618931793822]]]},"properties":{"OBJECTID":820051,"UNIQUEID":null,"SOURCE":null,"YEARUPDATE":2023,"TYPE":null,"HEIGHT":null,"GlobalID":"52a23bf7-9ad3-4f82-863a-9a16fd333ee6","Shape__Area":41.974609375,"Shape__Length":26.12237396034228}},{"type":"Feature","id":820052,"geometry":{"type":"Polygon","coordinates":[[[-80.1959953354316,25.7617442619518],[-80.1959667734971,25.7617452691954],[-80.1959628307913,25.7616534805506],[-80.1959913927258,25.7616524749243],[-80.1959953354316,25.7617442619518]]]},"properties":{"OBJECTID":820052,"UNIQUEID":null,"SOURCE":null,"YEARUPDATE":2023,"TYPE":null,"HEIGHT":null,"GlobalID":"950016ba-0dca-44bd-b5bb-8f583e54e3e1","Shape__Area":36.126953125,"Shape__Length":29.071637996352727}},{"type":"Feature","id":820053,"geometry":{"type":"Polygon","coordinates":[[[-80.1960844141718,25.7618805657954],[-80.1959781650332,25.7618843083683],[-80.1959745403311,25.761799966149],[-80.1959691324731,25.7618001562711],[-80.1959667734971,25.7617452691954],[-80.1960184329142,25.7617434480667],[-80.1960205340736,25.7617923491256],[-80.1960226715822,25.7617977763901],[-80.1960254855644,25.7618029473077],[-80.196028938947,25.7618077937533],[-80.196032986233,25.761812251877],[-80.1960375741008,25.7618162629447],[-80.1960426421071,25.761819774112],[-80.1960481234826,25.7618227391206],[-80.1960539460123,25.7618251189077],[-80.1960819887205,25.7618241302725],[-80.1960844141718,25.7618805657954]]]},"properties":{"OBJECTID":820053,"UNIQUEID":null,"SOURCE":null,"YEARUPDATE":2023,"TYPE":null,"HEIGHT":null,"GlobalID":"265d050a-9864-41c1-8910-a4500a7e3b3b","Shape__Area":144.56979127973318,"Shape__Length":57.26784478557677}},{"type":"Feature","id":820054,"geometry":{"type":"Polygon","coordinates":[[[-80.1961664114926,25.7622733605628],[-80.196156192258,25.7620355337828],[-80.1961102892453,25.7620371502228],[-80.196106849596,25.761957108104],[-80.1959892718034,25.7619612503351],[-80.1959799715453,25.7617448040026],[-80.1963356558888,25.761732271303],[-80.1963586114375,25.7622665873854],[-80.1961664114926,25.7622733605628]]]},"properties":{"OBJECTID":820054,"UNIQUEID":null,"SOURCE":null,"YEARUPDATE":2023,"TYPE":null,"HEIGHT":null,"GlobalID":"84e8f449-44d8-45b0-9cb3-51b2f4bedfad","Shape__Area":1953.458984375,"Shape__Length":211.4363331770021}},{"type":"Feature","id":820055,"geometry":{"type":"Polygon","coordinates":[[[-80.1961664114926,25.7622733605628],[-80.1959897308425,25.7622795852193],[-80.1959760737553,25.7619617155271],[-80.1961527544054,25.761955490854],[-80.1961664114926,25.7622733605628]]]},"properties":{"OBJECTID":820055,"UNIQUEID":null,"SOURCE":null,"YEARUPDATE":2023,"TYPE":null,"HEIGHT":null,"GlobalID":"e5ab5d7b-6e4f-4364-911b-e2812cc3d0e8","Shape__Area":773.9296875,"Shape__Length":118.00549147436172}},{"type":"Feature","id":820056,"geometry":{"type":"Polygon","coordinates":[[[-80.1959722559153,25.7618728614019],[-80.1961104123145,25.7618679950857],[-80.1961142301544,25.7619568484055],[-80.1959760737553,25.7619617155271],[-80.1959722559153,25.7618728614019]]]},"properties":{"OBJECTID":820056,"UNIQUEID":null,"SOURCE":null,"YEARUPDATE":2023,"TYPE":null,"HEIGHT":null,"GlobalID":"3b1bde5b-3ef1-4c8e-9c1b-a0ffb000c4c0","Shape__Area":169.166015625,"Shape__Length":52.76445997996568}},{"type":"Feature","id":820057,"geometry":{"type":"Polygon","coordinates":[[[-80.1960327556531,25.7616555031296],[-80.1960318312867,25.7616339764152],[-80.1962778753514,25.7616253084489],[-80.1962787997178,25.7616468359739],[-80.1960327556531,25.7616555031296]]]},"properties":{"OBJECTID":820057,"UNIQUEID":null,"SOURCE":null,"YEARUPDATE":2023,"TYPE":null,"HEIGHT":null,"GlobalID":"4ffe69ab-adc7-488d-b26a-c9f444147f1b","Shape__Area":72.990234375,"Shape__Length":60.14656806447196}},{"type":"Feature","id":820058,"geometry":{"type":"Polygon","coordinates":[[[-80.1959771122077,25.761652978142],[-80.1959763791825,25.7616359302268],[-80.1960318312867,25.7616339764152],[-80.1960325643119,25.7616510235216],[-80.1959771122077,25.761652978142]]]},"properties":{"OBJECTID":820058,"UNIQUEID":null,"SOURCE":null,"YEARUPDATE":2023,"TYPE":null,"HEIGHT":null,"GlobalID":"65a1cc4a-4e5c-459a-93a5-0263085c4dd0","Shape__Area":13.02734375,"Shape__Length":16.57270721460055}},{"type":"Feature","id":820059,"geometry":{"type":"Polygon","coordinates":[[[-80.1962778753514,25.7616253084489],[-80.1963487757835,25.7616228109677],[-80.1963491539742,25.761631626987],[-80.1962782544404,25.7616341260861],[-80.1962778753514,25.7616253084489]]]},"properties":{"OBJECTID":820059,"UNIQUEID":null,"SOURCE":null,"YEARUPDATE":2023,"TYPE":null,"HEIGHT":null,"GlobalID":"4037256c-736a-4696-9f20-6c0574761655","Shape__Area":8.61328125,"Shape__Length":17.97840695881188}},{"type":"Feature","id":820060,"geometry":{"type":"Polygon","coordinates":[[[-80.1963939215164,25.7616399138989],[-80.1963584695037,25.7616411630438],[-80.1963580437023,25.7616312524053],[-80.196393495715,25.7616300024512],[-80.1963939215164,25.7616399138989]]]},"properties":{"OBJECTID":820060,"UNIQUEID":null,"SOURCE":null,"YEARUPDATE":2023,"TYPE":null,"HEIGHT":null,"GlobalID":"a9231612-a768-4df9-a18e-1c7e23e4d7eb","Shape__Area":4.841796875,"Shape__Length":10.350975564504168}},{"type":"Feature","id":820061,"geometry":{"type":"Polygon","coordinates":[[[-80.1963404528924,25.7616319344191],[-80.196321527186,25.7616326018703],[-80.1963211489953,25.761623784233],[-80.1963400738033,25.7616231167817],[-80.1963404528924,25.7616319344191]]]},"properties":{"OBJECTID":820061,"UNIQUEID":null,"SOURCE":null,"YEARUPDATE":2023,"TYPE":null,"HEIGHT":null,"GlobalID":"9b37c95e-eb2f-476a-912e-667e0de1d859","Shape__Area":2.30078125,"Shape__Length":6.398158919963274}},{"type":"Feature","id":820062,"geometry":{"type":"Polygon","coordinates":[[[-80.1964147399731,25.7616290858183],[-80.1964144066982,25.7616213263943],[-80.1964358557722,25.7616205707586],[-80.1964361899455,25.7616283301826],[-80.1964147399731,25.7616290858183]]]},"properties":{"OBJECTID":820062,"UNIQUEID":null,"SOURCE":null,"YEARUPDATE":2023,"TYPE":null,"HEIGHT":null,"GlobalID":"05cf038d-c8e2-4e9f-a276-34d4af34666c","Shape__Area":2.294921875,"Shape__Length":6.698790504958354}},{"type":"Feature","id":820063,"geometry":{"type":"Polygon","coordinates":[[[-80.1964950224101,25.7616940122179],[-80.1964451569286,25.7616957678158],[-80.1964419499431,25.7616211095738],[-80.1964918154245,25.7616193531657],[-80.1964950224101,25.7616940122179]]]},"properties":{"OBJECTID":820063,"UNIQUEID":null,"SOURCE":null,"YEARUPDATE":2023,"TYPE":null,"HEIGHT":null,"GlobalID":"d6dd2d65-8462-4ba5-a078-ab7bbca90385","Shape__Area":51.302734375,"Shape__Length":29.580589374903386}},{"type":"Feature","id":820064,"geometry":{"type":"Polygon","coordinates":[[[-80.1966638832256,25.7622528476719],[-80.1966532813086,25.7620061061584],[-80.1965980025793,25.7620080534917],[-80.196598283752,25.7620146017737],[-80.1965003646911,25.7620180514739],[-80.1965000835184,25.7620115040011],[-80.1964536163637,25.7620131414761],[-80.1964554237741,25.7620552182657],[-80.1964493529594,25.7620554326584],[-80.1964578591068,25.7622534309807],[-80.1964346448432,25.7622542505256],[-80.1964356949738,25.7622786726364],[-80.1964981099197,25.7622764737001],[-80.1965016420954,25.7623586999759],[-80.1964292289004,25.7623612516464],[-80.1964296861429,25.7623718871119],[-80.1963144763094,25.7623759443808],[-80.1963139436084,25.7623635606088],[-80.1962073019061,25.762367317729],[-80.1962076082316,25.7623744525356],[-80.195987022422,25.7623822224276],[-80.1959834758732,25.7622996887378],[-80.1960059804677,25.7622988958911],[-80.1960051288649,25.7622790423619],[-80.1963586114375,25.7622665873854],[-80.1963467141499,25.7619897136077],[-80.1963698745146,25.7619888972971],[-80.1963918320351,25.7619642413172],[-80.1963889412565,25.7618969494618],[-80.196448425898,25.7618377252192],[-80.1964924577199,25.761836173499],[-80.1964921855304,25.761829835555],[-80.1965935083079,25.7618262644948],[-80.1965937804974,25.761832602439],[-80.1966481375553,25.761830687464],[-80.196646176533,25.7617850921204],[-80.1966399583946,25.7617853105587],[-80.1966378087261,25.7617352833256],[-80.1966440268645,25.7617350640782],[-80.1966391849451,25.7616223975524],[-80.1968360121121,25.7616155329173],[-80.1968395793221,25.7616985557377],[-80.1968190555128,25.7616992070079],[-80.1968199376584,25.7617197539737],[-80.196837826709,25.7617191237385],[-80.1968442703245,25.761869077568],[-80.1968945849636,25.761867304174],[-80.1968943478083,25.761861806005],[-80.197005734412,25.7618578749273],[-80.1970066551851,25.7618792834827],[-80.1970303895733,25.7618784477547],[-80.1970294688001,25.761857036772],[-80.1971192688875,25.7618538734638],[-80.1971224632966,25.7619282063295],[-80.1971163915836,25.7619284199133],[-80.1971183553008,25.761974127657],[-80.1971244270138,25.7619739124552],[-80.1971279618845,25.7620561486489],[-80.1970059661773,25.7620604470192],[-80.1970048585546,25.7620346608405],[-80.1968976796597,25.7620384365788],[-80.1968979150183,25.7620439347396],[-80.1968473066301,25.7620457178394],[-80.196849172431,25.7620891732023],[-80.1968577621217,25.7620888714346],[-80.1968599782655,25.7621404623703],[-80.1968513912697,25.7621407657559],[-80.1968534025977,25.7621876117202],[-80.1970103319896,25.762182082014],[-80.197009048297,25.7621521876166],[-80.1971308230187,25.76214789734],[-80.1971342312268,25.7622272265767],[-80.1971281586155,25.7622274409691],[-80.1971300136366,25.7622706090607],[-80.1971360862479,25.7622703946684],[-80.1971376448249,25.7623066852048],[-80.1971330846451,25.762323064533],[-80.1971226754819,25.7623371097131],[-80.1971076291344,25.7623471856545],[-80.1970896972466,25.7623521193518],[-80.1970462349565,25.7623536508396],[-80.1970452378266,25.7623304325763],[-80.1970200266081,25.762331320888],[-80.1970210246364,25.762354539151],[-80.1969425541014,25.7623573035957],[-80.1969423169461,25.7623518054494],[-80.1969118218372,25.762352879837],[-80.1969120571958,25.7623583779832],[-80.1968333270477,25.7623611513271],[-80.1968330916891,25.762355653181],[-80.1966796091329,25.7623610607161],[-80.196679372876,25.76235556257],[-80.1966129514439,25.7623579022755],[-80.1966093887254,25.7622749842807],[-80.1966735814373,25.7622727230492],[-80.1966727145631,25.7622525361963],[-80.1966638832256,25.7622528476719]]]},"properties":{"OBJECTID":820064,"UNIQUEID":null,"SOURCE":null,"YEARUPDATE":2023,"TYPE":null,"HEIGHT":null,"GlobalID":"27cfde3d-3004-45ab-a856-5017f6c64d1e","Shape__Area":5123.052634984255,"Shape__Length":654.6533447064563}},{"type":"Feature","id":820065,"geometry":{"type":"Polygon","coordinates":[[[-80.1960780711676,25.7622764720821],[-80.1960051288649,25.7622790423619],[-80.1960059804677,25.7622988950821],[-80.1959834758732,25.7622996887378],[-80.195981432206,25.7622520879951],[-80.196060301593,25.7622493089855],[-80.1960776085352,25.7622656917921],[-80.1960780711676,25.7622764720821]]]},"properties":{"OBJECTID":820065,"UNIQUEID":null,"SOURCE":null,"YEARUPDATE":2023,"TYPE":null,"HEIGHT":null,"GlobalID":"50636921-8cb6-44b8-bd00-a9a4992cb3d9","Shape__Area":40.71484375,"Shape__Length":31.892041127047698}},{"type":"Feature","id":820066,"geometry":{"type":"Polygon","coordinates":[[[-80.1960018706753,25.7623816997964],[-80.1960872833908,25.7623786902173],[-80.19608757175,25.7623854358814],[-80.1960021599328,25.7623884438423],[-80.1960018706753,25.7623816997964]]]},"properties":{"OBJECTID":820066,"UNIQUEID":null,"SOURCE":null,"YEARUPDATE":2023,"TYPE":null,"HEIGHT":null,"GlobalID":"00c44ba0-59e9-4072-b353-c87c25e45667","Shape__Area":7.939453125,"Shape__Length":20.699280365160412}},{"type":"Feature","id":820067,"geometry":{"type":"Polygon","coordinates":[[[-80.1961116654643,25.7623858905543],[-80.1961113196129,25.7623778439754],[-80.196194312267,25.762374920962],[-80.1961946572201,25.7623829667321],[-80.1961116654643,25.7623858905543]]]},"properties":{"OBJECTID":820067,"UNIQUEID":null,"SOURCE":null,"YEARUPDATE":2023,"TYPE":null,"HEIGHT":null,"GlobalID":"12642d60-7c24-44ab-8585-5632d061f2db","Shape__Area":9.19921875,"Shape__Length":20.48201398294914}},{"type":"Feature","id":820068,"geometry":{"type":"Polygon","coordinates":[[[-80.1963139436084,25.7623635606088],[-80.1963143559351,25.7623731419123],[-80.1962472149525,25.7623755058883],[-80.1962468017274,25.762365926203],[-80.1963139436084,25.7623635606088]]]},"properties":{"OBJECTID":820068,"UNIQUEID":null,"SOURCE":null,"YEARUPDATE":2023,"TYPE":null,"HEIGHT":null,"GlobalID":"a0bb4a7a-19c6-4ec1-a6bc-5d4158223c72","Shape__Area":8.8671875,"Shape__Length":17.329909250887777}},{"type":"Feature","id":820069,"geometry":{"type":"Polygon","coordinates":[[[-80.1963233669357,25.7623756312875],[-80.1963844451885,25.7623734800855],[-80.1963847308528,25.7623801351389],[-80.1963236517017,25.7623822871498],[-80.1963233669357,25.7623756312875]]]},"properties":{"OBJECTID":820069,"UNIQUEID":null,"SOURCE":null,"YEARUPDATE":2023,"TYPE":null,"HEIGHT":null,"GlobalID":"2eadc845-0d97-456c-aa5c-778153b50d92","Shape__Area":5.6015625,"Shape__Length":15.255423485668405}},{"type":"Feature","id":820070,"geometry":{"type":"Polygon","coordinates":[[[-80.1964296861429,25.7623718871119],[-80.1964292289004,25.7623612516464],[-80.1964640754486,25.7623600235437],[-80.1964645326911,25.7623706590094],[-80.1964296861429,25.7623718871119]]]},"properties":{"OBJECTID":820070,"UNIQUEID":null,"SOURCE":null,"YEARUPDATE":2023,"TYPE":null,"HEIGHT":null,"GlobalID":"fcbb62fd-4a55-4976-b21c-815284b28c43","Shape__Area":5.103515625,"Shape__Length":10.395308145270425}},{"type":"Feature","id":820071,"geometry":{"type":"Polygon","coordinates":[[[-80.1964645326911,25.7623706590094],[-80.1964637727163,25.7623529599307],[-80.1965088708385,25.762351371811],[-80.1965096308133,25.7623690708899],[-80.1964645326911,25.7623706590094]]]},"properties":{"OBJECTID":820071,"UNIQUEID":null,"SOURCE":null,"YEARUPDATE":2023,"TYPE":null,"HEIGHT":null,"GlobalID":"ab398a20-a419-4b74-a8f6-b284577faa85","Shape__Area":11.001953125,"Shape__Length":14.426942965334785}},{"type":"Feature","id":820072,"geometry":{"type":"Polygon","coordinates":[[[-80.196579720965,25.7620152554693],[-80.1965765064321,25.7620172573983],[-80.1965731334877,25.7620190354077],[-80.1965696213239,25.7620205793805],[-80.1965659899252,25.7620218805315],[-80.1965622599546,25.762022931457],[-80.1965584526356,25.7620237261772],[-80.1965545896323,25.7620242601701],[-80.1965506929253,25.7620245303973],[-80.1965467846872,25.7620245353211],[-80.196542887156,25.7620242749135],[-80.1965390225089,25.7620237506563],[-80.1965352127361,25.7620229655325],[-80.1965314795152,25.7620219240095],[-80.1965278440887,25.7620206320137],[-80.1965243271422,25.7620190968965],[-80.1965209486875,25.7620173273929],[-80.196579720965,25.7620152554693]]]},"properties":{"OBJECTID":820072,"UNIQUEID":null,"SOURCE":null,"YEARUPDATE":2023,"TYPE":null,"HEIGHT":null,"GlobalID":"dada6822-bd91-42e0-94ea-cac281e842d4","Shape__Area":4.531835712492466,"Shape__Length":13.51017798692312}},{"type":"Feature","id":820073,"geometry":{"type":"Polygon","coordinates":[[[-80.1965733249602,25.7618269756325],[-80.1965145643608,25.7618290467504],[-80.1965177232005,25.7618269279288],[-80.1965210602387,25.7618250436474],[-80.1965245540559,25.7618234060009],[-80.1965281822262,25.761822025501],[-80.1965319214614,25.7618209110087],[-80.1965357477602,25.7618200696777],[-80.1965396365627,25.7618195069082],[-80.1965435629077,25.7618192263125],[-80.196547501593,25.7618192296917],[-80.1965514273372,25.7618195170241],[-80.1965553149421,25.7618200864654],[-80.1965591394541,25.7618209343605],[-80.1965628763247,25.761822055267],[-80.1965665015679,25.76182344199],[-80.1965699919143,25.7618250856285],[-80.1965733249602,25.7618269756325]]]},"properties":{"OBJECTID":820073,"UNIQUEID":null,"SOURCE":null,"YEARUPDATE":2023,"TYPE":null,"HEIGHT":null,"GlobalID":"a1578654-c163-4021-a59a-b4461a693bae","Shape__Area":4.844743629917502,"Shape__Length":13.563327377059109}},{"type":"Feature","id":820074,"geometry":{"type":"Polygon","coordinates":[[[-80.1964458576146,25.7617779645597],[-80.1964446529738,25.7617499526756],[-80.1964554722831,25.761749571622],[-80.1964566760256,25.7617775835062],[-80.1964458576146,25.7617779645597]]]},"properties":{"OBJECTID":820074,"UNIQUEID":null,"SOURCE":null,"YEARUPDATE":2023,"TYPE":null,"HEIGHT":null,"GlobalID":"ba97163f-0e11-4f56-928d-1c6b7aaf1772","Shape__Area":4.173828125,"Shape__Length":9.340529219138526}},{"type":"Feature","id":820075,"geometry":{"type":"Polygon","coordinates":[[[-80.1964934449685,25.7617268629302],[-80.1964924541267,25.7617038225313],[-80.1965000403993,25.76170355636],[-80.1965010303427,25.7617265951409],[-80.1964934449685,25.7617268629302]]]},"properties":{"OBJECTID":820075,"UNIQUEID":null,"SOURCE":null,"YEARUPDATE":2023,"TYPE":null,"HEIGHT":null,"GlobalID":"59c75c46-80cf-40ae-ba9d-b31d1bf1c4c1","Shape__Area":2.408203125,"Shape__Length":7.390055752051314}},{"type":"Feature","id":820076,"geometry":{"type":"Polygon","coordinates":[[[-80.1967075305687,25.7616199898737],[-80.1967123724881,25.7617326555928],[-80.1966194920776,25.7617359289324],[-80.1966146519548,25.7616232624075],[-80.1967075305687,25.7616199898737]]]},"properties":{"OBJECTID":820076,"UNIQUEID":null,"SOURCE":null,"YEARUPDATE":2023,"TYPE":null,"HEIGHT":null,"GlobalID":"b5359ac3-3387-4368-a22e-a8f89f74245f","Shape__Area":144.203125,"Shape__Length":48.56736909101075}},{"type":"Feature","id":820077,"geometry":{"type":"Polygon","coordinates":[[[-80.1966188542737,25.7617210670313],[-80.196611341663,25.7617213315845],[-80.1966106364855,25.7617049058241],[-80.1966181481979,25.7617046412709],[-80.1966188542737,25.7617210670313]]]},"properties":{"OBJECTID":820077,"UNIQUEID":null,"SOURCE":null,"YEARUPDATE":2023,"TYPE":null,"HEIGHT":null,"GlobalID":"75549794-0b30-4126-825e-684183c0eb26","Shape__Area":1.69921875,"Shape__Length":5.737416056425445}},{"type":"Feature","id":820078,"geometry":{"type":"Polygon","coordinates":[[[-80.1966394068291,25.7617724720498],[-80.1966324305126,25.7617727179951],[-80.196631215092,25.7617444415567],[-80.1966381914085,25.7617441964203],[-80.1966394068291,25.7617724720498]]]},"properties":{"OBJECTID":820078,"UNIQUEID":null,"SOURCE":null,"YEARUPDATE":2023,"TYPE":null,"HEIGHT":null,"GlobalID":"679a35eb-9a66-48fa-a333-6009560c7e2f","Shape__Area":2.71875,"Shape__Length":8.549721405445464}},{"type":"Feature","id":820079,"geometry":{"type":"Polygon","coordinates":[[[-80.1966990873033,25.7616202867884],[-80.1966692506595,25.7616213385298],[-80.1966689398424,25.761614103358],[-80.1966987755879,25.7616130524256],[-80.1966990873033,25.7616202867884]]]},"properties":{"OBJECTID":820079,"UNIQUEID":null,"SOURCE":null,"YEARUPDATE":2023,"TYPE":null,"HEIGHT":null,"GlobalID":"e95e7f3b-e041-44f7-85dc-114a269cc565","Shape__Area":2.974609375,"Shape__Length":8.437624540097183}},{"type":"Feature","id":820080,"geometry":{"type":"Polygon","coordinates":[[[-80.1967157699165,25.7616196994313],[-80.1967154590994,25.7616124650685],[-80.19674420968,25.7616114521606],[-80.1967445213954,25.7616186865235],[-80.1967157699165,25.7616196994313]]]},"properties":{"OBJECTID":820080,"UNIQUEID":null,"SOURCE":null,"YEARUPDATE":2023,"TYPE":null,"HEIGHT":null,"GlobalID":"3c9da9d4-0450-4ac5-8b56-d22a70824c34","Shape__Area":2.865234375,"Shape__Length":8.195737913382226}},{"type":"Feature","id":820081,"geometry":{"type":"Polygon","coordinates":[[[-80.196765877943,25.7616106876254],[-80.1967875471043,25.7616099247083],[-80.1967878579214,25.7616171590714],[-80.1967661887601,25.7616179236064],[-80.196765877943,25.7616106876254]]]},"properties":{"OBJECTID":820081,"UNIQUEID":null,"SOURCE":null,"YEARUPDATE":2023,"TYPE":null,"HEIGHT":null,"GlobalID":"5c101ac1-f281-4e32-b5bf-4fe99ca5841a","Shape__Area":2.158203125,"Shape__Length":6.618031033797964}},{"type":"Feature","id":820082,"geometry":{"type":"Polygon","coordinates":[[[-80.1968043617698,25.761609332497],[-80.1968462484149,25.7616078560138],[-80.196848345981,25.7616566729893],[-80.1968064602343,25.7616581486629],[-80.1968043617698,25.761609332497]]]},"properties":{"OBJECTID":820082,"UNIQUEID":null,"SOURCE":null,"YEARUPDATE":2023,"TYPE":null,"HEIGHT":null,"GlobalID":"ea6fd1fc-d421-4f65-94d8-f4fabb78c5b2","Shape__Area":28.177734375,"Shape__Length":21.409572804469764}},{"type":"Feature","id":820083,"geometry":{"type":"Polygon","coordinates":[[[-80.1968043617698,25.761609332497],[-80.1968046734852,25.76161656686],[-80.1967556030128,25.7616182965701],[-80.196755293094,25.7616110613981],[-80.1968043617698,25.761609332497]]]},"properties":{"OBJECTID":820083,"UNIQUEID":null,"SOURCE":null,"YEARUPDATE":2023,"TYPE":null,"HEIGHT":null,"GlobalID":"d6bd7e76-9ed5-425f-b814-63a7dcfe5478","Shape__Area":4.890625,"Shape__Length":12.722999323834333}},{"type":"Feature","id":820084,"geometry":{"type":"Polygon","coordinates":[[[-80.1966607804447,25.7616143913734],[-80.1966639613791,25.76168843961],[-80.1966126136774,25.7616902494131],[-80.1966094318447,25.7616162003686],[-80.1966607804447,25.7616143913734]]]},"properties":{"OBJECTID":820084,"UNIQUEID":null,"SOURCE":null,"YEARUPDATE":2023,"TYPE":null,"HEIGHT":null,"GlobalID":"06084746-8a6a-4906-bc5a-90714c2dd6e1","Shape__Area":52.3984375,"Shape__Length":29.760045436587426}},{"type":"Feature","id":820085,"geometry":{"type":"Polygon","coordinates":[[[-80.197005734412,25.7618578749273],[-80.1969310368012,25.7618605107477],[-80.1969307170009,25.761853074951],[-80.19700541551,25.7618504383214],[-80.197005734412,25.7618578749273]]]},"properties":{"OBJECTID":820085,"UNIQUEID":null,"SOURCE":null,"YEARUPDATE":2023,"TYPE":null,"HEIGHT":null,"GlobalID":"75f4ef11-be1f-405e-af22-94bd6b9111b0","Shape__Area":7.65234375,"Shape__Length":18.48313850202878}},{"type":"Feature","id":820086,"geometry":{"type":"Polygon","coordinates":[[[-80.1970749801473,25.7618868147433],[-80.1970733137725,25.7618480452098],[-80.1971290811853,25.7618460736031],[-80.1971307484585,25.7618848439462],[-80.1970749801473,25.7618868147433]]]},"properties":{"OBJECTID":820086,"UNIQUEID":null,"SOURCE":null,"YEARUPDATE":2023,"TYPE":null,"HEIGHT":null,"GlobalID":"ccd1d808-a7eb-4e36-8c2c-797d91fd8be3","Shape__Area":29.794921875,"Shape__Length":22.01714068443051}},{"type":"Feature","id":820087,"geometry":{"type":"Polygon","coordinates":[[[-80.1971180974843,25.7619681392212],[-80.1971168649957,25.7619394413248],[-80.1971289715908,25.7619390141572],[-80.1971302040794,25.7619677120536],[-80.1971180974843,25.7619681392212]]]},"properties":{"OBJECTID":820087,"UNIQUEID":null,"SOURCE":null,"YEARUPDATE":2023,"TYPE":null,"HEIGHT":null,"GlobalID":"01f3de03-7ac9-4499-b4eb-dcd3a9eb3e5d","Shape__Area":4.787109375,"Shape__Length":9.797172489661063}},{"type":"Feature","id":820088,"geometry":{"type":"Polygon","coordinates":[[[-80.1971250109188,25.7619874984855],[-80.1971329080084,25.7619872209884],[-80.1971336751697,25.7620050981081],[-80.1971257798767,25.7620053764141],[-80.1971250109188,25.7619874984855]]]},"properties":{"OBJECTID":820088,"UNIQUEID":null,"SOURCE":null,"YEARUPDATE":2023,"TYPE":null,"HEIGHT":null,"GlobalID":"cdd255e0-f30c-4dd9-bb35-390f55fe355b","Shape__Area":1.9453125,"Shape__Length":6.1821487842338225}},{"type":"Feature","id":820089,"geometry":{"type":"Polygon","coordinates":[[[-80.1969367590695,25.7620370596115],[-80.1969688747392,25.76203592778],[-80.1969693535413,25.7620470664906],[-80.1969372369732,25.7620481983221],[-80.1969367590695,25.7620370596115]]]},"properties":{"OBJECTID":820089,"UNIQUEID":null,"SOURCE":null,"YEARUPDATE":2023,"TYPE":null,"HEIGHT":null,"GlobalID":"08ec638c-d41e-4837-bd8e-872a875f791c","Shape__Area":4.931640625,"Shape__Length":9.911431126120872}},{"type":"Feature","id":820090,"geometry":{"type":"Polygon","coordinates":[[[-80.19685950665,25.7621294854741],[-80.1968582436187,25.7621000894251],[-80.1968666051374,25.7620997949387],[-80.1968678681687,25.7621291901787],[-80.19685950665,25.7621294854741]]]},"properties":{"OBJECTID":820090,"UNIQUEID":null,"SOURCE":null,"YEARUPDATE":2023,"TYPE":null,"HEIGHT":null,"GlobalID":"77a169b4-3ef5-474d-8c8a-932db057f299","Shape__Area":3.38671875,"Shape__Length":9.135365456576814}},{"type":"Feature","id":820091,"geometry":{"type":"Polygon","coordinates":[[[-80.1969758411743,25.762183297174],[-80.1969429358854,25.7621844573201],[-80.196942590034,25.762176393738],[-80.1969754944246,25.7621752344008],[-80.1969758411743,25.762183297174]]]},"properties":{"OBJECTID":820091,"UNIQUEID":null,"SOURCE":null,"YEARUPDATE":2023,"TYPE":null,"HEIGHT":null,"GlobalID":"d344161c-be65-49a0-9252-536ad11de5df","Shape__Area":3.65625,"Shape__Length":9.326298415179284}},{"type":"Feature","id":820092,"geometry":{"type":"Polygon","coordinates":[[[-80.1971340129362,25.7620129246563],[-80.1971358580758,25.762055871152],[-80.1971279618845,25.7620561486489],[-80.1971261158466,25.7620132037714],[-80.1971340129362,25.7620129246563]]]},"properties":{"OBJECTID":820092,"UNIQUEID":null,"SOURCE":null,"YEARUPDATE":2023,"TYPE":null,"HEIGHT":null,"GlobalID":"b0c2e662-a7da-400a-a02b-c59f153c2014","Shape__Area":4.671875,"Shape__Length":12.38399433753563}},{"type":"Feature","id":820093,"geometry":{"type":"Polygon","coordinates":[[[-80.1971386132088,25.7621899538561],[-80.1970634349993,25.7621926026136],[-80.1970613625859,25.7621443546053],[-80.1971365407954,25.7621417050377],[-80.1971386132088,25.7621899538561]]]},"properties":{"OBJECTID":820093,"UNIQUEID":null,"SOURCE":null,"YEARUPDATE":2023,"TYPE":null,"HEIGHT":null,"GlobalID":"905629ab-ff36-4840-8833-67c040e9a9c5","Shape__Area":49.98046875,"Shape__Length":28.686828389421194}},{"type":"Feature","id":820094,"geometry":{"type":"Polygon","coordinates":[[[-80.197129775583,25.7622650736951],[-80.1971285116534,25.7622356388464],[-80.1971390309254,25.7622352683117],[-80.1971402957533,25.7622647039696],[-80.197129775583,25.7622650736951]]]},"properties":{"OBJECTID":820094,"UNIQUEID":null,"SOURCE":null,"YEARUPDATE":2023,"TYPE":null,"HEIGHT":null,"GlobalID":"8f896844-48b8-4451-892e-0668e55be0c5","Shape__Area":4.267578125,"Shape__Length":9.626029556701523}},{"type":"Feature","id":820095,"geometry":{"type":"Polygon","coordinates":[[[-80.1971340856998,25.7622853357854],[-80.1971455661691,25.7622849320808],[-80.1971466028249,25.7623090677897],[-80.1971351241522,25.7623094723033],[-80.1971340856998,25.7622853357854]]]},"properties":{"OBJECTID":820095,"UNIQUEID":null,"SOURCE":null,"YEARUPDATE":2023,"TYPE":null,"HEIGHT":null,"GlobalID":"70219ee5-633d-4a7b-8ea6-b0c0f47074d3","Shape__Area":3.8203125,"Shape__Length":8.528921578884205}},{"type":"Feature","id":820096,"geometry":{"type":"Polygon","coordinates":[[[-80.1970935851552,25.762359398166],[-80.1970527684036,25.7623608366157],[-80.1970522545673,25.7623489050881],[-80.1970930695222,25.7623474666383],[-80.1970935851552,25.762359398166]]]},"properties":{"OBJECTID":820096,"UNIQUEID":null,"SOURCE":null,"YEARUPDATE":2023,"TYPE":null,"HEIGHT":null,"GlobalID":"c314ad87-ddcc-4509-a748-7eb7e2d1ac7f","Shape__Area":6.7109375,"Shape__Length":12.045980431206331}},{"type":"Feature","id":820097,"geometry":{"type":"Polygon","coordinates":[[[-80.1970167450624,25.7623621067877],[-80.1969913083668,25.7623630023803],[-80.1969909903632,25.7623555965491],[-80.1970164270588,25.7623547009564],[-80.1970167450624,25.7623621067877]]]},"properties":{"OBJECTID":820097,"UNIQUEID":null,"SOURCE":null,"YEARUPDATE":2023,"TYPE":null,"HEIGHT":null,"GlobalID":"5cc180b4-d885-44dc-8a3c-10eda3fc9546","Shape__Area":2.59765625,"Shape__Length":7.499694572187941}},{"type":"Feature","id":820098,"geometry":{"type":"Polygon","coordinates":[[[-80.1969122700966,25.7623633106195],[-80.1969118218372,25.762352879837],[-80.1969423169461,25.7623518054494],[-80.1969427661038,25.76236223785],[-80.1969122700966,25.7623633106195]]]},"properties":{"OBJECTID":820098,"UNIQUEID":null,"SOURCE":null,"YEARUPDATE":2023,"TYPE":null,"HEIGHT":null,"GlobalID":"e90187de-4b31-4766-85d4-af97b0d60c0d","Shape__Area":4.38671875,"Shape__Length":9.375419519991848}},{"type":"Feature","id":820099,"geometry":{"type":"Polygon","coordinates":[[[-80.1968330916891,25.762355653181],[-80.1968335489316,25.7623663104907],[-80.1968041919881,25.7623673444269],[-80.1968037347456,25.7623566871172],[-80.1968330916891,25.762355653181]]]},"properties":{"OBJECTID":820099,"UNIQUEID":null,"SOURCE":null,"YEARUPDATE":2023,"TYPE":null,"HEIGHT":null,"GlobalID":"a7f8199a-511d-4400-9743-994937cd0c89","Shape__Area":4.314453125,"Shape__Length":9.177561922897333}},{"type":"Feature","id":820100,"geometry":{"type":"Polygon","coordinates":[[[-80.196799501884,25.7623675102774],[-80.1967990437432,25.7623568521587],[-80.1968702792469,25.7623543425575],[-80.1968707364894,25.7623649998674],[-80.196799501884,25.7623675102774]]]},"properties":{"OBJECTID":820100,"UNIQUEID":null,"SOURCE":null,"YEARUPDATE":2023,"TYPE":null,"HEIGHT":null,"GlobalID":"506be997-27e4-475c-97c8-d4900fbdc0bc","Shape__Area":10.462890625,"Shape__Length":18.508503495828467}},{"type":"Feature","id":820101,"geometry":{"type":"Polygon","coordinates":[[[-80.1967609057678,25.7623688694423],[-80.19672952492,25.7623699753818],[-80.1967290667792,25.7623593180724],[-80.196760447627,25.7623582129418],[-80.1967609057678,25.7623688694423]]]},"properties":{"OBJECTID":820101,"UNIQUEID":null,"SOURCE":null,"YEARUPDATE":2023,"TYPE":null,"HEIGHT":null,"GlobalID":"37410d99-119b-4f86-8ae9-73a7f335c7ae","Shape__Area":4.607421875,"Shape__Length":9.62841722596314}},{"type":"Feature","id":820102,"geometry":{"type":"Polygon","coordinates":[[[-80.1966507759072,25.7623450031515],[-80.1966516607478,25.7623656203909],[-80.1966049591328,25.7623672627152],[-80.1966040733939,25.7623466479031],[-80.1966507759072,25.7623450031515]]]},"properties":{"OBJECTID":820102,"UNIQUEID":null,"SOURCE":null,"YEARUPDATE":2023,"TYPE":null,"HEIGHT":null,"GlobalID":"95199e05-b4b2-4ed7-8247-0269117c3334","Shape__Area":13.267578125,"Shape__Length":15.50594511820558}},{"type":"Feature","id":820103,"geometry":{"type":"Polygon","coordinates":[[[-80.1966512717773,25.7623565528188],[-80.1966902092532,25.7623551807093],[-80.1966905982238,25.7623642450454],[-80.1966516607478,25.7623656203909],[-80.1966512717773,25.7623565528188]]]},"properties":{"OBJECTID":820103,"UNIQUEID":null,"SOURCE":null,"YEARUPDATE":2023,"TYPE":null,"HEIGHT":null,"GlobalID":"568d90c8-3e04-4803-acd2-94a84a417173","Shape__Area":4.86328125,"Shape__Length":10.918521704569116}},{"type":"Feature","id":820104,"geometry":{"type":"Polygon","coordinates":[[[-80.1966610059217,25.7621858682649],[-80.1966622060709,25.7622137950982],[-80.1966524072478,25.7622141405531],[-80.1966512079969,25.7621862129108],[-80.1966610059217,25.7621858682649]]]},"properties":{"OBJECTID":820104,"UNIQUEID":null,"SOURCE":null,"YEARUPDATE":2023,"TYPE":null,"HEIGHT":null,"GlobalID":"a10b06b4-db43-45dc-a40c-56555fcd4c3c","Shape__Area":3.7734375,"Shape__Length":9.092231934623289}},{"type":"Feature","id":820105,"geometry":{"type":"Polygon","coordinates":[[[-80.196648245353,25.7621172869439],[-80.1966470874246,25.7620902945159],[-80.1966568835528,25.7620899498697],[-80.1966580432778,25.7621169422978],[-80.196648245353,25.7621172869439]]]},"properties":{"OBJECTID":820105,"UNIQUEID":null,"SOURCE":null,"YEARUPDATE":2023,"TYPE":null,"HEIGHT":null,"GlobalID":"6a42a9aa-3d42-47b6-af1a-f1220ea44580","Shape__Area":3.642578125,"Shape__Length":8.860649216380498}},{"type":"Feature","id":820106,"geometry":{"type":"Polygon","coordinates":[[[-80.1964522230766,25.7621222535694],[-80.1964510804195,25.7620956591846],[-80.1964628932655,25.7620952433439],[-80.1964640368209,25.7621218377288],[-80.1964522230766,25.7621222535694]]]},"properties":{"OBJECTID":820106,"UNIQUEID":null,"SOURCE":null,"YEARUPDATE":2023,"TYPE":null,"HEIGHT":null,"GlobalID":"337ee5c0-8f28-46ab-9182-a8cc93f26a81","Shape__Area":4.33203125,"Shape__Length":9.211432351571379}},{"type":"Feature","id":820107,"geometry":{"type":"Polygon","coordinates":[[[-80.1964669931765,25.7621906609465],[-80.196468245428,25.7622198320634],[-80.1964564334803,25.7622202479037],[-80.1964551803305,25.7621910767869],[-80.1964669931765,25.7621906609465]]]},"properties":{"OBJECTID":820107,"UNIQUEID":null,"SOURCE":null,"YEARUPDATE":2023,"TYPE":null,"HEIGHT":null,"GlobalID":"1499e93d-c792-4fd2-aa54-d58d4e3648d2","Shape__Area":4.748046875,"Shape__Length":9.848699600985011}},{"type":"Feature","id":820108,"geometry":{"type":"Polygon","coordinates":[[[-80.1968383504267,25.7617313279728],[-80.1968498488624,25.7617309234573],[-80.196851093029,25.7617598722036],[-80.1968395945934,25.7617602783371],[-80.1968383504267,25.7617313279728]]]},"properties":{"OBJECTID":820108,"UNIQUEID":null,"SOURCE":null,"YEARUPDATE":2023,"TYPE":null,"HEIGHT":null,"GlobalID":"f6e0379e-b9bf-43d5-b159-173a78db8f2e","Shape__Area":4.5859375,"Shape__Length":9.723918911795288}},{"type":"Feature","id":820109,"geometry":{"type":"Polygon","coordinates":[[[-80.1968520111072,25.7617812209084],[-80.196853303783,25.7618113152297],[-80.1968418053473,25.761811721363],[-80.1968405117733,25.7617816254238],[-80.1968520111072,25.7617812209084]]]},"properties":{"OBJECTID":820109,"UNIQUEID":null,"SOURCE":null,"YEARUPDATE":2023,"TYPE":null,"HEIGHT":null,"GlobalID":"91bae084-867b-4e51-822e-9543d9033b49","Shape__Area":4.767578125,"Shape__Length":10.007428514091963}},{"type":"Feature","id":820110,"geometry":{"type":"Polygon","coordinates":[[[-80.1967143505782,25.7617116151201],[-80.1967960307937,25.7617712997641],[-80.1967545232377,25.7618034199005],[-80.1966847879205,25.7617524598625],[-80.1967143505782,25.7617116151201]]]},"properties":{"OBJECTID":820110,"UNIQUEID":null,"SOURCE":null,"YEARUPDATE":2023,"TYPE":null,"HEIGHT":null,"GlobalID":"18db2fac-09f8-4db7-afae-021ce43f641e","Shape__Area":65.052734375,"Shape__Length":33.82437641191629}},{"type":"Feature","id":820111,"geometry":{"type":"Polygon","coordinates":[[[-80.1967545232377,25.7618034199005],[-80.196731961151,25.7618208820153],[-80.1966836210089,25.761785555695],[-80.1966847879205,25.7617524598625],[-80.1967545232377,25.7618034199005]]]},"properties":{"OBJECTID":820111,"UNIQUEID":null,"SOURCE":null,"YEARUPDATE":2023,"TYPE":null,"HEIGHT":null,"GlobalID":"90f3061d-735b-4a3b-b057-b36b77af989d","Shape__Area":27.578125,"Shape__Length":24.331327818013875}},{"type":"Feature","id":820112,"geometry":{"type":"Polygon","coordinates":[[[-80.1967570385205,25.7618899926132],[-80.1967591612395,25.7619393968282],[-80.1967349166083,25.7619402511635],[-80.1967327938893,25.7618908477578],[-80.1967570385205,25.7618899926132]]]},"properties":{"OBJECTID":820112,"UNIQUEID":null,"SOURCE":null,"YEARUPDATE":2023,"TYPE":null,"HEIGHT":null,"GlobalID":"7868476f-e4cd-430d-aa5c-0551a6da3001","Shape__Area":16.5078125,"Shape__Length":17.624174629082745}},{"type":"Feature","id":820113,"geometry":{"type":"Polygon","coordinates":[[[-80.1967910496354,25.7619487297939],[-80.1968633685074,25.7619310945656],[-80.1968701202451,25.7619491521073],[-80.1967965158839,25.7619671012364],[-80.1967910496354,25.7619487297939]]]},"properties":{"OBJECTID":820113,"UNIQUEID":null,"SOURCE":null,"YEARUPDATE":2023,"TYPE":null,"HEIGHT":null,"GlobalID":"249fffc1-00a2-4437-8c5e-baa71eb7e4a8","Shape__Area":19.783203125,"Shape__Length":21.535108270194996}},{"type":"Feature","id":820114,"geometry":{"type":"Polygon","coordinates":[[[-80.196863837428,25.7619740330006],[-80.1968231284742,25.7619839606001],[-80.1967965158839,25.7619671012364],[-80.1968701202451,25.7619491521073],[-80.196863837428,25.7619740330006]]]},"properties":{"OBJECTID":820114,"UNIQUEID":null,"SOURCE":null,"YEARUPDATE":2023,"TYPE":null,"HEIGHT":null,"GlobalID":"eff011ce-3c6a-482d-982b-3cb32b5c8f28","Shape__Area":18.361328125,"Shape__Length":19.959502178723522}},{"type":"Feature","id":820115,"geometry":{"type":"Polygon","coordinates":[[[-80.1970200266081,25.762331320888],[-80.1970177942947,25.7622793360389],[-80.1970430064114,25.7622784485359],[-80.1970452378266,25.7623304325763],[-80.1970200266081,25.762331320888]]]},"properties":{"OBJECTID":820115,"UNIQUEID":null,"SOURCE":null,"YEARUPDATE":2023,"TYPE":null,"HEIGHT":null,"GlobalID":"e1d5ad21-80bc-4b36-87a5-7594987fd8a0","Shape__Area":18.05859375,"Shape__Length":18.478093097871156}},{"type":"Feature","id":820116,"geometry":{"type":"Polygon","coordinates":[[[-80.1970177942947,25.7622793360389],[-80.1970156158801,25.7622286342849],[-80.1970897448574,25.7622260235525],[-80.1970919223736,25.7622767253076],[-80.1970177942947,25.7622793360389]]]},"properties":{"OBJECTID":820116,"UNIQUEID":null,"SOURCE":null,"YEARUPDATE":2023,"TYPE":null,"HEIGHT":null,"GlobalID":"895df759-fc25-4963-8afb-1a8bad77f7bd","Shape__Area":51.794921875,"Shape__Length":29.059890757779904}},{"type":"Feature","id":820117,"geometry":{"type":"Polygon","coordinates":[[[-80.1970895229735,25.7622768102555],[-80.1970447096172,25.7623181183759],[-80.1970430064114,25.7622784485359],[-80.1970895229735,25.7622768102555]]]},"properties":{"OBJECTID":820117,"UNIQUEID":null,"SOURCE":null,"YEARUPDATE":2023,"TYPE":null,"HEIGHT":null,"GlobalID":"df37e137-a02d-4172-963f-6cdabfa17316","Shape__Area":12.71484375,"Shape__Length":17.22759355905341}},{"type":"Feature","id":820118,"geometry":{"type":"Polygon","coordinates":[[[-80.1963427310199,25.7620810521726],[-80.1963432780939,25.7620938744675],[-80.1963261508147,25.7621079046407],[-80.1963243811336,25.7620666587423],[-80.1963427310199,25.7620810521726]]]},"properties":{"OBJECTID":820118,"UNIQUEID":null,"SOURCE":null,"YEARUPDATE":2023,"TYPE":null,"HEIGHT":null,"GlobalID":"87100923-0119-4bbb-a983-45a0c6255a55","Shape__Area":6.595703125,"Shape__Length":11.974234433735546}},{"type":"Feature","id":820119,"geometry":{"type":"Polygon","coordinates":[[[-80.1963511760819,25.7620935969707],[-80.1963432780939,25.7620938744675],[-80.1963427310199,25.7620810521726],[-80.1963506290079,25.7620807746757],[-80.1963511760819,25.7620935969707]]]},"properties":{"OBJECTID":820119,"UNIQUEID":null,"SOURCE":null,"YEARUPDATE":2023,"TYPE":null,"HEIGHT":null,"GlobalID":"edee93cf-b116-40cb-a9df-2e83c51f5b2a","Shape__Area":1.39453125,"Shape__Length":4.931876855768228}},{"type":"Feature","id":820120,"geometry":{"type":"Polygon","coordinates":[[[-80.1963243811336,25.7620666587423],[-80.1963499831192,25.7620657599113],[-80.1963506317028,25.7620807754848],[-80.1963427310199,25.7620810521726],[-80.1963243811336,25.7620666587423]]]},"properties":{"OBJECTID":820120,"UNIQUEID":null,"SOURCE":null,"YEARUPDATE":2023,"TYPE":null,"HEIGHT":null,"GlobalID":"cf84a369-b6ad-4ee1-a049-ccabe830faa5","Shape__Area":3.46484375,"Shape__Length":8.298574237470476}},{"type":"Feature","id":820121,"geometry":{"type":"Polygon","coordinates":[[[-80.1963511760819,25.7620935969707],[-80.1963517536986,25.7621070009558],[-80.1963261508147,25.7621079046407],[-80.1963432780939,25.7620938744675],[-80.1963511760819,25.7620935969707]]]},"properties":{"OBJECTID":820121,"UNIQUEID":null,"SOURCE":null,"YEARUPDATE":2023,"TYPE":null,"HEIGHT":null,"GlobalID":"40bde19b-6c18-4079-ba26-91547b1b965f","Shape__Area":3.095703125,"Shape__Length":7.967523080817059}},{"type":"Feature","id":820122,"geometry":{"type":"Polygon","coordinates":[[[-80.1963428846318,25.7619005739159],[-80.1963678748647,25.7618996945004],[-80.1963701763485,25.7619532563143],[-80.1963451870139,25.7619541357295],[-80.1963428846318,25.7619005739159]]]},"properties":{"OBJECTID":820122,"UNIQUEID":null,"SOURCE":null,"YEARUPDATE":2023,"TYPE":null,"HEIGHT":null,"GlobalID":"8f784db1-a25a-4b95-9404-ad79f484ffb5","Shape__Area":18.4453125,"Shape__Length":18.81886038330503}},{"type":"Feature","id":820123,"geometry":{"type":"Polygon","coordinates":[[[-80.1963469522034,25.761995191545],[-80.196348053538,25.7620208822668],[-80.1962400778374,25.7620246798493],[-80.1962389747063,25.7619989899374],[-80.1963469522034,25.761995191545]]]},"properties":{"OBJECTID":820123,"UNIQUEID":null,"SOURCE":null,"YEARUPDATE":2023,"TYPE":null,"HEIGHT":null,"GlobalID":"760fc418-3c98-4879-aa9c-2a8c01e5efab","Shape__Area":38.2265625,"Shape__Length":30.413767269898536}},{"type":"Feature","id":820124,"geometry":{"type":"Polygon","coordinates":[[[-80.1971466028249,25.7623090677897],[-80.1971461374468,25.7623137763039],[-80.1971452072927,25.7623184286176],[-80.1971438197874,25.7623229875956],[-80.197141986006,25.7623274168473],[-80.1971397205863,25.7623316810179],[-80.1971370416109,25.7623357460701],[-80.1971339704639,25.7623395795561],[-80.1971305316597,25.7623431508765],[-80.1971267526473,25.7623464315245],[-80.1971226635913,25.7623493953136],[-80.1971182971312,25.7623520185863],[-80.1971136881207,25.7623542804034],[-80.1971088733495,25.7623561627106],[-80.1971038912499,25.7623576504832],[-80.1970987815898,25.7623587318455],[-80.1970935851552,25.762359398166],[-80.1970932482869,25.762351612092],[-80.1970994588703,25.7623502000031],[-80.1971054429169,25.7623481421758],[-80.1971101773072,25.7623459606862],[-80.1971146553993,25.7623433772789],[-80.197118835257,25.7623404161466],[-80.1971226777373,25.7623371050196],[-80.1971261468563,25.7623334749056],[-80.1971292101267,25.7623295597996],[-80.197131838862,25.7623253963653],[-80.1971340084446,25.7623210235921],[-80.1971360602796,25.7623152995944],[-80.1971373313129,25.7623093946367],[-80.1971466028249,25.7623090677897]]]},"properties":{"OBJECTID":820124,"UNIQUEID":null,"SOURCE":null,"YEARUPDATE":2023,"TYPE":null,"HEIGHT":null,"GlobalID":"9254d7af-bef6-47a7-a616-65b2dbe967ff","Shape__Area":9.31041370332241,"Shape__Length":19.000553026101198}},{"type":"Feature","id":820125,"geometry":{"type":"Polygon","coordinates":[[[-80.1970200266081,25.762331320888],[-80.1970452378266,25.7623304325763],[-80.197046065175,25.7623496712365],[-80.1970208539565,25.762350560357],[-80.1970200266081,25.762331320888]]]},"properties":{"OBJECTID":820125,"UNIQUEID":null,"SOURCE":null,"YEARUPDATE":2023,"TYPE":null,"HEIGHT":null,"GlobalID":"95ab33bc-e049-4418-bad5-b6095dcbc6c9","Shape__Area":6.685546875,"Shape__Length":10.376963646985832}},{"type":"Feature","id":820152,"geometry":{"type":"Polygon","coordinates":[[[-80.1968598839424,25.7619896966181],[-80.1968399027156,25.7619945685925],[-80.1968231284742,25.7619839606001],[-80.196863837428,25.7619740330006],[-80.1968598839424,25.7619896966181]]]},"properties":{"OBJECTID":820152,"UNIQUEID":null,"SOURCE":null,"YEARUPDATE":2023,"TYPE":null,"HEIGHT":null,"GlobalID":"f9cdefb4-dc9b-41e7-85a3-f4c4e853bff8","Shape__Area":6.13671875,"Shape__Length":11.266444937693699}},{"type":"Feature","id":820153,"geometry":{"type":"Polygon","coordinates":[[[-80.1968598839424,25.7619896966181],[-80.1968574647794,25.7619992755247],[-80.1968501264418,25.7620010650974],[-80.1968399027156,25.7619945685925],[-80.1968598839424,25.7619896966181]]]},"properties":{"OBJECTID":820153,"UNIQUEID":null,"SOURCE":null,"YEARUPDATE":2023,"TYPE":null,"HEIGHT":null,"GlobalID":"453d75ea-5638-40d8-a76c-42b36652e13c","Shape__Area":1.69140625,"Shape__Length":5.757803600039637}},{"type":"Feature","id":820154,"geometry":{"type":"Polygon","coordinates":[[[-80.1968561200014,25.7619123598631],[-80.1968614263498,25.761926206408],[-80.1967894578208,25.7619437558799],[-80.1968459268178,25.7619148460118],[-80.1968561200014,25.7619123598631]]]},"properties":{"OBJECTID":820154,"UNIQUEID":null,"SOURCE":null,"YEARUPDATE":2023,"TYPE":null,"HEIGHT":null,"GlobalID":"693cd63c-1a0c-4c3b-a6e4-19f085bc1011","Shape__Area":8.55859375,"Shape__Length":18.51690175561431}},{"type":"Feature","id":820155,"geometry":{"type":"Polygon","coordinates":[[[-80.1967894578208,25.7619437558799],[-80.1968614263498,25.761926206408],[-80.1968633685074,25.7619310945656],[-80.1967910496354,25.7619487297939],[-80.1967894578208,25.7619437558799]]]},"properties":{"OBJECTID":820155,"UNIQUEID":null,"SOURCE":null,"YEARUPDATE":2023,"TYPE":null,"HEIGHT":null,"GlobalID":"9aca14e5-5757-4da9-97a6-39c57ecfe0e8","Shape__Area":5.3203125,"Shape__Length":17.921905661458613}},{"type":"Feature","id":836407,"geometry":{"type":"Polygon","coordinates":[[[-80.1978391850445,25.7704537596467],[-80.197792778077,25.7704535040116],[-80.1977938605469,25.7702924263263],[-80.1978402675145,25.7702926819616],[-80.1978391850445,25.7704537596467]]]},"properties":{"OBJECTID":836407,"UNIQUEID":null,"SOURCE":null,"YEARUPDATE":2023,"TYPE":null,"HEIGHT":null,"GlobalID":"2d168147-2e0f-4142-8f96-0621492c55c4","Shape__Area":102.8671875,"Shape__Length":50.15572252792474}},{"type":"Feature","id":836450,"geometry":{"type":"Polygon","coordinates":[[[-80.1925310301492,25.7698420363801],[-80.1924260871611,25.7698744018792],[-80.1923654059636,25.7697130839507],[-80.1923800485028,25.7697085682429],[-80.1923700745082,25.7696820499836],[-80.1924603731605,25.7696542017601],[-80.1925310301492,25.7698420363801]]]},"properties":{"OBJECTID":836450,"UNIQUEID":null,"SOURCE":null,"YEARUPDATE":2023,"TYPE":null,"HEIGHT":null,"GlobalID":"880f5009-5e19-404b-8bbc-3b2ac384c5f3","Shape__Area":296.75,"Shape__Length":73.72618214557974}},{"type":"Feature","id":836463,"geometry":{"type":"Polygon","coordinates":[[[-80.1970181212816,25.7696526404344],[-80.1969925525337,25.7696496415562],[-80.1970005008273,25.7695940785688],[-80.1970260695752,25.7695970774483],[-80.1970181212816,25.7696526404344]]]},"properties":{"OBJECTID":836463,"UNIQUEID":null,"SOURCE":null,"YEARUPDATE":2023,"TYPE":null,"HEIGHT":null,"GlobalID":"2d3edef8-5f01-4f5f-a2c7-a216a70a52fa","Shape__Area":19.87890625,"Shape__Length":19.5907908917738}},{"type":"Feature","id":836471,"geometry":{"type":"Polygon","coordinates":[[[-80.1926920441807,25.7695342967357],[-80.1926164895772,25.7695831096426],[-80.1925655757618,25.7695184982054],[-80.1926411294671,25.769469685272],[-80.1926920441807,25.7695342967357]]]},"properties":{"OBJECTID":836471,"UNIQUEID":null,"SOURCE":null,"YEARUPDATE":2023,"TYPE":null,"HEIGHT":null,"GlobalID":"aa6dbb29-b807-4240-8233-740a86af77d0","Shape__Area":101.373046875,"Shape__Length":40.289336954787096}},{"type":"Feature","id":836474,"geometry":{"type":"Polygon","coordinates":[[[-80.1930990142421,25.7695208968252],[-80.1930411627378,25.7694817989129],[-80.1930673791711,25.7694499939288],[-80.1931252315737,25.7694890934695],[-80.1930990142421,25.7695208968252]]]},"properties":{"OBJECTID":836474,"UNIQUEID":null,"SOURCE":null,"YEARUPDATE":2023,"TYPE":null,"HEIGHT":null,"GlobalID":"633b16fc-1170-47f8-9edf-9382fda942c9","Shape__Area":39.421875,"Shape__Length":25.89629917581634}},{"type":"Feature","id":836487,"geometry":{"type":"Polygon","coordinates":[[[-80.1927179533902,25.7694650336465],[-80.1926358231187,25.769457940524],[-80.1926441460098,25.7693789259584],[-80.192726275383,25.7693860198946],[-80.1927179533902,25.7694650336465]]]},"properties":{"OBJECTID":836487,"UNIQUEID":null,"SOURCE":null,"YEARUPDATE":2023,"TYPE":null,"HEIGHT":null,"GlobalID":"b3e1996b-4654-4865-8a01-97f6a313d94e","Shape__Area":90.109375,"Shape__Length":37.991184516667545}},{"type":"Feature","id":836489,"geometry":{"type":"Polygon","coordinates":[[[-80.1932844076521,25.7694384845916],[-80.1931505937091,25.7694459312389],[-80.1931436362572,25.7693434061143],[-80.1932774502003,25.7693359610786],[-80.1932844076521,25.7694384845916]]]},"properties":{"OBJECTID":836489,"UNIQUEID":null,"SOURCE":null,"YEARUPDATE":2023,"TYPE":null,"HEIGHT":null,"GlobalID":"2097397e-aea9-4083-bdd2-51a25c646c95","Shape__Area":189.498046875,"Shape__Length":55.24290319089855}},{"type":"Feature","id":836500,"geometry":{"type":"Polygon","coordinates":[[[-80.1933036953796,25.769322938939],[-80.1931851177621,25.7693249168935],[-80.1931836930341,25.76925489405],[-80.1933022706516,25.7692529160944],[-80.1933036953796,25.769322938939]]]},"properties":{"OBJECTID":836500,"UNIQUEID":null,"SOURCE":null,"YEARUPDATE":2023,"TYPE":null,"HEIGHT":null,"GlobalID":"065f4e0f-f573-430d-b574-4fddde30d3d5","Shape__Area":114.291015625,"Shape__Length":43.71883423031123}},{"type":"Feature","id":836513,"geometry":{"type":"Polygon","coordinates":[[[-80.1930865788636,25.7693067811937],[-80.1929298893219,25.7693190008276],[-80.1929174997575,25.7691887510346],[-80.1930793267643,25.7691761309421],[-80.1930828679232,25.7692133448405],[-80.1931368090611,25.769209138144],[-80.1931421190027,25.7692649593762],[-80.1930830395014,25.7692695665156],[-80.1930865788636,25.7693067811937]]]},"properties":{"OBJECTID":836513,"UNIQUEID":null,"SOURCE":null,"YEARUPDATE":2023,"TYPE":null,"HEIGHT":null,"GlobalID":"358fe4f1-0d74-4dec-b6f9-ef95b2148b09","Shape__Area":331.28515625,"Shape__Length":80.53722330221296}},{"type":"Feature","id":836518,"geometry":{"type":"Polygon","coordinates":[[[-80.1927226560707,25.7692836783566],[-80.1926523188823,25.7692689670617],[-80.1926743689292,25.7691825315943],[-80.1926618086849,25.7691799056442],[-80.1926757361651,25.7691253140227],[-80.1927586335978,25.7691426537133],[-80.1927226560707,25.7692836783566]]]},"properties":{"OBJECTID":836518,"UNIQUEID":null,"SOURCE":null,"YEARUPDATE":2023,"TYPE":null,"HEIGHT":null,"GlobalID":"0925d48d-e544-4b53-9a3e-0624f39af915","Shape__Area":153.716796875,"Shape__Length":54.72082597360436}},{"type":"Feature","id":836525,"geometry":{"type":"Polygon","coordinates":[[[-80.1931423094453,25.7690576249721],[-80.1930675417659,25.7690578328802],[-80.1930673674928,25.7690064755105],[-80.1931421351722,25.7690062659843],[-80.1931423094453,25.7690576249721]]]},"properties":{"OBJECTID":836525,"UNIQUEID":null,"SOURCE":null,"YEARUPDATE":2023,"TYPE":null,"HEIGHT":null,"GlobalID":"80ce2e2e-a525-4218-a664-6edc10669386","Shape__Area":52.837890625,"Shape__Length":29.343339260112984}},{"type":"Feature","id":836526,"geometry":{"type":"Polygon","coordinates":[[[-80.1927369752161,25.7690193553041],[-80.1927009617564,25.7690215597784],[-80.1927039190103,25.7690611561747],[-80.1926730502022,25.7690630459546],[-80.1926680070602,25.7689955000582],[-80.1927348875314,25.7689914058024],[-80.1927369752161,25.7690193553041]]]},"properties":{"OBJECTID":836526,"UNIQUEID":null,"SOURCE":null,"YEARUPDATE":2023,"TYPE":null,"HEIGHT":null,"GlobalID":"98215c90-f79a-4e96-93c2-a558bb194d23","Shape__Area":42.732421875,"Shape__Length":31.661481366592263}},{"type":"Feature","id":836563,"geometry":{"type":"Polygon","coordinates":[[[-80.1984468010109,25.7687955317821],[-80.1983668958664,25.7687939809618],[-80.198369436302,25.7686866199788],[-80.1984493414466,25.7686881708004],[-80.1984468010109,25.7687955317821]]]},"properties":{"OBJECTID":836563,"UNIQUEID":null,"SOURCE":null,"YEARUPDATE":2023,"TYPE":null,"HEIGHT":null,"GlobalID":"52337bbd-eba5-48a7-b93e-f8fb1223ca50","Shape__Area":118.103515625,"Shape__Length":44.342356564902644}},{"type":"Feature","id":836586,"geometry":{"type":"Polygon","coordinates":[[[-80.1977480213144,25.7686537048557],[-80.1976447267348,25.7686407133827],[-80.1976525303997,25.768589842841],[-80.1976780668082,25.7685930545088],[-80.1976879976837,25.7685283098592],[-80.1977084262716,25.7685308783857],[-80.1977041709521,25.7685586265587],[-80.1977536968703,25.7685648549305],[-80.1977480213144,25.7686537048557]]]},"properties":{"OBJECTID":836586,"UNIQUEID":null,"SOURCE":null,"YEARUPDATE":2023,"TYPE":null,"HEIGHT":null,"GlobalID":"355e9bc0-27d4-4073-8a32-c5f133b8b34e","Shape__Area":117.19140625,"Shape__Length":51.234165855702486}},{"type":"Feature","id":836587,"geometry":{"type":"Polygon","coordinates":[[[-80.1977724105743,25.7686567709046],[-80.1977480213144,25.7686537048557],[-80.1977536968703,25.7685648549305],[-80.197768013321,25.76856665573],[-80.197771913806,25.768541220446],[-80.1978127736767,25.7685463591165],[-80.1977971672452,25.7686481002152],[-80.1977741838487,25.7686452105245],[-80.1977724105743,25.7686567709046]]]},"properties":{"OBJECTID":836587,"UNIQUEID":null,"SOURCE":null,"YEARUPDATE":2023,"TYPE":null,"HEIGHT":null,"GlobalID":"190311c5-8d51-4b8b-a022-db3161ddf514","Shape__Area":74.0390625,"Shape__Length":39.83984480855049}},{"type":"Feature","id":836626,"geometry":{"type":"Polygon","coordinates":[[[-80.1911882545134,25.7680182576328],[-80.1910836016812,25.7680159948927],[-80.1910668004904,25.7680126772318],[-80.1910651520818,25.7680195188454],[-80.1909845453531,25.7680035987652],[-80.1909993801317,25.7679420153221],[-80.191228604141,25.7679872895595],[-80.1912206360845,25.768020371519],[-80.1911882545134,25.7680182576328]]]},"properties":{"OBJECTID":836626,"UNIQUEID":null,"SOURCE":null,"YEARUPDATE":2023,"TYPE":null,"HEIGHT":null,"GlobalID":"3bbc86b8-2d47-4f59-afaf-2b588974f336","Shape__Area":167.234375,"Shape__Length":65.33133447512739}},{"type":"Feature","id":836627,"geometry":{"type":"Polygon","coordinates":[[[-80.1911671953082,25.7680779043195],[-80.1910765121769,25.7680599933279],[-80.1910869523972,25.768016656645],[-80.1910836016812,25.7680159948927],[-80.1911882545134,25.7680182576328],[-80.1912206360845,25.768020371519],[-80.1912110223143,25.7680602764737],[-80.1911732382752,25.7680528143687],[-80.1911671953082,25.7680779043195]]]},"properties":{"OBJECTID":836627,"UNIQUEID":null,"SOURCE":null,"YEARUPDATE":2023,"TYPE":null,"HEIGHT":null,"GlobalID":"90e5832b-c0bd-4ae3-bd95-e32d9b293922","Shape__Area":88.181640625,"Shape__Length":43.99256932799497}},{"type":"Feature","id":836629,"geometry":{"type":"Polygon","coordinates":[[[-80.1885459580217,25.7680083758412],[-80.1884744251757,25.7679711550931],[-80.1885155320831,25.7679063850255],[-80.1885870631325,25.767943604985],[-80.1885459580217,25.7680083758412]]]},"properties":{"OBJECTID":836629,"UNIQUEID":null,"SOURCE":null,"YEARUPDATE":2023,"TYPE":null,"HEIGHT":null,"GlobalID":"ed21d075-928c-451a-9558-74742cd84b9d","Shape__Area":84.80859375,"Shape__Length":36.83647971269271}},{"type":"Feature","id":836695,"geometry":{"type":"Polygon","coordinates":[[[-80.1884609684127,25.7675139761792],[-80.1883657901117,25.7674929464391],[-80.1884104031437,25.7673273853419],[-80.1885055814446,25.7673484143023],[-80.1884609684127,25.7675139761792]]]},"properties":{"OBJECTID":836695,"UNIQUEID":null,"SOURCE":null,"YEARUPDATE":2023,"TYPE":null,"HEIGHT":null,"GlobalID":"112b3b4e-330e-47ef-94f7-c5f614740ee7","Shape__Area":229.7421875,"Shape__Length":63.937074546634214}},{"type":"Feature","id":836727,"geometry":{"type":"Polygon","coordinates":[[[-80.1920063322764,25.7670137278505],[-80.1919358172215,25.7670425005657],[-80.1918923881691,25.7669552374925],[-80.1919629041223,25.7669264647562],[-80.1920063322764,25.7670137278505]]]},"properties":{"OBJECTID":836727,"UNIQUEID":null,"SOURCE":null,"YEARUPDATE":2023,"TYPE":null,"HEIGHT":null,"GlobalID":"c589f689-b849-4c18-8309-bb52056be085","Shape__Area":101.8671875,"Shape__Length":40.87664111523644}},{"type":"Feature","id":836746,"geometry":{"type":"Polygon","coordinates":[[[-80.1979020069271,25.7668698002592],[-80.1978279201707,25.7668606933903],[-80.1978379786069,25.7667936081777],[-80.1979120644651,25.7668027150517],[-80.1979020069271,25.7668698002592]]]},"properties":{"OBJECTID":836746,"UNIQUEID":null,"SOURCE":null,"YEARUPDATE":2023,"TYPE":null,"HEIGHT":null,"GlobalID":"ab3b5fe1-2ffb-4a5b-a3f1-f523e926fe80","Shape__Area":69.654296875,"Shape__Length":33.38273592127314}},{"type":"Feature","id":836834,"geometry":{"type":"Polygon","coordinates":[[[-80.1972702190928,25.7660217121068],[-80.1972032784345,25.766024879349],[-80.1972000507877,25.7659689279616],[-80.1972669905477,25.765965760718],[-80.1972702190928,25.7660217121068]]]},"properties":{"OBJECTID":836834,"UNIQUEID":null,"SOURCE":null,"YEARUPDATE":2023,"TYPE":null,"HEIGHT":null,"GlobalID":"d342088b-3364-4a79-9f8c-569dec1683e0","Shape__Area":51.6796875,"Shape__Length":28.774913144142143}},{"type":"Feature","id":836990,"geometry":{"type":"Polygon","coordinates":[[[-80.1927844305176,25.7648370443632],[-80.1928006639731,25.764950486914],[-80.1925526606828,25.7649795861599],[-80.1925404031707,25.764893926645],[-80.1925915388699,25.7648879270303],[-80.1925875629265,25.7648601456388],[-80.1927844305176,25.7648370443632]]]},"properties":{"OBJECTID":836990,"UNIQUEID":null,"SOURCE":null,"YEARUPDATE":2023,"TYPE":null,"HEIGHT":null,"GlobalID":"1a952699-3a92-46ec-a500-b227495ec5f2","Shape__Area":373.74609375,"Shape__Length":83.95840958946431}},{"type":"Feature","id":837087,"geometry":{"type":"Polygon","coordinates":[[[-80.1923238436102,25.7625408781079],[-80.1922555734453,25.7625285809188],[-80.1922686502208,25.7624690503704],[-80.1923369203858,25.7624813467566],[-80.1923238436102,25.7625408781079]]]},"properties":{"OBJECTID":837087,"UNIQUEID":null,"SOURCE":null,"YEARUPDATE":2023,"TYPE":null,"HEIGHT":null,"GlobalID":"90d3be87-fe24-4bb8-9901-9e9baef3b6b1","Shape__Area":58.13671875,"Shape__Length":30.5025243173582}},{"type":"Feature","id":837090,"geometry":{"type":"Polygon","coordinates":[[[-80.1886023785098,25.7643710877216],[-80.1885323602233,25.7644059812597],[-80.1885186869663,25.7643834842284],[-80.1884893255313,25.7643981168455],[-80.1884483030655,25.7643306257345],[-80.1885160620891,25.7642968567031],[-80.1885297362443,25.7643193537508],[-80.188561356044,25.7643035949771],[-80.1886023785098,25.7643710877216]]]},"properties":{"OBJECTID":837090,"UNIQUEID":null,"SOURCE":null,"YEARUPDATE":2023,"TYPE":null,"HEIGHT":null,"GlobalID":"cec8ccc6-1ad6-48e7-bca6-7482dd8f0ff7","Shape__Area":135.736328125,"Shape__Length":50.64893330989275}},{"type":"Feature","id":837158,"geometry":{"type":"Polygon","coordinates":[[[-80.1978035192326,25.7620527555818],[-80.1976875269665,25.762054694015],[-80.1976869080273,25.7620242729077],[-80.1978028868187,25.7620216896778],[-80.1978035192326,25.7620527555818]]]},"properties":{"OBJECTID":837158,"UNIQUEID":null,"SOURCE":null,"YEARUPDATE":2023,"TYPE":null,"HEIGHT":null,"GlobalID":"6e17c18f-6c88-4781-b2ff-3b574c080249","Shape__Area":49.083984375,"Shape__Length":33.43044708471718}},{"type":"Feature","id":837759,"geometry":{"type":"Polygon","coordinates":[[[-80.197803320705,25.7620216807785],[-80.197684767342,25.7620243214494],[-80.1976841322331,25.7620009833855],[-80.1978026873927,25.761998342714],[-80.197803320705,25.7620216807785]]]},"properties":{"OBJECTID":837759,"UNIQUEID":null,"SOURCE":null,"YEARUPDATE":2023,"TYPE":null,"HEIGHT":null,"GlobalID":"c3430d38-99ab-4785-a298-63e3fcf7e92d","Shape__Area":38.09375,"Shape__Length":32.17399894059186}},{"type":"Feature","id":837808,"geometry":{"type":"Polygon","coordinates":[[[-80.195374214193,25.7613939639643],[-80.1952870353896,25.7614150336185],[-80.1952710804118,25.761360900384],[-80.1952885158132,25.7613566869369],[-80.1952951642446,25.7613792419832],[-80.1953649067483,25.7613623865787],[-80.195374214193,25.7613939639643]]]},"properties":{"OBJECTID":837808,"UNIQUEID":null,"SOURCE":null,"YEARUPDATE":2023,"TYPE":null,"HEIGHT":null,"GlobalID":"278b8dc4-49da-4ed6-8927-c010f6f66e3b","Shape__Area":46.375,"Shape__Length":33.94156107798526}},{"type":"Feature","id":837869,"geometry":{"type":"Polygon","coordinates":[[[-80.1969677015395,25.7605856050043],[-80.1968955443643,25.7605838032747],[-80.1968966106645,25.7605487985839],[-80.1969687678397,25.760550600314],[-80.1969677015395,25.7605856050043]]]},"properties":{"OBJECTID":837869,"UNIQUEID":null,"SOURCE":null,"YEARUPDATE":2023,"TYPE":null,"HEIGHT":null,"GlobalID":"c1e8af2c-68e2-4cbd-9a49-e0b581d43c13","Shape__Area":34.779296875,"Shape__Length":24.727828979055438}},{"type":"Feature","id":862231,"geometry":{"type":"Polygon","coordinates":[[[-80.1923950099437,25.7625186533648],[-80.192865306741,25.7626195938411],[-80.1928371625231,25.7627271180713],[-80.1928291252963,25.7627253932315],[-80.1928267546422,25.7627344502581],[-80.1928347918691,25.7627361767158],[-80.1928072378444,25.7628414420469],[-80.1927977839743,25.7628394138249],[-80.192780892952,25.7629039455684],[-80.1927903459238,25.7629059745983],[-80.1927747924929,25.7629653949005],[-80.1927660806313,25.7629635244401],[-80.1927632338702,25.7629744017494],[-80.1927719457318,25.7629762714006],[-80.1927438239718,25.7630837071244],[-80.1922735262762,25.7629827662338],[-80.1923950099437,25.7625186533648]]]},"properties":{"OBJECTID":862231,"UNIQUEID":null,"SOURCE":null,"YEARUPDATE":2023,"TYPE":null,"HEIGHT":null,"GlobalID":"29420d03-f64f-4d44-871e-2a512b0ec102","Shape__Area":3160.775390625,"Shape__Length":231.5147698800984}},{"type":"Feature","id":862232,"geometry":{"type":"Polygon","coordinates":[[[-80.1916093155484,25.7614392665882],[-80.1915910941212,25.7614494555501],[-80.1915730406789,25.7615172225612],[-80.1915153463798,25.7615494875831],[-80.1914411886565,25.761533287519],[-80.1914323582172,25.7615382250438],[-80.1914226896498,25.7615752560684],[-80.1914045059519,25.7615854239838],[-80.1913364855185,25.7615708614058],[-80.191326340844,25.7615553020982],[-80.1913091947002,25.7615650048218],[-80.1912468210768,25.7615516501264],[-80.1912374435635,25.7615379896154],[-80.1912189777945,25.7615466236087],[-80.1912112432999,25.7615449683285],[-80.1911955802746,25.7616049580614],[-80.1911352170808,25.7615920337756],[-80.1911505387463,25.7615333538597],[-80.1911406698546,25.761516048655],[-80.19111542989,25.7615278516301],[-80.1907559025538,25.7614508778301],[-80.190740261088,25.7614270647509],[-80.1908218460821,25.761114596323],[-80.1902504627642,25.7609922636544],[-80.1902763890416,25.7608929698025],[-80.1902821310729,25.7608941995384],[-80.1902916280621,25.7608578325208],[-80.1903062193972,25.7608499258017],[-80.1903200875886,25.7608528949678],[-80.1903214081121,25.7608478336318],[-80.1908463691911,25.7609602282474],[-80.1908601197031,25.7609806078706],[-80.1908842628247,25.7609677474308],[-80.191252164256,25.7610465135581],[-80.1912651970142,25.7610665768337],[-80.1912883250395,25.7610542568389],[-80.1915255162071,25.7611050367618],[-80.1915426380964,25.7611288207803],[-80.1915260974171,25.7611921746899],[-80.1915480252932,25.7611968695184],[-80.1915511128028,25.7611850422394],[-80.1915896801729,25.7611634960228],[-80.1917155170762,25.7611904360742],[-80.1917298487982,25.7612095123032],[-80.1917145127597,25.7612682506296],[-80.1916956113078,25.7612798966767],[-80.191707381933,25.7612955628129],[-80.1916933017392,25.7613494922007],[-80.1916752833313,25.7613605937602],[-80.1916865050858,25.7613755277105],[-80.1916704629714,25.7614369713614],[-80.1916505661862,25.7614480979928],[-80.1916093155484,25.7614392665882]]]},"properties":{"OBJECTID":862232,"UNIQUEID":null,"SOURCE":null,"YEARUPDATE":2023,"TYPE":null,"HEIGHT":null,"GlobalID":"eca19ff7-74b4-4480-9a3f-ada7aa5540bc","Shape__Area":6997.880859375,"Shape__Length":477.12899442831497}},{"type":"Feature","id":862235,"geometry":{"type":"Polygon","coordinates":[[[-80.1906375998207,25.7633987875487],[-80.19062096392,25.7633952877294],[-80.1905908910192,25.7635125397101],[-80.1906053296408,25.7635155767671],[-80.1905936964578,25.7635609352127],[-80.1905796162641,25.7635579742046],[-80.1905774567141,25.7635663944701],[-80.190553990024,25.7635614594568],[-80.190551796338,25.7635700107831],[-80.1903441992691,25.7635263520895],[-80.1903456437601,25.7635207245544],[-80.1902867520067,25.7635083392837],[-80.1902896616499,25.7634969952193],[-80.1902649274369,25.7634917932268],[-80.1902663710296,25.76348616569],[-80.1902350503689,25.7634829223323],[-80.1902326096462,25.7634275910738],[-80.1902070758966,25.763414935078],[-80.1901849763906,25.7633978221241],[-80.1901672551358,25.7633769832111],[-80.1901546691172,25.7633533084971],[-80.1901453820179,25.7633287559354],[-80.1901397481634,25.7633033189509],[-80.1901378647498,25.7632774363859],[-80.19013976427,25.7632515547699],[-80.1901481560249,25.7632217780196],[-80.1901606456088,25.7631931903835],[-80.1901276666581,25.7631213509054],[-80.1901189988139,25.7631246136894],[-80.1900347485184,25.7629793602488],[-80.1899350651662,25.7628439176588],[-80.1898983958157,25.7627968094774],[-80.1898668272439,25.7627467945459],[-80.1898406413132,25.7626943194233],[-80.1898200718267,25.7626398526348],[-80.189836216349,25.7626359191558],[-80.1898227541961,25.7625906105163],[-80.189948165298,25.7626169855444],[-80.1899512402312,25.7626049974108],[-80.1900424012663,25.7626241704955],[-80.1900393272314,25.7626361570091],[-80.1907014862071,25.7627754143842],[-80.1906997901878,25.7627820257277],[-80.1908187891152,25.7628070512617],[-80.190770719366,25.7629944776435],[-80.1907428024219,25.7629886073764],[-80.1906375998207,25.7633987875487]]]},"properties":{"OBJECTID":862235,"UNIQUEID":null,"SOURCE":null,"YEARUPDATE":2023,"TYPE":null,"HEIGHT":null,"GlobalID":"8255a286-3424-4245-ac2e-3c97b525cf59","Shape__Area":7401.435370802879,"Shape__Length":394.6229555862793}},{"type":"Feature","id":862238,"geometry":{"type":"Polygon","coordinates":[[[-80.1941558785804,25.7610523709767],[-80.1941267381309,25.7610210896074],[-80.1941228762735,25.7609204454975],[-80.194154338868,25.7609194544277],[-80.1941532294487,25.7608905192301],[-80.1941401823175,25.7608909286027],[-80.1941392992736,25.7608679106946],[-80.1941268441322,25.7608683022685],[-80.1941242426111,25.7608004774453],[-80.1941418010816,25.7607999248728],[-80.1941415217056,25.7607926443448],[-80.194123963235,25.7607931977265],[-80.1941218144649,25.7607371670147],[-80.1941444142808,25.7607364566795],[-80.1941432042501,25.7607049122895],[-80.1945428027363,25.7606923422645],[-80.1945581989619,25.761093652016],[-80.194538798945,25.7610942628377],[-80.1945414193307,25.7611625429797],[-80.1945608184493,25.7611619329673],[-80.1945714221629,25.7614382997937],[-80.1944372803348,25.7614425197101],[-80.1944367332608,25.7614282831549],[-80.1944226355226,25.7614348729329],[-80.1944077277121,25.7614398092333],[-80.1943922477854,25.7614430132638],[-80.1943764428305,25.7614444338822],[-80.1943761409966,25.7614444435906],[-80.1943565045251,25.7614436516852],[-80.1943372451269,25.7614401128719],[-80.1943188336129,25.7614339136597],[-80.1943017200669,25.7614252055928],[-80.1942869046398,25.7614341636272],[-80.1942708471353,25.7614411738646],[-80.1942538612202,25.7614460993673],[-80.1942362786967,25.7614488439212],[-80.1941660106786,25.7614510533903],[-80.1941637406359,25.7613918515782],[-80.194136146187,25.7613245213738],[-80.1941334323765,25.7612537753884],[-80.1941627453025,25.7612313837433],[-80.1941558785804,25.7610523709767]]]},"properties":{"OBJECTID":862238,"UNIQUEID":null,"SOURCE":null,"YEARUPDATE":2023,"TYPE":null,"HEIGHT":null,"GlobalID":"ed3e3b49-8e82-4cb4-b391-515534ad4bc9","Shape__Area":4215.771462589502,"Shape__Length":297.6195769056287}},{"type":"Feature","id":862239,"geometry":{"type":"Polygon","coordinates":[[[-80.1936112255321,25.7608856811899],[-80.1937236398085,25.7608821448899],[-80.1937173210587,25.7607174006005],[-80.1940953186556,25.7607055093596],[-80.1941237970467,25.7614478997797],[-80.1937844261088,25.7614585757787],[-80.1937833535203,25.7614306350141],[-80.1937726186527,25.76143097319],[-80.1937341617754,25.7614449079756],[-80.1937296046219,25.7614318833523],[-80.1936936315864,25.7614443012008],[-80.193686102806,25.7614337449374],[-80.1936497093589,25.7614457793042],[-80.1936434525929,25.7614344641679],[-80.1936089617776,25.7614463173111],[-80.1936012182998,25.7614361429115],[-80.1935648167679,25.7614495146095],[-80.1935575062781,25.7614378119467],[-80.1935259718184,25.7614492994067],[-80.1935125455981,25.7614367990373],[-80.1934728688087,25.7614380465663],[-80.1934675992912,25.7614083396774],[-80.1935816700609,25.7609056239462],[-80.1936069127204,25.7609028991105],[-80.1936112255321,25.7608856811899]]]},"properties":{"OBJECTID":862239,"UNIQUEID":null,"SOURCE":null,"YEARUPDATE":2023,"TYPE":null,"HEIGHT":null,"GlobalID":"65843b57-6623-41ab-adb2-02a1ff799d45","Shape__Area":5458.478515625,"Shape__Length":321.46926384369505}},{"type":"Feature","id":862240,"geometry":{"type":"Polygon","coordinates":[[[-80.1924539780539,25.7637267369873],[-80.192399572487,25.7637113211584],[-80.1923971093065,25.763718449412],[-80.192357442138,25.7637127773482],[-80.1923190097757,25.7637022706784],[-80.1923208701867,25.7636968882839],[-80.1922619586703,25.763680195821],[-80.1922590490271,25.7636886136509],[-80.192216649444,25.7636833429002],[-80.1922184999735,25.7636760908647],[-80.1921880129494,25.76366971095],[-80.192227980793,25.763513091461],[-80.1919307192824,25.7634508657539],[-80.1919534457607,25.763361844467],[-80.1919341272976,25.7633570195185],[-80.1919155117029,25.7633503183591],[-80.1919166498684,25.7633458574225],[-80.1918769596042,25.7633375520222],[-80.1918751306342,25.7633447158952],[-80.1917969996624,25.7633283664074],[-80.1917988286323,25.7633212025334],[-80.1917595399151,25.7633129804605],[-80.1917587538892,25.7633160587826],[-80.1917385551416,25.7633150183736],[-80.1917186791461,25.7633116164522],[-80.1917204191828,25.7633047947929],[-80.1917163210685,25.7633039372313],[-80.1917284052057,25.7632565836425],[-80.1917043617971,25.7632515523428],[-80.1917142468585,25.7632217973664],[-80.191722149338,25.7631931936195],[-80.1917292810631,25.7631948076166],[-80.1917346781413,25.7631752721826],[-80.191728619903,25.7631739000826],[-80.1917302403052,25.763152513656],[-80.1917356420336,25.7631316368055],[-80.1917471943681,25.7631340557798],[-80.1917491320342,25.7631264663488],[-80.1917377189385,25.7631240789262],[-80.1917432562227,25.7631032877445],[-80.1917531987075,25.7630838721649],[-80.1917580675763,25.7630848915324],[-80.1917699379145,25.7630383760032],[-80.1917640189151,25.7630371381993],[-80.1917656591536,25.7630201434894],[-80.1917692210589,25.7630033890256],[-80.1917928135132,25.7630083289163],[-80.1918044709507,25.7629626506956],[-80.1918098635373,25.7629637954627],[-80.1918121174104,25.7629549609348],[-80.1918499221108,25.7629659199562],[-80.1918485800277,25.7629711794124],[-80.1918871644658,25.7629792534579],[-80.1918885424815,25.7629738548501],[-80.1919089466251,25.7629750857602],[-80.1919290750178,25.7629783385267],[-80.1919486814141,25.762983573356],[-80.1919675259545,25.7629907262063],[-80.1919662314822,25.7629957987772],[-80.1920055184028,25.7630040200631],[-80.1920065038546,25.7630001569811],[-80.1920462893403,25.7630042732871],[-80.1920442851989,25.7630121313214],[-80.1926725561288,25.7631433368743],[-80.1926592547744,25.7631954685869],[-80.1926525829868,25.7631940730255],[-80.1926470673309,25.7632156868313],[-80.1926664745343,25.7632197464984],[-80.1926649599747,25.7632256839028],[-80.1926755223659,25.7632278941478],[-80.1926031720529,25.7635114637149],[-80.1925906468429,25.7635088424935],[-80.1925872018038,25.7635223442101],[-80.1926049956329,25.7635260665059],[-80.1925946551257,25.7635665951068],[-80.1925772125378,25.763562946433],[-80.1925731287965,25.7635789496286],[-80.1925905713844,25.7635825983019],[-80.1925804096419,25.7636224278918],[-80.1925557347177,25.7636172655466],[-80.1925524073579,25.7636303093466],[-80.1925424944487,25.7636282350241],[-80.1925340898109,25.7636611774293],[-80.1925188471972,25.7636579882807],[-80.192497503226,25.7637416431333],[-80.1924700695755,25.763735905582],[-80.1924539780539,25.7637267369873]]]},"properties":{"OBJECTID":862240,"UNIQUEID":null,"SOURCE":null,"YEARUPDATE":2023,"TYPE":null,"HEIGHT":null,"GlobalID":"548d6f98-70f2-4f91-8bb1-9dc0addcc3cd","Shape__Area":6169.377494573593,"Shape__Length":387.4211785597576}},{"type":"Feature","id":862241,"geometry":{"type":"Polygon","coordinates":[[[-80.1921343314246,25.7636973591322],[-80.1925589965005,25.7637896655857],[-80.1924084065195,25.7643577438591],[-80.1919837396471,25.7642654370383],[-80.1921343314246,25.7636973591322]]]},"properties":{"OBJECTID":862241,"UNIQUEID":null,"SOURCE":null,"YEARUPDATE":2023,"TYPE":null,"HEIGHT":null,"GlobalID":"b88a0105-5999-4bff-8260-f9dccc657ede","Shape__Area":3510.74609375,"Shape__Length":241.64558038642357}},{"type":"Feature","id":862242,"geometry":{"type":"Polygon","coordinates":[[[-80.1934750418334,25.7672693967143],[-80.1934727735873,25.7671690305326],[-80.1934600875788,25.7671692651408],[-80.1934568796949,25.7670272866071],[-80.1932351090075,25.7670313954925],[-80.1932409633282,25.7672904289209],[-80.1930446131667,25.7672940669632],[-80.193048908012,25.7674841996193],[-80.1932379324125,25.7674724757086],[-80.1932444354981,25.7674737127547],[-80.193249860857,25.7674771705599],[-80.1932533190459,25.7674822822453],[-80.1932542431231,25.7674882097919],[-80.1932784347537,25.7682349206611],[-80.1932768521324,25.768241563019],[-80.1932720337695,25.7682467901951],[-80.1932650752555,25.7682494136439],[-80.1932575588048,25.7682488368503],[-80.1931601077661,25.7682458897119],[-80.1931603458197,25.7682394315711],[-80.1925763905794,25.768250248532],[-80.1925770059253,25.7682775146147],[-80.1922536528472,25.7682835027323],[-80.1922266881173,25.7675054841934],[-80.1925632670914,25.7674923801448],[-80.1925637054692,25.767501609123],[-80.1927901518877,25.7674974153097],[-80.1927857860754,25.7673041931302],[-80.192529457199,25.7673089411105],[-80.1925291607549,25.7672958475571],[-80.1924170150749,25.7672979242425],[-80.1924173393667,25.767312262836],[-80.1923066768052,25.7673143120153],[-80.1923064324634,25.7673035338008],[-80.1922257475812,25.76730502882],[-80.1922211518002,25.7671015466599],[-80.1921645013435,25.7672138293765],[-80.1921649783489,25.7672349376384],[-80.1921177970335,25.7672358105425],[-80.1921148110335,25.7671036225397],[-80.1920409111267,25.7671049913583],[-80.192039569942,25.7670455755552],[-80.1920929361581,25.7670445861544],[-80.1920923163205,25.7670171021689],[-80.1920413998102,25.7670180446481],[-80.1920285476134,25.7667822158874],[-80.1922005651089,25.766774528801],[-80.1921917095168,25.7666120368484],[-80.1922157268743,25.7666109633083],[-80.1922131046919,25.7665628505805],[-80.1926201771612,25.7665446602558],[-80.1926189365878,25.7664897260248],[-80.1929933418218,25.7664827912882],[-80.1929948590764,25.7665499187445],[-80.1927633210068,25.766554208053],[-80.1927637791476,25.7665744944902],[-80.1930438181577,25.7665693055765],[-80.1930433743899,25.7665496485391],[-80.1930907497414,25.766548769967],[-80.1930911575765,25.7665667952554],[-80.1932015946609,25.7665647501081],[-80.19320272025,25.7666145285616],[-80.1932250954871,25.7666141135458],[-80.1932286644937,25.7667720961479],[-80.193209521395,25.7667724504884],[-80.1932100352314,25.7667951533611],[-80.1934670252679,25.7667903932252],[-80.1934658412883,25.7667379864144],[-80.1934498629543,25.7667382825073],[-80.1934454369549,25.7665424177126],[-80.1934997841313,25.7665414113187],[-80.1934993960591,25.7665242152498],[-80.1936967720967,25.766520558577],[-80.1936970559643,25.766533110187],[-80.1940636781947,25.7665263162187],[-80.1940631194426,25.7665015487303],[-80.1941727219921,25.7664995173349],[-80.1941729968766,25.7665117332128],[-80.1949183955431,25.7664979179447],[-80.194922831424,25.7666940991307],[-80.194944069394,25.7666937051491],[-80.1949383974313,25.7664427951953],[-80.1950111654609,25.766441446594],[-80.1950114807695,25.7664553921174],[-80.1951604645628,25.7664526301952],[-80.1951753453912,25.7664582316465],[-80.1951889282898,25.7664660635663],[-80.1952008049889,25.7664758905454],[-80.1952106185029,25.7664874172074],[-80.1952180738607,25.7665002970877],[-80.1952229469721,25.7665141430473],[-80.1952250913627,25.766528538909],[-80.1952244425773,25.7665430519673],[-80.195230231321,25.7667990600054],[-80.1951791854533,25.7668000065313],[-80.1951798322403,25.7668286029371],[-80.1951070740922,25.766829951534],[-80.1951074208419,25.7668452925303],[-80.195088502322,25.7668456420167],[-80.1950957148954,25.7671646563018],[-80.1951358731819,25.7671639128363],[-80.1951363924081,25.7671869206248],[-80.1951043342306,25.7671875152353],[-80.1951057311109,25.7672493085992],[-80.1949543003068,25.7672521149975],[-80.1949461831299,25.7668931511189],[-80.1949307734295,25.7668934366945],[-80.1949377443561,25.7672021782486],[-80.194943921172,25.7672020641804],[-80.1949445356196,25.767229318369],[-80.1947349658504,25.7672395448567],[-80.1947348427812,25.7672341197459],[-80.1946170431047,25.7672363040285],[-80.1946168751198,25.7672289462319],[-80.1945724974464,25.7672297681694],[-80.1945729340276,25.7672490521483],[-80.1944609419595,25.7672511280255],[-80.1944606652784,25.7672389025158],[-80.1944430043999,25.7672392301582],[-80.1944432819793,25.7672514548589],[-80.1944166253716,25.7672519491538],[-80.194416390013,25.7672415188009],[-80.1943905068547,25.767241997725],[-80.1943907422133,25.767252428887],[-80.1943235203823,25.7672536739278],[-80.1943232850237,25.7672432403391],[-80.1942821906927,25.7672440024109],[-80.1942824260513,25.7672544359997],[-80.1942410990566,25.7672552021164],[-80.1942415589941,25.7672755539623],[-80.1941801151269,25.7672766922158],[-80.1941799255824,25.7672683094272],[-80.1941585034578,25.7672687058339],[-80.1941586543748,25.7672753727478],[-80.1941247824987,25.7672760005266],[-80.1941243611888,25.7672573661738],[-80.1940490805714,25.7672587608785],[-80.1940488371279,25.7672479947938],[-80.1940253336068,25.7672484308413],[-80.194025576152,25.7672591961169],[-80.1939423211898,25.7672607396763],[-80.1939421532048,25.7672533365776],[-80.1939183478498,25.767253777479],[-80.1939185149364,25.7672611805777],[-80.193555827327,25.7672679008855],[-80.193556072567,25.767278710654],[-80.1934842989725,25.767280040639],[-80.193484055529,25.7672692300616],[-80.1934750418334,25.7672693967143]]]},"properties":{"OBJECTID":862242,"UNIQUEID":null,"SOURCE":null,"YEARUPDATE":2023,"TYPE":null,"HEIGHT":null,"GlobalID":"8e776ef8-70d1-4388-9787-d78cbf78026f","Shape__Area":41173.76767742634,"Shape__Length":1747.1996261225372}},{"type":"Feature","id":862243,"geometry":{"type":"Polygon","coordinates":[[[-80.194105813673,25.764578568653],[-80.1941054058379,25.7645680207584],[-80.1941254840828,25.7645673832572],[-80.194125891918,25.7645779311518],[-80.1941577416864,25.7645769206962],[-80.1941574084114,25.7645683184748],[-80.1941771560763,25.7645676914907],[-80.1941774884529,25.7645762937122],[-80.1941965686696,25.7645756893805],[-80.1941961707159,25.7645654036054],[-80.1942159947376,25.7645647741943],[-80.1942163926913,25.7645750607784],[-80.19424449379,25.7645741692475],[-80.194244075175,25.7645633697499],[-80.19426581171,25.7645626796628],[-80.1942662285283,25.7645734799695],[-80.1942780261029,25.7645731053971],[-80.1942775976065,25.7645620421615],[-80.1943005522569,25.7645613140509],[-80.1942997815024,25.7645413767628],[-80.1944111231903,25.7645378446168],[-80.1944122110501,25.7645659488794],[-80.1950227806774,25.7645465770914],[-80.1950223899103,25.7645364628243],[-80.1951162413996,25.7645334848513],[-80.1951438636962,25.765292617192],[-80.1950146383477,25.7652967172384],[-80.1950142565637,25.7652868360293],[-80.1949778056244,25.7652879937181],[-80.1949774076707,25.7652776910156],[-80.1949130263126,25.765279734567],[-80.1949137467615,25.7652983328249],[-80.194736073473,25.7653039699839],[-80.1947357482829,25.7652955627857],[-80.1947199415271,25.7652960643699],[-80.194720944047,25.7653219631011],[-80.1947099360915,25.7653223117829],[-80.1947102163659,25.7653295362116],[-80.194692226704,25.7653301081792],[-80.194691910497,25.7653219016166],[-80.1946784411576,25.765322329581],[-80.1946787591613,25.7653305612229],[-80.1946593492629,25.7653311760679],[-80.1946591085144,25.7653249491444],[-80.1946493626919,25.7653252573759],[-80.1946496106269,25.765331681697],[-80.1946289224259,25.7653323378013],[-80.1946286753892,25.7653259142892],[-80.1941529779204,25.7653410054969],[-80.1941532258554,25.7653474071649],[-80.1941342112158,25.7653480114927],[-80.1941339632808,25.7653416073977],[-80.1941177855208,25.7653421203078],[-80.1941180514221,25.7653489920085],[-80.1941012062139,25.7653495267618],[-80.1941015691333,25.7653589241799],[-80.1939531602618,25.7653636317877],[-80.1939528494447,25.7653555991637],[-80.1938842046823,25.7653577770089],[-80.1938814252948,25.7652859315596],[-80.1938505070794,25.7652869128849],[-80.193851389225,25.7653097325386],[-80.1938081856497,25.765311102187],[-80.1938086967911,25.7653243019391],[-80.193737713714,25.7653265534044],[-80.1937372034709,25.7653133536525],[-80.1936959582229,25.7653146626253],[-80.1936953024528,25.7652977139347],[-80.1936431920815,25.7652993659265],[-80.1936275362427,25.7653040646377],[-80.1936151790617,25.7653142318491],[-80.1936084829755,25.7653280468306],[-80.1936091836614,25.7653461240807],[-80.1935856433094,25.7653468716027],[-80.1935864329285,25.765367259372],[-80.1934228578001,25.7653724475292],[-80.1934220690793,25.7653520597608],[-80.1933982466563,25.7653528153728],[-80.1933931702766,25.7652215661485],[-80.1933778306448,25.7652220531709],[-80.193375053054,25.7651502254376],[-80.1934629478146,25.7651474384058],[-80.1934633457683,25.7651577403106],[-80.1936103936921,25.765153078808],[-80.1936085575357,25.7651056102687],[-80.1935801896373,25.7651065098857],[-80.193578134292,25.7650533467175],[-80.193552515365,25.7650384230306],[-80.1935306879736,25.765019223546],[-80.1934491532851,25.7650218099467],[-80.1934458492815,25.7649363786029],[-80.1935309790277,25.7649336805571],[-80.1935699874706,25.7649008477213],[-80.1935460761144,25.7649016065721],[-80.1935449047113,25.76487132858],[-80.1935683381638,25.7648705859091],[-80.1935674910525,25.7648486868242],[-80.1935948267866,25.7648478195656],[-80.1935932691079,25.7648075430043],[-80.1935545319562,25.7648087710816],[-80.1935541905963,25.7647999439721],[-80.1934479315763,25.7648033118814],[-80.1934481633417,25.7648093026013],[-80.1933712019764,25.7648117433847],[-80.1933642157784,25.7646310079687],[-80.193380130425,25.7646088107466],[-80.1934005759878,25.7645898608373],[-80.1936442368221,25.7645821331584],[-80.1936434409148,25.7645615745527],[-80.1937350780569,25.7645586677734],[-80.1937358730659,25.7645792263795],[-80.1938001520161,25.7645771876701],[-80.1938324895697,25.7646063541555],[-80.1938332558326,25.764626173317],[-80.1938450596954,25.7646257987447],[-80.1938484086148,25.7647123726352],[-80.1938922580788,25.7647109819458],[-80.1938880350986,25.7646018083199],[-80.1939083549904,25.7645815708953],[-80.1939999139791,25.7645786665434],[-80.1939984245723,25.7645401996505],[-80.1940707676988,25.7645379061017],[-80.1940720729509,25.7645716410859],[-80.1940908522319,25.7645710448443],[-80.1940911621507,25.7645790330257],[-80.194105813673,25.764578568653]],[[-80.1939360006433,25.7651413959265],[-80.1939346262209,25.7651058562071],[-80.1939005621053,25.7651069362329],[-80.1939012376384,25.765124422941],[-80.1938154359524,25.7651271444437],[-80.193815038897,25.7651168724696],[-80.1937817239764,25.765117929034],[-80.193781346684,25.7651081643072],[-80.1936588533102,25.7651120483548],[-80.1936603265472,25.7651501372558],[-80.1939360006433,25.7651413959265]],[[-80.1942419255066,25.7649284770095],[-80.1942402851829,25.7648860743984],[-80.1942593959422,25.7648723357971],[-80.1942069019903,25.7648067032518],[-80.1941959380522,25.7648174177813],[-80.1941428395341,25.764772860736],[-80.1941422996466,25.7647589077338],[-80.194134716069,25.7647591480099],[-80.1941350430558,25.7647676094497],[-80.1941128106508,25.7647683140978],[-80.1941125052236,25.7647604084481],[-80.1940948703963,25.7647609666653],[-80.1940954030972,25.76477473764],[-80.1939703522198,25.7647787042175],[-80.1939720060182,25.7648214474602],[-80.1940678005635,25.7649034333155],[-80.1940688515924,25.7649305755795],[-80.1941068485323,25.7649293701557],[-80.194109215593,25.7649905547025],[-80.1940712186531,25.7649917593167],[-80.1940723451405,25.7650208625975],[-80.1939850028437,25.7651078220967],[-80.1939863287571,25.7651420892462],[-80.1940760273348,25.7651392431566],[-80.1941705660354,25.7651362433555],[-80.1942091118459,25.7651005798564],[-80.1942195251167,25.7651098074025],[-80.1942630826282,25.7650420060368],[-80.1942458340764,25.7650294526511],[-80.1942442045325,25.7649873672075],[-80.1942323539572,25.7649877433967],[-80.1942300749314,25.7649288531988],[-80.1942419255066,25.7649284770095]],[[-80.1939029570139,25.764793176602],[-80.1939024252112,25.7647794161466],[-80.1938382046516,25.7647814516165],[-80.1938385630794,25.7647907188289],[-80.193734032418,25.7647940349618],[-80.1937350475143,25.7648202598335],[-80.1936608996724,25.7648226116256],[-80.1936614090171,25.7648357725996],[-80.1937687684734,25.7648323666678],[-80.1937684630462,25.7648244780117],[-80.1938005885974,25.7648234594681],[-80.1938001636942,25.7648124771569],[-80.1938888552605,25.7648096634198],[-80.1938895819976,25.7648284389245],[-80.1939246414465,25.7648273265358],[-80.1939232966685,25.7647925318208],[-80.1939029570139,25.764793176602]]]},"properties":{"OBJECTID":862243,"UNIQUEID":null,"SOURCE":null,"YEARUPDATE":2023,"TYPE":null,"HEIGHT":null,"GlobalID":"003e6ac5-92c3-4376-a7ec-e5b885e9e94f","Shape__Area":16364.25753030181,"Shape__Length":1094.4304850762824}},{"type":"Feature","id":862244,"geometry":{"type":"Polygon","coordinates":[[[-80.1924587813457,25.7653613746601],[-80.1924509925838,25.765348822089],[-80.1924478528708,25.765334723366],[-80.192449664689,25.7653204367719],[-80.1924562534865,25.7653073386878],[-80.1924628026521,25.7653000878568],[-80.1924708482754,25.7652941835475],[-80.1924800561073,25.7652898710499],[-80.1924900436159,25.7652873295234],[-80.1924852484089,25.7651847870536],[-80.1925517461978,25.7651822370618],[-80.1925482436666,25.7651073245568],[-80.1926901101078,25.7651018839774],[-80.192694031254,25.7651857311654],[-80.1927235337246,25.7651845993639],[-80.1927232121277,25.7651776993384],[-80.1927363005814,25.7651771969447],[-80.192735521742,25.7651605491854],[-80.1927578610465,25.7651504932192],[-80.1927840951768,25.7651336859347],[-80.1928071148382,25.7651134154062],[-80.1928263621291,25.7650901729062],[-80.1928413705744,25.7650645217356],[-80.1928517764313,25.7650370835717],[-80.1928573275047,25.7650085234014],[-80.1928578892595,25.7649795334051],[-80.192853448081,25.7649508161807],[-80.192852000895,25.7649445180444],[-80.1928447528184,25.7649242928418],[-80.1928338755296,25.7649054326401],[-80.1928196711625,25.7648884613118],[-80.1928025342656,25.7648738502631],[-80.1928012038607,25.764845383637],[-80.192822921531,25.7648445503569],[-80.1928212066471,25.7648078755075],[-80.1928401637945,25.7648071482074],[-80.1928418786784,25.764843823866],[-80.1928520934215,25.7648434323053],[-80.192847157179,25.7647379284733],[-80.1928381389919,25.7647382739208],[-80.1928311941164,25.7645897791272],[-80.1930831068749,25.7645775622425],[-80.1930855844285,25.7646305444052],[-80.193137538493,25.7646285356301],[-80.1931471612463,25.7648342904935],[-80.193075938319,25.7648370217109],[-80.1930781571577,25.7648844442441],[-80.1930652097395,25.7648962355582],[-80.1930947499393,25.7649099498865],[-80.1930835732415,25.7649221536504],[-80.1930750121559,25.7649359668172],[-80.1930689170867,25.7649525539323],[-80.193094501106,25.764975168162],[-80.1930713802672,25.7649961255374],[-80.1930786490768,25.7650123857647],[-80.1930883090464,25.7650276029919],[-80.1931001801752,25.7650414936661],[-80.19311404126,25.7650537989532],[-80.1931193053876,25.7651663457254],[-80.1931536461843,25.7651650294699],[-80.1931625646584,25.7653557261778],[-80.1931157354827,25.7653575229809],[-80.193116747884,25.765379163899],[-80.1929714220306,25.7653847371427],[-80.1929709629915,25.7653749133803],[-80.1928710415858,25.7653787448338],[-80.1928705088848,25.7653673710149],[-80.1927877273348,25.7653705447465],[-80.1927883687319,25.76538425902],[-80.1926855511577,25.7653882021161],[-80.1926848693364,25.7653736197793],[-80.1926086068604,25.7653765435279],[-80.1926095141588,25.7653959475407],[-80.1924785137392,25.7654009706594],[-80.1924772803523,25.7653746059579],[-80.1924671681502,25.7653689685627],[-80.1924587813457,25.7653613746601]],[[-80.1928117033697,25.7651558787838],[-80.1929020640058,25.7651524138036],[-80.1929206007417,25.7651370620715],[-80.1929213948524,25.7651101528489],[-80.1928549734203,25.7651127020333],[-80.1928348551988,25.7651355232734],[-80.1928117033697,25.7651558787838]],[[-80.1930019288176,25.7651070616292],[-80.1930042338946,25.7651563083669],[-80.1930856796498,25.765153181552],[-80.1930833736745,25.765103935622],[-80.1930019288176,25.7651070616292]]]},"properties":{"OBJECTID":862244,"UNIQUEID":null,"SOURCE":null,"YEARUPDATE":2023,"TYPE":null,"HEIGHT":null,"GlobalID":"cbf6658a-83b2-4ce2-b5ba-e74da4a9165d","Shape__Area":4242.301633001305,"Shape__Length":472.2064758198636}},{"type":"Feature","id":862245,"geometry":{"type":"Polygon","coordinates":[[[-80.1926009460276,25.7648575786508],[-80.1927911041019,25.7648510103004],[-80.1927949147553,25.7649414559447],[-80.1927083503996,25.7649438214875],[-80.1925574001942,25.7649878380507],[-80.1925422024962,25.7649465292412],[-80.1925565153537,25.7648917795337],[-80.192590342314,25.7648854627871],[-80.1925865208808,25.7648686823093],[-80.1926009460276,25.7648575786508]]]},"properties":{"OBJECTID":862245,"UNIQUEID":null,"SOURCE":null,"YEARUPDATE":2023,"TYPE":null,"HEIGHT":null,"GlobalID":"169cc7fc-e96c-4f89-9e24-809fdd79753e","Shape__Area":328.99609375,"Shape__Length":80.08212446354563}},{"type":"Feature","id":862246,"geometry":{"type":"Polygon","coordinates":[[[-80.1941468801562,25.7662649463483],[-80.1941410635648,25.7661148225181],[-80.1938917792768,25.7661231382411],[-80.1938851173707,25.7659593841624],[-80.1939097491757,25.765958562216],[-80.1939086325698,25.7659311095301],[-80.194133653362,25.7659236044142],[-80.1941329778289,25.765906167173],[-80.1934262642117,25.7659286194206],[-80.193414819675,25.7656332862309],[-80.1934155606955,25.7656185266495],[-80.1934191326314,25.7656041064289],[-80.1934254272409,25.7655904625505],[-80.1934342537763,25.76557800847],[-80.1934453447639,25.7655671215882],[-80.1934583641096,25.7655581318147],[-80.1934729172833,25.7655513115704],[-80.193488563275,25.765546867532],[-80.194578417344,25.76551223402],[-80.1945881838277,25.7658922604172],[-80.1947397907016,25.7658890648564],[-80.1947489589074,25.7662457770876],[-80.1941468801562,25.7662649463483]]]},"properties":{"OBJECTID":862246,"UNIQUEID":null,"SOURCE":null,"YEARUPDATE":2023,"TYPE":null,"HEIGHT":null,"GlobalID":"73dffa1d-b7ec-4243-a17a-a5a52cf40645","Shape__Area":9695.27452325821,"Shape__Length":526.2674212037374}},{"type":"Feature","id":862247,"geometry":{"type":"Polygon","coordinates":[[[-80.195141586467,25.7655073557179],[-80.1951503980416,25.7658499536127],[-80.1950910634188,25.7658512027133],[-80.1950911658267,25.7658552129411],[-80.194739110677,25.7658626331161],[-80.1947397907016,25.7658890648564],[-80.1945881838277,25.7658922604172],[-80.1945787515172,25.7655252436336],[-80.195141586467,25.7655073557179]]]},"properties":{"OBJECTID":862247,"UNIQUEID":null,"SOURCE":null,"YEARUPDATE":2023,"TYPE":null,"HEIGHT":null,"GlobalID":"6570a6af-b76b-4649-842b-3360cbf53f95","Shape__Area":2715.111328125,"Shape__Length":216.88517674149278}},{"type":"Feature","id":862248,"geometry":{"type":"Polygon","coordinates":[[[-80.1947982907896,25.7659029538145],[-80.1951726214634,25.7658950652295],[-80.1951856802727,25.7662319318556],[-80.1948070538552,25.766243965736],[-80.1947982907896,25.7659029538145]]]},"properties":{"OBJECTID":862248,"UNIQUEID":null,"SOURCE":null,"YEARUPDATE":2023,"TYPE":null,"HEIGHT":null,"GlobalID":"49e2153e-cc52-40a7-892e-c85ceb438fab","Shape__Area":1757.33203125,"Shape__Length":167.68510117404716}},{"type":"Feature","id":862249,"geometry":{"type":"Polygon","coordinates":[[[-80.1937935422123,25.7659656862898],[-80.1937944054933,25.7659982931195],[-80.193836886823,25.7659973708572],[-80.1938402258609,25.7661235338427],[-80.1935890083985,25.7661289848922],[-80.1935904016855,25.7661816524702],[-80.1934130293326,25.7661855000777],[-80.193407850545,25.7659898325764],[-80.1934320304975,25.7659643668071],[-80.1935036648532,25.7659628127139],[-80.1935039065,25.7659719706188],[-80.1937935422123,25.7659656862898]]]},"properties":{"OBJECTID":862249,"UNIQUEID":null,"SOURCE":null,"YEARUPDATE":2023,"TYPE":null,"HEIGHT":null,"GlobalID":"e1817c0b-5799-486a-a07c-6a374dcc07d5","Shape__Area":1054.31640625,"Shape__Length":148.29292388988378}},{"type":"Feature","id":862250,"geometry":{"type":"Polygon","coordinates":[[[-80.1931633596674,25.7655800626233],[-80.193187303363,25.7662047259781],[-80.1931679473636,25.7662053335375],[-80.1931704949857,25.7662718188046],[-80.1931661881856,25.7662852406832],[-80.1931571538304,25.7662965982346],[-80.1931444281403,25.7663045887742],[-80.1931294707233,25.7663082958057],[-80.1922578964886,25.7663236514314],[-80.1922442444882,25.7663186539408],[-80.1922318546389,25.7663114683578],[-80.1922211546122,25.7663023427134],[-80.1922125137503,25.766291592005],[-80.1922062303177,25.7662795873241],[-80.192202521205,25.7662667430465],[-80.1922015144432,25.7662535025294],[-80.1922032447833,25.7662403228075],[-80.1923216517209,25.7657390530023],[-80.1923377153948,25.7657421644308],[-80.1923512592944,25.765684823041],[-80.1923282291854,25.7656839064393],[-80.1923319922281,25.7656064677294],[-80.1923365696779,25.7655923886611],[-80.1923439447535,25.7655793081432],[-80.1923538657551,25.7655676725937],[-80.1923659940948,25.7655578791158],[-80.1923799158514,25.765550261946],[-80.1923951558974,25.7655450810466],[-80.1924111941142,25.7655425132339],[-80.1924274831429,25.7655426461435],[-80.1927236558954,25.7655333385395],[-80.19272906555,25.7656745058109],[-80.19275901089,25.7656735633211],[-80.1927548552835,25.7655651510451],[-80.1931218673827,25.7655536170611],[-80.193135024597,25.7655558414454],[-80.1931469451782,25.7655613277951],[-80.1931566547514,25.7655696276617],[-80.1931633596674,25.7655800626233]]]},"properties":{"OBJECTID":862250,"UNIQUEID":null,"SOURCE":null,"YEARUPDATE":2023,"TYPE":null,"HEIGHT":null,"GlobalID":"04676de1-79cf-4615-a1f6-7975a45ec9f7","Shape__Area":9399.876272115856,"Shape__Length":417.9194367193043}},{"type":"Feature","id":862251,"geometry":{"type":"Polygon","coordinates":[[[-80.1923627828829,25.7625647508315],[-80.1923451220044,25.7626322178667],[-80.1923525187324,25.7626338051737],[-80.1922917198556,25.7628660776191],[-80.1922850929838,25.7628646561651],[-80.1922836215434,25.7628702772592],[-80.1922470861625,25.762862435396],[-80.1922485576029,25.7628568143015],[-80.1922113260276,25.7628488227681],[-80.1922098545872,25.762854444672],[-80.1921444760991,25.76284041216],[-80.1921459475396,25.7628347902554],[-80.1921105494258,25.762827192715],[-80.192109310649,25.7628319287391],[-80.1920423412446,25.7628175556255],[-80.1920437390232,25.762812212024],[-80.1920093416326,25.7628048296825],[-80.1920079420574,25.7628101781384],[-80.1919405773942,25.7627957192656],[-80.1919420164954,25.7627902227577],[-80.1919054209273,25.7627823679449],[-80.1919039126559,25.762788131431],[-80.1918682845735,25.7627804845372],[-80.1918695961138,25.76277547587],[-80.1918652581492,25.7627745446834],[-80.1918667295897,25.7627689227758],[-80.1918605213327,25.7627675903132],[-80.1918682863701,25.7627379242082],[-80.1918744955253,25.762739256671],[-80.1918835146108,25.7627048019433],[-80.1918773072521,25.7627034694801],[-80.1919022274164,25.7626082739625],[-80.191908984544,25.7626097237354],[-80.1919173236048,25.7625778707955],[-80.1919112303322,25.7625765626016],[-80.1919192945085,25.7625457589589],[-80.1919253850861,25.7625470663442],[-80.1919270496644,25.7625407106396],[-80.1919324727937,25.7625418740183],[-80.1919336163491,25.7625375052803],[-80.1919691968209,25.7625451424815],[-80.1919676409388,25.762551089628],[-80.1920030812734,25.7625586952763],[-80.1920046371554,25.7625527489392],[-80.1920682001483,25.762566391535],[-80.1920666442662,25.7625723386804],[-80.1921009599101,25.7625797040469],[-80.1921025175888,25.7625737569018],[-80.1921736938037,25.7625890345351],[-80.1921721370233,25.7625949816794],[-80.1922070958609,25.7626024845788],[-80.1922086526413,25.7625965374348],[-80.1922763631559,25.7626110699532],[-80.1922748072738,25.7626170170963],[-80.1923092459868,25.7626244083488],[-80.1923268781192,25.7625570440554],[-80.1923627828829,25.7625647508315]]]},"properties":{"OBJECTID":862251,"UNIQUEID":null,"SOURCE":null,"YEARUPDATE":2023,"TYPE":null,"HEIGHT":null,"GlobalID":"87c7a724-31f5-48bb-815b-99868e793f7e","Shape__Area":1528.9296875,"Shape__Length":190.894357779314}},{"type":"Feature","id":862279,"geometry":{"type":"Polygon","coordinates":[[[-80.1947450350663,25.7633686515608],[-80.19406897017,25.7633852356588],[-80.1940619174967,25.7631494320417],[-80.1940578948408,25.7630150017326],[-80.194329363923,25.7630083426697],[-80.1943253798948,25.762875202593],[-80.1950089385372,25.7628584299212],[-80.195011337039,25.7629385523346],[-80.1950486422761,25.7629376373298],[-80.1950561971077,25.7631900983048],[-80.1950484562674,25.7632196671368],[-80.195036026312,25.763247908971],[-80.1950191711454,25.763274224198],[-80.1949982486248,25.7632980541126],[-80.1949737029622,25.7633188927768],[-80.1949460552939,25.7633362977602],[-80.1949158926158,25.7633498995343],[-80.1948838553204,25.7633594093169],[-80.1947894262144,25.7633617255411],[-80.1947882817607,25.7633234928697],[-80.1947437172378,25.763324586665],[-80.1947450350663,25.7633686515608]]]},"properties":{"OBJECTID":862279,"UNIQUEID":null,"SOURCE":null,"YEARUPDATE":2023,"TYPE":null,"HEIGHT":null,"GlobalID":"f4f783e3-dbba-46f2-a285-73a23bfe24d5","Shape__Area":6171.335897311568,"Shape__Length":344.8830615038132}},{"type":"Feature","id":862281,"geometry":{"type":"Polygon","coordinates":[[[-80.1937379706322,25.7619816111789],[-80.193820019157,25.7619792374867],[-80.1938341119271,25.762378558346],[-80.1937773617574,25.762380199052],[-80.1937520634024,25.7623809320302],[-80.1937538896773,25.762432676554],[-80.1937541483921,25.7624400103771],[-80.1937541744433,25.7624407692437],[-80.1936984375731,25.762442381633],[-80.1936981492139,25.7624342096588],[-80.1935663798365,25.762437941697],[-80.1935666699923,25.7624461994277],[-80.1935203169237,25.762447537557],[-80.1934948281258,25.7624482745798],[-80.1934420179669,25.7624498036393],[-80.1934426342112,25.7624672397701],[-80.1932892890972,25.762471677278],[-80.1932777770564,25.7624617244494],[-80.1932679801061,25.7624503797812],[-80.1932601032952,25.7624378807153],[-80.1932543114841,25.7624244888549],[-80.1932507258944,25.7624104844894],[-80.1932494215721,25.7623961607278],[-80.1932504258163,25.7623818173644],[-80.1932537176086,25.7623677546035],[-80.1932461519973,25.7621534068221],[-80.1932553237963,25.7621102225073],[-80.1932817315707,25.7619858885171],[-80.1933136154751,25.7619914416943],[-80.1933157534655,25.7619825561252],[-80.1933002557302,25.7619794971851],[-80.1933141257182,25.7619218530189],[-80.1933296252501,25.7619249111514],[-80.1933334062591,25.7619091973655],[-80.193314116735,25.761905391689],[-80.1933254148463,25.7618584388213],[-80.1933546145846,25.7618648746564],[-80.1933600134595,25.7618528103981],[-80.1933480829342,25.7618484327353],[-80.1933674479168,25.7618051447537],[-80.1933793793404,25.761809522418],[-80.1933929744439,25.7617943158791],[-80.1933858472105,25.761789089541],[-80.1933838017465,25.7617875904072],[-80.1933877022315,25.7617832281136],[-80.1934132458266,25.7617546579995],[-80.1934227517989,25.7617616269915],[-80.1934415517412,25.7617481315469],[-80.1934342789807,25.7617398227987],[-80.1934708817352,25.7617135462776],[-80.1934799062106,25.7617238549526],[-80.1934925499982,25.7617147792411],[-80.1935486434995,25.7617131571336],[-80.193548918384,25.7617209489127],[-80.193728587729,25.7617157492695],[-80.1937436911038,25.7617153123926],[-80.1937450008475,25.7617524186019],[-80.1937298974727,25.7617528546696],[-80.1937379706322,25.7619816111789]]]},"properties":{"OBJECTID":862281,"UNIQUEID":null,"SOURCE":null,"YEARUPDATE":2023,"TYPE":null,"HEIGHT":null,"GlobalID":"363dc4b7-b0be-42c6-ae32-fee8cadc0639","Shape__Area":4989.324743628502,"Shape__Length":318.586330544922}},{"type":"Feature","id":862284,"geometry":{"type":"Polygon","coordinates":[[[-80.1948745739269,25.7617616844327],[-80.1948737088493,25.7617390687818],[-80.1949549632633,25.7617365203341],[-80.1949552767754,25.7617447303807],[-80.1950080258489,25.7617430775304],[-80.1950096410198,25.7617853639547],[-80.1950024383278,25.7617855896743],[-80.195004119974,25.7618295596756],[-80.1950180636238,25.7618291203721],[-80.195039441731,25.7623880110131],[-80.1949089677241,25.7623921038785],[-80.1949097339871,25.7624121240483],[-80.1948527511537,25.7624139095696],[-80.1948525517277,25.7624086929671],[-80.1948066415285,25.7624101330342],[-80.1948056704496,25.7623847336463],[-80.1947834506211,25.7623854302182],[-80.1947843606145,25.762409209126],[-80.1946436907292,25.7624134743134],[-80.1946411574801,25.7623472247393],[-80.1946277528194,25.7619806201179],[-80.1946130132623,25.761981061848],[-80.1946125560198,25.7619685728609],[-80.1945416484011,25.7619706973723],[-80.1945406117453,25.7619423368419],[-80.1944677547825,25.7619445204129],[-80.194466203392,25.7619020819477],[-80.1945245615461,25.761900252731],[-80.1945242992381,25.76189338973],[-80.1945373616406,25.7618929803609],[-80.1945325736202,25.7617677691537],[-80.1944453058835,25.7617705052959],[-80.1944440742933,25.761738291303],[-80.1946870874423,25.7617306718486],[-80.1946873102245,25.761736491209],[-80.1947880490971,25.7617333319427],[-80.1947892366699,25.7617643598977],[-80.1948745739269,25.7617616844327]]]},"properties":{"OBJECTID":862284,"UNIQUEID":null,"SOURCE":null,"YEARUPDATE":2023,"TYPE":null,"HEIGHT":null,"GlobalID":"f2e88c98-cdca-4a8e-b846-fb92cb66721c","Shape__Area":3955.21484375,"Shape__Length":326.05953809129585}},{"type":"Feature","id":862285,"geometry":{"type":"Polygon","coordinates":[[[-80.1945306970395,25.7623974984676],[-80.1944729174004,25.7623982783692],[-80.1944731222163,25.7624093579869],[-80.1942558143592,25.7624126418252],[-80.1942364053591,25.7624129355018],[-80.1942311304518,25.7624130147864],[-80.1942319640884,25.7624582207473],[-80.194173867344,25.7624590977316],[-80.194173220557,25.7624239568683],[-80.1941731379119,25.7624194950879],[-80.1941689445762,25.7624195581919],[-80.1941580516051,25.7624197224243],[-80.1941574919546,25.7623893815041],[-80.1941418989979,25.7623896177399],[-80.1941423670202,25.7624149580679],[-80.1941141886664,25.7624153836158],[-80.1941143602446,25.7624247408148],[-80.1939290171402,25.762427540855],[-80.1939287961547,25.7624155292405],[-80.1938693869717,25.7624164272598],[-80.193868228145,25.7623534437287],[-80.1938803958255,25.7623532608887],[-80.1938794588826,25.7623023852254],[-80.1938664000733,25.762302581819],[-80.1938652322635,25.7622391815783],[-80.1938621124145,25.7620697856385],[-80.1938898434073,25.7620690251515],[-80.1945536867242,25.7620508082493],[-80.1945544080714,25.7620723850479],[-80.1945553315395,25.7620999567444],[-80.1945453800028,25.762100229387],[-80.194517150445,25.7621010044364],[-80.1945203448541,25.7622519763493],[-80.1945570850509,25.7622512215266],[-80.1945592257362,25.7623673023575],[-80.1945301490671,25.762367740041],[-80.1945306970395,25.7623974984676]]]},"properties":{"OBJECTID":862285,"UNIQUEID":null,"SOURCE":null,"YEARUPDATE":2023,"TYPE":null,"HEIGHT":null,"GlobalID":"08c7905f-58fc-4d5d-bb60-3a08077d3944","Shape__Area":3303.6015625,"Shape__Length":272.06045494361547}},{"type":"Feature","id":862286,"geometry":{"type":"Polygon","coordinates":[[[-80.1935523014394,25.7629851245345],[-80.1934995838069,25.7629860007059],[-80.1935010381793,25.7630330720538],[-80.1934038826864,25.7630355322903],[-80.1934021974469,25.7629876179419],[-80.1933485976689,25.7629885078666],[-80.193347247501,25.762949954702],[-80.1933119356255,25.7629509700256],[-80.1933093035617,25.7628762179172],[-80.1933057695894,25.7627759580483],[-80.1933032174757,25.7627034808064],[-80.1933294446887,25.7627027195144],[-80.193328602069,25.762678666406],[-80.1934135997628,25.7626762231517],[-80.1934127679229,25.7626511255869],[-80.1934720181041,25.7626494177355],[-80.1934728634187,25.7626737443002],[-80.1935543271403,25.7626713892294],[-80.1935551167594,25.7626945613116],[-80.1935812191066,25.7626938242902],[-80.1935838125428,25.762767378349],[-80.1935874453299,25.7628704374458],[-80.19359008997,25.7629454969865],[-80.1935509485765,25.7629466271913],[-80.1935523014394,25.7629851245345]]]},"properties":{"OBJECTID":862286,"UNIQUEID":null,"SOURCE":null,"YEARUPDATE":2023,"TYPE":null,"HEIGHT":null,"GlobalID":"84bd83c3-e604-4815-a830-f63e825d0701","Shape__Area":1221.203125,"Shape__Length":156.87345636386883}},{"type":"Feature","id":862292,"geometry":{"type":"Polygon","coordinates":[[[-80.1950540375577,25.76263797327],[-80.1950544822238,25.7626500487749],[-80.1950620990391,25.7628571241575],[-80.1950177447219,25.762858213912],[-80.1943253798948,25.762875202593],[-80.1943167057624,25.7626393680289],[-80.1949952482123,25.7626189247774],[-80.1949959614746,25.7626383696922],[-80.1950539881504,25.7626366205804],[-80.1950540375577,25.76263797327]]]},"properties":{"OBJECTID":862292,"UNIQUEID":null,"SOURCE":null,"YEARUPDATE":2023,"TYPE":null,"HEIGHT":null,"GlobalID":"c3fe9922-0719-4783-85e5-2281fb49010b","Shape__Area":2398.15625,"Shape__Length":222.92376046104508}},{"type":"Feature","id":862306,"geometry":{"type":"Polygon","coordinates":[[[-80.193866073985,25.7620402924913],[-80.1938566847936,25.7617855743027],[-80.1938993978887,25.7617842871348],[-80.1938985193364,25.7617592921284],[-80.1939553332865,25.7617575850733],[-80.1939564076716,25.7617825703716],[-80.1940017465423,25.7617812039188],[-80.1940085791283,25.7619157958128],[-80.1942437167472,25.7619084368774],[-80.1942401046215,25.7618105887203],[-80.1941220597049,25.7618135465358],[-80.1941209682519,25.7617838292234],[-80.194057487904,25.761785740154],[-80.1940541237132,25.7616941772602],[-80.1941145929083,25.7616923561307],[-80.1942591165661,25.761688001115],[-80.194331059044,25.761685836147],[-80.1943343953869,25.761776632086],[-80.194269991571,25.7617785729508],[-80.1942736405276,25.7618778272286],[-80.1943667509068,25.7618753782945],[-80.1943654761974,25.7618406579542],[-80.1944638498059,25.761837693667],[-80.1944694876326,25.7619919044591],[-80.1943343298099,25.7619959738763],[-80.1943331072028,25.7619626806993],[-80.1942719238471,25.7619645244775],[-80.1942521950468,25.7619651191142],[-80.1942536593008,25.7620221006646],[-80.1942077455083,25.7620234832953],[-80.1942070960263,25.7620058254253],[-80.1940135054893,25.7620116560986],[-80.194014419076,25.7620358242242],[-80.193866073985,25.7620402924913]]]},"properties":{"OBJECTID":862306,"UNIQUEID":null,"SOURCE":null,"YEARUPDATE":2023,"TYPE":null,"HEIGHT":null,"GlobalID":"f6ecd854-16f6-42ec-bd97-ec9ae1ce5031","Shape__Area":1672.537109375,"Shape__Length":333.79589029569985}},{"type":"Feature","id":862335,"geometry":{"type":"Polygon","coordinates":[[[-80.1934340786564,25.7675883508042],[-80.1934308501113,25.7674952464027],[-80.1934161177406,25.7674956662695],[-80.1934154592755,25.7674766695228],[-80.1934301925445,25.767476250465],[-80.193429088515,25.7674444546514],[-80.193735457146,25.7674357426148],[-80.1937398615859,25.7675627235797],[-80.1935437369014,25.7675683015747],[-80.1935440540067,25.767577443176],[-80.1936020950556,25.7675757920249],[-80.1936056847234,25.7676793113077],[-80.1935939212848,25.7676796462298],[-80.1935975989876,25.7677857283019],[-80.1934410774308,25.7677901777457],[-80.1934372128784,25.7676787320705],[-80.193425073944,25.7676790775095],[-80.193421939722,25.7675886962434],[-80.1934340786564,25.7675883508042]]]},"properties":{"OBJECTID":862335,"UNIQUEID":null,"SOURCE":null,"YEARUPDATE":2023,"TYPE":null,"HEIGHT":null,"GlobalID":"36475cbf-a5b0-4dff-8b6d-6e0370bedd0d","Shape__Area":1037.34765625,"Shape__Length":172.6699981694006}},{"type":"Feature","id":862336,"geometry":{"type":"Polygon","coordinates":[[[-80.1935938260634,25.7679913239848],[-80.1934484741589,25.7679943876238],[-80.1934451126631,25.7678636517926],[-80.1935904645676,25.7678605873412],[-80.1935938260634,25.7679913239848]]]},"properties":{"OBJECTID":862336,"UNIQUEID":null,"SOURCE":null,"YEARUPDATE":2023,"TYPE":null,"HEIGHT":null,"GlobalID":"7efd13ef-efe3-4ac4-97ce-4596611fdfde","Shape__Area":261.625,"Shape__Length":64.6994280403895}},{"type":"Feature","id":862393,"geometry":{"type":"Polygon","coordinates":[[[-80.18937537971,25.76574394343],[-80.1886072833112,25.7655781468998],[-80.1886040996818,25.7655902431398],[-80.1884814329331,25.7655637644107],[-80.1884494785654,25.7655628056014],[-80.1884180615155,25.7655574637034],[-80.1883879186693,25.7655478640102],[-80.1883597570262,25.7655342316812],[-80.1883621267819,25.7655252266445],[-80.1882939644148,25.7655105140747],[-80.1884802058345,25.763808547233],[-80.1898069025248,25.7640941873004],[-80.1897924495301,25.7641481024727],[-80.1897316057376,25.7641347286516],[-80.189715613929,25.7641943837619],[-80.1897764577215,25.7642077575763],[-80.1896531980847,25.764667557476],[-80.1895149087349,25.7646371621176],[-80.1895001412102,25.7646383504825],[-80.1894857946197,25.764641719729],[-80.1894722632572,25.7646471772584],[-80.1894599190111,25.7646545730789],[-80.1894491011439,25.7646637039273],[-80.1894401069678,25.7646743188561],[-80.1894331836738,25.7646861261303],[-80.1894285215379,25.7646988012448],[-80.1894262486915,25.7647119958437],[-80.1894264276004,25.7647253472938],[-80.1894290533476,25.7647384886512],[-80.1894340537684,25.7647510587463],[-80.189441291434,25.7647627121098],[-80.1894505674285,25.7647731284675],[-80.1894616268156,25.7647820215422],[-80.1894741656452,25.7647891469221],[-80.1894564903937,25.7648550796197],[-80.1895947788451,25.7648854765403],[-80.1894807754491,25.7653241522729],[-80.1893194676685,25.765288696745],[-80.1893002227391,25.7653038260187],[-80.1892842180129,25.7653217572642],[-80.189271948381,25.7653419360182],[-80.1892637932395,25.7653637383209],[-80.1892600047583,25.7653864900105],[-80.1892607000831,25.7654094875687],[-80.1892658577134,25.765432019875],[-80.1892753181672,25.7654533901956],[-80.1892572234024,25.7655208879494],[-80.1894252739376,25.7655578255052],[-80.18937537971,25.76574394343]]]},"properties":{"OBJECTID":862393,"UNIQUEID":null,"SOURCE":null,"YEARUPDATE":2023,"TYPE":null,"HEIGHT":null,"GlobalID":"8069a259-0992-45ac-a87f-854259dcd898","Shape__Area":27645.723582088947,"Shape__Length":791.7710126140291}},{"type":"Feature","id":862394,"geometry":{"type":"Polygon","coordinates":[[[-80.18991331336,25.7650635887638],[-80.1898815785759,25.7650568828933],[-80.1898773628163,25.7650345329938],[-80.1898759781631,25.7650118972318],[-80.1898774423508,25.7649892655251],[-80.1898817366264,25.7649669277397],[-80.1898888059888,25.7649451699775],[-80.1898985598939,25.7649242709114],[-80.1899108734141,25.7649044982163],[-80.1899255888383,25.7648861051408],[-80.1899573227241,25.7648928102119],[-80.1899663337247,25.76485784077],[-80.1899945902319,25.7648638112619],[-80.1899988760942,25.7648471853019],[-80.1899388839045,25.7648345097351],[-80.1899478796338,25.7647996009518],[-80.1899358619719,25.7647970630869],[-80.1899593313571,25.7647059895402],[-80.1899713490189,25.7647085290251],[-80.1899766302145,25.7646880319262],[-80.1899648461146,25.7646855417905],[-80.1899960904185,25.7645642912143],[-80.190007876315,25.7645667813525],[-80.1900106880419,25.7645673759761],[-80.1900166914829,25.7645440764356],[-80.190013879756,25.7645434826209],[-80.1900020938595,25.7645409932912],[-80.190032792886,25.7644218629897],[-80.1900445796809,25.7644243531309],[-80.1900486724053,25.7644084673561],[-80.1900368865088,25.7644059772146],[-80.1900758518326,25.7642547645278],[-80.1900876395257,25.7642572546724],[-80.1900948098783,25.7642294294466],[-80.1901406356359,25.7642391109173],[-80.1901419103453,25.7642341597516],[-80.1901453338249,25.7642208733137],[-80.1905334257905,25.764302874146],[-80.1905432206116,25.7642968300668],[-80.1905543193643,25.7642930307914],[-80.1905660990686,25.7642916895757],[-80.1905778985223,25.7642928817031],[-80.1905890554147,25.7642965402586],[-80.1905989435026,25.7643024598851],[-80.1906070077614,25.7643103083099],[-80.1906127955392,25.7643196449957],[-80.190640743026,25.7643255507936],[-80.1906373186481,25.7643388380288],[-80.1906248850662,25.7643870875722],[-80.1906427354893,25.7643908599996],[-80.1906489123052,25.7643668897526],[-80.1906867071241,25.7643748747118],[-80.1906945431283,25.7643444687612],[-80.1907189076355,25.7643415940195],[-80.1907434712588,25.7643409919629],[-80.1907679733192,25.7643426689806],[-80.1907921537907,25.7643466072755],[-80.1908157560605,25.7643527650525],[-80.1908385296519,25.7643610769623],[-80.190860232882,25.7643714547954],[-80.1908806354276,25.7643837884173],[-80.1908727994234,25.7644141943578],[-80.1908952267628,25.7644189327455],[-80.1909111215534,25.7644222917665],[-80.1908955115287,25.7644828681973],[-80.190902914545,25.7644844320181],[-80.1908838010907,25.7645586054795],[-80.1908970808855,25.7645614127504],[-80.1908265343897,25.7648351747413],[-80.1907716976314,25.7648235881007],[-80.19074895678,25.7649118373054],[-80.1907086502715,25.7649028508287],[-80.1907065509087,25.7649105671607],[-80.190676247738,25.7649088896844],[-80.1906463903219,25.7649039334923],[-80.1906174144316,25.7648957709199],[-80.1905897429723,25.7648845211],[-80.1905918414368,25.7648768055754],[-80.1905516768622,25.7648678498384],[-80.1904482502302,25.7648170108492],[-80.1904006377235,25.764806393401],[-80.1903590259629,25.7649594094754],[-80.1904021325202,25.7649690213118],[-80.1903986228024,25.7649819217687],[-80.1906601062119,25.7650402254091],[-80.1906584353455,25.7650463682106],[-80.1906856857396,25.7650524438641],[-80.1906712704743,25.7651054541302],[-80.1906440209784,25.7650993776703],[-80.1906292571667,25.7651536701927],[-80.1906565066626,25.7651597466497],[-80.1906407026018,25.7652178617041],[-80.190613453106,25.76521178525],[-80.1906113815909,25.765219403672],[-80.1903498981814,25.7651610993106],[-80.1903461998173,25.7651746995382],[-80.1902623142378,25.7651559936629],[-80.1902591854057,25.7651675042244],[-80.1902494773124,25.7651653401289],[-80.1902269260055,25.765248271476],[-80.190757285061,25.7653665272213],[-80.1905877666787,25.7660145403054],[-80.1905399700174,25.7660044399165],[-80.1905313659536,25.7660378233772],[-80.1900241187537,25.7659306330277],[-80.1900442176598,25.7658526524467],[-80.1896954781918,25.765778957106],[-80.1898524848389,25.7651697726818],[-80.1899129055249,25.7651825412487],[-80.1899332730273,25.7651035141288],[-80.189904586227,25.765097451422],[-80.18991331336,25.7650635887638]]]},"properties":{"OBJECTID":862394,"UNIQUEID":null,"SOURCE":null,"YEARUPDATE":2023,"TYPE":null,"HEIGHT":null,"GlobalID":"3cede15d-d500-4b29-a4c5-c205c6eefa1a","Shape__Area":18354.278693437576,"Shape__Length":874.6986745410923}},{"type":"Feature","id":862404,"geometry":{"type":"Polygon","coordinates":[[[-80.1933884720877,25.7584840359174],[-80.1932638658764,25.7589649353548],[-80.1932517260436,25.7589623561037],[-80.193246894904,25.7589809990399],[-80.1932724223294,25.7589864237188],[-80.1932740177374,25.7589802668498],[-80.1933748446449,25.759001690487],[-80.1933822611359,25.7589730719696],[-80.1935301992901,25.7590045043617],[-80.1935354274851,25.7589843250436],[-80.1935152486288,25.7589800378887],[-80.1935334601746,25.7589097540922],[-80.1935434575254,25.7589118778492],[-80.1935752318353,25.7587892524618],[-80.1936064233641,25.7587888417451],[-80.1936371379131,25.7587937529478],[-80.1936662662031,25.7588038086976],[-80.1936927562442,25.7588186458223],[-80.1937156513285,25.7588377284662],[-80.1937341245829,25.7588603674435],[-80.193747508832,25.7588857451289],[-80.1937553206935,25.7589129449865],[-80.1938101700282,25.7589247053407],[-80.1937988692219,25.7589679304576],[-80.193826450196,25.7589738438032],[-80.1938129754668,25.7590253851224],[-80.193785392696,25.7590194709703],[-80.1937797934968,25.7590408865099],[-80.1937588142417,25.7590363890042],[-80.1937572215287,25.7590360467763],[-80.1937427038554,25.759091571017],[-80.1937442974667,25.7590919116267],[-80.1937589507856,25.7590950539732],[-80.1937422439179,25.7591589566939],[-80.1937275897007,25.7591558159672],[-80.193725351099,25.7591643773194],[-80.1937046206772,25.7591599332156],[-80.1936948353288,25.7591973581794],[-80.1937155657506,25.7592018022819],[-80.1937118934377,25.7592158489777],[-80.1937672054047,25.7592277071968],[-80.1937533129589,25.7592808422299],[-80.1937677946996,25.7592839473551],[-80.1937283353024,25.7594348662169],[-80.1936661727831,25.7594215395986],[-80.1936578067728,25.7594535406318],[-80.1937199683938,25.7594668680555],[-80.1936038449737,25.7599110054369],[-80.193589363233,25.7599079011371],[-80.1935508129309,25.7600553403231],[-80.193158614766,25.759971251653],[-80.1931528924952,25.7599687122549],[-80.1931486151644,25.7599644498271],[-80.1931463869367,25.7599590664274],[-80.193146522544,25.7599533224483],[-80.1931551194213,25.7599204469739],[-80.1931464327125,25.7599185845559],[-80.1932889243812,25.7593736035655],[-80.1930225208988,25.7593164848239],[-80.1930112838729,25.7593594638478],[-80.1927724425001,25.7593082543832],[-80.192783679526,25.7592652769588],[-80.1927710411283,25.7592625666484],[-80.1928711691465,25.7588796137286],[-80.1928616074786,25.7588775635946],[-80.192925095013,25.758634743015],[-80.1930154358862,25.7582892133205],[-80.1932458393835,25.7584018789639],[-80.1932405743576,25.7584107097854],[-80.1933884720877,25.7584840359174]]]},"properties":{"OBJECTID":862404,"UNIQUEID":null,"SOURCE":null,"YEARUPDATE":2023,"TYPE":null,"HEIGHT":null,"GlobalID":"8af6de6a-8312-4af7-ae43-3e35305c88f2","Shape__Area":12819.801606059074,"Shape__Length":714.7919468905949}},{"type":"Feature","id":862405,"geometry":{"type":"Polygon","coordinates":[[[-80.1915822645805,25.7691132003454],[-80.191571322202,25.7691107014038],[-80.1915881683085,25.7690502187495],[-80.191586916129,25.7690283230918],[-80.191590474616,25.769006633876],[-80.1915987045137,25.7689859998771],[-80.1916112837574,25.7689672285761],[-80.1916178639168,25.7689436054976],[-80.1916288044987,25.7689461044427],[-80.1916450029199,25.7688879459107],[-80.1917835914087,25.7689195924849],[-80.1918258389047,25.7689258341648],[-80.1918672165648,25.7689357311716],[-80.1919073353773,25.7689491904578],[-80.1919458181658,25.7689660854849],[-80.1920440480438,25.7689885169291],[-80.192040806024,25.7690001508931],[-80.1920480563266,25.7690018052603],[-80.192038979749,25.7690343958854],[-80.1920431995392,25.7690525633497],[-80.1920449452376,25.7690710573026],[-80.1920441911488,25.7690896055235],[-80.1920409483723,25.769107934993],[-80.19203526464,25.7691257759117],[-80.1920272236134,25.7691428656717],[-80.1920169436517,25.7691589527217],[-80.1920045760703,25.7691738002697],[-80.1919949937411,25.7692082086258],[-80.1919908354397,25.7692072580742],[-80.1919875520973,25.7692190465319],[-80.1919891034878,25.7692613456637],[-80.1920227283272,25.76926033363],[-80.1920237515083,25.7692882515182],[-80.192055009287,25.7692873114839],[-80.1920595278128,25.7694104267855],[-80.1920651710294,25.7694102568999],[-80.1920669344223,25.7694583175079],[-80.1920839790565,25.7694578054246],[-80.1920853471907,25.7694950855709],[-80.1920683016582,25.7694955984631],[-80.1920695853508,25.7695306045606],[-80.1920621203507,25.7695308286475],[-80.1920629944115,25.7695546684152],[-80.1920732883377,25.7695751744173],[-80.1920809758772,25.769596587132],[-80.1920859609207,25.7696186388581],[-80.1920881811456,25.7696410539059],[-80.1920876087947,25.7696635520436],[-80.1920842510235,25.7696858520006],[-80.1920781498106,25.7697076749842],[-80.1920693814332,25.769728748165],[-80.1920701737472,25.7697503494553],[-80.1920776405439,25.7697501245598],[-80.1920789952033,25.7697870502827],[-80.1920942656648,25.7697865899753],[-80.1920956634434,25.7698246846571],[-80.1920803938802,25.7698251441554],[-80.1920820881029,25.7698713253451],[-80.1920751486173,25.7698715340608],[-80.1920756687418,25.7698857275367],[-80.1920457090288,25.7698866287354],[-80.1920452796341,25.7698748953543],[-80.1920276915192,25.7698754244243],[-80.1920279870649,25.7698835125618],[-80.1920010456912,25.7698843231552],[-80.1920014732893,25.7698960063789],[-80.1918744964238,25.7698998263608],[-80.1918755160117,25.7699275814945],[-80.1918090020531,25.7699295828991],[-80.1917999146957,25.7699560533736],[-80.1917000220361,25.7699246093195],[-80.1917038811986,25.7699145569929],[-80.1916186553326,25.769887728942],[-80.1914845359624,25.7698619388009],[-80.1914930394149,25.7698256869782],[-80.1914328621723,25.7698141153863],[-80.191442548706,25.7697728187731],[-80.191413452274,25.7697672230842],[-80.1915822645805,25.7691132003454]]]},"properties":{"OBJECTID":862405,"UNIQUEID":null,"SOURCE":null,"YEARUPDATE":2023,"TYPE":null,"HEIGHT":null,"GlobalID":"82f24575-a2c9-4dbe-9dbe-299b8a8a75d9","Shape__Area":7262.007237792015,"Shape__Length":391.8605681846382}},{"type":"Feature","id":862409,"geometry":{"type":"Polygon","coordinates":[[[-80.1907572473317,25.7633556004508],[-80.190845708031,25.7633757288667],[-80.190849277936,25.7633618129153],[-80.190902561507,25.7633730186502],[-80.1909088685787,25.7633484309153],[-80.190799522049,25.7633254345182],[-80.1908986107164,25.7629437082371],[-80.1910099631841,25.762967127018],[-80.1910165514284,25.7629414405461],[-80.1911025309809,25.7629595230139],[-80.1910980789303,25.7629768781676],[-80.1911400733732,25.7629857110758],[-80.1911379407727,25.7629940254],[-80.191153620866,25.7629973237845],[-80.1911664640796,25.7629472574201],[-80.191292765412,25.7629738216802],[-80.1912538926147,25.7631253741697],[-80.1912617295173,25.7631270221466],[-80.191252269359,25.7631639070518],[-80.1912343812067,25.7631601451027],[-80.1912261804865,25.7631921160034],[-80.1911329901572,25.7631725150382],[-80.1911500886903,25.7631058524776],[-80.1911438741452,25.7631045450985],[-80.1910762184279,25.7633683028732],[-80.1911764623288,25.7633893875483],[-80.191171824327,25.7634074659027],[-80.19113965386,25.7634006992622],[-80.1911378177035,25.7634078542322],[-80.191130758742,25.7634063688721],[-80.1911289773828,25.7634133183507],[-80.1911210407673,25.7634116493433],[-80.1911195971746,25.7634172760746],[-80.1911115590495,25.7634155868417],[-80.1911096851638,25.7634228947154],[-80.1911027178305,25.763421428772],[-80.1911008735892,25.7634286201466],[-80.1911338606247,25.7634355574886],[-80.1911091084454,25.7635320516271],[-80.1911187877926,25.7635340879274],[-80.1911047156837,25.7635889474785],[-80.1911233952517,25.7635928768809],[-80.1911031184791,25.7636719373672],[-80.1909952514747,25.7636492533136],[-80.1910007895884,25.7636276590032],[-80.1909792785306,25.7636231349736],[-80.1909737404169,25.7636447300939],[-80.1908038663017,25.7636090054703],[-80.1908091582771,25.7635883674123],[-80.1907727217108,25.7635807051987],[-80.1907665745394,25.7636046723683],[-80.1906164867166,25.763573108515],[-80.1906476142396,25.7634517467759],[-80.190670036189,25.763441398609],[-80.1907319094509,25.7634544108766],[-80.1907572473317,25.7633556004508]]]},"properties":{"OBJECTID":862409,"UNIQUEID":null,"SOURCE":null,"YEARUPDATE":2023,"TYPE":null,"HEIGHT":null,"GlobalID":"c87fe047-0b4f-4f04-8d67-d1a33de07ef0","Shape__Area":3495.6953125,"Shape__Length":388.6507461657655}},{"type":"Feature","id":862982,"geometry":{"type":"Polygon","coordinates":[[[-80.1985243480779,25.7596972041798],[-80.1985167285676,25.7597024848159],[-80.1984999911573,25.7596826793953],[-80.1985072270869,25.7596427481621],[-80.198528240478,25.7596281853457],[-80.1985346077367,25.7596357199853],[-80.1985435810081,25.7596295016626],[-80.1985372191393,25.7596219726859],[-80.1986410230636,25.7595500363885],[-80.1986466105847,25.7595566471027],[-80.1987134093092,25.7595103510608],[-80.1989722139426,25.7598165592823],[-80.1987524105656,25.7599688827749],[-80.1987297191215,25.7599420322501],[-80.1987224230048,25.7599470887704],[-80.1986952768152,25.7599149673227],[-80.1987031739048,25.7599094941437],[-80.1986849273248,25.7598879031983],[-80.1986776967851,25.7598929127963],[-80.1986479122435,25.7598576692339],[-80.1986769484885,25.7598375475029],[-80.1986464425997,25.7598014495734],[-80.1986245075371,25.7598166498952],[-80.1986039280323,25.7597922984739],[-80.1985965950846,25.7597973800809],[-80.1985692341977,25.7597650029347],[-80.1985770612187,25.7597595782914],[-80.1985243480779,25.7596972041798]]]},"properties":{"OBJECTID":862982,"UNIQUEID":null,"SOURCE":null,"YEARUPDATE":2023,"TYPE":null,"HEIGHT":null,"GlobalID":"6e3e5a53-54b0-4b92-b1e5-8634a87e26f2","Shape__Area":1484.45703125,"Shape__Length":173.66313355076724}},{"type":"Feature","id":862983,"geometry":{"type":"Polygon","coordinates":[[[-80.1968492496861,25.7664280851663],[-80.1968512026235,25.7664804233491],[-80.1968959414196,25.7664790545232],[-80.1969063969112,25.7667590615921],[-80.1968620075598,25.7667604198977],[-80.1968622501049,25.7667669355577],[-80.1967741065109,25.7667696335619],[-80.1967744981764,25.766780136766],[-80.196750626346,25.76678086729],[-80.1967518157155,25.766812745799],[-80.196602942415,25.7668173028759],[-80.1965887148976,25.7664360570428],[-80.1968492496861,25.7664280851663]]]},"properties":{"OBJECTID":862983,"UNIQUEID":null,"SOURCE":null,"YEARUPDATE":2023,"TYPE":null,"HEIGHT":null,"GlobalID":"75854acd-dd21-4a6b-9e51-01447ad9716a","Shape__Area":1479.203125,"Shape__Length":162.3097609010583}},{"type":"Feature","id":862985,"geometry":{"type":"Polygon","coordinates":[[[-80.199070901063,25.7597301282587],[-80.1989770486754,25.7597919651476],[-80.1987540993983,25.7595172344257],[-80.1987836117503,25.7594977906178],[-80.1987865007323,25.7594798006631],[-80.1988359700567,25.7594472082239],[-80.1988427415573,25.7594556336353],[-80.1988761804454,25.7594336016769],[-80.1988735110384,25.7594300482683],[-80.1988726973119,25.759425821034],[-80.1988738828195,25.759421665722],[-80.1988768584199,25.7594183153923],[-80.198881099172,25.7594163610939],[-80.198885856943,25.7594161475947],[-80.1988902923901,25.7594177125591],[-80.1988936230333,25.7594207799036],[-80.1988983203239,25.7594176844905],[-80.1988908948498,25.759408440321],[-80.1989641740208,25.7593601604375],[-80.1990319105865,25.7594444663649],[-80.1990203914896,25.7594520552222],[-80.1991193651726,25.7595752381667],[-80.1991264735415,25.7595705546007],[-80.1991892783563,25.7596487221524],[-80.1991266379332,25.7596899931621],[-80.1991203110986,25.759682117918],[-80.1991143319121,25.7596860579673],[-80.1991203137936,25.7596935052263],[-80.1991055311172,25.7597032461272],[-80.1990998501714,25.7596961750746],[-80.1990630839234,25.7597203978776],[-80.199070901063,25.7597301282587]]]},"properties":{"OBJECTID":862985,"UNIQUEID":null,"SOURCE":null,"YEARUPDATE":2023,"TYPE":null,"HEIGHT":null,"GlobalID":"1df816d7-5392-48cf-8242-fdb30374ffcd","Shape__Area":1258.1364340484142,"Shape__Length":158.1097239896531}},{"type":"Feature","id":862986,"geometry":{"type":"Polygon","coordinates":[[[-80.1982689633308,25.7625101335148],[-80.1982812567755,25.7628540102264],[-80.1978795921642,25.7628657847526],[-80.1978799317273,25.7628752616517],[-80.1978644303988,25.7628757163227],[-80.1978640998188,25.7628664724225],[-80.1977849268012,25.7628687927014],[-80.197785535859,25.7628858493388],[-80.1977308634924,25.7628874512047],[-80.1977298160568,25.7628581475721],[-80.1976735069599,25.7628597979798],[-80.1976747169905,25.7628936313327],[-80.1976302970964,25.76289493386],[-80.1976305315567,25.7629014901833],[-80.1976425007095,25.7629011390673],[-80.1976434852631,25.7629286701202],[-80.1976332004514,25.7629289710767],[-80.1976340116301,25.7629516674032],[-80.1976439874213,25.762951374537],[-80.1976449225675,25.7629775172954],[-80.1976345991283,25.7629778206789],[-80.1976354345615,25.7630011828215],[-80.1976458568155,25.763000877011],[-80.1976468216061,25.7630278765131],[-80.1976370084099,25.763028163716],[-80.1976383729508,25.7630663722119],[-80.1976487556789,25.7630660680196],[-80.1976512395206,25.7631355249629],[-80.1976397815092,25.7631358607068],[-80.1976417344466,25.7631904866349],[-80.1976537853462,25.7631901339017],[-80.1976547375604,25.7632167644472],[-80.197646342804,25.7632170103895],[-80.1976480918239,25.7632659391573],[-80.1976556915712,25.7632657158676],[-80.197657064197,25.7633041087436],[-80.1976068995766,25.7633055787336],[-80.1976066803876,25.7632994220886],[-80.1974383172388,25.7633043571128],[-80.197424687101,25.762995793114],[-80.19744978603,25.7629950577126],[-80.1974464793315,25.7629025532396],[-80.1974587835559,25.7629021932244],[-80.1974580909548,25.7628821488666],[-80.1974206904963,25.7628832459021],[-80.197416888826,25.7627239976646],[-80.1974352099662,25.7627234612814],[-80.1974337385258,25.7626822722287],[-80.1974158620516,25.7626827964766],[-80.1974108790968,25.7625433731426],[-80.1975098644579,25.762540471977],[-80.1975105417876,25.7625594290624],[-80.1976322203895,25.7625558620692],[-80.1976328716681,25.762574082939],[-80.1976613509575,25.7625732480249],[-80.1976597330917,25.7625279935662],[-80.1982689633308,25.7625101335148]]]},"properties":{"OBJECTID":862986,"UNIQUEID":null,"SOURCE":null,"YEARUPDATE":2023,"TYPE":null,"HEIGHT":null,"GlobalID":"56685593-53f4-4882-935a-b132294d438d","Shape__Area":5224.97265625,"Shape__Length":427.9227506307}},{"type":"Feature","id":862987,"geometry":{"type":"Polygon","coordinates":[[[-80.1965559147115,25.7680649038846],[-80.196510815691,25.7680662751191],[-80.1965116107,25.7680876946897],[-80.1965387874323,25.7680868687132],[-80.1965404520105,25.7681316777275],[-80.1965339562927,25.7681318751205],[-80.1965342383637,25.7681394909281],[-80.1965406164022,25.7681392975801],[-80.1965426214419,25.7681932901958],[-80.1965168370983,25.7681940749132],[-80.1965208013637,25.7683007996696],[-80.1961483499654,25.7683121432749],[-80.1961471219684,25.7682790581608],[-80.1961274299991,25.7682797296196],[-80.1961268460941,25.7682639155516],[-80.1961193334834,25.7682641525846],[-80.1961182968276,25.7682360775121],[-80.1961040847734,25.7682434640502],[-80.1960886155923,25.7682483935256],[-80.1960895875694,25.7682746669823],[-80.1960641113729,25.7682731598579],[-80.1960393841687,25.7682674356194],[-80.1960162590812,25.7682576917605],[-80.1959955339591,25.7682442644577],[-80.1960047910981,25.7682350994472],[-80.1959988092167,25.7682301322685],[-80.1959895556709,25.7682392940434],[-80.1959728798538,25.7682215437778],[-80.1959601368744,25.7682013223736],[-80.1959517663623,25.7681793274632],[-80.1959480570981,25.7681563178647],[-80.1959781461685,25.7681554061361],[-80.1959828156806,25.7681401995961],[-80.1959906462257,25.7681260860061],[-80.1959825658797,25.7681263311293],[-80.195982352979,25.7681205557676],[-80.1959670223303,25.7681210209354],[-80.1959511212515,25.7676903459381],[-80.1960114224615,25.7676885216646],[-80.1960097893243,25.7676442820124],[-80.1959622343098,25.767645721207],[-80.1959563916672,25.7674874752273],[-80.1959850694844,25.7674866063701],[-80.195981985568,25.7674030730785],[-80.1965050709647,25.7673872386689],[-80.1965059207709,25.7674101194022],[-80.1965315676723,25.7674093096009],[-80.1965397845622,25.7676305777079],[-80.196517864771,25.7676312459344],[-80.1965181827746,25.7676398196192],[-80.1965401025658,25.7676391538198],[-80.1965411140688,25.7676664232788],[-80.1965190343774,25.767667093932],[-80.1965193514827,25.7676756320187],[-80.1965414329707,25.7676749589386],[-80.1965559147115,25.7680649038846]]]},"properties":{"OBJECTID":862987,"UNIQUEID":null,"SOURCE":null,"YEARUPDATE":2023,"TYPE":null,"HEIGHT":null,"GlobalID":"f07bfe22-c8b7-46c7-8e5f-ccfdb675f841","Shape__Area":7062.405958771706,"Shape__Length":398.4383865751903}},{"type":"Feature","id":862988,"geometry":{"type":"Polygon","coordinates":[[[-80.1985858727933,25.7632700174301],[-80.1984536488684,25.7632743165654],[-80.1984385059676,25.7628924566311],[-80.198574625886,25.7628880296563],[-80.1985806329203,25.7630395272418],[-80.1988498059087,25.7630307736217],[-80.1988531907607,25.7631161505144],[-80.1988664597757,25.7631157193059],[-80.1988726051506,25.7632706767819],[-80.1985862680521,25.7632799877994],[-80.1985858727933,25.7632700174301]]]},"properties":{"OBJECTID":862988,"UNIQUEID":null,"SOURCE":null,"YEARUPDATE":2023,"TYPE":null,"HEIGHT":null,"GlobalID":"d21fb27e-26b6-4f05-8d6a-32f1e45525d3","Shape__Area":1636.28515625,"Shape__Length":190.17597800772094}},{"type":"Feature","id":862989,"geometry":{"type":"Polygon","coordinates":[[[-80.1982569115329,25.762295442963],[-80.1981382494738,25.76229856419],[-80.1981387552253,25.762314298959],[-80.198147729395,25.7623140635322],[-80.1981482782656,25.7623311388569],[-80.1978340619523,25.7623394022582],[-80.1978335579974,25.7623236634473],[-80.1978389766352,25.7623235210586],[-80.1978283333957,25.7619916568961],[-80.1978920185595,25.7619899813964],[-80.1978905174746,25.7619431677153],[-80.1983069997966,25.7619322134537],[-80.1983084909999,25.7619787027183],[-80.198369490201,25.761977097604],[-80.1983806257173,25.7623242653634],[-80.1982579392056,25.7623274917632],[-80.1982569115329,25.762295442963]]]},"properties":{"OBJECTID":862989,"UNIQUEID":null,"SOURCE":null,"YEARUPDATE":2023,"TYPE":null,"HEIGHT":null,"GlobalID":"d7a0bdba-2e3f-4149-95ff-b6d69fcd61b3","Shape__Area":2807.6953125,"Shape__Length":229.2133097198461}},{"type":"Feature","id":863165,"geometry":{"type":"Polygon","coordinates":[[[-80.1913616967369,25.7647834304556],[-80.1914241565986,25.7647969198921],[-80.191533963964,25.7648206344051],[-80.1915568476476,25.7647337539786],[-80.1917535319824,25.764776228646],[-80.1915691015664,25.7654764775982],[-80.1912626071712,25.7654102887909],[-80.1911860922686,25.7653937648422],[-80.1912468004155,25.7651632714962],[-80.1913118150858,25.7651773118237],[-80.1913328868675,25.7650973049915],[-80.1912909633915,25.7650519803023],[-80.1913616967369,25.7647834304556]]]},"properties":{"OBJECTID":863165,"UNIQUEID":null,"SOURCE":null,"YEARUPDATE":2023,"TYPE":null,"HEIGHT":null,"GlobalID":"a21c900c-a380-433e-830a-ff1dc03e13e3","Shape__Area":3514.677734375,"Shape__Length":274.37165289368056}},{"type":"Feature","id":863166,"geometry":{"type":"Polygon","coordinates":[[[-80.1890447152439,25.762671472559],[-80.1890472565778,25.7626617998597],[-80.1892165279234,25.7626982536994],[-80.1892138356725,25.7627085064662],[-80.1892440981178,25.7627150231576],[-80.1892454842183,25.7627097434645],[-80.1892887650487,25.7627190634253],[-80.1892873780499,25.762724342309],[-80.1893589629982,25.7627397582661],[-80.1893611485993,25.7627314374519],[-80.1894599399244,25.762751344301],[-80.1894104831764,25.7629526018245],[-80.1893130393243,25.7629329668408],[-80.1893118239037,25.7629379148246],[-80.1893644445181,25.7629485178776],[-80.189352585858,25.7629967744583],[-80.1895285532458,25.7630322298617],[-80.1895401127669,25.7629851884473],[-80.1896583292616,25.763009006068],[-80.1898376994677,25.7632651786779],[-80.189820812937,25.7633294763831],[-80.1898056691379,25.7633262144137],[-80.1897958262973,25.7633636946957],[-80.1897714235626,25.763358440111],[-80.189767937201,25.7633717128921],[-80.1887550193445,25.7631535766583],[-80.1887602169968,25.7631337847577],[-80.1887204279179,25.7631252156015],[-80.1887298494486,25.7630893492427],[-80.1887148736345,25.7630861236727],[-80.1887711566803,25.7628718265388],[-80.1888276939493,25.7628840031478],[-80.1888414785974,25.7628315193732],[-80.1887460209203,25.7628109612734],[-80.1887990915907,25.7626088904396],[-80.188901849876,25.7626310205099],[-80.1888994423911,25.7626401883801],[-80.1889700733286,25.7626553988558],[-80.1889714243948,25.7626502550762],[-80.1890137170784,25.7626593622682],[-80.1890123660122,25.7626645060474],[-80.1890447152439,25.762671472559]]]},"properties":{"OBJECTID":863166,"UNIQUEID":null,"SOURCE":null,"YEARUPDATE":2023,"TYPE":null,"HEIGHT":null,"GlobalID":"8c147e5f-b800-47d7-8f36-b4705ce44737","Shape__Area":6527.5703125,"Shape__Length":434.6868012831569}},{"type":"Feature","id":863181,"geometry":{"type":"Polygon","coordinates":[[[-80.1961617079137,25.7671942331204],[-80.19591951313,25.7672008595887],[-80.1959064477213,25.7671920441653],[-80.1958959511136,25.7671807836254],[-80.1958885735078,25.7671676682123],[-80.1958847016161,25.7671533853963],[-80.1958672886726,25.7666314738282],[-80.1958942974199,25.7666307352133],[-80.1958907382948,25.7665240728662],[-80.195865278243,25.7665247686048],[-80.1958632956611,25.7664653274323],[-80.1958697314808,25.766454146046],[-80.1958791151019,25.7664448077976],[-80.1958908286263,25.766437927598],[-80.1959041007346,25.7664339584993],[-80.1961361301826,25.7664276119018],[-80.1961617079137,25.7671942331204]]]},"properties":{"OBJECTID":863181,"UNIQUEID":null,"SOURCE":null,"YEARUPDATE":2023,"TYPE":null,"HEIGHT":null,"GlobalID":"3805d85b-c115-4237-b652-a344db55ccf0","Shape__Area":2853.437518775463,"Shape__Length":252.0765890523174}}]}
