{"type":"FeatureCollection","name":"city-water","features":[{"type":"Feature","id":11,"geometry":{"type":"Polygon","coordinates":[[[-80.1933462801921,25.7694922544767],[-80.1936543546394,25.7691900749506],[-80.1936562887105,25.7692452457557],[-80.1936579577764,25.7694018438825],[-80.1936581814544,25.7695153637437],[-80.193675796507,25.7698212718254],[-80.1933793705089,25.7702008992372],[-80.1933756847243,25.7701091956283],[-80.1933535448585,25.7698293195096],[-80.1933400225276,25.7695939130277],[-80.1933411786595,25.7695694665418],[-80.1933462801921,25.7694922544767]]]},"properties":{"FID":11,"OBJECTID":280,"WATER":1,"TYPE":"B","LAST_UPDAT":2019,"GlobalID":"e6a120e6-1a06-4fee-b43d-e6edffdc2b99","Shape__Are":2941.04296875,"Shape__Len":273.906739058945,"Shape__Area":2941.044921875,"Shape__Length":273.9066579393018}},{"type":"Feature","id":20,"geometry":{"type":"Polygon","coordinates":[[[-80.1957293976595,25.7689496402258],[-80.1957093571607,25.7684424343524],[-80.1957940583856,25.7684364203586],[-80.1958950271973,25.7684283248458],[-80.1958961177515,25.768436985032],[-80.1960012834909,25.76842994929],[-80.1960540568034,25.7684267796869],[-80.1961179521543,25.7684177870082],[-80.196193336056,25.7684060882731],[-80.1962697781725,25.76840755092],[-80.1964478933794,25.7684099188232],[-80.1965600947238,25.7683233136797],[-80.1966538734235,25.7682476848009],[-80.1966572394084,25.7683155441805],[-80.1966906432516,25.768350339471],[-80.1966939328811,25.7683545809831],[-80.1966961768719,25.7683593475268],[-80.196697280901,25.7683644336195],[-80.1966971910694,25.7683696135544],[-80.1966966098595,25.7683725259024],[-80.1966957295104,25.7683898260576],[-80.1966963610257,25.7683960269309],[-80.1966981684354,25.7684020344564],[-80.1967010996372,25.7684076682305],[-80.1967050656979,25.7684127551302],[-80.1967099444467,25.7684171430664],[-80.1967155894582,25.7684206985567],[-80.1967218282559,25.7684233131971],[-80.1967237874809,25.7684239021384],[-80.1970995975681,25.7684723571138],[-80.1971004249164,25.7684633612015],[-80.1973082006882,25.7684887358244],[-80.197391468202,25.7684981944755],[-80.1973941011619,25.7685612030422],[-80.1974298496077,25.7685787628544],[-80.1974495532374,25.7691326115366],[-80.1973794738871,25.7690879250683],[-80.1973517159535,25.7690659644758],[-80.1973053009155,25.7690331756679],[-80.1972531411529,25.7690020816667],[-80.197221538431,25.7689835608473],[-80.1972184464306,25.7689887367102],[-80.1971967314618,25.7689778858422],[-80.1971788190606,25.7689698275774],[-80.1971597424429,25.7689645303661],[-80.1971272917114,25.7689581199957],[-80.1970829859164,25.7689530315007],[-80.1969473825696,25.7689384374691],[-80.1967881041307,25.7689202539829],[-80.1965723082025,25.768893447554],[-80.1965001205061,25.7688847429058],[-80.1965005552907,25.7688771303843],[-80.196388600985,25.768869936913],[-80.196384179479,25.7688456836247],[-80.1961276476589,25.7688511895538],[-80.1959720514128,25.7688537912382],[-80.1959394308991,25.7688729940486],[-80.1959133474239,25.7688863479159],[-80.1958907251566,25.7688966066167],[-80.1958037493975,25.7689269313014],[-80.1957293976595,25.7689496402258]]]},"properties":{"FID":20,"OBJECTID":546,"WATER":1,"TYPE":" ","LAST_UPDAT":2019,"GlobalID":"b902ebb3-6f47-4ce2-965f-c16b0b1ebf8a","Shape__Are":11618.5234375,"Shape__Len":563.773376491584,"Shape__Area":11618.51171875,"Shape__Length":563.7732098528653}},{"type":"Feature","id":32,"geometry":{"type":"Polygon","coordinates":[[[-80.1859168260968,25.7657327732091],[-80.1861246351085,25.7656489814483],[-80.1862365247365,25.7656087650391],[-80.1863261684912,25.7655794993026],[-80.1864242195762,25.7655509746076],[-80.1865551741437,25.7655177859923],[-80.1866715508549,25.7654921316332],[-80.1867626399982,25.7654753318316],[-80.1868690067849,25.7654600044178],[-80.186975357402,25.7654474478459],[-80.1871008097896,25.7654363782252],[-80.187243060668,25.7654281757199],[-80.1873745479356,25.7654289102993],[-80.1874907288134,25.7654323267321],[-80.187614530996,25.7654385560773],[-80.1877466955928,25.7654524442774],[-80.1878818749348,25.7654718911517],[-80.1880391618091,25.765501150447],[-80.1882262754368,25.7655411937709],[-80.1882769996883,25.7657418219552],[-80.1881172720922,25.7657064911463],[-80.1879462742359,25.7656702332081],[-80.1878218117922,25.7656480778207],[-80.1877110531439,25.7656343093765],[-80.187585757962,25.7656225343171],[-80.187458136144,25.7656155898216],[-80.1872945493859,25.7656132914373],[-80.1871355000167,25.7656186357173],[-80.1870230588239,25.7656276981815],[-80.1868792098429,25.7656455860712],[-80.1867299673784,25.7656703642453],[-80.1865921559725,25.7657000530675],[-80.1864849384811,25.7657278366793],[-80.1863685033792,25.7657617970253],[-80.1862382432089,25.7658053723631],[-80.1860879964275,25.7658647580247],[-80.1859947836671,25.7659014584231],[-80.1859168260968,25.7657327732091]]]},"properties":{"FID":32,"OBJECTID":796,"WATER":1,"TYPE":"B","LAST_UPDAT":2019,"GlobalID":"eef64fa6-6648-458a-a656-a3bc063d2ae8","Shape__Are":5988.171875,"Shape__Len":573.367578244458,"Shape__Area":5988.16796875,"Shape__Length":573.3674088583319}},{"type":"Feature","id":43,"geometry":{"type":"MultiPolygon","coordinates":[[[[-80.2023447938276,25.7479662576547],[-80.2022967699076,25.7479239938315],[-80.2022714823393,25.7479489375307],[-80.2019925555312,25.7477037902819],[-80.2017772581709,25.7475317189069],[-80.2015425042056,25.7473645659759],[-80.2012123402031,25.7471491409208],[-80.2009969395358,25.7470173764228],[-80.2009976168653,25.7470170907995],[-80.2010216378093,25.7470021243016],[-80.2010503084322,25.746966990203],[-80.2010568382847,25.7469355513979],[-80.2010296858157,25.7469010645842],[-80.2009616725904,25.7468348791965],[-80.2008842288541,25.7467687819673],[-80.2008401979442,25.7467312034076],[-80.2005562702159,25.7465102710446],[-80.2004086977225,25.7463721144783],[-80.2002922868774,25.7462989872178],[-80.2001567661764,25.7462486451926],[-80.1999730257226,25.7461646551929],[-80.1998282119533,25.7460866017758],[-80.1996663787074,25.7460240133596],[-80.1994381635751,25.7459467536133],[-80.1992213678231,25.745884459649],[-80.1989355599183,25.7458068818193],[-80.1987088216154,25.7457549633798],[-80.1984178079743,25.7457175948715],[-80.1980658517437,25.7456888315559],[-80.1977895992149,25.7456589936963],[-80.1974278405711,25.7456197439047],[-80.1971812683706,25.7455811268504],[-80.1970613558927,25.7455491690168],[-80.1968934868667,25.7455527154791],[-80.1966005373558,25.7455585509991],[-80.1963652426013,25.7455557618858],[-80.1960691435983,25.745540714284],[-80.1959276814409,25.7455324820794],[-80.19579429783,25.7455466493292],[-80.1955918598454,25.7455514920349],[-80.1953549094963,25.7455501836497],[-80.1950027035334,25.7455586691055],[-80.1948052251461,25.7455605576371],[-80.1946916359068,25.74556738193],[-80.1945517889197,25.7455636275135],[-80.1945206353552,25.7455470619687],[-80.1944614076494,25.7455452438276],[-80.1943757712784,25.7455552019252],[-80.1941930207657,25.7455690940634],[-80.1940268172158,25.7455696645049],[-80.1938902706381,25.7455644382611],[-80.1937718152265,25.7455608019794],[-80.1937075910924,25.7455678973354],[-80.1935479677001,25.7455685041883],[-80.1933011637335,25.7455641566696],[-80.1930444288943,25.7455686959459],[-80.1929275985345,25.745568048631],[-80.1927779886602,25.7455478451866],[-80.1926350721313,25.7455112857571],[-80.1925874731139,25.745493137524],[-80.192571149832,25.7454736736245],[-80.1925729662256,25.7454483482994],[-80.1925698068521,25.7454289572156],[-80.1925468001062,25.7454243580526],[-80.1925318701102,25.7454421591732],[-80.1925218467107,25.7454644575007],[-80.192424631059,25.7454832935058],[-80.1922300497364,25.7455433164142],[-80.1920586152973,25.7455870747543],[-80.1919613906624,25.745607400368],[-80.1918658818093,25.7456173018203],[-80.1917276095682,25.7456239861282],[-80.191572914332,25.7456261085012],[-80.1913704673643,25.7456324367857],[-80.1912552728362,25.7456332863811],[-80.1911416036465,25.7456520293081],[-80.1909191386261,25.7456984828528],[-80.1907380544877,25.7457093989576],[-80.1905735460585,25.7457025236921],[-80.1904880507234,25.7456916172917],[-80.1904486991361,25.7456705335255],[-80.1904259349361,25.7456301687482],[-80.1903946403357,25.7456344660928],[-80.1903896034831,25.7456493413305],[-80.1903681103976,25.7456641243241],[-80.1903104673193,25.7456712560853],[-80.1902743882936,25.7456531709899],[-80.1902597412677,25.7456292447068],[-80.1902449424261,25.7456276725465],[-80.1902317380935,25.7456335606617],[-80.1902250231884,25.7456528966904],[-80.190178818355,25.7456720142474],[-80.1900238491318,25.74571437111],[-80.1899119244703,25.7457182185685],[-80.1898099252915,25.7457146712972],[-80.1897275192612,25.7457335865587],[-80.1896138985808,25.7457448764839],[-80.1895017232885,25.7457859815826],[-80.1893795102238,25.7458508745471],[-80.189333072726,25.7459042663814],[-80.189331093737,25.7459534361087],[-80.189353818411,25.745999761696],[-80.189360668957,25.7462024821488],[-80.1893592433303,25.7462369667373],[-80.1790082270626,25.7463957165801],[-80.1790064744524,25.7462838114966],[-80.1811178902429,25.7462574256038],[-80.183274043918,25.7462304514637],[-80.1834606553885,25.7462279981653],[-80.1834596690416,25.7460891632162],[-80.1832749808635,25.7460933772004],[-80.1790072640742,25.7461494648957],[-80.1789973044565,25.7461043239439],[-80.1789930248839,25.746096540852],[-80.1789877059609,25.7460892998816],[-80.1789814366204,25.7460827167395],[-80.1789743075926,25.7460768925679],[-80.1789664338616,25.7460719155631],[-80.1789579402932,25.7460678642114],[-80.1789489535498,25.7460648064804],[-80.1789473392777,25.7460643760192],[-80.1788996800727,25.7460641073847],[-80.178862556307,25.7460300661528],[-80.17880349479,25.7460017325702],[-80.1782906314779,25.7458390091366],[-80.178038716999,25.7457559218459],[-80.177979562057,25.7457415887441],[-80.1779666146424,25.7457508485389],[-80.1779638783743,25.7457741663243],[-80.1779405814723,25.7457903677237],[-80.1778685599643,25.7457736282448],[-80.1773622857934,25.7455887720726],[-80.1769487509699,25.7454067743133],[-80.1769463506727,25.7453810937605],[-80.1769415536717,25.7453297326381],[-80.1769210873611,25.7453086196789],[-80.1768642797155,25.7453269629417],[-80.1768358956557,25.7453338026233],[-80.1764507610618,25.7451426304014],[-80.1763070863562,25.7450554855756],[-80.1762866847244,25.7450250382755],[-80.1762921258194,25.7449830695541],[-80.1763026747334,25.7449481306713],[-80.1762821931514,25.7449293463645],[-80.1762461096337,25.7449314752251],[-80.1762151294434,25.7449406331304],[-80.1761482436024,25.7449262562362],[-80.175558126101,25.7445729229806],[-80.1748449322574,25.7441348924711],[-80.1741348214325,25.7436245430233],[-80.1737991592621,25.7433433387888],[-80.1739081591798,25.7291434278613],[-80.1739140173812,25.7291434971821],[-80.1856639490027,25.7292819146141],[-80.1856649782392,25.7292782862798],[-80.1869031571193,25.7249119214635],[-80.1911642934175,25.7098825987196],[-80.1911691929635,25.7098825518862],[-80.222227670901,25.7095795773722],[-80.2222713563527,25.7095791460782],[-80.2243049187249,25.7096300409444],[-80.2302716120123,25.7097792068541],[-80.2309266006193,25.7097791966394],[-80.2310062202402,25.7097791951134],[-80.2321718295844,25.709779168472],[-80.2322526997087,25.7097760586635],[-80.2376179749712,25.7095696922186],[-80.247623347987,25.7094248977573],[-80.2476238841865,25.70942487525],[-80.2476690672449,25.7094229318372],[-80.2477189764145,25.7094809292762],[-80.247788283213,25.7095643502914],[-80.2477767371701,25.7095653903522],[-80.247775513665,25.7095670350244],[-80.2478954441068,25.7097106766665],[-80.2480346901178,25.7098731209339],[-80.2481631069416,25.710019005816],[-80.2482716054269,25.710146088576],[-80.2483457496517,25.7102328356828],[-80.2484741197629,25.7103864221879],[-80.2485789872589,25.7105118307586],[-80.2486344231756,25.7105797773428],[-80.2486312736828,25.7105979155264],[-80.2486477586579,25.7107767808558],[-80.2486566798216,25.7109033472318],[-80.2486475780938,25.7109021987258],[-80.2486634153836,25.7110876600093],[-80.2486719188316,25.7111845203784],[-80.2486904115414,25.7113331409536],[-80.2487118543173,25.7114966279044],[-80.248898317566,25.7114887875128],[-80.2491704198804,25.7114780851794],[-80.2494194265156,25.7114705661087],[-80.249667215934,25.7114630405625],[-80.2499131961459,25.7114544045559],[-80.2500601775511,25.711448560075],[-80.2502703131971,25.7114424913986],[-80.2504634419432,25.7114374336287],[-80.2507003096475,25.7114287490577],[-80.2509772601681,25.7114186205646],[-80.2512433006528,25.7114062355374],[-80.2516003988393,25.7113976165255],[-80.251723681796,25.7113949472138],[-80.2518193451601,25.7113420821623],[-80.2518869792986,25.7113050225461],[-80.251966517907,25.7113054304721],[-80.2520428198857,25.7113388276738],[-80.2520727292827,25.7114110432302],[-80.2520760476573,25.7114633190291],[-80.2520525360568,25.7115330602571],[-80.251944669083,25.7115952151976],[-80.2518798125356,25.7115767283254],[-80.2517890090578,25.7115322581642],[-80.2517460920585,25.7115006804875],[-80.2515359573108,25.7115073035813],[-80.2512638648779,25.7115163580293],[-80.2508314510618,25.7115284379087],[-80.2504621663335,25.7115441429675],[-80.2500978241349,25.7115455698848],[-80.2498658154165,25.7115537291647],[-80.2498293941323,25.7115518902698],[-80.249829314182,25.7115645431888],[-80.2495596615727,25.711572507408],[-80.2493622784067,25.7115786416372],[-80.249147272995,25.711586335526],[-80.2489529315237,25.7115913851958],[-80.2487986593938,25.7115977403834],[-80.24876457822,25.7116096680996],[-80.2487843052168,25.7116592769318],[-80.2487496266635,25.7116701006588],[-80.2487711161542,25.7117290706542],[-80.2488076209819,25.7117177062725],[-80.2488901401951,25.7119211164941],[-80.2488998698452,25.711918965189],[-80.2489130041083,25.7119547887078],[-80.2489323448282,25.7120654562067],[-80.2489548170767,25.7120650223853],[-80.2490188193236,25.7122193762334],[-80.2490684305644,25.7123450515812],[-80.2491276079615,25.712494432321],[-80.2491318605806,25.7126875363822],[-80.2491373897057,25.7128707424242],[-80.2491406182463,25.7130335854377],[-80.2491419854803,25.7131062054553],[-80.2491426520281,25.7131936739719],[-80.2491134990108,25.7131946241615],[-80.24911853676,25.7132623102174],[-80.2491051078464,25.7133700579471],[-80.2490911543193,25.7133683356286],[-80.249068824003,25.7134430346863],[-80.249096724769,25.7134481279867],[-80.2490972763342,25.7134569321997],[-80.2490218511078,25.7135742625595],[-80.248941514793,25.7136998199264],[-80.2488899766619,25.7137848178472],[-80.2489970908452,25.7138425792355],[-80.2489180103749,25.7139620904296],[-80.2488133180488,25.7139048924115],[-80.2488022741636,25.7139229896202],[-80.2487320367096,25.7138907205777],[-80.2486671109918,25.7138832348376],[-80.2486245964368,25.7138846665886],[-80.2485820073215,25.7138976470482],[-80.2485558052687,25.7139123676229],[-80.2485338199065,25.7139320560248],[-80.2485172891131,25.713953975009],[-80.2485141575866,25.7139688113151],[-80.2485140677548,25.7139831142538],[-80.2485218588406,25.7139996566785],[-80.248539324779,25.7140228495767],[-80.24860273953,25.7140776364681],[-80.2486142173008,25.714087045223],[-80.248649048566,25.7141488346222],[-80.2486901608505,25.714177651697],[-80.24881789316,25.7142399209978],[-80.2489128908705,25.7142937705581],[-80.2490194301323,25.7143471247698],[-80.2491186831609,25.7143998946046],[-80.2492083233209,25.7144366635113],[-80.2493463862532,25.7144978845654],[-80.2495406307041,25.7146061532117],[-80.2495533598278,25.7146095176868],[-80.2495758374663,25.7146079831564],[-80.2495935010347,25.7145992721043],[-80.2496063370583,25.7145861371346],[-80.2496755288762,25.7144946293557],[-80.2497880841535,25.7145568191738],[-80.2497035850472,25.7146686003461],[-80.2496227798124,25.7147721511279],[-80.2495899131605,25.7147840850006],[-80.2495565650122,25.7147762132571],[-80.2494156310657,25.7146885727004],[-80.2492982239891,25.714625257143],[-80.2491032644791,25.7145345903064],[-80.2488150895155,25.7143961335354],[-80.2486475492752,25.7142907516636],[-80.2485645530529,25.7142600674358],[-80.2484839131107,25.7142404001296],[-80.2484420309696,25.7142379833973],[-80.2484001003194,25.7142427164997],[-80.2483775418324,25.7142569044769],[-80.2483512499478,25.714285922244],[-80.2482991782178,25.7143588174859],[-80.2482600125802,25.7144070217526],[-80.2482557195326,25.7144136001738],[-80.2482581108471,25.7144196654651],[-80.2483313136387,25.7144629504638],[-80.2485509714212,25.714585101955],[-80.248562483328,25.7145895606744],[-80.248580719123,25.7145863540228],[-80.2485983835897,25.7145776429692],[-80.2486062914569,25.7145754852372],[-80.2486238993296,25.7145755766943],[-80.2486445273373,25.7145784312787],[-80.2486717750282,25.7145906751537],[-80.248859352185,25.7146967090972],[-80.2490856970245,25.7148183456018],[-80.2492158008854,25.7148899746976],[-80.2493047807838,25.714934990724],[-80.2493150925418,25.7149366944047],[-80.2493302794555,25.7149362225543],[-80.2493399857493,25.7149373734493],[-80.2493635979593,25.7149484979572],[-80.2493931830656,25.7149756046832],[-80.2493991541652,25.7149915877097],[-80.2494008555734,25.7150108494065],[-80.2493946841489,25.7150267701082],[-80.2493861007486,25.7150399268818],[-80.2493309235434,25.7151232557786],[-80.2493321183023,25.7151265635845],[-80.2493865840396,25.7151565499305],[-80.2494058663709,25.7151803018625],[-80.2493991218216,25.7151901702394],[-80.2493681910389,25.7151845072328],[-80.2492532058195,25.7151223064118],[-80.249228998925,25.7151089796836],[-80.2492205736287,25.7150968329841],[-80.249212777153,25.7150813914259],[-80.2491970674202,25.7150692099214],[-80.2491619603713,25.7150508765564],[-80.2488514892296,25.7148853492572],[-80.2486747888708,25.7147881722044],[-80.2485567592618,25.7147270532783],[-80.2485344567954,25.7147010844433],[-80.248530308377,25.7146845607312],[-80.2485310674537,25.7146603611293],[-80.2485244729234,25.7146471241877],[-80.2484675889222,25.7146160264736],[-80.248256378894,25.7145021692578],[-80.2482103896571,25.7144766277115],[-80.2481842963008,25.7144737423691],[-80.2481526774086,25.7144807295092],[-80.2480612936174,25.7145281170893],[-80.2479801955329,25.7145816087825],[-80.2478892725768,25.7146526488091],[-80.2478361004113,25.71470683487],[-80.24780367034,25.7147462729184],[-80.2477888714976,25.7147819523305],[-80.2477880908613,25.7148094532475],[-80.2478017542316,25.7148579308929],[-80.2478182769381,25.71493393045],[-80.2478149989859,25.7149724182477],[-80.2478007615902,25.7150158025937],[-80.2477688669143,25.715066246062],[-80.2476509010818,25.7151883070902],[-80.2475713885225,25.7152797609185],[-80.247499389473,25.7152375834042],[-80.2474675181534,25.7152847246424],[-80.2474584352903,25.7152808284454],[-80.2473903834339,25.715383893896],[-80.2474006781239,25.71538834692],[-80.2473614424175,25.7154475538284],[-80.2473994644983,25.7154846064908],[-80.2473573101668,25.7155250948116],[-80.2473168958733,25.7154819801625],[-80.2472870125255,25.7155027301659],[-80.2472437883013,25.715520110051],[-80.2471908919195,25.7155308379237],[-80.2471441364194,25.715530596738],[-80.2470871311452,25.7155187495385],[-80.2470411104672,25.7154976078132],[-80.2469994124813,25.7154660376637],[-80.2469722797752,25.7154356442952],[-80.2469524755231,25.715398135956],[-80.2469411837041,25.7153590218615],[-80.2469377090222,25.7153320495748],[-80.246939126564,25.7152995988126],[-80.2469447536098,25.7152743245229],[-80.2469570901706,25.7152441342523],[-80.2469847501895,25.7151909172249],[-80.2469284375165,25.7151653224092],[-80.2467676292429,25.7153405218132],[-80.2466698126165,25.7154456308103],[-80.2469094417382,25.7155783416279],[-80.2471000623864,25.7156827438623],[-80.2470895790496,25.7157085433295],[-80.2470496893697,25.7157748982026],[-80.2469980344573,25.7158780473973],[-80.246973302945,25.7159477819907],[-80.2469578079082,25.7159977596923],[-80.246943091711,25.7160202383607],[-80.2469290690134,25.7160295182762],[-80.2468907900137,25.7160331684079],[-80.246842258545,25.7160252174312],[-80.2468120068888,25.7160080083898],[-80.2467788590655,25.715968231644],[-80.2467298928128,25.7159333222715],[-80.2466807693545,25.7159231674478],[-80.2466358500104,25.7159207345628],[-80.2465914157559,25.7159375567497],[-80.2465066974621,25.7159866263723],[-80.2464578560736,25.7160287307781],[-80.2464199139412,25.7160752938327],[-80.2463930911526,25.7160916571014],[-80.2463410867965,25.716153549863],[-80.2463173344489,25.7161644257886],[-80.2462972714812,25.716168174656],[-80.2462361061104,25.7161420037996],[-80.2460926622715,25.7160670013117],[-80.2459667014349,25.7162049713357],[-80.2457796183447,25.7164058843531],[-80.2456976938097,25.7164934750804],[-80.2459034357944,25.716608409238],[-80.246206564109,25.716782705733],[-80.2463408918471,25.7168587623349],[-80.2465611317376,25.7169853198168],[-80.2466143829529,25.7170147512995],[-80.2467371960892,25.7170874449667],[-80.246892075478,25.717179013074],[-80.2471432218965,25.7173161813844],[-80.2472314561969,25.7171901171444],[-80.2474263061121,25.7172989393526],[-80.2473331670115,25.7174315817316],[-80.2472296074563,25.7175801184241],[-80.2471499538611,25.717693576117],[-80.2469611882336,25.7175831339883],[-80.2470482250803,25.717454312636],[-80.2468485530102,25.7173405131715],[-80.2467511316459,25.7172855497288],[-80.2465926518106,25.7171873670158],[-80.246357249261,25.7170579786948],[-80.2462120860475,25.7169664631013],[-80.2460432441484,25.7168748252273],[-80.2459409557133,25.7168214867172],[-80.2458889387807,25.7168850269076],[-80.2458548962346,25.7168909034968],[-80.2458496159396,25.7168611701019],[-80.2458955881104,25.716793197161],[-80.245721928548,25.7166954826479],[-80.2455761050728,25.7166122155491],[-80.2455534603472,25.7166401530852],[-80.245401131269,25.7168186928777],[-80.2452860634002,25.7169622205476],[-80.2451777903866,25.7170876286582],[-80.2450694401176,25.7172251402253],[-80.2449917152052,25.7173210041633],[-80.245003422045,25.7173903753305],[-80.245044620566,25.7175017070914],[-80.2450512159946,25.717514945334],[-80.2450939039229,25.7175822768735],[-80.2451131449316,25.7176126300362],[-80.245129345144,25.7176435205869],[-80.2451356854503,25.7176974600594],[-80.2451372925351,25.7177315765789],[-80.2452871054264,25.7178561203284],[-80.2453879790148,25.7179408061188],[-80.245492482694,25.7180282613707],[-80.2456018175112,25.7181195932387],[-80.2456314969409,25.7181318472705],[-80.2457643685096,25.7182464043162],[-80.2457821093333,25.7182255908543],[-80.2458008490826,25.7182388913348],[-80.2458497344887,25.7181907379898],[-80.2458926281317,25.7182261630504],[-80.245844350885,25.7182743228557],[-80.2458600435497,25.7182892557426],[-80.245841090899,25.7183095115673],[-80.2458670710672,25.7183305483894],[-80.2459023568814,25.7183202788475],[-80.2459327441836,25.7183160363589],[-80.2459649047595,25.7183200546652],[-80.2459909289454,25.7183339402782],[-80.2460446760302,25.7183815246109],[-80.2461412556726,25.7184733409932],[-80.2461490332836,25.7184915338171],[-80.2461489335703,25.7185074864261],[-80.2461433595252,25.7185250601108],[-80.2461316895144,25.7185459018468],[-80.2460717530366,25.7186138025653],[-80.2460175855388,25.7186327763646],[-80.2459896434501,25.7186342825166],[-80.2459514452991,25.7186247332983],[-80.2458239582304,25.7185228579318],[-80.2457950163178,25.718490252649],[-80.2457842311482,25.7184670913763],[-80.2457800980012,25.7184483692498],[-80.2457813987616,25.7184346228546],[-80.2457863700374,25.7184170451099],[-80.2458077966478,25.7183896510488],[-80.2457177684164,25.7183176752412],[-80.2455999696751,25.7182202492923],[-80.2452538363281,25.7179313102589],[-80.2451366852721,25.7178278366817],[-80.2450919833209,25.7177902012222],[-80.2450852845858,25.71779346525],[-80.2450780369803,25.7177873766601],[-80.2450445819322,25.7177960049268],[-80.2450099689562,25.7177963755993],[-80.2449524435579,25.7177702245251],[-80.2448629192809,25.7177153009382],[-80.2448447068422,25.7177141055567],[-80.2448300768836,25.7177233812934],[-80.2448233485039,25.7177310480806],[-80.2448214809069,25.7177381912308],[-80.2447774976061,25.717779219417],[-80.244716890985,25.7178570178649],[-80.2446806628373,25.7179206392446],[-80.2446621584452,25.7179656516944],[-80.2446435220004,25.7180321145683],[-80.2446321565173,25.7181013679679],[-80.2446294597747,25.7181437103777],[-80.2446304065978,25.7181860721963],[-80.2446367711587,25.7182356151586],[-80.2446520263425,25.7183198571665],[-80.2446687098479,25.7183711012767],[-80.2446843297489,25.718397587279],[-80.2447217131275,25.7184395864301],[-80.2447622109646,25.7184694999107],[-80.2448015688401,25.7184873066876],[-80.2448343249989,25.7184929800582],[-80.2448604605761,25.7184892628278],[-80.2448781178563,25.7184816535517],[-80.2448945983439,25.7184685376251],[-80.2449031934223,25.718453728588],[-80.2449057024164,25.7184410909696],[-80.244904051314,25.718414127475],[-80.2449041833668,25.7183932233976],[-80.2449073517243,25.7183717875894],[-80.2449111075798,25.71835420417],[-80.2449301231127,25.7183240462449],[-80.2449490784584,25.7183032425085],[-80.2449685979457,25.7182895907881],[-80.2449960019439,25.7182770810263],[-80.2450209292875,25.718272261486],[-80.2450476712274,25.7182690986376],[-80.2450695245368,25.7182697614765],[-80.2450986380282,25.7182754121964],[-80.2451580400067,25.7182927722543],[-80.2451925505745,25.7183089045611],[-80.2452318500594,25.7183360623185],[-80.2452608171248,25.7183648160606],[-80.2452806896491,25.7183913247256],[-80.2453004903079,25.7184293816533],[-80.2453142390186,25.7184635586625],[-80.2453207293439,25.7184938484727],[-80.2453223121742,25.7185318139135],[-80.2453171693197,25.7185768924968],[-80.24530108409,25.7186241190097],[-80.2452851677441,25.7186438365769],[-80.245224640175,25.7187089863481],[-80.245200245532,25.7187253613944],[-80.2451637496875,25.7187350748959],[-80.2451048148323,25.7187397187936],[-80.2450708396601,25.7187351436868],[-80.2450351037906,25.7187206551743],[-80.2450121078247,25.718707885664],[-80.2449486957687,25.7186525465179],[-80.2449414346885,25.7186486593338],[-80.2449220238976,25.7186452577439],[-80.244909857119,25.7186484958497],[-80.2448982428038,25.7186605361648],[-80.244895678114,25.7186819775863],[-80.2449017004177,25.7186902602075],[-80.2449500010187,25.7187345172682],[-80.244997147285,25.7187694177255],[-80.2450139978776,25.7187931584148],[-80.2448582435251,25.718936473278],[-80.2448660328142,25.7189530174419],[-80.2447762659893,25.7190323147944],[-80.2446887233958,25.7189515477098],[-80.2446047992151,25.7188752002814],[-80.2445963352911,25.718869106891],[-80.244589656319,25.71886907209],[-80.2445321506816,25.7189364344248],[-80.2445315110812,25.7189413810021],[-80.2445411607809,25.7189518827666],[-80.2446546961191,25.7190514892375],[-80.244617707098,25.7191387623825],[-80.2444246726712,25.7193198388785],[-80.2443281029063,25.7194183556943],[-80.2442234986134,25.719443116803],[-80.2442019264764,25.719445316531],[-80.2441773171365,25.7194478270374],[-80.2441347145464,25.719462460328],[-80.2441115523916,25.7194766428267],[-80.2440730074898,25.7195220998122],[-80.2440240169805,25.7195867554187],[-80.2439321615723,25.7197078487219],[-80.2439321229447,25.7197138983662],[-80.2439356982382,25.7197249196438],[-80.2439489941986,25.7197348904273],[-80.2439598898613,25.7197404471965],[-80.2439677869487,25.7197399373271],[-80.2439946492632,25.7197175249164],[-80.244077672437,25.7196486447451],[-80.2441094188903,25.7196218539094],[-80.2441466226074,25.719596192066],[-80.2441721958396,25.7195853229288],[-80.2441819299812,25.7195826246634],[-80.244189215316,25.7195826627014],[-80.2441958897966,25.7195837973652],[-80.2442010245651,25.7195879313606],[-80.2442158252031,25.7195998534207],[-80.2443715346337,25.7197524833619],[-80.2443762992962,25.7197673610294],[-80.2443755518976,25.7197893614891],[-80.2443447612506,25.7198574128404],[-80.2443195320721,25.7199095400601],[-80.2442790746574,25.7199698405311],[-80.2442503330676,25.7200015956266],[-80.2441981355742,25.7200450695904],[-80.2441630357109,25.7200743036511],[-80.2441050467804,25.7201213126725],[-80.2441014211811,25.7201185415808],[-80.2440203033337,25.7201742312845],[-80.2439904361556,25.7201916800882],[-80.2439228244749,25.7202243334618],[-80.2438663977155,25.7202168902047],[-80.243836693133,25.7202084846737],[-80.243808885792,25.7201885367106],[-80.243798687222,25.7201686793877],[-80.2437964144856,25.7201439151909],[-80.2438009069597,25.7201059826373],[-80.243808987304,25.7200763196473],[-80.2438619052475,25.7199665757462],[-80.2438431295654,25.7199587779935],[-80.2439021237117,25.7198485160219],[-80.243908288848,25.7198342437332],[-80.243904723436,25.7198215755073],[-80.2438902668527,25.7198033472768],[-80.2438787477593,25.7197999861858],[-80.2438653682553,25.7198032185951],[-80.2438574172689,25.7198119778252],[-80.2438255845771,25.7198525188975],[-80.2437732164043,25.7198753505079],[-80.2437139806104,25.7200235668981],[-80.2436806818675,25.7201037076528],[-80.2436690702473,25.7201157486299],[-80.2436556736753,25.7201211815557],[-80.2436362386299,25.7201216307248],[-80.2435647004154,25.7201031063302],[-80.2435331435072,25.7200996408458],[-80.2435094252957,25.7201055690726],[-80.243493569137,25.7201159380063],[-80.2434476652383,25.7201729104743],[-80.2433742360685,25.7202610916546],[-80.2433674645696,25.7202753606548],[-80.2433667288491,25.7202957092127],[-80.2433691030956,25.7203045226308],[-80.243379334005,25.7203188798412],[-80.2433944643247,25.7203266597654],[-80.2434132687529,25.7203306059747],[-80.2434302981108,25.7203262955753],[-80.2434437153441,25.720317013567],[-80.2434553485239,25.7203022209463],[-80.2434761966196,25.7202704230373],[-80.2434969890195,25.720247428021],[-80.2435201359029,25.7202359948518],[-80.2435420143652,25.7202333597278],[-80.2435620467901,25.7202345631772],[-80.2435808296587,25.7202412626736],[-80.2436104426128,25.7202639687671],[-80.2436629904472,25.7203087998546],[-80.2436823069146,25.7203270522871],[-80.2436991521173,25.7203518941401],[-80.243708708392,25.7203772474732],[-80.2437115003542,25.7204157666917],[-80.2437070572875,25.7204460001621],[-80.2436954043447,25.7204646434706],[-80.2436126560541,25.7205857836296],[-80.2435280536412,25.7207124140254],[-80.2435115569839,25.7207282805494],[-80.2434908651956,25.720735323974],[-80.2434683794722,25.7207379582776],[-80.243453812396,25.72073678235],[-80.2434356385849,25.7207300877373],[-80.2433885165731,25.7206913355385],[-80.2433323395461,25.7206442878934],[-80.2433220996535,25.7206310313848],[-80.2433125263108,25.7206084289534],[-80.2433053712322,25.7205874864146],[-80.2433036473659,25.720572076323],[-80.2433031344284,25.7205572214169],[-80.2433081542133,25.7205313938659],[-80.2433186267703,25.7205077951535],[-80.2433499231683,25.720456249282],[-80.243357332471,25.7204370345978],[-80.2433573881667,25.72042823252],[-80.2433574438625,25.7204194320602],[-80.2433484526278,25.7204006811057],[-80.2433327419967,25.7203884969087],[-80.2433176008972,25.7203823687952],[-80.2432963467639,25.720382257919],[-80.2432781019858,25.7203865650792],[-80.2432610331019,25.7203963755629],[-80.2431765807081,25.7204993548407],[-80.2430596632086,25.7206467214856],[-80.2431164340218,25.7206959753094],[-80.2430828082932,25.7207315542009],[-80.2430290576151,25.7206850690424],[-80.2429488982689,25.7207809188617],[-80.2427989955396,25.7209583687753],[-80.2427720784277,25.7209895821797],[-80.2427470873032,25.7210205017971],[-80.242909401146,25.7211616369462],[-80.243133895455,25.7213546832402],[-80.2434260724095,25.7216078475793],[-80.2435745468172,25.7214667518118],[-80.2436950863174,25.7215702384096],[-80.2437479270025,25.7216154946986],[-80.2434275600124,25.7219214702892],[-80.2431057386631,25.7216335518767],[-80.2429558781612,25.7214993999698],[-80.2428694620543,25.7214366699284],[-80.2428210761133,25.7214005571049],[-80.2427892434226,25.7213821486409],[-80.2427629183012,25.7213719432966],[-80.2427282604097,25.7213610694648],[-80.2426859443826,25.7213533001288],[-80.2426561041544,25.7213499997792],[-80.2426401626562,25.7213448849662],[-80.2426228350579,25.7213391332292],[-80.2426013311931,25.7213352461326],[-80.24257842955,25.7213326102228],[-80.2425596493761,25.7213369181578],[-80.2425227645612,25.7213486773712],[-80.2425011528982,25.721361776794],[-80.2424472746569,25.7214250377766],[-80.2423835634591,25.7215058630676],[-80.242284929366,25.7216173317929],[-80.2422443443907,25.7216655630627],[-80.2422380193544,25.7216774849141],[-80.2422309729711,25.721693174072],[-80.2422287972518,25.7217076330869],[-80.2422293847494,25.7217246236006],[-80.2422362487742,25.7217372398285],[-80.2422437946201,25.7217523778434],[-80.2422548088602,25.7217675352797],[-80.2422941532605,25.7218061147463],[-80.2423604596875,25.7218637087601],[-80.2424012234257,25.7218972640484],[-80.2424046478024,25.7219048326412],[-80.2424052631479,25.7219174164778],[-80.2423968109015,25.7219362465044],[-80.2423849037356,25.7219519113491],[-80.2423249951063,25.7219805412018],[-80.2423054531611,25.7219955399854],[-80.2422859022327,25.7220117939935],[-80.2422801799655,25.7220381853058],[-80.2422799805389,25.7220696404083],[-80.2422909795076,25.7220873139204],[-80.2423061646243,25.7221024915466],[-80.2423282748515,25.722120221705],[-80.2423434123574,25.7221429484815],[-80.2423488013486,25.7221694004624],[-80.2423513696306,25.7222021269406],[-80.2423386557774,25.7222360341778],[-80.2422935208352,25.722344006048],[-80.2422681703842,25.7223992358383],[-80.2422470878282,25.722438132344],[-80.2422289122201,25.7224569121115],[-80.242209376563,25.7224706499485],[-80.2422051688553,25.7224769195812],[-80.242576655346,25.7228185732068],[-80.242631073474,25.7227798508248],[-80.242649203268,25.722768620223],[-80.2426631307442,25.7227624040194],[-80.242679823234,25.7227587160569],[-80.2426999679483,25.7227581900147],[-80.2427228624048,25.7227620843484],[-80.2427498936018,25.7227704039135],[-80.2427602727334,25.7227767471766],[-80.2428776834025,25.7228805312645],[-80.2429964801716,25.7229849537954],[-80.243021999504,25.7230127676321],[-80.243033666819,25.7230348468024],[-80.2430398220732,25.7230499781778],[-80.2430424891701,25.7230676094608],[-80.243039852615,25.7230930690416],[-80.2430323948032,25.7231203657137],[-80.2430279732965,25.7231283081222],[-80.2430152810035,25.7231288147399],[-80.2429784078677,25.7230968435874],[-80.2429439538943,25.7230538846394],[-80.2429183977308,25.7230317326358],[-80.2428686598258,25.7229893256029],[-80.2428306628978,25.7229576716565],[-80.242805748131,25.7229436999887],[-80.2427683485822,25.7229271490957],[-80.2427392305994,25.7229188182114],[-80.2427242853324,25.722918066376],[-80.2427100155981,25.7229262167868],[-80.2427132279726,25.722929357661],[-80.2427163720751,25.7229327607467],[-80.2427240329055,25.722937720916],[-80.2427385424894,25.722951291174],[-80.2428485995519,25.7230425715134],[-80.2429868753834,25.7231720617682],[-80.2429079997299,25.7232458061775],[-80.2427173404554,25.7230854203986],[-80.2425685031342,25.7229572119724],[-80.2424216879201,25.7228328669858],[-80.2422538359653,25.7226885103911],[-80.2422943616515,25.7226497620691],[-80.2421776238204,25.722549752344],[-80.2420726215763,25.7224605013465],[-80.2417928521485,25.7222224978194],[-80.2416499571744,25.7224142645027],[-80.2414860658828,25.7226304578929],[-80.2413284780678,25.7228391309152],[-80.2412253020935,25.7229715081417],[-80.2415115411859,25.7232131527984],[-80.2416020518124,25.7232872298045],[-80.2416237362391,25.7232634365995],[-80.2416363117513,25.7232515472788],[-80.2418111436139,25.7233902349098],[-80.2419161269933,25.7234826317341],[-80.2420190487397,25.723571242625],[-80.2422228530577,25.723741535881],[-80.2423057396846,25.7238136856407],[-80.2422184746672,25.7238843211747],[-80.2420899805876,25.7237760755415],[-80.2419663293241,25.723670997371],[-80.2417991564954,25.7235285776177],[-80.2417844690451,25.7235166939881],[-80.2417728331706,25.7235177468756],[-80.2417700187495,25.7235233924897],[-80.2417643737377,25.7235372038493],[-80.241753720619,25.7235742669396],[-80.2417571405041,25.7235824618166],[-80.2417619689473,25.7235881487017],[-80.2417577091371,25.7236025985839],[-80.24173946885,25.7236314425019],[-80.2417289918018,25.7236408246036],[-80.2417164594088,25.7236457912173],[-80.2417025813402,25.7236438319255],[-80.2416811367643,25.7236298813799],[-80.2416652285039,25.7236197312604],[-80.2416215650044,25.7236056649831],[-80.2416049039557,25.7236043183235],[-80.2415875206617,25.7236073758225],[-80.2415478717315,25.723617232979],[-80.2415262564753,25.7236303321519],[-80.2415046403207,25.7236440585233],[-80.2414885721596,25.7236590749016],[-80.2414766497223,25.7236772564111],[-80.2414737634358,25.7236942280297],[-80.241475766678,25.7237068205792],[-80.2414819336103,25.7237200637963],[-80.2415476103186,25.723767591752],[-80.2415579490259,25.7237802271861],[-80.2415592803286,25.7237896715915],[-80.2415592120564,25.7238003655386],[-80.2415542695269,25.7238129208493],[-80.2415088677867,25.7238535779045],[-80.24141525797,25.7239392783152],[-80.2413963699979,25.7239605723037],[-80.2413677200364,25.7239881034698],[-80.2413551319478,25.7240018767387],[-80.2413418009524,25.7240231990411],[-80.2413319491312,25.7240432790834],[-80.2413213867427,25.7240658735781],[-80.2413052943271,25.7240846628001],[-80.2412815824035,25.7241002666651],[-80.241262777975,25.7241083482053],[-80.241246042366,25.7241189555297],[-80.2412125522832,25.724143317492],[-80.2411972270289,25.7241501575835],[-80.2411819359106,25.7241519647205],[-80.241165973751,25.7241499949163],[-80.2411327396889,25.7241340932393],[-80.241099534373,25.7241131602231],[-80.2410504675092,25.7240745272824],[-80.2410352347816,25.7240675277564],[-80.241015126,25.7240623912094],[-80.2409838691289,25.7240628557397],[-80.2409546586193,25.7240689949929],[-80.2409261002863,25.7240820585072],[-80.2409065709175,25.724095168959],[-80.2408540590133,25.7241615814686],[-80.2408400345187,25.7241828980774],[-80.2408308483488,25.7242073862757],[-80.2408298610997,25.7242539364179],[-80.2408373512498,25.7242772511374],[-80.2408455735268,25.7242949081356],[-80.2408613560227,25.7243251883682],[-80.2408626873254,25.7243340022968],[-80.2408563443227,25.724348442377],[-80.2408347039135,25.7243659423628],[-80.2408193517096,25.7243771881902],[-80.2408074355605,25.7243947383476],[-80.2408003640242,25.7244148337038],[-80.2407898142122,25.7244355400664],[-80.2407708651545,25.7244662702247],[-80.2407512980564,25.7244856687746],[-80.2407080711371,25.7245118685462],[-80.2406453705448,25.7245417367966],[-80.2406224114094,25.7245479092057],[-80.2406050451834,25.7245484489979],[-80.2405807951697,25.7245395128827],[-80.2405503180363,25.724526772322],[-80.2404991383355,25.7244925347394],[-80.2404770703292,25.7244678839331],[-80.2404563228459,25.7244539334842],[-80.2403893031567,25.7243988519363],[-80.2403443811183,25.7243640178737],[-80.2403284710612,25.7243538670076],[-80.2403049118518,25.7243455685948],[-80.240286889856,25.7243398113379],[-80.2402445720322,25.7243320413872],[-80.240209173929,25.7243287087488],[-80.2401917708719,25.7243349111127],[-80.2401792124278,25.724343653014],[-80.2401400881131,25.7243799357015],[-80.2401127532845,25.7244194288115],[-80.2401084656265,25.724438281102],[-80.2401097538099,25.7244540152159],[-80.2401152209548,25.7244678839267],[-80.2401331737801,25.7244843350629],[-80.2401345041844,25.7244937786031],[-80.2401337424131,25.724504470059],[-80.2401175889118,25.7245326954652],[-80.2401091303771,25.7245521530821],[-80.240106242294,25.7245691245759],[-80.2401032509043,25.7246030821233],[-80.240088054107,25.7246992581643],[-80.2400837242281,25.7247250289697],[-80.2400779875878,25.7247533085456],[-80.2400702342305,25.7247708845446],[-80.2400520415542,25.7247921775749],[-80.2400185631496,25.7248146521532],[-80.2400011502111,25.7248221113069],[-80.2399816828263,25.724825783829],[-80.2399281693022,25.7248311671728],[-80.2399024703061,25.7248310328315],[-80.2398843611735,25.72483911675],[-80.2398683127754,25.7248509864891],[-80.2397193254293,25.7250169247848],[-80.2396172274335,25.7251258563633],[-80.2396032074306,25.725146544798],[-80.2395988793483,25.7251716883145],[-80.2395979918124,25.7252018801121],[-80.2395944560442,25.7252119289362],[-80.2395613513388,25.7252325032472],[-80.2395334757248,25.7252598949228],[-80.2394698642403,25.7253241282035],[-80.2393812158169,25.7254335215985],[-80.2392883372288,25.7255129344034],[-80.2391976110036,25.7255816646993],[-80.2391627258377,25.725606646268],[-80.2391375065411,25.7256404886015],[-80.2391233931131,25.7256756451903],[-80.239105133063,25.7257070062637],[-80.2390980049328,25.7257359063207],[-80.2390978612019,25.7257585547155],[-80.2391073842387,25.7257900598185],[-80.2391071919987,25.7258202546961],[-80.2390958804152,25.7258516529581],[-80.2390818684972,25.7258704524185],[-80.2390631655771,25.7259358774316],[-80.2389836350514,25.7260329531155],[-80.2389400946193,25.7261024851016],[-80.2388686956414,25.7261901876516],[-80.2387819336798,25.7262903942019],[-80.2387189402357,25.7263668161763],[-80.2386950127159,25.7264157625345],[-80.2386865425031,25.726437107873],[-80.2386862694144,25.7264798859402],[-80.2386858849342,25.7265402810023],[-80.2386855489633,25.7265931239253],[-80.2386839032493,25.7266333778237],[-80.2386781243881,25.726668578629],[-80.2386555479338,25.7267238225963],[-80.238644201316,25.7267602510358],[-80.2386259996566,25.72678280536],[-80.2385966939253,25.7268040429996],[-80.238570165784,25.7268252943929],[-80.2385477645018,25.7268528572666],[-80.2385281444029,25.7268804363194],[-80.2384945330472,25.7269230410431],[-80.2384721236802,25.7269518623054],[-80.2384343073118,25.7270007363978],[-80.2383964684854,25.7270533848913],[-80.2383768519798,25.7270797046784],[-80.2383530780722,25.727104745009],[-80.2383181758382,25.7271322438857],[-80.2382707897204,25.7271571611964],[-80.2381830710548,25.7271894153075],[-80.2380354734044,25.7272452635522],[-80.2379296321313,25.727287490217],[-80.237908780443,25.7272898985904],[-80.2378949230357,25.7272847921255],[-80.2378769270911,25.7272746326067],[-80.2378560942675,25.7272745241648],[-80.2376208570035,25.7273500439825],[-80.2375470442544,25.7273798564897],[-80.2375358494523,25.7273923798612],[-80.237520484672,25.7274061405968],[-80.2375162122854,25.7274224756013],[-80.2375091623088,25.7274387952275],[-80.2374910163451,25.727452541391],[-80.2374562183159,25.7274636809126],[-80.2373963537043,25.7274847590049],[-80.2373961767357,25.7275124398787],[-80.2372961502566,25.7275144330938],[-80.2371766761557,25.7275163227228],[-80.2371281725349,25.7274984549843],[-80.2369988699784,25.7270813029561],[-80.2367239604348,25.7268439463803],[-80.2364960210878,25.7266464677242],[-80.2362687509854,25.7264533960305],[-80.236033908986,25.7262502186385],[-80.2357990687832,25.7260464129028],[-80.2355355875927,25.7263029661874],[-80.2352965971652,25.7265307113189],[-80.2350394356212,25.7267766022511],[-80.2347871519277,25.7270193745684],[-80.2345313710939,25.7272659030007],[-80.2343573665728,25.7274323348144],[-80.2340990381276,25.7272088991238],[-80.2338531378704,25.726996852643],[-80.2337605557273,25.7270297088923],[-80.2336818435679,25.7270651531684],[-80.2335752162689,25.7271218414908],[-80.2334971113702,25.7271711330939],[-80.2334224488146,25.7272254720677],[-80.233328163465,25.7273067619806],[-80.2332519495189,25.727386256889],[-80.2331665494027,25.7274896120869],[-80.2331265348571,25.7275560874422],[-80.2330689313026,25.7276577017685],[-80.2330315542094,25.7277462091973],[-80.2330125422695,25.7277863720677],[-80.2330291089947,25.7278021882835],[-80.2330446588274,25.7278170900313],[-80.2331777774326,25.7279312654882],[-80.2334209998128,25.7281408582459],[-80.2336393936646,25.7283280422732],[-80.2337128102548,25.7283920432604],[-80.2339142466143,25.7285649677897],[-80.2337056668457,25.7287664061753],[-80.2334756416112,25.7285695417008],[-80.2334200116565,25.7285934212432],[-80.2334157590334,25.7285839594157],[-80.2330392527473,25.7287628446308],[-80.2328466791582,25.7288522648828],[-80.232818708323,25.7288729866576],[-80.2327906907752,25.7289006647799],[-80.2327635724406,25.7289379123267],[-80.2327489200236,25.7289769644982],[-80.2327409995792,25.7290143139874],[-80.23274263002,25.7290595391187],[-80.2327501093902,25.7290908823057],[-80.2327821846244,25.7291788756028],[-80.2328161193704,25.7292764439032],[-80.2328425855261,25.7293409307391],[-80.2328529493859,25.7293714192827],[-80.2328565201881,25.7293701827469],[-80.2328578892201,25.7293740752453],[-80.2329534950855,25.7296281118739],[-80.2331719464323,25.7296802186302],[-80.2331676659609,25.729697813323],[-80.2333570074098,25.729740328833],[-80.2333038055974,25.7299130547498],[-80.2332355704817,25.7301561645959],[-80.2331999082706,25.7303019323464],[-80.2332470248906,25.730428003731],[-80.2333303067729,25.7306542916137],[-80.2333616373037,25.7307507111984],[-80.2333142547792,25.73077499897],[-80.2332473419876,25.7308111348404],[-80.2331706061209,25.7308635769081],[-80.2330381091454,25.7309459228195],[-80.2329000030908,25.7310370456898],[-80.2330915894248,25.7312708267712],[-80.2332080568623,25.7314136192107],[-80.2331490663071,25.7316228052525],[-80.2331335335413,25.7316617278737],[-80.2331209256896,25.7316780185947],[-80.2331041550462,25.7316942866549],[-80.2330748942308,25.7317079748704],[-80.2329885041729,25.7317490403168],[-80.2328686159473,25.7318150949149],[-80.2327863114259,25.7318687657664],[-80.2326432188241,25.7319787365967],[-80.2324728255369,25.7317972844627],[-80.2323513436998,25.7318947866821],[-80.2321876725032,25.7317485968419],[-80.2321276075666,25.7317998675337],[-80.2319123479368,25.731574766551],[-80.2318146283291,25.7316497479257],[-80.2318518895369,25.7316876897456],[-80.2317967895878,25.7317232596834],[-80.2317765433636,25.7317395099341],[-80.2317813709084,25.7317451972383],[-80.2316990142844,25.7318070446284],[-80.2314437670608,25.7315358090957],[-80.2312290059881,25.7316655312476],[-80.2312073359345,25.7316868076676],[-80.231109879534,25.7317208942768],[-80.2309633913017,25.7318182630347],[-80.2309778559697,25.7318372136883],[-80.2309527256067,25.7318565810939],[-80.2309767995501,25.731893196513],[-80.2311910090555,25.7318496621447],[-80.2313421065366,25.7320071082957],[-80.2314187112465,25.7320836358446],[-80.2313942609079,25.7321055263973],[-80.2313632115483,25.7320739064378],[-80.2311977311391,25.7322082932255],[-80.2310079576039,25.7320166701898],[-80.2309934246637,25.7320084127736],[-80.2309802553656,25.7320039417595],[-80.2309670519314,25.7320051289045],[-80.2309572567042,25.7320164023327],[-80.2310359086739,25.7320986025967],[-80.2309374380747,25.7321817528391],[-80.2309221882791,25.7321766401105],[-80.2307656757555,25.7319977737794],[-80.2303945431882,25.7322493471572],[-80.2302975745721,25.7323148916621],[-80.2304038128971,25.7324280633996],[-80.2303926423496,25.7324368144167],[-80.2306044362802,25.7326606392317],[-80.2306382281955,25.7326979349645],[-80.230575394652,25.7327479331402],[-80.2303939269374,25.7325607568815],[-80.2302794124363,25.7324393610626],[-80.2302808434523,25.7324324502354],[-80.2300463293343,25.7323934615052],[-80.2300355387742,25.7324007162575],[-80.2299041512181,25.7324688332209],[-80.2299087371153,25.7325116382503],[-80.2297909428621,25.7325751846228],[-80.2297633897446,25.7325398075351],[-80.2297564709224,25.7325353689102],[-80.2297488280582,25.7325359572201],[-80.2296533147127,25.7325914428473],[-80.2296518944765,25.7325964689703],[-80.2296518540522,25.7326027599184],[-80.2297593940354,25.7327285213574],[-80.2299345376121,25.7329269884969],[-80.2299840257847,25.7330077784582],[-80.229993598229,25.7330317356054],[-80.2300031670801,25.7330556927477],[-80.2300057677015,25.7330833868905],[-80.2300041579202,25.7331173484802],[-80.229987334276,25.733141166418],[-80.2299454197948,25.7331786926279],[-80.2298686273341,25.733238681292],[-80.229794560361,25.7333074929001],[-80.2297511151504,25.7333663995673],[-80.2296962846945,25.7334680275399],[-80.2296610626593,25.7335445921798],[-80.2296496801087,25.7335860551306],[-80.229648040683,25.7336250515577],[-80.2296490719475,25.7336804185318],[-80.2296678970349,25.7337774004983],[-80.2296827138413,25.7338491994391],[-80.2296824380577,25.7338919748394],[-80.2296725601852,25.7339158298462],[-80.2296585401823,25.7339358896058],[-80.2296306214493,25.7339571300137],[-80.22959305661,25.7339657393043],[-80.229536095353,25.733966698229],[-80.2294930400124,25.7339652100727],[-80.2294583291202,25.7339625113236],[-80.229423593075,25.7339635851579],[-80.2293846250676,25.7339747030296],[-80.2293525875604,25.7339883723705],[-80.2293177706666,25.7340020303806],[-80.2292899606302,25.734005658112],[-80.229267737215,25.7340055407747],[-80.2292316366293,25.7340028323158],[-80.2292039281028,25.7339913608165],[-80.2291499699136,25.7339571057287],[-80.2291376046078,25.7339356492583],[-80.2291169891772,25.7339015681374],[-80.2290991719979,25.7338637265585],[-80.2290772055017,25.73382334806],[-80.2290565801895,25.733790522009],[-80.2290442032056,25.7337715854235],[-80.2290221630472,25.7337425279025],[-80.2290028456815,25.7337222957455],[-80.2289668915217,25.7336969404018],[-80.22890871754,25.7336702085658],[-80.2287897464972,25.7335934562645],[-80.2286680239155,25.7335122863651],[-80.2286057724822,25.7334716941115],[-80.2285475940089,25.7334462205674],[-80.2284894236204,25.7334194911027],[-80.2284117463211,25.7334014632153],[-80.2283714676723,25.7333999920458],[-80.2283076280174,25.7333908470062],[-80.2282562785344,25.7333830250473],[-80.2282063025751,25.7333777262481],[-80.2281020971345,25.7333809477668],[-80.2280311931299,25.7333893823061],[-80.2280019682472,25.7333980345269],[-80.2279546324353,25.7334141413156],[-80.2278849420536,25.73345025939],[-80.2278262730987,25.7335002774799],[-80.2277829096351,25.7335466022562],[-80.2277407732693,25.733618097877],[-80.227712525752,25.733689666285],[-80.2276843707614,25.7337473961551],[-80.2276731139754,25.7337699863781],[-80.2276480096636,25.7337849496873],[-80.2276257368408,25.7337923799555],[-80.2276007241574,25.7337935080092],[-80.2275854995147,25.7337846179055],[-80.2275440072429,25.7337567167647],[-80.2274969472145,25.7337300464432],[-80.2274650884727,25.7337160355799],[-80.227428993277,25.733712069584],[-80.2273650476205,25.7337192797477],[-80.2272746079589,25.7337414491795],[-80.2272313909212,25.733765125378],[-80.2271937461315,25.7337863148354],[-80.2271588385076,25.7338138105483],[-80.227136402191,25.7338464067735],[-80.2270707551249,25.7339014208232],[-80.2270233699054,25.7339250751409],[-80.2269857763199,25.7339387153554],[-80.2268145979004,25.7339868793152],[-80.2266767667311,25.7340339605205],[-80.2266209804694,25.7340676369924],[-80.2265761958714,25.7341189859879],[-80.2265523060808,25.7341616374802],[-80.2265505238225,25.7342220245941],[-80.2265556639797,25.7342862206656],[-80.226562357324,25.73432526137],[-80.2265908878069,25.734424812074],[-80.2266222668469,25.7345130571355],[-80.2266801389939,25.7345863397344],[-80.2267361749848,25.7346631868809],[-80.2268396482957,25.7347961732331],[-80.2268917388863,25.7349072799221],[-80.2269486219863,25.735074413959],[-80.2270411978358,25.7352989030231],[-80.2272427015659,25.7356103039528],[-80.2273817203021,25.7358239542929],[-80.2273642498713,25.7358366960699],[-80.2273629284498,25.735841938114],[-80.2273806944251,25.735882864569],[-80.2273942212527,25.7358823539597],[-80.2274090883664,25.7358742659367],[-80.2275474423494,25.736091415616],[-80.227600400713,25.7361681112773],[-80.2276181559084,25.7362113713663],[-80.2276160727154,25.7362346934512],[-80.2276042562789,25.7362690466044],[-80.2275886489533,25.7362922974679],[-80.2275859944321,25.7363045326332],[-80.2275876293645,25.7363506265036],[-80.2275784629575,25.7363739097194],[-80.2275674666833,25.7363808526854],[-80.2275623004735,25.7363831589152],[-80.2275344482158,25.7364075110819],[-80.2275350617649,25.7364121801849],[-80.2275169939548,25.7364179174358],[-80.2275416769551,25.736485130648],[-80.2275325833119,25.7364967483718],[-80.2275459628154,25.7365195695046],[-80.227514295414,25.7365363191866],[-80.227500250259,25.7365175772471],[-80.2274575802951,25.7365424343282],[-80.2274601333063,25.736545947885],[-80.227456254382,25.7365482605853],[-80.2274664933764,25.736558813393],[-80.2273992805476,25.7365946230153],[-80.2273883417656,25.7365928152577],[-80.2273536129072,25.7365850477263],[-80.2273189262696,25.7365708664579],[-80.2272945801364,25.7365514852539],[-80.2272696096743,25.7365286026275],[-80.2272651917614,25.7365145807658],[-80.2272633726738,25.7364970704297],[-80.22727127066,25.7364708635881],[-80.2272907587066,25.7364453008665],[-80.2273439021259,25.7363936647998],[-80.2273528718012,25.7364007121522],[-80.2274720898847,25.7362905131708],[-80.2274325739067,25.7362267211651],[-80.2274437983538,25.7361836148312],[-80.2273689839869,25.7360508032018],[-80.2273554149384,25.7360571473745],[-80.2273114612844,25.7359825377753],[-80.2272914270627,25.7359932249609],[-80.2272388298218,25.7359101121777],[-80.2272155715474,25.7359210745],[-80.2272060071877,25.7359064383786],[-80.2272538200051,25.7358830668684],[-80.2272373089758,25.7358465222703],[-80.2272389762487,25.7358377820237],[-80.2272118336622,25.7357524705148],[-80.2272092572947,25.7357524567582],[-80.2271790083342,25.7356992149201],[-80.2271595175916,25.735775528078],[-80.2271189164477,25.7357796865952],[-80.2270924466981,25.7357398800482],[-80.2271074332882,25.735712833891],[-80.2271300519623,25.7357009967955],[-80.227078134746,25.7356129306415],[-80.227043243292,25.735630246088],[-80.2270072756583,25.7355653054603],[-80.2270218112938,25.735558088934],[-80.2270275533232,25.7355665799649],[-80.2270388604145,25.7355605133248],[-80.2270012632373,25.7354987714642],[-80.2269912515164,25.7355033871949],[-80.2269453763666,25.7354270180257],[-80.2269334135053,25.7354339553825],[-80.2268932588254,25.7353692841146],[-80.2268974593464,25.7353669730098],[-80.2268853428739,25.7353485359584],[-80.2268521510332,25.7353022741922],[-80.2268275919997,25.7352656865271],[-80.2268421348217,25.7352578897782],[-80.2268188594804,25.7352218912054],[-80.2268259660506,25.7352184302084],[-80.2267797585242,25.7351435198651],[-80.2267629582366,25.7351521792413],[-80.2267524434597,25.7351346233884],[-80.2267624722487,25.7351279676198],[-80.2267098624313,25.7350468999211],[-80.2267480003959,25.73502522597],[-80.2267142003961,25.7349737122853],[-80.2267061209507,25.7349780440026],[-80.2266697562616,25.7349247694489],[-80.2266556823605,25.7349104026729],[-80.2266676407302,25.7349034660947],[-80.226644413898,25.7348598866995],[-80.2265982387111,25.7347803069632],[-80.2265915561459,25.7347680222788],[-80.2265795995729,25.734774084104],[-80.2265681388703,25.7347538966296],[-80.2265464813933,25.7347663253552],[-80.2265363672651,25.7347371046162],[-80.226550587592,25.7347293062142],[-80.2265231683236,25.7346868677482],[-80.2265235186666,25.7346824939409],[-80.2265104481835,25.7346619884293],[-80.2264579668254,25.734571321495],[-80.2263059126406,25.7343272390931],[-80.2263188699368,25.7343111210984],[-80.2262835949039,25.7342545770053],[-80.226275307948,25.7342469865404],[-80.2262614505406,25.7342418779466],[-80.2262405557331,25.7342505746124],[-80.2261261032114,25.7343342687619],[-80.2261051922341,25.734345482087],[-80.2260871343056,25.734345386599],[-80.2260552019017,25.7343426991876],[-80.2259730725522,25.7343686871993],[-80.2259109181355,25.7343946873439],[-80.2258775987327,25.7344165418653],[-80.2258428249573,25.7344594967069],[-80.2258206302867,25.7345264124251],[-80.2257688262549,25.7345890489725],[-80.2257046218829,25.7346352624616],[-80.2256619644954,25.7346574810856],[-80.2252846039114,25.7348491621638],[-80.2252852183588,25.7348538313281],[-80.2252167182445,25.7348896325626],[-80.2252071466983,25.7348761640097],[-80.2249686916688,25.7350003102762],[-80.2249769831162,25.7350131897081],[-80.2248277065145,25.7350905609447],[-80.2248194105756,25.735078850833],[-80.2245564117829,25.7352139487555],[-80.224318580184,25.7353410151103],[-80.2243249555255,25.735350964354],[-80.2242545123558,25.7353885076685],[-80.2242475054989,25.7353768032506],[-80.2241996962748,25.7353998811171],[-80.2242073526135,25.7354110045198],[-80.2241362599621,25.7354491255911],[-80.2241286099116,25.7354374187516],[-80.2239987333214,25.7355026426695],[-80.2240083165458,25.7355143600223],[-80.2239692110959,25.7355360274105],[-80.2239647464704,25.7355295869138],[-80.2238290335274,25.7356009041236],[-80.2237362968737,25.7356499947642],[-80.2237368933547,25.7356572881599],[-80.2236373968805,25.7357057564961],[-80.2236354852662,25.7357025382754],[-80.2234800605965,25.7357848355189],[-80.2233533900925,25.7358521170599],[-80.2231162133652,25.7359777261612],[-80.2230321957572,25.7360221928437],[-80.2230183149935,25.7360276630755],[-80.2230076367227,25.7360351886899],[-80.2229255540852,25.7360796666798],[-80.222765314447,25.7361596032111],[-80.2226784204343,25.7362008467631],[-80.2226825796327,25.7362049518587],[-80.2225442804408,25.7362782957196],[-80.2225417184464,25.7362756577139],[-80.2224732111456,25.7363129158965],[-80.2223640074792,25.7363677499699],[-80.2223449254712,25.7363807741007],[-80.2222195745922,25.7364431013632],[-80.221957552268,25.736575871279],[-80.2219543641481,25.7365708930671],[-80.2217893077447,25.736654990992],[-80.2217765193326,25.7366341087326],[-80.2216478258293,25.7364181754682],[-80.2215611680774,25.7362753785211],[-80.2214512089331,25.7360934903114],[-80.2214248972871,25.736052784842],[-80.221397558867,25.7360126377107],[-80.2213692044526,25.7359730740036],[-80.2213398547051,25.7359341090962],[-80.221309522201,25.7358957672652],[-80.2212782222116,25.7358580695506],[-80.2211628516165,25.7357284239875],[-80.2210290745466,25.7356017100462],[-80.2209214564093,25.7355124680364],[-80.2208233927501,25.7354396124615],[-80.2207002607122,25.7353596196055],[-80.220566807933,25.7352819078613],[-80.2204448463991,25.7352194221892],[-80.2204203277893,25.735207601228],[-80.2204386408397,25.7351835142367],[-80.2204704331074,25.73514751807],[-80.220522280258,25.7350982119707],[-80.220555444253,25.735049390569],[-80.2205842280643,25.7349807102518],[-80.2205987430395,25.7349277067867],[-80.220598846346,25.734911955447],[-80.220590536034,25.7349019956467],[-80.2205712788552,25.7348925602157],[-80.2205429792372,25.7348865768895],[-80.220519907813,25.734869534848],[-80.2205045753726,25.7348502019195],[-80.2204976367879,25.7348280003242],[-80.2204974912625,25.7347515829781],[-80.2205055195049,25.7347055435145],[-80.2205192816917,25.734668867462],[-80.2205303839675,25.7346455928136],[-80.2205272012375,25.7346397429959],[-80.2204756909561,25.7346377183382],[-80.2204364588445,25.7346296116177],[-80.220418908464,25.734624685923],[-80.2204116797237,25.7345938572377],[-80.2204032849705,25.7345632704999],[-80.2203937295943,25.7345329637431],[-80.2203830279682,25.7345029750004],[-80.2203711935667,25.7344733350225],[-80.2203582380682,25.7344440818428],[-80.2203548433359,25.7344368692942],[-80.2203369264435,25.7344053567716],[-80.2203179549293,25.7343743580937],[-80.2202979440646,25.734343900774],[-80.2202769136123,25.7343140131357],[-80.2202548770472,25.7342847210741],[-80.2202318631153,25.73425605534],[-80.2202078906813,25.734228042638],[-80.2201829804065,25.7342007072452],[-80.2201571601384,25.7341740774846],[-80.220130443352,25.734148176824],[-80.220102872268,25.734123027113],[-80.2200888594523,25.7341108216639],[-80.2200574795125,25.7340883617892],[-80.2200253701409,25.7340667661564],[-80.219992560982,25.7340460517596],[-80.2199590807816,25.734026236402],[-80.219924960981,25.7340073362686],[-80.2198902285295,25.7339893748271],[-80.2198549175631,25.7339723642163],[-80.2198190586245,25.7339563190025],[-80.2197826885447,25.7339412561797],[-80.2197458324764,25.7339271878867],[-80.2197261441062,25.7339201452427],[-80.2196864098365,25.7339097556628],[-80.2196463593599,25.7339004156408],[-80.2196060241175,25.7338921259862],[-80.21956544094,25.7338849036928],[-80.2195246466585,25.7338787479516],[-80.219483672714,25.7338736676643],[-80.2194425505475,25.7338696612124],[-80.2194028198708,25.7338668257027],[-80.2193660949562,25.7338671493903],[-80.2193294005843,25.7338685566244],[-80.219292776281,25.7338710482139],[-80.2192562606737,25.7338746184944],[-80.2192198959833,25.7338792690842],[-80.2191837154474,25.7338849935095],[-80.2191477603887,25.733891784487],[-80.2191120730278,25.7338996347337],[-80.2190886180225,25.7339054077114],[-80.2190522147044,25.7339152899093],[-80.2190161716107,25.7339262079082],[-80.2189805264705,25.7339381487604],[-80.2189453179114,25.7339511059917],[-80.2189105728828,25.7339650593714],[-80.2188763354021,25.7339799991885],[-80.2188714063476,25.7339822512473],[-80.2188459247435,25.7339946136975],[-80.2188210297391,25.7340079237426],[-80.2187967698434,25.734022153869],[-80.2187731773957,25.7340372838456],[-80.2187502991085,25.7340532893957],[-80.2187281754058,25.7340701381501],[-80.2187165745655,25.7340795623167],[-80.2186621519458,25.7341228838558],[-80.2186146400636,25.7341595430826],[-80.2181276814483,25.7346172386726],[-80.2180609348444,25.7346801931934],[-80.2178322256328,25.7348889624037],[-80.2177531784011,25.7349614525486],[-80.2176507785717,25.7350594846349],[-80.2173915850392,25.7353007575644],[-80.2171829361005,25.735494467915],[-80.2171518310441,25.735523467553],[-80.217039070049,25.735630192504],[-80.2169838227754,25.7357074799921],[-80.2169505375076,25.7357743836786],[-80.216891618819,25.7359198969225],[-80.2168673607188,25.7359851003474],[-80.2168476382112,25.7360468257702],[-80.2168315682518,25.736140072133],[-80.2168289864924,25.7362392239971],[-80.2168361819939,25.7363203459077],[-80.2168523211196,25.7364131793628],[-80.2168737297615,25.7364879618607],[-80.2169060169981,25.7365727161107],[-80.2169409758238,25.7366434897232],[-80.2169578057551,25.7366726193631],[-80.2169756822233,25.7367012327254],[-80.2169945962455,25.7367292974425],[-80.2170145235669,25.7367567787192],[-80.2170354408316,25.7367836506613],[-80.2170573255815,25.7368098809013],[-80.2170801562572,25.7368354419268],[-80.2171039068074,25.7368603070346],[-80.2171285520794,25.736884447094],[-80.2171540624288,25.736907836211],[-80.2171804127028,25.7369304493008],[-80.217187018013,25.7369358911692],[-80.2172156464139,25.7369574037423],[-80.2172450258061,25.7369780690797],[-80.2172751247488,25.7369978669519],[-80.2173059118007,25.7370167779385],[-80.2173373564192,25.737034777764],[-80.2173694244684,25.7370518510541],[-80.2174020845072,25.7370679791974],[-80.2174352979081,25.7370831468198],[-80.2174487879046,25.7370889609126],[-80.2174818414054,25.7371022956975],[-80.2175153665216,25.7371146278839],[-80.217549328219,25.7371259469526],[-80.2175836797851,25.7371362431935],[-80.2176183915756,25.7371455036598],[-80.2176534231662,25.737153713786],[-80.2176887359294,25.7371608711448],[-80.217691763251,25.73716143111],[-80.2177266942304,25.7371673164089],[-80.2177618237374,25.7371721311384],[-80.2177971158395,25.7371758696342],[-80.2178325274175,25.7371785246137],[-80.2178680153523,25.7371800985045],[-80.2179035419146,25.7371805864516],[-80.2179390666804,25.7371799868365],[-80.217974551022,25.7371783045143],[-80.2180099491253,25.7371755370575],[-80.2180452259562,25.7371716877028],[-80.2180803374971,25.737166764542],[-80.2181058747966,25.7371624887393],[-80.2181401967187,25.7371557837236],[-80.2181742464513,25.7371480178486],[-80.2182079817737,25.7371392040613],[-80.2182413640583,25.7371293520717],[-80.2182743573726,25.7371184748269],[-80.2183069194956,25.737106582846],[-80.2183390171899,25.7370936882669],[-80.2183666017494,25.7370816401081],[-80.2184006002783,25.7370657021295],[-80.2184340301737,25.7370488076756],[-80.2184668644864,25.73703097293],[-80.218499062792,25.7370122140762],[-80.2185305963445,25.7369925545805],[-80.2185488833436,25.7369805363517],[-80.2185726850987,25.7369637179503],[-80.218595728676,25.7369460571696],[-80.2186179790411,25.7369275807129],[-80.2186394056513,25.7369083209479],[-80.2186599680826,25.7368883053869],[-80.2186796348937,25.7368675639699],[-80.2186875023368,25.7368587801017],[-80.2189032650322,25.7366610235391],[-80.2191060883979,25.7364713627224],[-80.2192765095402,25.7363124448835],[-80.2194067436609,25.7361929763801],[-80.2195434645146,25.7360659602959],[-80.2196477759583,25.735970852702],[-80.2198039390443,25.7358258590333],[-80.2200248948989,25.7356205435527],[-80.2201732803734,25.7354825078502],[-80.2202841755683,25.7353652670777],[-80.2203486485374,25.7352793086717],[-80.2203659635592,25.7352876581108],[-80.2203950096767,25.7353016606966],[-80.2205132602713,25.7353622471085],[-80.2206420364226,25.7354372358087],[-80.2207603004914,25.7355140662221],[-80.2208535949963,25.7355833774163],[-80.2209565939979,25.7356687934358],[-80.2210851141284,25.7357905274425],[-80.2211651261469,25.735879667283],[-80.22119616293,25.7359153112243],[-80.2212260292087,25.7359512853109],[-80.2212549738161,25.7359878703374],[-80.2212829778877,25.736025050119],[-80.2213100324403,25.7360628019973],[-80.2213361186093,25.7361011114061],[-80.2213612875987,25.7361400487458],[-80.2213806426934,25.7361714628946],[-80.2214703232752,25.736320427719],[-80.2215568750259,25.7364630473965],[-80.2216856628523,25.736679144038],[-80.2217023158155,25.7367063340137],[-80.2216506025142,25.7367340621007],[-80.2215484739768,25.7367906810768],[-80.2214650510532,25.736842735327],[-80.2214612026717,25.7368403813631],[-80.22136254163,25.7369089780662],[-80.2213512147757,25.7369170830119],[-80.2213515255927,25.7369188349296],[-80.2213126941287,25.7369477937599],[-80.2212246718319,25.7370144054356],[-80.2211437857497,25.7370723060494],[-80.2211085008334,25.7371007016401],[-80.2210881468115,25.7371110917493],[-80.2210732850877,25.7371183049445],[-80.2210480334521,25.7371391685066],[-80.2209929559606,25.7371902078705],[-80.220957650383,25.7372215189727],[-80.2209473709643,25.7372179641667],[-80.2209328721598,25.7372190541558],[-80.2209274337608,25.7372134828288],[-80.2208318072268,25.7373100953444],[-80.2207643491572,25.7373832329887],[-80.220807290411,25.7374155450175],[-80.2207793626946,25.7374509797244],[-80.2207274418818,25.7375122423346],[-80.2206410087031,25.7376307805569],[-80.2205681517594,25.7377418044838],[-80.2205440643396,25.737781341707],[-80.2204906253738,25.7378773031704],[-80.2204769700867,25.7378976487157],[-80.2204834002256,25.7378988487493],[-80.2204632025099,25.7379343229628],[-80.2203940214707,25.7380745341641],[-80.2204156717601,25.7381119827536],[-80.2204513393566,25.7381734238559],[-80.2204672736679,25.738199174748],[-80.2204690882638,25.7382172690693],[-80.2204844485521,25.7382319332278],[-80.2204946938347,25.7382407372246],[-80.2204997890772,25.7382500995623],[-80.2204900953598,25.738254714377],[-80.2205436520011,25.7383384154204],[-80.2205863372343,25.7384098118668],[-80.2205940941846,25.7384051865386],[-80.2206042990429,25.7384209900129],[-80.2205952494173,25.7384256072486],[-80.2206685869547,25.7385374169671],[-80.2206769915901,25.7385327932622],[-80.2207508806926,25.7386586034514],[-80.2207865312211,25.7387223771589],[-80.2208234331023,25.7387919907354],[-80.2209215335904,25.7389581822732],[-80.2210292128112,25.739137254182],[-80.2210348721956,25.7391456543285],[-80.221041515235,25.739153434639],[-80.2210490709625,25.7391605077217],[-80.2210574351735,25.7391667845664],[-80.221066513545,25.7391721907283],[-80.2210761928892,25.7391766541901],[-80.2210863591202,25.7391801255915],[-80.2210968828806,25.7391825652828],[-80.2211004042755,25.739183136567],[-80.2211096524286,25.7391838713066],[-80.2211189284295,25.7391835241667],[-80.2211280813612,25.7391820983839],[-80.2211345564159,25.7391803999059],[-80.2211577904357,25.7391729416531],[-80.2212224179139,25.7391388709364],[-80.2215074020685,25.7389922312051],[-80.2215150440341,25.7390056871538],[-80.2217509002382,25.7388867813164],[-80.2218814227168,25.7388215624924],[-80.2218775878101,25.7388168756817],[-80.2220869455174,25.7387118294215],[-80.222268495883,25.7386241328739],[-80.2223996876064,25.7385554182106],[-80.2225250995711,25.7384837548222],[-80.2226679648985,25.7384022670186],[-80.2227871677042,25.7385924847182],[-80.2225629725276,25.7387009531385],[-80.2223633309958,25.7387978864995],[-80.2222314906889,25.7388671836369],[-80.2222231992415,25.7388548880462],[-80.2220054656449,25.7389604739069],[-80.2220118176301,25.738973925004],[-80.221988548576,25.7389866324574],[-80.221982796665,25.7389796038696],[-80.221861954429,25.7390419572817],[-80.2216326065175,25.7391503953519],[-80.2214666320365,25.7392200944477],[-80.2214749109074,25.7392341362199],[-80.2213883348983,25.7392762558602],[-80.221377451812,25.7392656984387],[-80.2211539007274,25.739374167863],[-80.2211621939714,25.7393864642092],[-80.2210361828307,25.739451122769],[-80.2208268260217,25.7395555841465],[-80.2207434578955,25.7395994709255],[-80.2206931468664,25.7395117038208],[-80.2205937042955,25.7393536736705],[-80.2206938421666,25.7393063744739],[-80.2207429683206,25.739279223935],[-80.2208334304406,25.7392342066076],[-80.2208403411782,25.739227051802],[-80.2208463059901,25.7392192310373],[-80.2208512494178,25.7392108470798],[-80.2208551040878,25.7392020051235],[-80.2208578214909,25.7391928216907],[-80.2208593683896,25.7391834213957],[-80.220859719631,25.7391739199519],[-80.220858875215,25.7391644460196],[-80.220856844125,25.7391551185489],[-80.2208539668222,25.7391468163145],[-80.2208463643825,25.7391269443556],[-80.2207730618796,25.7390098851957],[-80.2206997557832,25.7388934133897],[-80.220637959797,25.7387898310118],[-80.2205627717309,25.7386651829555],[-80.2204690900541,25.7385130166815],[-80.2203901021157,25.7383790116724],[-80.220363951268,25.7383397886129],[-80.220358743736,25.7383336322939],[-80.2203526387873,25.7383281945355],[-80.2203457549994,25.7383235829601],[-80.2203382280179,25.7383198865787],[-80.2203302078615,25.7383171749819],[-80.2203218463453,25.7383155031945],[-80.2203133087594,25.7383149052027],[-80.2203047621903,25.7383153907168],[-80.2202963773179,25.7383169516448],[-80.2202932493849,25.7383178271886],[-80.2202829960175,25.7383096066238],[-80.2201619732196,25.7383993716936],[-80.2198434971839,25.7386444143232],[-80.2197709824994,25.738702943691],[-80.2196383364033,25.7387973151654],[-80.2194059575755,25.7389751492563],[-80.2193244031469,25.7390371280186],[-80.219313538027,25.7390236542713],[-80.2192209693577,25.7390960731136],[-80.2191691994624,25.7391331289254],[-80.2189374934726,25.7393068858469],[-80.2188915419637,25.7393410560453],[-80.2189049969258,25.7393516264071],[-80.2188706803931,25.7393794428874],[-80.2188509228533,25.7393478370008],[-80.2187856270287,25.7393854025192],[-80.2187183836571,25.7394252911894],[-80.2186473062771,25.739460493061],[-80.2185781998004,25.7394898712371],[-80.2185097481954,25.7395175040001],[-80.218472272289,25.7395359703436],[-80.2184869130266,25.7395622995055],[-80.2183909568129,25.739561201444],[-80.2182936998391,25.7395618455511],[-80.218163628316,25.7395570649024],[-80.2180399941184,25.7395534826519],[-80.2180315625334,25.7395627720597],[-80.2180155931878,25.7395422690083],[-80.2179788539,25.7395467373104],[-80.2179763152619,25.7395408917799],[-80.217946684341,25.7395413157907],[-80.2179275753846,25.7395091305727],[-80.2178651299145,25.7395047116275],[-80.217863070976,25.7395239515518],[-80.2177729466236,25.7395170484176],[-80.2176223117716,25.739505740903],[-80.2176202797827,25.7395208976943],[-80.2175559658175,25.7395071351229],[-80.2174870866153,25.7395015145418],[-80.2173493048545,25.7394943589406],[-80.2172649557692,25.7394909886948],[-80.2171702437217,25.7394963123034],[-80.2170420433886,25.7395014562729],[-80.2169221749272,25.7395124773325],[-80.2168764183533,25.7395169003214],[-80.2168751607123,25.7395122248669],[-80.2168190690241,25.7395212585754],[-80.2166778682756,25.7395444133169],[-80.2165995944937,25.7395964930642],[-80.2164801733967,25.7394412692718],[-80.2164047760225,25.7393498631527],[-80.2162239209593,25.7391342277464],[-80.216216802711,25.7391394397051],[-80.2161484463298,25.7390544882252],[-80.2161542808859,25.7390486863666],[-80.2160552120132,25.7389326564139],[-80.2159401944561,25.7387937870447],[-80.2159324590655,25.7387949126238],[-80.2158212422769,25.7387633963999],[-80.2155461539655,25.738677335251],[-80.2153436962194,25.738613245933],[-80.2149998248257,25.7385069776076],[-80.2146341118009,25.7383924230835],[-80.2143570867222,25.738306931336],[-80.2142218992932,25.7383954502553],[-80.2140162094054,25.7385296712943],[-80.2137025276778,25.7387385599749],[-80.2134256229677,25.7389190636583],[-80.2130329730606,25.7391782724172],[-80.2126998401177,25.7393975547222],[-80.2123919291659,25.7396006351906],[-80.2118168692051,25.7399784366031],[-80.2114707888476,25.7402069776585],[-80.2114682259549,25.7402052136516],[-80.2114481504105,25.740221436849],[-80.211221756158,25.7403689611128],[-80.2108426744011,25.7406200717268],[-80.2106796661555,25.7407271028232],[-80.2106222494504,25.7408387906165],[-80.2105752657763,25.7409312823069],[-80.2103763141442,25.7413111169856],[-80.2105130763142,25.7414728553819],[-80.2107489001703,25.741751213992],[-80.210923979068,25.7419627429898],[-80.2109999378888,25.7420664019005],[-80.2110532969002,25.7421786904551],[-80.2111578419003,25.7423425881349],[-80.2112317902918,25.7424584885285],[-80.211306073756,25.7425236398181],[-80.2113913813423,25.7425771828447],[-80.2114936347434,25.742618268814],[-80.2114250609654,25.7427458087057],[-80.2112877517199,25.7426647057435],[-80.211097937759,25.7425388439614],[-80.2109760903116,25.7424588534561],[-80.2108648106429,25.7423392511419],[-80.2107974370194,25.7422035552492],[-80.2107323819461,25.7421063705837],[-80.2106364706505,25.7420008498183],[-80.2105517469687,25.7419560592761],[-80.210515680519,25.7419558634574],[-80.2104783178007,25.7419568271729],[-80.2104511895852,25.741968349689],[-80.2104317239966,25.7419904083461],[-80.2104277058331,25.742013719587],[-80.2104375630423,25.7420814394081],[-80.2104438162125,25.7421094721062],[-80.2104718867594,25.7421504578996],[-80.210503789518,25.7421961311654],[-80.2105125822246,25.7422300116625],[-80.2105045449992,25.7422766324274],[-80.2104508715723,25.7424070063731],[-80.2104166457677,25.7425176544334],[-80.2103922645959,25.7426983514346],[-80.2103890638975,25.7427928330208],[-80.2103730047179,25.7428837461396],[-80.2103596458738,25.742956004845],[-80.2103413687555,25.7429932374686],[-80.210330691382,25.7430491802448],[-80.2103301820358,25.7431261756583],[-80.2103754768721,25.7432897516042],[-80.2104314338106,25.7433985555875],[-80.2104555778223,25.7434488518873],[-80.2104605598768,25.7434745449952],[-80.2104604242308,25.7434949615974],[-80.2104539842105,25.7434949259944],[-80.2104513234011,25.743507743819],[-80.2104481047384,25.7435077268267],[-80.2104474363919,25.7435112239944],[-80.2104403495848,25.7435111851549],[-80.2104370267172,25.7435269175534],[-80.2104369494618,25.7435385831382],[-80.2104569127165,25.7435392741567],[-80.2104645627669,25.7435509810073],[-80.2104690435622,25.7435550907039],[-80.2104676278173,25.7435743323999],[-80.2104940239058,25.7435762242036],[-80.2104980070349,25.7435581646829],[-80.2105044551402,25.7435570326757],[-80.2105382740046,25.7436050470935],[-80.2105510264842,25.7436249506697],[-80.2105630495318,25.7436570983609],[-80.2105718305603,25.7436927294501],[-80.2105709142781,25.7437341395024],[-80.2105669113859,25.7437551192307],[-80.21055122411,25.7437900333804],[-80.2105291022036,25.7438237459279],[-80.2104966856071,25.743855652437],[-80.2104617294742,25.7438822970195],[-80.2104585314728,25.7438787796338],[-80.2103757265899,25.743933744536],[-80.2102437290773,25.7440251948656],[-80.210249454937,25.7440357275896],[-80.2102502688104,25.7440391025599],[-80.2102498942129,25.7440425422623],[-80.210248368874,25.7440457084714],[-80.2102458419137,25.7440482977555],[-80.2102455077405,25.7440485388826],[-80.2102021541588,25.7440786360693],[-80.2101978898574,25.7440797243775],[-80.2101934566728,25.7440797454153],[-80.2101891788967,25.7440786935188],[-80.2101853655494,25.7440766471756],[-80.2101847780514,25.7440762086157],[-80.210179033327,25.7440685953127],[-80.2101195046848,25.7441102714436],[-80.2099680900928,25.7442156139366],[-80.2099628762723,25.7442249183538],[-80.209933769967,25.7442434276601],[-80.2099219158018,25.7442511687973],[-80.2099094004768,25.7442580012587],[-80.209896306637,25.7442638837778],[-80.2098827286054,25.744268774279],[-80.2098687499253,25.7442726412056],[-80.2098544721063,25.7442754578556],[-80.2098399858782,25.7442772031913],[-80.2098253891575,25.7442778699304],[-80.2098182511463,25.7442778011526],[-80.2098047629463,25.7442783384278],[-80.2097912747463,25.7442777890149],[-80.2097778925475,25.7442761593871],[-80.2097647232494,25.7442734632999],[-80.2097518692599,25.7442697177454],[-80.2097394293936,25.7442649567077],[-80.2097333361229,25.7442621748505],[-80.2096878059251,25.7442321780433],[-80.2096801208403,25.7442251368193],[-80.2096704576656,25.7442256676216],[-80.2096614376845,25.7442262024696],[-80.2096461286004,25.744203368252],[-80.2096275568361,25.7441875169974],[-80.2096307925668,25.7441852004001],[-80.2096243983607,25.744178168074],[-80.2096412282928,25.7441654271913],[-80.2096450084026,25.7441609372152],[-80.2096477734163,25.7441558784061],[-80.2096494218244,25.7441504376776],[-80.209649890745,25.7441448084168],[-80.2096491658049,25.7441392026211],[-80.2096485010518,25.7441368819769],[-80.2096440391213,25.7441298585487],[-80.2096120528191,25.7440970183518],[-80.2096065964537,25.7440955529793],[-80.2096009208994,25.7440951540678],[-80.2095952812777,25.744095836182],[-80.209589921032,25.7440975710015],[-80.2095888601219,25.7440980597287],[-80.2095636749619,25.7441078391263],[-80.2094944247543,25.7441582111844],[-80.2094303659093,25.744202780805],[-80.2094341936295,25.7442080516097],[-80.2094405375298,25.7442232498771],[-80.2094507369982,25.7442390582417],[-80.2094654496013,25.7442543018177],[-80.2094834176981,25.744264318284],[-80.2094866183944,25.7442672522613],[-80.209488516534,25.744272512544],[-80.2095461093073,25.7442319919363],[-80.20959268784,25.7442007449859],[-80.2096342591632,25.7442453024552],[-80.2096251619268,25.7442575044357],[-80.2096243660195,25.7442621934591],[-80.209624763973,25.7442669253672],[-80.2096263351259,25.7442714541786],[-80.2096269935907,25.7442726808496],[-80.2096513145711,25.7442961461909],[-80.2096885335585,25.7443167633216],[-80.2096852690816,25.7443231628845],[-80.2096523853619,25.7443288172199],[-80.2096342735342,25.7443403848186],[-80.2096309425818,25.7443572839005],[-80.2096404781953,25.7443760011381],[-80.2096448745486,25.7443929422908],[-80.2096434929398,25.7444069340935],[-80.2096318121493,25.7444202890943],[-80.2096149840138,25.7444330299497],[-80.2095861202543,25.7444147885001],[-80.2095733866391,25.7444082295396],[-80.2095601041533,25.7444026318475],[-80.2095463617303,25.7443980366907],[-80.2095322500997,25.744394474817],[-80.2095237888706,25.7443928686562],[-80.2095120380119,25.7443915942463],[-80.2095002054064,25.7443914040961],[-80.2094967450969,25.744391555407],[-80.2094876002501,25.7443926971159],[-80.2094786925583,25.7443948996192],[-80.2094701765318,25.7443981297415],[-80.2094621932062,25.7444023316516],[-80.2094593051233,25.7444041846025],[-80.2094385800971,25.7444215724008],[-80.2093892706863,25.744475552319],[-80.2093445453772,25.7445184776321],[-80.2093146674188,25.7445562308571],[-80.2092951030153,25.7445928739198],[-80.2092846115936,25.7446208170189],[-80.2092670567209,25.7446458051057],[-80.209260473868,25.7446673502667],[-80.2092506184533,25.744696464993],[-80.2092252706977,25.7447313254623],[-80.2091900342896,25.7447999661604],[-80.2091640442387,25.7448342415869],[-80.2091555713311,25.744849362905],[-80.2091554743128,25.7448639445212],[-80.2091624039144,25.7448873166936],[-80.2091686633729,25.7449147669543],[-80.2091613969021,25.7449421435761],[-80.2091529356726,25.7449555130814],[-80.2091354832083,25.7449647510905],[-80.2090954740537,25.74497620211],[-80.2090793780451,25.7449755313285],[-80.2090658772688,25.7449713755596],[-80.2090568536944,25.7449724921795],[-80.2090535883192,25.7449794742914],[-80.2090521330483,25.7450045496907],[-80.2090584149648,25.7450284979465],[-80.20906325778,25.7450751920548],[-80.2090631383037,25.7450932731919],[-80.209057836448,25.7451159947672],[-80.2090388352877,25.7451643087464],[-80.2090127976259,25.7452061665509],[-80.2090030868405,25.7452131122375],[-80.2089792006439,25.7452217320409],[-80.2089256350173,25.7452377749231],[-80.208903682893,25.7452458226606],[-80.2088791040954,25.7452614391217],[-80.2088744966374,25.745276579805],[-80.2088742801428,25.7453092449004],[-80.208871547468,25.7453325643908],[-80.2088623325519,25.7453628473556],[-80.2087993516843,25.7454389188471],[-80.2087546057139,25.7454847607672],[-80.2087461732306,25.7454934638928],[-80.2087268280166,25.7454968582408],[-80.2086920883783,25.7454908366096],[-80.2086766274785,25.7454907524586],[-80.2086520621557,25.7455046179055],[-80.2085757314292,25.7455543711876],[-80.2085199694215,25.7456100675875],[-80.2084901094295,25.7456449043236],[-80.2084509473846,25.7457228552669],[-80.2084237167608,25.745749541506],[-80.2083513655703,25.7457818140375],[-80.208222769079,25.7458458646905],[-80.2080515367599,25.7459283491026],[-80.2079778973855,25.7459606151123],[-80.2077362398632,25.7460759641852],[-80.2075307583853,25.7461751781507],[-80.2074383729729,25.7462178431161],[-80.2074304884621,25.7462137747775],[-80.2074220856234,25.7462106838757],[-80.2074133036958,25.746208624623],[-80.207406234855,25.7462077499462],[-80.207390109202,25.7462111620748],[-80.2072759648037,25.7462321243718],[-80.2072256510775,25.746243516202],[-80.2071830260295,25.7462607847878],[-80.2070932008149,25.7463052104022],[-80.2070163598459,25.7463345415744],[-80.2068872270609,25.7463816737185],[-80.2068226633633,25.7464052357378],[-80.2068091212644,25.7464074980797],[-80.2067942334893,25.7464184990814],[-80.2067697040992,25.7464265321745],[-80.2067373737413,25.7464456067231],[-80.2067024221,25.7464710831432],[-80.2066694224973,25.7464936507189],[-80.2066326176324,25.7465074513179],[-80.2066035221069,25.7465242076834],[-80.2065918440114,25.7465369790604],[-80.2065865691052,25.746555615041],[-80.2065884277187,25.7465667098888],[-80.2066031034907,25.746587204446],[-80.2066414031504,25.7466399130419],[-80.2066232571866,25.7466561466887],[-80.2065043400398,25.7467173317302],[-80.2064319771711,25.7467507699593],[-80.2063790223986,25.7467714821401],[-80.2063466713793,25.7467934727473],[-80.2062833608311,25.7468222908092],[-80.2062511804923,25.7468186173474],[-80.2062293819803,25.7468033320254],[-80.2062128152553,25.7467764089464],[-80.2062000259447,25.746762341364],[-80.2061807579861,25.7467540663622],[-80.206154970955,25.7467574258813],[-80.2060697927244,25.7467814619775],[-80.2059058080115,25.7468389006712],[-80.2057907904502,25.7468942736242],[-80.2057468134379,25.7469214507429],[-80.2057422194545,25.7469336742951],[-80.2057383261572,25.7469383195197],[-80.2056137101001,25.7469843065036],[-80.2054367788709,25.7470515906034],[-80.2052617951887,25.7471165508426],[-80.205027389764,25.7472062712285],[-80.2048420700691,25.7472758418019],[-80.2047271270682,25.7473201278661],[-80.2045753765074,25.7473782160298],[-80.2044746116125,25.7474208303971],[-80.2042201045923,25.74753085642],[-80.2038738562515,25.7476823792105],[-80.2034242918013,25.7478729987439],[-80.2031400784014,25.747993942673],[-80.2029184874403,25.7480930611782],[-80.2026290871695,25.7482192245349],[-80.2025561098554,25.7481517428568],[-80.2023447938276,25.7479662576547]]],[[[-80.2283713077994,25.7321342136364],[-80.228279308667,25.7319676378823],[-80.2282586914397,25.7319335586249],[-80.2282257547209,25.731871729911],[-80.2282012783333,25.731789815151],[-80.2282003934947,25.7317118024675],[-80.2281898957874,25.7316161192581],[-80.2281762099588,25.7315845906125],[-80.2281596540134,25.7315668893793],[-80.2281402800536,25.7315554621531],[-80.2281153077945,25.7315502976061],[-80.2280930673112,25.7315526945639],[-80.2280736116045,25.7315538517715],[-80.2280541891356,25.7315499731013],[-80.2280362030725,25.7315385539658],[-80.2280210772447,25.7315145681943],[-80.2280129618675,25.7314805519277],[-80.2280076591148,25.7314415183814],[-80.2279897961213,25.7314112286317],[-80.2279718199398,25.7313985511187],[-80.2279454103765,25.7314009254208],[-80.2278925741819,25.7314081947992],[-80.227887042358,25.7314043913835],[-80.2278759652357,25.7313992996617],[-80.2278608052718,25.7313803457012],[-80.227859578174,25.7313551759834],[-80.2278584148569,25.7313199385312],[-80.2278475982467,25.7312745839722],[-80.2278367025845,25.7312405554983],[-80.2278216683852,25.731202728448],[-80.2277927156929,25.7311686012261],[-80.2277651068797,25.7311420347161],[-80.2277360643555,25.7311217495158],[-80.2276143390789,25.7310418330598],[-80.2275894737197,25.7310203129422],[-80.2275549559658,25.7309874165222],[-80.2274833036668,25.7308977016892],[-80.2274626954227,25.7308623613275],[-80.227424311322,25.7307828897815],[-80.2274147927767,25.7307513843829],[-80.2274122739023,25.7307111076014],[-80.2274111797556,25.7306658037925],[-80.2274059138339,25.7306204813537],[-80.2273825845938,25.7305763209703],[-80.2273591834883,25.7305434802654],[-80.2273205406719,25.7305042699958],[-80.2272530044523,25.7304221301322],[-80.2272475624603,25.7304044829455],[-80.2272366030176,25.7303805196042],[-80.227199848461,25.7302645677802],[-80.2271876062248,25.7302242414696],[-80.2271811401549,25.7301499697119],[-80.2271831793322,25.7300493221365],[-80.2271976170529,25.7299650981486],[-80.2272229109099,25.7299199340557],[-80.2272494489327,25.7298974288816],[-80.2272759231749,25.7298849850806],[-80.2273203906667,25.7298827062398],[-80.2273411992357,25.7298865914384],[-80.2273827597796,25.7299044256388],[-80.2274132782357,25.7299108793887],[-80.2274382981056,25.7299084945366],[-80.2274550426978,25.729897258134],[-80.2274634967408,25.729878432605],[-80.2274622687448,25.7298532601414],[-80.2274528148784,25.7298116898768],[-80.2274350345302,25.729768815089],[-80.2274104278865,25.7297070313766],[-80.2274010476822,25.7296541364269],[-80.2273942797775,25.7296264204446],[-80.2273973035066,25.7295886875633],[-80.227401583978,25.7295710960913],[-80.2274016405721,25.7295622865971],[-80.2273891719597,25.7295571891315],[-80.227365566936,25.7295558061229],[-80.2273503117504,25.7295519500465],[-80.2273128367429,25.7295467198631],[-80.2272697885889,25.7295452308423],[-80.2272183591557,25.7295499900407],[-80.2271849714812,25.7295573631166],[-80.2271598779491,25.7295710718095],[-80.2271304985557,25.7296036295447],[-80.2270924881507,25.7296814380616],[-80.2270475984494,25.729749144677],[-80.2270155106365,25.7297703647925],[-80.226958339173,25.729804031952],[-80.2269303970838,25.7298290506683],[-80.2269177892322,25.729845340022],[-80.2269008344336,25.7298892870348],[-80.226901981581,25.7299270416705],[-80.2269156269854,25.7299648594157],[-80.2269320679461,25.7300001765759],[-80.226955487018,25.7300304990551],[-80.2269858509633,25.7300608571335],[-80.227020438786,25.7300824316444],[-80.2270425660812,25.7300976479034],[-80.227066010306,25.7301241936062],[-80.2270741229882,25.7301582102609],[-80.2270849692429,25.730199789306],[-80.2270875285416,25.7302337735692],[-80.227095610681,25.7302728220785],[-80.2271148687578,25.7303018626442],[-80.2271465397512,25.7303448108813],[-80.2271726968871,25.7303814405231],[-80.2271988809725,25.7304142926022],[-80.2272179513008,25.7304722733108],[-80.2272354729335,25.730555408508],[-80.2272282361067,25.7306006654227],[-80.2272307675577,25.7306384263064],[-80.2272402483735,25.7306762219757],[-80.2272410200241,25.7307718517222],[-80.2272407433421,25.730814629039],[-80.2272432433519,25.7308574225253],[-80.227256885163,25.7308965007718],[-80.2272774080669,25.730944421577],[-80.2273117380723,25.7310062580563],[-80.2273144842212,25.7310113044774],[-80.2273488043451,25.7310743984804],[-80.2273611202434,25.7311034016252],[-80.2273637334413,25.7311285819165],[-80.2273649138265,25.7311613010735],[-80.2273730840011,25.7311865104852],[-80.227399339952,25.7312080386651],[-80.2274283896626,25.7312270671032],[-80.2274476549259,25.7312548498793],[-80.2274696043542,25.7312977459807],[-80.2274982552117,25.7313784245649],[-80.2275820293722,25.7315273403676],[-80.2276438406297,25.7316358735053],[-80.2277183864017,25.7317079877238],[-80.2277750619936,25.731751068168],[-80.2278152400308,25.7317676372545],[-80.2278401224581,25.7317866429443],[-80.2278525102218,25.7318043255323],[-80.2278579683836,25.7318194525548],[-80.2278632630514,25.7318597451456],[-80.2278726971548,25.7319050897705],[-80.2278905430802,25.7319378977298],[-80.2279153293875,25.7319720020723],[-80.2279471396202,25.7319935616702],[-80.2279803395462,25.7320151261195],[-80.2281103203376,25.7321076651413],[-80.2282790894727,25.7322167682595],[-80.2283302503089,25.7322535276113],[-80.2283579696152,25.7322637409234],[-80.2283899343586,25.7322613941525],[-80.2284177875143,25.7322502162371],[-80.2284179258553,25.7322288282435],[-80.228408390242,25.7321998367026],[-80.2283932814822,25.7321733359712],[-80.2283713077994,25.7321342136364]]],[[[-80.2312237455491,25.7272994494224],[-80.2312071572642,25.7272867763266],[-80.2311723915745,25.7272928854703],[-80.2311598645715,25.7272965943332],[-80.2311543093914,25.7272965643902],[-80.2311446120809,25.7272927389928],[-80.231133604129,25.7272763246621],[-80.2311253899369,25.7272574064615],[-80.2311214894539,25.7272158660416],[-80.2311166960475,25.7270975674956],[-80.2311168900842,25.7270673697053],[-80.2311240227061,25.7270384691625],[-80.2311394377922,25.7270171587306],[-80.2311813926978,25.7269733433765],[-80.2312316803736,25.7269295700883],[-80.2312665439799,25.7269083632235],[-80.2312763544785,25.7268945757243],[-80.2312778429869,25.7268794844924],[-80.2312752019411,25.726858081775],[-80.2312656393783,25.7268328649713],[-80.2312602144543,25.7268127052821],[-80.2312326918796,25.7267722976829],[-80.2312244866707,25.7267521226072],[-80.2312176630702,25.726733212416],[-80.2312219282702,25.7267181357305],[-80.2312275804687,25.7267030663265],[-80.231236117157,25.7266716561502],[-80.2312362384299,25.7266527847912],[-80.2312322014026,25.7266326299272],[-80.231219805554,25.7266162074127],[-80.2312004890866,25.7265959748522],[-80.2311797820276,25.7265757333863],[-80.2311535054153,25.7265579812324],[-80.2311327723051,25.7265415125791],[-80.2311120670426,25.7265212727224],[-80.2310859350596,25.7264808706891],[-80.2310722159932,25.7264543751571],[-80.2310612152278,25.7264367031033],[-80.2310432713857,25.7264189913924],[-80.2310211360056,25.7264050363168],[-80.2309976369834,25.7263872946581],[-80.2309810478002,25.7263746263207],[-80.2309575469814,25.7263568878945],[-80.2309367959047,25.7263441968942],[-80.230900799524,25.7263251320666],[-80.2308814507172,25.7263099315103],[-80.2308690800215,25.7262897336965],[-80.2308623273881,25.7262595000929],[-80.2308610688492,25.7262393621569],[-80.2308612467162,25.7262116826054],[-80.2308502387643,25.7261952673162],[-80.2308005421818,25.7261471924531],[-80.2307370510743,25.7260839461193],[-80.2306694456841,25.7260131281839],[-80.2305148124348,25.7258663565267],[-80.230426359848,25.725796686014],[-80.2302716753946,25.7256587238738],[-80.2301279917066,25.7255371737186],[-80.230062933937,25.7255015986909],[-80.2299964334734,25.7254748245482],[-80.2299313523475,25.7254430247836],[-80.2298911527508,25.7254302309071],[-80.2298550952844,25.7254212333529],[-80.2298217830686,25.7254172816472],[-80.2298009942626,25.7254096226385],[-80.2297747257352,25.7253906102643],[-80.2297762025654,25.725376778888],[-80.2297874377918,25.7253579631639],[-80.2298042856906,25.7253303724281],[-80.2298085751452,25.7253115202789],[-80.229775366236,25.7252912138519],[-80.229743436527,25.7252885278543],[-80.2297295144408,25.7252934887343],[-80.2297127168478,25.7253135313352],[-80.2296832467243,25.7253599313274],[-80.2296690811938,25.7254026329004],[-80.229668934768,25.7254252805493],[-80.2296854574756,25.7254480172148],[-80.2296993553073,25.7254468332415],[-80.2297175416953,25.7254267955187],[-80.2297482128654,25.7254093442459],[-80.2297606985458,25.7254119282713],[-80.2297814855551,25.7254195872799],[-80.2298049513396,25.7254423571271],[-80.229831197409,25.7254651439647],[-80.2298599623529,25.7255282077303],[-80.2298791467675,25.7255685720512],[-80.2298998780812,25.7255850384114],[-80.2299233555438,25.7256065538478],[-80.2299399402353,25.7256192230763],[-80.2299855755359,25.7256509200154],[-80.230015989787,25.7256737294729],[-80.2300380577933,25.7256977520309],[-80.2300614427292,25.7257331068761],[-80.2300848483262,25.7257659432447],[-80.2301166082531,25.7257950496534],[-80.2301705385944,25.7258330823622],[-80.2302314209958,25.7258698922444],[-80.2302715792699,25.7258889781862],[-80.2303089392928,25.7259118256341],[-80.2303324212469,25.7259320801615],[-80.2303462130771,25.7259472516321],[-80.2303557909113,25.7259699493525],[-80.2303680169778,25.7260127931391],[-80.2303815366176,25.7260707444323],[-80.2303911045704,25.7260947013587],[-80.2304061729058,25.7261274931173],[-80.2304254426607,25.7261552762758],[-80.2304405657935,25.7261792631284],[-80.2304528825901,25.7262082682765],[-80.2304650664357,25.7262574024518],[-80.2304732644581,25.7262788376483],[-80.230485539932,25.7263141332437],[-80.2305020222154,25.7263431594001],[-80.230575412755,25.7263787762583],[-80.2305975481351,25.7263927329555],[-80.2306196188363,25.7264167553683],[-80.2306402441484,25.7264495802183],[-80.230682847635,25.7265202667915],[-80.2307172989134,25.7265632261059],[-80.2307600191813,25.7266162988521],[-80.2307793131907,25.7266403066527],[-80.2308234132705,25.7266946434434],[-80.2308509744728,25.7267287598105],[-80.230871518038,25.7267741662784],[-80.2308893648618,25.7268069740351],[-80.2309192769531,25.7269077902556],[-80.230968189304,25.7270779104035],[-80.2309870530191,25.7271686024743],[-80.2309699823375,25.7272314233652],[-80.2309709570079,25.7272955973149],[-80.2309762615572,25.7273346306039],[-80.2309940041761,25.7273837950659],[-80.2310297975369,25.7274343125981],[-80.2310629130211,25.7274684611236],[-80.2310974038254,25.7275051304964],[-80.2311278010085,25.7275304555992],[-80.2311609775782,25.7275557960727],[-80.2311788962675,25.7275772787818],[-80.2312010729702,25.7275849457437],[-80.2312205214903,25.7275850485204],[-80.2312594948877,25.7275726724557],[-80.2312762825992,25.7275538878312],[-80.2313001256772,25.7275187827814],[-80.2313072960284,25.7274835895112],[-80.2313074738954,25.72745590944],[-80.231278814953,25.7273764898379],[-80.2312361665506,25.7273120966203],[-80.2312237455491,25.7272994494224]]],[[[-80.2281360940367,25.7254468178377],[-80.2281153564348,25.7254316082671],[-80.2281085238511,25.7254139587211],[-80.2281003348119,25.7253912665595],[-80.2281019212369,25.7253610764287],[-80.2281076650637,25.7253321681877],[-80.2281078034047,25.7253107805682],[-80.2281065331877,25.7252919000911],[-80.2281024737024,25.7252755227112],[-80.2280942442389,25.7252591186228],[-80.2280860578947,25.7252364296688],[-80.2280764935352,25.7252112125212],[-80.2280752691323,25.7251860423066],[-80.2280796565036,25.7251520930185],[-80.2280868538044,25.7251131253743],[-80.2280842055721,25.72509298077],[-80.2280746448059,25.7250677652105],[-80.228058081674,25.7250513206293],[-80.2280373117326,25.7250411439247],[-80.2279860143521,25.7250257740641],[-80.2278737339587,25.7249899480054],[-80.2277517266102,25.7249540709511],[-80.2276686154037,25.724918401872],[-80.2276160594843,25.7248828930205],[-80.2275595087586,25.7248209392474],[-80.2275044034219,25.7247501853026],[-80.2274782956934,25.7247060097904],[-80.2274603383765,25.7246908146921],[-80.227443708769,25.7246844351132],[-80.2274089924868,25.7246829937794],[-80.2273368631811,25.7246675113817],[-80.2272717021049,25.7246482949488],[-80.2271954189905,25.7246302738242],[-80.2271399974459,25.724608590689],[-80.2270887117435,25.7245919639548],[-80.227047121555,25.7245791570381],[-80.2270069147717,25.7245676198866],[-80.226970878865,25.7245548469574],[-80.2269251824788,25.7245332156027],[-80.2268946981588,25.7245217294318],[-80.2268447239961,25.7245164318563],[-80.2268044201944,25.7245199935155],[-80.2267571373832,25.7245285492673],[-80.2267168075303,25.7245358846181],[-80.2266653394693,25.7245469353914],[-80.2266430352055,25.7245594007925],[-80.2266289595068,25.7245882639013],[-80.2266232318497,25.7246146562605],[-80.2266230126601,25.7246486291714],[-80.22663116397,25.7246763527882],[-80.2266435032245,25.7247015821885],[-80.2266778377216,25.7247621578152],[-80.2267274040479,25.7248303657512],[-80.226757702416,25.7248707910053],[-80.2268157290736,25.7249189125136],[-80.2269070625571,25.7249722401088],[-80.2270428141249,25.7250308401451],[-80.2271787570344,25.7250592434707],[-80.2273759470623,25.7250678380335],[-80.2275146702568,25.7250962534896],[-80.2276144829362,25.7251269810514],[-80.2276477223882,25.7251422545943],[-80.2277057517408,25.7251903759928],[-80.22776080767,25.7252686762039],[-80.2278324860201,25.725354617572],[-80.2279342956512,25.7255061427468],[-80.2280170035129,25.7256047240393],[-80.2280722714452,25.7256503138336],[-80.2281163616434,25.7257059095011],[-80.2281466115023,25.7257538817642],[-80.2281933526278,25.7258296226755],[-80.2282317403218,25.7259078366822],[-80.2282647201599,25.7259633747706],[-80.2283722520582,25.7260897663732],[-80.228518596555,25.7262289467778],[-80.228593213294,25.7262897344657],[-80.2286539726258,25.7263454196637],[-80.2287094220183,25.7263633288485],[-80.2287566455405,25.7263635789143],[-80.2288124174291,25.7263311578686],[-80.2288403631116,25.7263061424626],[-80.2288488764436,25.7262785066274],[-80.2288435772842,25.7262382153822],[-80.2288132124406,25.7262078571371],[-80.2287522429024,25.7261848859269],[-80.2286913039071,25.7261568818431],[-80.2286581641684,25.726126511438],[-80.2286307547818,25.7260684865279],[-80.2286365857454,25.7260257366375],[-80.2286535647987,25.7259780137413],[-80.2286594793059,25.725922683644],[-80.2286486105933,25.7258848791802],[-80.2286070994569,25.7258594946496],[-80.2285156851247,25.7258187484482],[-80.2284575749236,25.7257832099223],[-80.2283856531293,25.7257350167379],[-80.2283303869936,25.7256894261669],[-80.2282918690435,25.7256313452031],[-80.2282671896361,25.7255808843639],[-80.2282423647011,25.7255530727464],[-80.2281678943878,25.7254696346179],[-80.2281360940367,25.7254468178377]]],[[[-80.2311462802956,25.725253581588],[-80.2311396579159,25.7253181992805],[-80.2311666073658,25.7253499658974],[-80.2312084562691,25.725357213797],[-80.2312474548195,25.725333510027],[-80.2313095023368,25.7253040328572],[-80.2313819739018,25.7252666668275],[-80.2314293959523,25.7252367226867],[-80.2315005649607,25.7251855106701],[-80.2315717941565,25.7251254888086],[-80.2315927428631,25.7251079848881],[-80.2316554722016,25.7250730854834],[-80.2317056080616,25.7250532184565],[-80.2317474138464,25.7250320468655],[-80.2317878676672,25.7250058399249],[-80.2318185630918,25.724984610057],[-80.231845042724,25.7249709105467],[-80.2319717823978,25.7249187313253],[-80.2321180631187,25.724851558515],[-80.2323062098116,25.7247544074147],[-80.2323632914432,25.7247345767523],[-80.2323981281,25.7247171464193],[-80.232427458086,25.7246921347202],[-80.2324428767654,25.7246708279142],[-80.2324707676505,25.7246533571076],[-80.2325014145659,25.7246396794099],[-80.2325417516054,25.7246310848204],[-80.2326001564549,25.7246213264808],[-80.232678022401,25.7246091532385],[-80.2328408006766,25.7245684875416],[-80.2329076173482,25.7245461933878],[-80.2329800978963,25.7245075703013],[-80.2330776162808,25.7244627861192],[-80.2331556277544,25.724427965026],[-80.233236360224,25.7244019659392],[-80.2333128679179,25.7243847548745],[-80.2334658833057,25.7243503295005],[-80.2336523079276,25.7243047545885],[-80.2336995916371,25.7242961963928],[-80.2337371690529,25.7242850703324],[-80.2337956260049,25.7242665028871],[-80.2338262720221,25.724252825145],[-80.2338555157694,25.7242416545696],[-80.2338846741766,25.7242430651558],[-80.2339110199593,25.7242507533741],[-80.2339359553874,25.7242609511878],[-80.2339665052845,25.7242623690574],[-80.2339957238789,25.7242549729931],[-80.2340194151412,25.7242425156529],[-80.2340320059248,25.7242287407933],[-80.2340418442713,25.724211178472],[-80.2340448051182,25.7241822553843],[-80.2340422557009,25.72414701176],[-80.2340328045295,25.7241041810591],[-80.2340204553935,25.724080210783],[-80.2340066545801,25.7240662958974],[-80.2339816706429,25.7240636495274],[-80.2339538740812,25.7240660183109],[-80.233894081335,25.724075771031],[-80.233866303638,25.7240756245495],[-80.2338357761988,25.7240704321618],[-80.2337927496045,25.7240651717936],[-80.2337565969164,25.7240712730099],[-80.2337106930187,25.7240810961378],[-80.2336494153575,25.7241059396331],[-80.2335505162629,25.7241494582252],[-80.2334543929616,25.72419298975],[-80.2333094911544,25.7242614310834],[-80.2332258849747,25.724302511241],[-80.2331938582473,25.7243149248733],[-80.2331618764359,25.7243197911071],[-80.2331326686213,25.7243259271098],[-80.2330866856717,25.7243483337961],[-80.2329571558313,25.724403015577],[-80.2328777618509,25.7244365693375],[-80.2327928872508,25.7244587688252],[-80.2327399369697,25.7244849135712],[-80.2327064792265,25.7245036120869],[-80.2326786359522,25.7245135322934],[-80.2326368750833,25.724527151737],[-80.2325922503858,25.7245545969875],[-80.2325530721727,25.7245646474844],[-80.2325163122243,25.7245390805831],[-80.2324714692375,25.7245149501558],[-80.2324069971683,25.724527260177],[-80.2323051030914,25.7245681856693],[-80.2322179692287,25.7246056757387],[-80.2321090566165,25.7246521852589],[-80.2319214956251,25.7247439595686],[-80.231856902283,25.7247752431957],[-80.2317604034861,25.724821819011],[-80.2315782880804,25.7249108108799],[-80.2314809745116,25.7249630038631],[-80.2313992413187,25.7250054401333],[-80.2313424013335,25.7250374666114],[-80.2312723004218,25.7250806668159],[-80.2312199906388,25.7251316919343],[-80.2311745879997,25.7251947008444],[-80.2311462802956,25.725253581588]]],[[[-80.2353044080638,25.7242241011777],[-80.2354440116053,25.7243317831406],[-80.2356517828841,25.7244234654461],[-80.235737644731,25.7244641789448],[-80.2357986088793,25.7244884048782],[-80.2358971207988,25.7245052776502],[-80.2359846076984,25.7245095118273],[-80.2361110221812,25.7245076561406],[-80.2362555763394,25.724493318052],[-80.2364168607168,25.7244689966279],[-80.2366797445234,25.7244137548544],[-80.2368341253499,25.7243831080412],[-80.2369245704015,25.7243584175592],[-80.2370178756884,25.7243211580584],[-80.2372101923597,25.724222765889],[-80.2373578367226,25.7241593663895],[-80.2374930915251,25.7240782912148],[-80.2376115882607,25.724010964974],[-80.2377412375774,25.7239374087949],[-80.2378387344022,25.7238963964916],[-80.2379181643154,25.7238565487404],[-80.2379893153575,25.7238078481628],[-80.2382151427728,25.7236819478076],[-80.2382806425148,25.7236483201886],[-80.2383322201706,25.7236196486542],[-80.2383657219314,25.7235934033655],[-80.2384258147159,25.7235364649079],[-80.2384572404708,25.7235095778331],[-80.2384858149735,25.7234940014066],[-80.238505306613,25.7234865526904],[-80.238556789047,25.7234729792574],[-80.2386006474815,25.7234568525082],[-80.2386403440226,25.7234394462668],[-80.2387295592814,25.7233902097675],[-80.2387532864764,25.7233720897204],[-80.2387770882318,25.7233426452448],[-80.238784140005,25.7233256986641],[-80.2387870640209,25.7233030651827],[-80.2387864675401,25.7232873333444],[-80.2387796502278,25.7232677954003],[-80.2387541641331,25.7232343190004],[-80.2387257818704,25.7232197015492],[-80.2386897199125,25.7232113334578],[-80.2386591709136,25.723209916385],[-80.2386355362454,25.7232129382851],[-80.2386118404916,25.7232260253632],[-80.2385915107238,25.7232554884815],[-80.2385698280936,25.7232792808788],[-80.2385503238777,25.7232886160691],[-80.2385246015254,25.7232922562667],[-80.2385024014664,25.7232883659968],[-80.2384865048841,25.7232763277683],[-80.2384727283254,25.7232586422935],[-80.2384616871357,25.7232472595893],[-80.2384409028213,25.7232396020594],[-80.2383783756043,25.723242419207],[-80.2383130204915,25.7232534021196],[-80.2382197637138,25.7232837441216],[-80.2381967803238,25.7232936878995],[-80.2381862933941,25.7233043276684],[-80.2381841509126,25.7233137534978],[-80.2381854777236,25.7233238275697],[-80.2382041303364,25.7233390236519],[-80.2382158353807,25.7233554417632],[-80.2382150430665,25.7233705374888],[-80.2382058802529,25.7233912472705],[-80.2381919195389,25.7234024996645],[-80.2381647778488,25.7234111671792],[-80.2381321160129,25.7234141413259],[-80.2381174734779,25.7234235015937],[-80.2381096671199,25.7234492548711],[-80.2380998287734,25.7234674477428],[-80.238082368224,25.7234830824419],[-80.2380566135323,25.7234917580438],[-80.238024663162,25.7234922177207],[-80.2379955254161,25.7234870325911],[-80.2379367028511,25.7234540126928],[-80.2379291471237,25.7234407613531],[-80.2379292073111,25.7234313242037],[-80.2379355036011,25.7234244371317],[-80.2380176572053,25.7233927824939],[-80.2380552840285,25.7233734768347],[-80.2380733967545,25.7233647615688],[-80.2380956758654,25.7233567018289],[-80.2381186430857,25.7233486420886],[-80.2381277205591,25.7233411391405],[-80.2381284805338,25.7233310796374],[-80.2381250381908,25.7233260256067],[-80.2381153157274,25.7233259746211],[-80.2381097542591,25.7233272063639],[-80.2379641823088,25.723392502478],[-80.2378123877305,25.7234533620202],[-80.2377093851331,25.7234867946544],[-80.2376328621678,25.7235065251725],[-80.2375647043121,25.7235212688361],[-80.2374715077217,25.7235421712013],[-80.2374075710484,25.7235481259624],[-80.2373408675649,25.7235528125644],[-80.2372964378024,25.7235500634027],[-80.2372575542368,25.7235486018227],[-80.2372034693848,25.7235344772679],[-80.2371743343339,25.7235292921402],[-80.2371340520918,25.7235290809146],[-80.2370478381042,25.7235437282695],[-80.2369630362679,25.7235546091834],[-80.2368894283353,25.7235529630845],[-80.2368116926452,25.7235450061356],[-80.2367561803705,25.7235371665338],[-80.2366951704081,25.7235204902828],[-80.2366217115962,25.7234949417702],[-80.2365095273228,25.7234440243917],[-80.2364568564187,25.7234261349997],[-80.2364152365857,25.7234183666079],[-80.2362902827634,25.7234089019385],[-80.2361541853432,25.7234044152224],[-80.2360388973903,25.7234038106793],[-80.2359555912489,25.7233983406743],[-80.2358792371673,25.7233916502569],[-80.235847329018,25.7233851912974],[-80.2358001989209,25.7233698446923],[-80.2357697307707,25.7233558463662],[-80.2357281504637,25.7233417865321],[-80.2356962288396,25.7233378444689],[-80.2356517469747,25.7233426435712],[-80.2355810127521,25.7233259146889],[-80.2354521907863,25.7232698784612],[-80.2352608218406,25.7232198034591],[-80.2352122813888,25.7232082240924],[-80.2351525694913,25.7232053931838],[-80.2351081550002,25.7232001279215],[-80.2350582347366,25.7231872836273],[-80.2349750471731,25.7231629416995],[-80.23489748935,25.7231273028364],[-80.2348546154698,25.7230981407426],[-80.2348311056678,25.7230816570427],[-80.2348077036639,25.7230488215515],[-80.2347981258297,25.7230261224643],[-80.2347844435943,25.7229933371342],[-80.2347734859482,25.7229693731086],[-80.234762477098,25.7229529597997],[-80.234741725123,25.7229402684362],[-80.2347125792923,25.7229363401177],[-80.2346820132255,25.7229374367119],[-80.2346597188431,25.7229486446375],[-80.2346402379835,25.7229535740524],[-80.234616659011,25.7229484188434],[-80.2345792747336,25.7229293486156],[-80.2345045681627,25.7228824005895],[-80.234411879122,25.722824036619],[-80.2343067565033,25.7227542801569],[-80.2342360806714,25.722728746047],[-80.2341570136787,25.7227119709482],[-80.2340959318508,25.7227066182597],[-80.2340292086043,25.7227138161421],[-80.2339527440297,25.7227247392154],[-80.2338553702744,25.7227468758974],[-80.2337788311394,25.7227691194027],[-80.2337245324877,25.7227889681973],[-80.233678589064,25.7228050837069],[-80.233634109894,25.7228098812121],[-80.2335799208371,25.7228121140584],[-80.2335313076215,25.7228118583201],[-80.2333548848399,25.7228147054198],[-80.2333173478484,25.722819539343],[-80.2332881301523,25.7228269354967],[-80.2332380805309,25.7228342223945],[-80.2331713824373,25.7228376457141],[-80.2331074017464,25.7228511488106],[-80.233096248267,25.7228573820049],[-80.2330878409365,25.7228686619655],[-80.2330891345098,25.7228837650366],[-80.2330973810414,25.7228976501166],[-80.233112594006,25.7229077978698],[-80.2331611030167,25.7229244094628],[-80.2332719982083,25.7229602240043],[-80.2333858138227,25.7229734041814],[-80.2334914323128,25.7229651526136],[-80.2335788563302,25.7229781944003],[-80.2336426402894,25.7229961437478],[-80.2337078723327,25.7230040376083],[-80.2338230956066,25.723014709777],[-80.2338800200327,25.7230187837663],[-80.2339174878537,25.7230240126183],[-80.2339729615008,25.7230381437081],[-80.2340449461774,25.7230762703678],[-80.2341599260072,25.7231246871862],[-80.2342083945936,25.7231475901972],[-80.2342457627012,25.7231691756741],[-80.2342761257482,25.7231995330763],[-80.2343078380642,25.7232361883889],[-80.2343340041834,25.7232715569147],[-80.2343670819381,25.7233119924102],[-80.2344126471699,25.7233550127714],[-80.2344499613785,25.7233841489048],[-80.2345549609276,25.7234727760549],[-80.2346185580367,25.7235196655787],[-80.2346849542954,25.7235627943101],[-80.2347209327098,25.7235843716187],[-80.2347361465728,25.723594518504],[-80.2347482944856,25.7236499451811],[-80.2347547246227,25.7237305043236],[-80.2347558547021,25.7237707737582],[-80.2347709661568,25.7237972763624],[-80.2347874942544,25.7238187516577],[-80.2348221000435,25.7238378071756],[-80.2348608937773,25.7238531100187],[-80.2349066440625,25.7238671932618],[-80.2349468840836,25.723873693469],[-80.2349759975749,25.7238826522943],[-80.2349995298349,25.723895362171],[-80.2350145433729,25.7239369604012],[-80.2350198101929,25.7239822853875],[-80.2350347599503,25.7240339503156],[-80.2350608928317,25.7240743507524],[-80.2350884863735,25.7241034341057],[-80.2351189167944,25.7241237253591],[-80.2351646661813,25.7241378077609],[-80.2352076182153,25.7241543900477],[-80.2352477710995,25.7241747314684],[-80.2353044080638,25.7242241011777]]],[[[-80.1789128691624,25.7864455281988],[-80.1788312967741,25.7861946115532],[-80.1787459218185,25.7859415986054],[-80.178657546491,25.7856802651063],[-80.1785744469673,25.7854293387529],[-80.1784853458012,25.7851624698291],[-80.178412698172,25.7849475776583],[-80.1782899227714,25.7845774272886],[-80.17827198971,25.7845185177102],[-80.1782405603645,25.7844214776867],[-80.1782285903177,25.7843840509812],[-80.1782180512863,25.7843611581588],[-80.1781910901594,25.7842814417289],[-80.1781649051767,25.7841996529008],[-80.1781484525382,25.7841476711751],[-80.1781132385917,25.7840457662517],[-80.1780765487137,25.783936244832],[-80.1780330549981,25.7838156149587],[-80.1779671986301,25.7836139075461],[-80.1779717899182,25.7836125494339],[-80.1779268193728,25.7834849911526],[-80.1779155437232,25.7834579453529],[-80.1778981289888,25.7834343243571],[-80.1778761669838,25.7834058338805],[-80.1778450439623,25.7833752160338],[-80.1778176669143,25.7833556895892],[-80.1777666534015,25.7833291088674],[-80.1776462720036,25.783276537082],[-80.1776455901828,25.7832647718642],[-80.1776350152188,25.7832467240421],[-80.1776244878656,25.7832217570208],[-80.1776108765969,25.7832009242028],[-80.1775972177173,25.7831870089621],[-80.1775744077027,25.7831702755655],[-80.1775515303143,25.7831632269438],[-80.1775362490775,25.7831631412018],[-80.1775178488908,25.7831713408656],[-80.1774994442125,25.7831809229128],[-80.177476490467,25.7831849454955],[-80.1773469579341,25.7831302462785],[-80.1773180250043,25.7831148604763],[-80.1773058537343,25.7831064901332],[-80.1773059211081,25.7830968037336],[-80.1773014214484,25.78308432587],[-80.1772755823157,25.7830634210369],[-80.1772345212351,25.7830341329096],[-80.177194936086,25.7830117672197],[-80.1771233457696,25.7829767715797],[-80.1768399965544,25.7828423273652],[-80.1757762029353,25.7824073492267],[-80.1754988077514,25.7822964600736],[-80.1746239693049,25.7819441819991],[-80.1744045091511,25.7818543786556],[-80.1736318495457,25.7815344987882],[-80.1732859165199,25.7813900096753],[-80.1728607907379,25.7812049420197],[-80.1725208961854,25.7810715530269],[-80.1723943469563,25.7810279379919],[-80.1723547941466,25.7810014214606],[-80.1723335516919,25.7809791613536],[-80.1722650551726,25.7809386419455],[-80.1718325245805,25.7807203188452],[-80.1716939505073,25.7806475751276],[-80.1715766395501,25.7805943251025],[-80.1714349132892,25.7805353997923],[-80.1706028885365,25.7801833413641],[-80.1703301879472,25.7800586348289],[-80.1695423737678,25.7797234293987],[-80.1693062453792,25.779614149084],[-80.1688438332994,25.7794111350912],[-80.1690782898017,25.7785160368635],[-80.155018522937,25.7724864492027],[-80.1483127805977,25.7696099771667],[-80.1390088649212,25.7656182666334],[-80.1409430625708,25.7653964394608],[-80.139466163325,25.7647460694071],[-80.1387972785706,25.7644663764669],[-80.1388887979092,25.7644637795988],[-80.1391755292835,25.7644564774595],[-80.1392142502326,25.764379901265],[-80.13988561072,25.7643641833995],[-80.1399603188448,25.7643960458602],[-80.1400205149336,25.7644233993855],[-80.1400602069826,25.7644319401307],[-80.1402023833006,25.7644341641084],[-80.1405893711229,25.7644115279458],[-80.1407629372627,25.7644077086004],[-80.1411781330748,25.7643956211501],[-80.1412006214939,25.7643514498592],[-80.1412008550076,25.7643333819567],[-80.1416563595178,25.764322711811],[-80.14165871095,25.7643299374013],[-80.1416627354011,25.7643384692535],[-80.1416678333386,25.7643465156972],[-80.1416739355924,25.764353969134],[-80.1416809550258,25.7643607284372],[-80.1416887982141,25.7643666989524],[-80.1416973573595,25.7643717981606],[-80.1417065120878,25.7643759564867],[-80.141716145618,25.7643791197269],[-80.141726117813,25.7643812441946],[-80.1417362975187,25.7643823015745],[-80.1417599806959,25.7643845158428],[-80.1420826500609,25.7643760341585],[-80.1423732127488,25.7643673631641],[-80.1426194310142,25.7643598134601],[-80.1430094066321,25.7643468822038],[-80.1434888364596,25.7643323992605],[-80.1437771138342,25.7643230179493],[-80.1439369366526,25.7643163427843],[-80.144086818717,25.7643103018851],[-80.1440859871988,25.764265773904],[-80.1443931250627,25.7642585732872],[-80.1444389321534,25.7643002579913],[-80.1449710580381,25.764293001151],[-80.1452845690816,25.7642823828555],[-80.1456049648114,25.7642711092583],[-80.1458251921283,25.7642634025991],[-80.1462304606611,25.7642498589092],[-80.1465217806286,25.764242568083],[-80.1468268717654,25.7642332822285],[-80.1470899091828,25.7642251306101],[-80.1474730225724,25.7642100708233],[-80.1479723446877,25.7641929181174],[-80.1482162641649,25.7641860390749],[-80.1482162192491,25.7641922676744],[-80.1483500349493,25.764187515528],[-80.1486230077308,25.7641801130537],[-80.1488593050052,25.7641697245068],[-80.1488693481671,25.7641688176021],[-80.1488863972879,25.764166411594],[-80.1489032236266,25.7641629384962],[-80.1489197418433,25.7641584161066],[-80.1489358728862,25.7641528670778],[-80.1489382384444,25.7641519405923],[-80.1490041882238,25.7641503923007],[-80.1489989950062,25.7641180584565],[-80.1489991223491,25.7641179686227],[-80.1490119754406,25.7641075226264],[-80.1490239966924,25.7640962935029],[-80.1490351286124,25.7640843386921],[-80.1490453190982,25.7640717115886],[-80.149054516946,25.7640584744866],[-80.1490626781383,25.7640446921069],[-80.1490697649457,25.7640304324066],[-80.1490760028455,25.7640175407494],[-80.1490821284559,25.7640023587683],[-80.1490871150029,25.7639868402349],[-80.1490909373337,25.7639710539152],[-80.1490935819735,25.7639550710026],[-80.1490950345492,25.7639389626904],[-80.1490952887727,25.763922802599],[-80.1490943455423,25.7639066635398],[-80.149070864489,25.76376876749],[-80.1490223860266,25.7634915890607],[-80.1489738931912,25.7632164843133],[-80.1489269283896,25.7629413886367],[-80.1488799788595,25.7626642147478],[-80.1488520610287,25.762505529345],[-80.1488459381135,25.7625065309185],[-80.1488254538389,25.7623776546965],[-80.1487182192819,25.7622994962439],[-80.1482938885114,25.7619855043683],[-80.1479577749693,25.7617364598648],[-80.1475891603903,25.7614670458255],[-80.1471268237085,25.7611297984679],[-80.1466606170858,25.7607845188395],[-80.1462266617684,25.7604634495252],[-80.1457819482305,25.7601360890433],[-80.1453890360272,25.7598472891145],[-80.1451036440452,25.7596365249563],[-80.1450620781101,25.7596780993491],[-80.1450337272885,25.7596583586533],[-80.1450219674467,25.759653840137],[-80.1449945472794,25.7596412238883],[-80.1447932375819,25.7594887851324],[-80.1447648544209,25.7594734949685],[-80.1447530703245,25.7594725338213],[-80.1447461541971,25.7594778338829],[-80.1447445141838,25.75948099773],[-80.1444629878161,25.7592713353846],[-80.1445221216237,25.7592055919524],[-80.1443100689771,25.7590446406314],[-80.1441638682099,25.7589485789497],[-80.1439908707063,25.7588216640469],[-80.1437626618642,25.7586526071245],[-80.1435344620054,25.7584822158329],[-80.1433111139457,25.7583211923344],[-80.143096106741,25.758161111976],[-80.1428874542166,25.7580055143825],[-80.1426856405643,25.7578557385612],[-80.1426513195409,25.7578461965391],[-80.1424829081347,25.7577966663438],[-80.1419882361046,25.7574282483991],[-80.1419901435264,25.75742768501],[-80.1420014829571,25.7574219690001],[-80.1420080550303,25.7573962060937],[-80.1420427165161,25.7573581511247],[-80.1415711895757,25.7570109398071],[-80.1415228822793,25.7565301748246],[-80.1399885948537,25.7554252168874],[-80.1399914043309,25.7554233347947],[-80.1403035562255,25.7553264182361],[-80.1404808764252,25.7552607327011],[-80.1407812684781,25.7551592981315],[-80.1408049534521,25.7551452024158],[-80.140815848217,25.7551328089937],[-80.1408188665556,25.7551230418304],[-80.1408159632016,25.7551167949555],[-80.140806151805,25.7551149591621],[-80.1407874857173,25.7551148491274],[-80.1405757905952,25.7551785492713],[-80.1402872239613,25.7552747159387],[-80.1400035675173,25.7553718000182],[-80.139952375239,25.7553857355099],[-80.139931547069,25.7553841317084],[-80.1357823981633,25.7523958267128],[-80.1359453167329,25.7519784684315],[-80.1363438404636,25.7509189318612],[-80.1411472401489,25.7368109455769],[-80.1420976479916,25.7364492028821],[-80.145745062169,25.7350851250288],[-80.1473639227645,25.7343655212042],[-80.1473642556882,25.7343653724105],[-80.1474989471567,25.7343263538858],[-80.1484145777825,25.7336621164108],[-80.1490946849471,25.7333565622481],[-80.14999841759,25.7329505315828],[-80.14999846154,25.7329505173968],[-80.1513247049411,25.732520810282],[-80.1523057430941,25.7321853628782],[-80.1551206893611,25.7305065807214],[-80.1554857675392,25.7303440503775],[-80.1584544214657,25.7332140656635],[-80.1585262272812,25.7332834826179],[-80.1585505525587,25.7333069999519],[-80.1585905470185,25.7333456630828],[-80.1586149396928,25.7333692443737],[-80.158568246779,25.7334093405879],[-80.1585549867508,25.7334186976412],[-80.1585459470068,25.7334199050028],[-80.1585341449441,25.7334192074518],[-80.1585279124345,25.7334166535418],[-80.1585189032333,25.7334134571081],[-80.1585098841505,25.7334121469747],[-80.1585001320426,25.7334158661666],[-80.1584687026945,25.7334408477078],[-80.158440703113,25.7334715148468],[-80.1583765185041,25.7335120334589],[-80.1583604736993,25.7335220063228],[-80.1583305184864,25.7335344157557],[-80.1583047898458,25.7335386722675],[-80.1582978440741,25.7335386318063],[-80.1582853799533,25.733532898462],[-80.1582736057385,25.7335284258868],[-80.1582590332723,25.7335264530011],[-80.1582395524127,25.7335313738853],[-80.1582081940317,25.7335456631418],[-80.158183788609,25.7335593608549],[-80.1581594002543,25.7335705443118],[-80.1581475793269,25.733572363444],[-80.1581427356124,25.7335698168203],[-80.1581330688447,25.7335615854072],[-80.1581247603292,25.7335577634482],[-80.1581149938481,25.7335639952721],[-80.1580228842181,25.7336244870777],[-80.1580159339547,25.7336250770006],[-80.1580075984897,25.7336250284471],[-80.1580034437828,25.733623117064],[-80.1579944040387,25.73362495238],[-80.1578882681175,25.7337042359026],[-80.1578820167433,25.7337041994875],[-80.1578757662674,25.7337041638817],[-80.1578576598297,25.7337109783372],[-80.1578080413987,25.7337541009424],[-80.1577780565414,25.7337709117056],[-80.1577529639077,25.7337833510538],[-80.1577313666178,25.7337926635704],[-80.1577083634649,25.7338044814347],[-80.1576468531394,25.7338594874117],[-80.1575679810796,25.7339143922104],[-80.1575072253389,25.7339605962513],[-80.1574584001204,25.7339898811085],[-80.1574186595618,25.7340110397754],[-80.1573949170955,25.7340291492997],[-80.1573446455896,25.7340659736361],[-80.1573195691256,25.7340765250451],[-80.1572917069868,25.7340876882228],[-80.1572652516092,25.7340963420112],[-80.1572464669438,25.7341006349178],[-80.157224884027,25.7341080603109],[-80.1572130118955,25.7341174278292],[-80.157109958992,25.7341765517737],[-80.1570714446333,25.734197764625],[-80.157054750347,25.7342014417129],[-80.1570380982815,25.7341988311743],[-80.1570297637148,25.7341987834302],[-80.1569607335942,25.7342598599778],[-80.1568512110256,25.7343286272963],[-80.1568236255678,25.7343400340247],[-80.156792133338,25.7343478583469],[-80.1567586989512,25.7343530057777],[-80.1567429460989,25.7343582519331],[-80.1567182550119,25.7343767927173],[-80.1566421488638,25.7344430837657],[-80.1566115477622,25.7344642609641],[-80.1565849297896,25.7344774520018],[-80.1565662053111,25.7344862425195],[-80.1565514639616,25.7344870452619],[-80.1565200948014,25.7344779650439],[-80.1565122498164,25.7344761394514],[-80.1564994712852,25.734476957569],[-80.1564866325668,25.7344866697844],[-80.1564608554166,25.7345203307535],[-80.1563746791563,25.7346212610045],[-80.1563401119939,25.7346477530972],[-80.1563037149641,25.7346546605582],[-80.1562830510236,25.7346598808053],[-80.1562711923668,25.734669597861],[-80.1562661869552,25.7346829167323],[-80.1562503460678,25.7347006191193],[-80.1562266583988,25.7347164983425],[-80.1561841995387,25.7347473901139],[-80.1561348065849,25.7347862526387],[-80.1561052457323,25.7347994282656],[-80.156064940134,25.7348036426527],[-80.1560373924054,25.7348097117588],[-80.1560216188919,25.7348176299192],[-80.1559998320572,25.7348424129085],[-80.1559493018361,25.7349035125929],[-80.1558890231006,25.7349538804605],[-80.1558495511381,25.7349794540223],[-80.1558318067213,25.7349882485489],[-80.1558140748811,25.7349952628065],[-80.1557943658493,25.735004046003],[-80.1557815280292,25.7350137581753],[-80.1557508820117,25.7350411629724],[-80.1556797210879,25.7351021427909],[-80.1556412040342,25.7351312808997],[-80.1556116458766,25.7351435671644],[-80.1555870589944,25.7351478737898],[-80.1555684009915,25.7351468744127],[-80.1555487422656,25.7351485397704],[-80.1555359215135,25.7351555823411],[-80.1555042065009,25.7351954384446],[-80.1554517413093,25.7352520775755],[-80.1553895249084,25.7352988718203],[-80.1553382356118,25.7353279354333],[-80.1553077279353,25.7353357669733],[-80.1552989217532,25.7353312677621],[-80.1552763470969,25.7353284678928],[-80.1552654765866,25.7353373004267],[-80.1551685331227,25.7354328325535],[-80.1551379257329,25.7354548964695],[-80.1550965439529,25.7354724514649],[-80.1550610802723,25.7354864799226],[-80.1550285639632,25.7355005302272],[-80.1550028919163,25.7355190643595],[-80.154962309636,25.735562426644],[-80.1548941607626,25.7356145251298],[-80.1548645837403,25.7356294809238],[-80.1548380160735,25.7356355524154],[-80.1548124823674,25.7356345158187],[-80.1548007261189,25.7356299988161],[-80.1547928739473,25.7356290649893],[-80.1547850029111,25.735630798314],[-80.1547701744248,25.7356440555776],[-80.154722723628,25.7356864888452],[-80.1546653841792,25.7357377618848],[-80.1546180196209,25.7357677373676],[-80.1545982854363,25.7357800802112],[-80.1545756281347,25.7357888439287],[-80.1545540254551,25.735787829182],[-80.1545510987449,25.7357851434221],[-80.1545433723378,25.7357664151209],[-80.1545267481203,25.735755641329],[-80.1545030676378,25.7357706294737],[-80.154452668571,25.735813042466],[-80.1543874194584,25.7358713871107],[-80.154326228035,25.73591196074],[-80.1542986156277,25.7359269270163],[-80.1542779067713,25.7359383724334],[-80.1542582219942,25.735943595861],[-80.1542415348944,25.7359417201201],[-80.1542239476833,25.7359282711071],[-80.1542161134781,25.73592466771],[-80.1541974446953,25.7359254477849],[-80.1541737354667,25.7359439972259],[-80.1540787880588,25.7360350879435],[-80.1540373029722,25.7360668775905],[-80.1540097157177,25.7360782841521],[-80.1539920090304,25.7360817378411],[-80.1539772739691,25.736081652065],[-80.1539586114746,25.7360815436311],[-80.1539408814309,25.7360885618702],[-80.153916227175,25.7361017624382],[-80.153871761479,25.7361388750188],[-80.1537848998053,25.7361970932673],[-80.153741572275,25.7362119648305],[-80.1537160089245,25.736215377246],[-80.1536943523459,25.7362214810759],[-80.153674614568,25.7362347091422],[-80.1536459178941,25.736263904427],[-80.1535817611328,25.7363071280654],[-80.1535274678706,25.7363441831282],[-80.1534997171223,25.7363787215571],[-80.1534897637915,25.736397347802],[-80.1534709225318,25.7364221506921],[-80.1534442174223,25.7364477967664],[-80.1534106482879,25.7364716261746],[-80.1533692269819,25.7364945185211],[-80.153347547047,25.7365041779733],[-80.1533258563323,25.7365156217164],[-80.1533001465559,25.7365394931897],[-80.1532812522955,25.7365714137929],[-80.1532683012873,25.7365971407554],[-80.1532396135966,25.7366254458292],[-80.1531537553408,25.7366810015666],[-80.1530964715878,25.7367242655135],[-80.1529461403629,25.7368675288256],[-80.1528507114582,25.7369568353596],[-80.152735965187,25.7370682766527],[-80.152680539149,25.7371266757069],[-80.1526330766741,25.7371708870628],[-80.1526054319272,25.7371902989144],[-80.1525798029995,25.7372026076239],[-80.1525502574183,25.7372131134393],[-80.1525403849361,25.7372201744992],[-80.1525264942905,25.7372396656444],[-80.1525007369034,25.7372697694112],[-80.1524849445251,25.7372803520946],[-80.1524612954837,25.7372908918896],[-80.1524356674543,25.7373031981611],[-80.1523922662619,25.7373278592522],[-80.1522418559851,25.7374817975601],[-80.1521746449525,25.7375401308661],[-80.1520858806478,25.7375894383793],[-80.1519910616994,25.7376618451484],[-80.151912201318,25.7377005343614],[-80.1518766343308,25.7377287995217],[-80.1518214229908,25.7377569481511],[-80.1517661981761,25.7377868778096],[-80.1517070180803,25.7378203428279],[-80.1516835307355,25.7378339146234],[-80.1514129312979,25.7380404708173],[-80.1509784809972,25.7382659867973],[-80.150320287374,25.7385260676632],[-80.1500682722813,25.7385579076191],[-80.1499752823049,25.7385061187217],[-80.149956244317,25.7383983897188],[-80.149935505818,25.7383285493387],[-80.1499341421759,25.7383239539472],[-80.1498468466185,25.7382670735205],[-80.1497508975921,25.7382332024114],[-80.149717041896,25.7382201938574],[-80.1496753906242,25.7381097707957],[-80.1496466687994,25.7380485279127],[-80.1496308027602,25.7380147036759],[-80.1495912885778,25.738001661921],[-80.1494915639305,25.7381010096732],[-80.1491641379813,25.7383937651852],[-80.1489537714655,25.7385360263265],[-80.1486301391035,25.7386929999482],[-80.1484799848492,25.7387228702986],[-80.1484207966699,25.7386917756434],[-80.148391709231,25.7386269281269],[-80.1483873775561,25.7386172737019],[-80.1483566066746,25.7385684092392],[-80.1482724318645,25.7384705483551],[-80.1482216564051,25.7384497538065],[-80.1482311776452,25.7384862296322],[-80.1482464409144,25.7385447040547],[-80.1482884730729,25.7386013213615],[-80.148209636945,25.7386888722739],[-80.1481943700809,25.7387058263749],[-80.1480946642974,25.7388437466671],[-80.1480486499058,25.7389073980866],[-80.1478287342981,25.7391982160452],[-80.1477746656143,25.7392493467718],[-80.1476163941829,25.7393990165784],[-80.1475325122197,25.7394783383274],[-80.1472742322763,25.7395946930321],[-80.1471721154174,25.7396325311659],[-80.147118089853,25.7396706492651],[-80.1470894345011,25.7397217280014],[-80.1468746806101,25.7400817586718],[-80.1467149952302,25.7402576229232],[-80.146558869875,25.7403310152611],[-80.1464902044693,25.7404382311114],[-80.1464385324888,25.7405429829271],[-80.1463697934211,25.7406604475891],[-80.1462613937451,25.7407853662409],[-80.1461387207414,25.7409281375363],[-80.1459480803248,25.7410807587039],[-80.1457719836296,25.7411770953837],[-80.145678716073,25.7411637359706],[-80.1456338200862,25.7411122265646],[-80.145634040174,25.7410814804793],[-80.1456405861964,25.7410400120515],[-80.1456429299006,25.7410251605119],[-80.1455388062085,25.7409476806592],[-80.1454653429048,25.7409344369324],[-80.1454627943849,25.7409445159845],[-80.1454595209247,25.740957464361],[-80.1454762565328,25.7409908726549],[-80.145535353982,25.7410347791357],[-80.1455406818874,25.7410809326686],[-80.1454544732859,25.7412674756809],[-80.1453540281878,25.7414667474364],[-80.1450510525739,25.7418980020986],[-80.1449939772294,25.7419668499611],[-80.1449146353516,25.7419843198408],[-80.144832739565,25.7419633414168],[-80.1447767386071,25.7419445242709],[-80.1447706480314,25.7419424787001],[-80.1447142877478,25.7419113986431],[-80.1446858875181,25.7419266069136],[-80.1446866726454,25.7419284186357],[-80.1446970194373,25.7419522946866],[-80.1447193587343,25.7419934237563],[-80.1447473187883,25.7420397088112],[-80.1447410198014,25.7421293537367],[-80.1446631484612,25.7423364446073],[-80.1445371669619,25.7425458145242],[-80.1444196889125,25.7427526724394],[-80.1443227122107,25.7428622828344],[-80.1442716977988,25.7428747956734],[-80.1442237682015,25.7428514530432],[-80.1441503228642,25.7428356469204],[-80.144138749871,25.7428714514156],[-80.1441471446246,25.7428843121931],[-80.1442089999007,25.7429384845822],[-80.1442229237828,25.7429693151489],[-80.1441795513343,25.7430997376934],[-80.1441216297745,25.7432864474599],[-80.1440324414617,25.7434934707722],[-80.1439175155245,25.7437387788225],[-80.1438774336053,25.7438051633663],[-80.1438151192888,25.7438150463589],[-80.1437501971646,25.7437941653567],[-80.1437194622149,25.7437734745025],[-80.1437079628845,25.7437657325246],[-80.143671167003,25.7437680790682],[-80.1436689284019,25.743772462251],[-80.1436568191149,25.743796179337],[-80.1436764023816,25.7438270420473],[-80.1436791548188,25.7438304113595],[-80.1437184704729,25.7438785365209],[-80.1437548818744,25.7439299961785],[-80.1437686871787,25.7439761647701],[-80.1437686970601,25.7439761995636],[-80.1437712509689,25.7440146504501],[-80.1437217600954,25.7442090950644],[-80.1436525763604,25.7443880506314],[-80.1435577834603,25.7445873543744],[-80.1435006847593,25.7446748547556],[-80.1434077774251,25.7447530231856],[-80.143349837903,25.7447526825339],[-80.143290192481,25.7447375725303],[-80.1432765380928,25.7447340745893],[-80.1432377802915,25.7447241447409],[-80.143231821768,25.7447247847758],[-80.1432232850804,25.7447256999205],[-80.1432087512415,25.7447321739027],[-80.1432140764527,25.7447469642931],[-80.1432699705107,25.7447800907485],[-80.1433093229953,25.7448475581583],[-80.1432903936988,25.7449622391528],[-80.1432469134497,25.7452178049189],[-80.1431948875314,25.7454028056857],[-80.1430748429935,25.7457300764969],[-80.1430018881343,25.7458034419911],[-80.1429418905718,25.7458375269798],[-80.1428875470047,25.7458404868096],[-80.1428134521857,25.7458203716089],[-80.142741120759,25.7458068274255],[-80.1427030843045,25.7458082434186],[-80.1426993338388,25.7458262597129],[-80.1427151630472,25.7458537672056],[-80.1427154307451,25.7458542324606],[-80.1427164449427,25.7458550537366],[-80.1427460345406,25.7458790107219],[-80.1428038231453,25.7459006697489],[-80.1428344736533,25.7459188883145],[-80.1428470428768,25.7459337214417],[-80.1428350243167,25.7460943595894],[-80.1428117444783,25.7463106871191],[-80.1428099433513,25.7465615788539],[-80.1427361764129,25.7467480914156],[-80.1426587030265,25.7469460617969],[-80.1426258534421,25.7469819459663],[-80.1425894995312,25.7470014104268],[-80.1425205870908,25.7470157644119],[-80.1424716648548,25.7470203950681],[-80.1424665543407,25.7470207082017],[-80.1424348384306,25.7470226484974],[-80.1424227525003,25.7470233880429],[-80.1424173958478,25.7470237019857],[-80.142397392169,25.7470248776527],[-80.1423960671543,25.7470255872606],[-80.1423792156627,25.7470346098799],[-80.1423791096612,25.7470493692367],[-80.1424097610676,25.7470675884352],[-80.1424477274533,25.7470760106773],[-80.1424766262473,25.7470860204329],[-80.1425091021315,25.7471026100371],[-80.1425541544256,25.7471323933183],[-80.1425683936163,25.7471669148573],[-80.1425947169388,25.7472835023497],[-80.1426042974646,25.7474623052168],[-80.1426140199246,25.7476214314672],[-80.1426039426237,25.7477640424348],[-80.1425996980833,25.7478509303968],[-80.1425844815231,25.7479525144279],[-80.1425370747436,25.7479981522879],[-80.1425097974077,25.7480143906037],[-80.1424463646891,25.7480222156432],[-80.1423956413315,25.7480251980742],[-80.1423612044252,25.7480299136493],[-80.1423303401175,25.7480412114491],[-80.142322956866,25.7480608464618],[-80.1423373352958,25.7480756906494],[-80.1423516517421,25.7480833085505],[-80.1423716087083,25.7480939307278],[-80.1423962036752,25.7480940755614],[-80.1424114435895,25.7480941653743],[-80.142454912155,25.7480927817736],[-80.1425201082658,25.7480915260146],[-80.1425634456769,25.7481081793994],[-80.1425885841238,25.7481378451052],[-80.1426294053524,25.7482528781295],[-80.1426871804769,25.748528718242],[-80.1427010639282,25.7488649770333],[-80.142712291065,25.7490667483572],[-80.1427200507063,25.7492471813362],[-80.1426841630169,25.7494535963273],[-80.1426456809967,25.7495173245931],[-80.1425837987691,25.7495612376303],[-80.142469595082,25.7495786036353],[-80.1424368254479,25.7496030089265],[-80.1424420922684,25.7496259990742],[-80.1424749508349,25.7496397588548],[-80.1425016685199,25.7496509472722],[-80.1425492028594,25.749638814621],[-80.1425833046943,25.7496301093722],[-80.1426865722941,25.7496225182731],[-80.142784232611,25.7496394918529],[-80.1428563897641,25.7496776342539],[-80.1429229495158,25.7497387012302],[-80.1429660776188,25.7497848716106],[-80.1430355532989,25.7499443507599],[-80.1430511561304,25.7500411948505],[-80.1430360222153,25.7501312997858],[-80.1430207733175,25.7501509740993],[-80.1430228601031,25.7501597464667],[-80.1430224001644,25.7502238044708],[-80.1430198336766,25.7503074258803],[-80.1430294151039,25.7503412919278],[-80.1430625099266,25.7503841957042],[-80.1431054439937,25.7504253752565],[-80.1431484544178,25.7504558786196],[-80.1431936207986,25.7504597024631],[-80.1432428286989,25.7504475367211],[-80.1432685636282,25.7504209955585],[-80.1433159757973,25.750385686895],[-80.1433475264177,25.750369856694],[-80.1433714135133,25.7503272886933],[-80.1433717710437,25.7502774662072],[-80.1433682227006,25.7502240593463],[-80.1433594057417,25.7500834312243],[-80.1433778930672,25.7499714341398],[-80.1434000949246,25.7498897090515],[-80.1434261209088,25.7498222412699],[-80.1434600709299,25.7497459225689],[-80.1435134694706,25.7496981913965],[-80.1435549338959,25.7496699654935],[-80.1435847381926,25.7496238759811],[-80.1436067963192,25.7495617223075],[-80.1436209870028,25.7495013049603],[-80.1436452388154,25.7494071337455],[-80.1436691079447,25.7493663462622],[-80.1436929573109,25.7493291180632],[-80.1437937365796,25.7492496354036],[-80.1441155956691,25.7490290928747],[-80.1443211211657,25.7488648128108],[-80.1443685566912,25.7488259403258],[-80.1444340465529,25.7487355714374],[-80.144450172207,25.7486787251247],[-80.1444684807673,25.7485916371066],[-80.1444687987718,25.7485471532797],[-80.1444690287411,25.7485151250436],[-80.1444907320322,25.7485027940413],[-80.1445182617944,25.7484993997794],[-80.1445420204305,25.748474625302],[-80.1446651875085,25.7482867245704],[-80.1446911119828,25.7482334915855],[-80.1447247323213,25.7482034383346],[-80.1447603280546,25.7481716171419],[-80.1447860980182,25.7481397384928],[-80.1448679318253,25.7479619982184],[-80.1448744464063,25.7479402392368],[-80.1449537200127,25.7478950916849],[-80.1450641894071,25.7477426524217],[-80.1450105025113,25.7476027568578],[-80.1449412244581,25.7475573243622],[-80.1448814029655,25.7475794855492],[-80.1449257285222,25.7476382799574],[-80.1448658764869,25.7476649439192],[-80.1447563422413,25.7476868137998],[-80.1445970269704,25.7477173963477],[-80.1445027946239,25.7476853241934],[-80.1443889331967,25.7476171164244],[-80.1442146717604,25.7476521127765],[-80.1440206213428,25.7476734858542],[-80.1438515584562,25.7476769942241],[-80.1436670301766,25.7477569561279],[-80.1435727008119,25.747738390728],[-80.1434384054113,25.7477466057832],[-80.1432538456906,25.7478310704239],[-80.1431244883276,25.7478438157662],[-80.1431048933829,25.7478031774336],[-80.143588520142,25.7476124113367],[-80.1437090632414,25.7474420212037],[-80.1436554077868,25.7472976224822],[-80.1435017123766,25.7472381846455],[-80.1433528570873,25.7471967863306],[-80.143278413722,25.7471783381673],[-80.1432840641256,25.7470838163754],[-80.1434041553711,25.7469764608787],[-80.1435693752695,25.746815339256],[-80.1437536115959,25.7467758989008],[-80.143912376198,25.746821858442],[-80.144091510993,25.7468003986337],[-80.1442411379372,25.7467337374235],[-80.1443909598164,25.7466400640616],[-80.1444862243299,25.7465280580682],[-80.1445755824194,25.7465465937192],[-80.1448187652768,25.7466065562221],[-80.1450874504013,25.7465766158426],[-80.1452918934267,25.7464922652075],[-80.1455618999764,25.7462777262037],[-80.1459609665461,25.7460909572219],[-80.146125540554,25.7460198809578],[-80.1462795584603,25.746034291705],[-80.146313521952,25.7461515575567],[-80.146267716866,25.7462998755058],[-80.1461056374715,25.7467176672648],[-80.145995040516,25.7468881175035],[-80.1460354808602,25.7469452680984],[-80.1460215291291,25.7469736459568],[-80.1459587342116,25.7470996179333],[-80.1459368728165,25.7471341920746],[-80.1458912680568,25.7471917568241],[-80.1458764027394,25.7472103530544],[-80.1458217654215,25.7472945567299],[-80.1457432446014,25.7474213285938],[-80.145667652288,25.7475512324547],[-80.1456451530889,25.7476062636258],[-80.1455942761172,25.7477140676197],[-80.1455500035581,25.7477921037816],[-80.1455232346681,25.7478257569364],[-80.1455108379205,25.7478421449643],[-80.1454954246309,25.7478678573499],[-80.1454884213666,25.7478856103661],[-80.1454615788146,25.7479299382791],[-80.1454514754648,25.7479654232532],[-80.1454236726141,25.7480064636642],[-80.1453938575376,25.7480543322587],[-80.1453144258262,25.7481713137305],[-80.145151504714,25.7484230389739],[-80.1448976130348,25.7487560890927],[-80.1446834394571,25.7490306488174],[-80.1444615188109,25.749289147773],[-80.1443425693229,25.7494361461834],[-80.1442807562637,25.7495621260671],[-80.1442626659946,25.7496189630568],[-80.1442505315543,25.7496669369957],[-80.1442462214377,25.7497202947511],[-80.1442652836807,25.7498022634994],[-80.1443001652514,25.7498700881117],[-80.1443234100498,25.7499164906556],[-80.1443663297439,25.7499594504143],[-80.1443856596855,25.7500040494154],[-80.144379472989,25.7500449402462],[-80.1443615363323,25.7500804253976],[-80.1443613198377,25.7501106747879],[-80.1443787210971,25.7501499247079],[-80.1444255565463,25.7501946878872],[-80.1444901157509,25.7502342161138],[-80.1445525693047,25.7502933053422],[-80.14462464471,25.7503809228893],[-80.1446635740886,25.7504327559656],[-80.144734027138,25.7504723172865],[-80.1447869244174,25.7504939811398],[-80.1448575427573,25.7505104108746],[-80.1448810947804,25.7505141093043],[-80.1449323741955,25.7504877178419],[-80.1449876439261,25.7504524553175],[-80.1451456692185,25.7503359364762],[-80.1452009155929,25.7503042299395],[-80.1452619273526,25.7502903537259],[-80.145328708091,25.7502943021778],[-80.1453855705331,25.7503106510291],[-80.1454520835727,25.7503519705831],[-80.1455360616524,25.7504236405721],[-80.1456375972988,25.7505132128268],[-80.1457467632322,25.7506348563791],[-80.1458244908349,25.7507563169485],[-80.1459468637941,25.7509545533217],[-80.1460554566008,25.7511562725519],[-80.1461520452232,25.7513881684942],[-80.1462043711726,25.7514899064671],[-80.146237289925,25.7515577171702],[-80.146254387553,25.7516396733232],[-80.1462732602509,25.7517483329209],[-80.1463005977671,25.7520474442516],[-80.1463192288175,25.7521899115507],[-80.1463281760325,25.7523127451811],[-80.146352701826,25.7524552477621],[-80.1463656788825,25.7525638718227],[-80.1463783262563,25.752718760496],[-80.1463851687187,25.7528611565987],[-80.1463838203438,25.7530497734228],[-80.1463911389087,25.7534003718212],[-80.1464136354085,25.7535517584863],[-80.1464205416515,25.7536852593121],[-80.1463998750131,25.7538274940568],[-80.1463936173437,25.7541531008408],[-80.146387215051,25.7542242418223],[-80.1463905208484,25.754311453546],[-80.1463936874066,25.7544182409138],[-80.1463836720918,25.7544448758459],[-80.1463757121221,25.754459063071],[-80.1463834430208,25.7544769041012],[-80.1464068432282,25.7545019540329],[-80.146524024827,25.7546022920597],[-80.1465728931633,25.7546381666359],[-80.1465884986914,25.7546542737829],[-80.1465884600637,25.7546596128955],[-80.1465785471572,25.7546720096033],[-80.1465608512496,25.7546736860145],[-80.1465235541085,25.7546681300688],[-80.1464667877865,25.7546375444521],[-80.1464238267698,25.7545999246915],[-80.1463632974067,25.7545461872414],[-80.1463359284435,25.7545264505469],[-80.1463123126398,25.754531649694],[-80.1463121599258,25.7545530045466],[-80.1463198791463,25.7545726223015],[-80.1463452313922,25.7545994635149],[-80.1464155227445,25.7546621566368],[-80.146450624403,25.7546997326873],[-80.1464661257263,25.7547300739456],[-80.1464678486938,25.7547638942325],[-80.1464771911686,25.7548315703772],[-80.1465238792936,25.7548976817282],[-80.1465549214662,25.754953029082],[-80.1465802117282,25.7549887651998],[-80.1466427443339,25.7550371762996],[-80.1466798743879,25.7550658669565],[-80.1467304315556,25.7551409030919],[-80.1467439170599,25.7551783487294],[-80.1467444210102,25.7553829912505],[-80.1467455969022,25.7554933238231],[-80.1467531517306,25.7555360760596],[-80.1467645073294,25.7555966456795],[-80.1467819238601,25.7556341162546],[-80.1468562109178,25.7556879333109],[-80.1469169064697,25.7557185437384],[-80.1469597785529,25.7557686196094],[-80.1469848424388,25.7558363841796],[-80.1470236810872,25.7559006729443],[-80.1470606467491,25.7559524947119],[-80.1471055346514,25.7559954652326],[-80.1471760308201,25.7560296880772],[-80.1472818936511,25.7560641164161],[-80.1474368844321,25.7560988343927],[-80.1475310583883,25.7561189607983],[-80.1476094938653,25.7561425532515],[-80.1476584502367,25.7561659717496],[-80.1476934135544,25.7562231194987],[-80.1477340425441,25.7563123313887],[-80.1477960954482,25.7564283605488],[-80.1479554547305,25.756676637862],[-80.1480818162085,25.7568677818081],[-80.1481986196155,25.7570214990105],[-80.1482921530712,25.7571323745613],[-80.148436239203,25.7573182815321],[-80.1484850186058,25.7573666123941],[-80.1485494700122,25.7574221519632],[-80.1486138944692,25.7574812521786],[-80.1487073488729,25.7576028020246],[-80.148783514307,25.7576690882082],[-80.1488655960439,25.7577318492888],[-80.1489243566253,25.7577588847717],[-80.1490520790546,25.7577596315344],[-80.1492228792819,25.7577819817596],[-80.1494212613738,25.7577938190863],[-80.1496255058694,25.7578110277451],[-80.1498240424718,25.7578015099953],[-80.1500798035384,25.7577585174798],[-80.1502214696141,25.7577326518984],[-80.150316004694,25.7577029529925],[-80.1503928636294,25.7576713713997],[-80.1504501024665,25.7576361150534],[-80.1505232235137,25.7575778183133],[-80.1505805979968,25.7575229907915],[-80.1506303691424,25.7574325273874],[-80.1506465819333,25.7573632248956],[-80.1506476958473,25.7572066367778],[-80.1506578872323,25.7571550898303],[-80.1506700836565,25.7570982184209],[-80.1507700409705,25.7568585738981],[-80.1509084183227,25.7564661173257],[-80.1509466631891,25.7563382191835],[-80.1509926003264,25.7562334982853],[-80.1510481377558,25.7561608641583],[-80.1511152625498,25.7561167707116],[-80.1511686592939,25.7560690364359],[-80.1512419294618,25.7559893851451],[-80.1513595431573,25.7557534034792],[-80.1514914679111,25.7554392041702],[-80.1516820571264,25.7551644982526],[-80.1517357943329,25.7550687198485],[-80.1517721239918,25.7549336922319],[-80.1517689134161,25.7548322428142],[-80.1518027466559,25.754771938992],[-80.1518364181986,25.7547347642685],[-80.1518896721101,25.7547066042888],[-80.1519784220417,25.7546608533087],[-80.1521105857421,25.754588664833],[-80.15221935193,25.7544914296212],[-80.1524076225931,25.7542665310179],[-80.1526298899899,25.7539581960616],[-80.1526753725785,25.7539175331222],[-80.1527601384828,25.7538788783169],[-80.1528411853635,25.7538190667441],[-80.1530214340716,25.7536813175632],[-80.1531301975646,25.7535840783722],[-80.1531815874727,25.753541670105],[-80.1531995367059,25.7535044051874],[-80.1532077392214,25.7534564060986],[-80.1532931348465,25.7533287806149],[-80.1533906128094,25.7531602984227],[-80.1534519812013,25.7530965955754],[-80.1534836333316,25.7530665281822],[-80.1535368225643,25.7530472613246],[-80.1536489232958,25.7530336783229],[-80.1536902359053,25.7530268010576],[-80.1537727344616,25.7530308384188],[-80.1538434345484,25.7530365902415],[-80.1539925871803,25.7530623686601],[-80.1541595273482,25.7530740130842],[-80.1542931031982,25.7530801298054],[-80.1544407188143,25.7530453971971],[-80.1545864488676,25.7529999773051],[-80.1546574489925,25.7529630188639],[-80.1547423056269,25.7529119094121],[-80.1548211139058,25.7528821130185],[-80.1548820502069,25.7528789098277],[-80.1549430017794,25.7528739234],[-80.1550217597525,25.7528512478099],[-80.1550907566348,25.7528196171903],[-80.1551420818641,25.7527861046146],[-80.1552092919984,25.7527295515144],[-80.1552744602624,25.7526836646538],[-80.1553909932817,25.7525989267526],[-80.1554402514879,25.7525796371644],[-80.1554758067969,25.7525531506877],[-80.1555094774413,25.7525159785061],[-80.1555532074179,25.7524450541483],[-80.155602968682,25.7523545884943],[-80.1556529230844,25.7522374315225],[-80.155685867894,25.7520240882172],[-80.1557323314456,25.7518446311842],[-80.1557664395706,25.7517451767936],[-80.1557747283246,25.7516847225292],[-80.1557773352368,25.751593986056],[-80.1557570279314,25.7514088015541],[-80.1557300236852,25.7513374663194],[-80.1557091630161,25.7512305766617],[-80.1557039114685,25.7511397929135],[-80.1557164815929,25.7510295404434],[-80.1557194657985,25.7508854203702],[-80.1557558520514,25.7507414926898],[-80.1557664036618,25.7506383446136],[-80.1557715051964,25.7504728854747],[-80.1557722723598,25.7503643412221],[-80.1557650157729,25.7502788823663],[-80.155755834097,25.7501880776628],[-80.155738891878,25.7500829912866],[-80.1557553894357,25.7499727580636],[-80.1558156070885,25.749793380461],[-80.1558856837488,25.7496087223137],[-80.1559553184368,25.7494863422288],[-80.1560009249932,25.7494278829013],[-80.1560561174685,25.7494032898599],[-80.1561132610839,25.749380488194],[-80.1561840950201,25.7493666636559],[-80.1562489470763,25.7493652590333],[-80.1563394172804,25.7493533286325],[-80.1564259932891,25.7493360346053],[-80.1564949254925,25.7493133008924],[-80.156536376443,25.7492868484794],[-80.1565660603651,25.7492567704123],[-80.1565800417408,25.749224820852],[-80.1565783160783,25.749191000606],[-80.1565648647102,25.7491482145299],[-80.1565395618718,25.749114257521],[-80.1564830722316,25.7490445318603],[-80.1564129659328,25.7489551518779],[-80.1563719659379,25.7489175448816],[-80.1562799623113,25.7488689662268],[-80.1562232570749,25.7488294893296],[-80.1561783691726,25.748786521071],[-80.1561649178045,25.7487437380857],[-80.1561435918068,25.7487026866009],[-80.156120142192,25.7486847548907],[-80.1560789409738,25.748675619119],[-80.1560377325691,25.748668262601],[-80.1560064703087,25.7486431685555],[-80.1559733835709,25.7485984889403],[-80.155916917287,25.7485252028455],[-80.1558660744543,25.7484911008253],[-80.1557252986115,25.7483924130986],[-80.1556862659264,25.7483548164428],[-80.1556630166364,25.7483084165254],[-80.1556475638223,25.7482709582034],[-80.1556165018867,25.7482173926609],[-80.1555919760907,25.7481863004909],[-80.1555964748533,25.7481417995208],[-80.1555175659657,25.7480512901309],[-80.1553642756968,25.7479333335415],[-80.1553150381537,25.7478655086323],[-80.1553208062369,25.7477529770515],[-80.1552722047029,25.7475951043146],[-80.1550398186962,25.7474136517479],[-80.1548566675377,25.7473000233658],[-80.1547971999823,25.7472726626596],[-80.1547776957678,25.7472185181395],[-80.1547832410681,25.7471375031916],[-80.1548481910416,25.7470928537588],[-80.1549424566258,25.7471204167896],[-80.1550659497857,25.747233699035],[-80.1553175220023,25.7475143202256],[-80.1555144092923,25.7477946227659],[-80.1556630462903,25.7478675265968],[-80.1557974054714,25.747850295466],[-80.1559522237788,25.7477521355715],[-80.155992917452,25.7476217966193],[-80.1559848577709,25.7475601977683],[-80.1560015664309,25.7475296354055],[-80.1560233451808,25.74750662867],[-80.1560685340194,25.7475068908282],[-80.156091999804,25.7475230426353],[-80.1561094298096,25.7475587308225],[-80.1561247963852,25.7476086450714],[-80.156132442842,25.7476389395933],[-80.1561537787212,25.7476782137947],[-80.1561928626104,25.7477086903529],[-80.1562708740814,25.7477909987048],[-80.1563724546436,25.7478752238179],[-80.1564702919277,25.7479327331903],[-80.1565681301102,25.7479902433441],[-80.1565727600249,25.7480302610142],[-80.1565783852727,25.7480681531023],[-80.1566151389316,25.748150221704],[-80.1566443476436,25.7481877609766],[-80.1567049821099,25.7482272607425],[-80.1567872641717,25.7482615481281],[-80.1568793073242,25.7483047860151],[-80.1569888101267,25.748380158972],[-80.1570788150023,25.7484340618458],[-80.157117809958,25.7484769970578],[-80.1571371668491,25.7485180356747],[-80.157236745067,25.7486075850927],[-80.1573284405706,25.7487006500677],[-80.1574007612166,25.7487544516559],[-80.1574673119857,25.7487904267112],[-80.1575064848084,25.7488084498361],[-80.1575318127997,25.7488388460013],[-80.1575824589008,25.7489014191776],[-80.1576471088355,25.7489284857989],[-80.1577060050629,25.74893594425],[-80.1577375161573,25.7489254491804],[-80.157753422622,25.7488988510393],[-80.1577912937882,25.7488225519731],[-80.1578230465301,25.748778249476],[-80.1578587518582,25.7487304119198],[-80.1579101121219,25.7486915571915],[-80.1579377838182,25.7486685854733],[-80.1579653144787,25.7486651863614],[-80.1579888404506,25.748672440121],[-80.1580299419554,25.7486958099265],[-80.158080812636,25.7487263549989],[-80.1581160283809,25.7487479139848],[-80.1582475695471,25.7487629093939],[-80.1582849771813,25.7487524474831],[-80.1583067532362,25.7487294409844],[-80.1583444869597,25.748672715228],[-80.1583881280029,25.7486142441724],[-80.1584199382372,25.7485610453174],[-80.1584103774713,25.7485236202491],[-80.1583812963204,25.748468288509],[-80.1583343908024,25.7484324290609],[-80.1582993259749,25.7483895189156],[-80.1582720800812,25.7483519910345],[-80.1582781760475,25.7483235560575],[-80.1583000158829,25.7482916515571],[-80.1583355819718,25.7482633840545],[-80.1583652551141,25.7482350857984],[-80.1584128352687,25.748174857921],[-80.1584054160863,25.7481125335729],[-80.1583918641065,25.74808398607],[-80.158368587867,25.7480406510089],[-80.1584701720254,25.7479852292333],[-80.1584805242082,25.7479650634224],[-80.1585436820427,25.7479378347589],[-80.1585990793346,25.747879139214],[-80.1586360315238,25.7478369352368],[-80.1586751765004,25.747772611362],[-80.1587689525039,25.7477583982567],[-80.158799276025,25.7477899258486],[-80.1587701589384,25.7478764383571],[-80.1587675888575,25.747952039757],[-80.1588221668836,25.748009526436],[-80.1589807167885,25.7480510167081],[-80.1591172687566,25.7480352064259],[-80.1592992691783,25.7479274456093],[-80.1593963276287,25.7477362023207],[-80.1594212181426,25.7476717958602],[-80.1594807521753,25.7476039020278],[-80.1594674059118,25.7474747256288],[-80.1594129832947,25.7473951082196],[-80.1593622698193,25.7473671512076],[-80.1592604655749,25.747364719774],[-80.1591972098241,25.7473827965159],[-80.1591502306432,25.7474028119271],[-80.1591010595731,25.7474449464734],[-80.1590661824917,25.7474816315287],[-80.1589745866993,25.7474755687315],[-80.158905571852,25.7474438177362],[-80.1588180750711,25.7474340912046],[-80.1587526912117,25.7474650654372],[-80.1586280194588,25.7475288959092],[-80.1585242056838,25.7475227627201],[-80.1584998739235,25.7475078682973],[-80.1585612890274,25.7474621161622],[-80.1586348439602,25.7474275000426],[-80.1587246628863,25.7473966665889],[-80.1588266611674,25.7473714347253],[-80.158928737602,25.7473351396373],[-80.1590186095289,25.7472969293293],[-80.1590781830876,25.747223501645],[-80.1590361724897,25.7471162927242],[-80.1590630994838,25.7470518980647],[-80.1591203365242,25.7470208767946],[-80.1591855263468,25.7470175642131],[-80.159320429908,25.7469464164902],[-80.1594121442846,25.7466463302572],[-80.1594643884935,25.7464566716189],[-80.1594070481529,25.7462128968269],[-80.1593214333476,25.7459357623793],[-80.1592170248924,25.74572491366],[-80.1591347823597,25.7455473882379],[-80.1591180395692,25.7453222914487],[-80.1591435274645,25.7451730522824],[-80.1591639246058,25.7451485570751],[-80.1591916097764,25.7451475763934],[-80.1592308436846,25.7451567002992],[-80.159264129849,25.745172908257],[-80.1592855681364,25.7451979439678],[-80.1593010479,25.7452318438377],[-80.1593356491956,25.7453405934479],[-80.1593727298422,25.7453763955709],[-80.1594119996831,25.7453801815481],[-80.1594297207436,25.745374945589],[-80.1594475298392,25.7453572536925],[-80.1594655006321,25.7453164300256],[-80.1594875102496,25.7452596136334],[-80.1594996518764,25.7452098577994],[-80.1595139323919,25.7451352021622],[-80.1595267944696,25.7449822423124],[-80.1595264701829,25.7447491290476],[-80.1595251837979,25.7446530291042],[-80.1595137446555,25.7446031386972],[-80.1594690939091,25.74452636271],[-80.159443890784,25.7444781722702],[-80.1594119413135,25.7444112581086],[-80.1593688805836,25.7443878745138],[-80.1593355144689,25.7443823439799],[-80.1592603668245,25.7443758578399],[-80.159247097814,25.744345573814],[-80.1592208724061,25.7443103806701],[-80.1592294198747,25.744253257938],[-80.1592648404384,25.7441391175813],[-80.159274233224,25.7439621214042],[-80.1593201083786,25.7438093121656],[-80.1592820413834,25.7437205674763],[-80.1592040820172,25.7435135599307],[-80.159151864764,25.7434099783435],[-80.1591051990959,25.7433857336098],[-80.1591177799989,25.7433341669087],[-80.1591304516319,25.7432696909017],[-80.1590439573736,25.7431179609956],[-80.1589955813147,25.7430475998634],[-80.1590003801158,25.7429443480078],[-80.1589684872398,25.7428464179038],[-80.1589043520421,25.7427003499627],[-80.1588483510869,25.7425561736618],[-80.1588183392821,25.742480385148],[-80.158845797182,25.7423403790074],[-80.1588095357991,25.7422848412876],[-80.1586756482354,25.7422121411771],[-80.1584728033166,25.7421003130663],[-80.1583960764362,25.7420076564047],[-80.1583621740296,25.7419060260223],[-80.1582269542668,25.7417337269678],[-80.1580185730343,25.7415407186179],[-80.157941781475,25.7414572828095],[-80.1578610076856,25.7413609131764],[-80.1577602760325,25.741207256625],[-80.1576386864016,25.7411235616469],[-80.1575921653627,25.7410790297096],[-80.1575903372922,25.7410495119383],[-80.1576230602139,25.7410294137303],[-80.1576980488556,25.7410796414451],[-80.1577971994756,25.7411687409063],[-80.1579118217726,25.741374117206],[-80.1580352017446,25.7414928635822],[-80.1581345859272,25.7415487666083],[-80.158244244139,25.7415918192116],[-80.1583191698985,25.7416512679632],[-80.1583673770736,25.7417456039236],[-80.1584643888052,25.7418494442774],[-80.1585673940943,25.7419699161282],[-80.1587340782417,25.7420114530136],[-80.1588946691185,25.7420511110035],[-80.1588983531072,25.7421064602967],[-80.1588568626291,25.7422150331317],[-80.1588584562385,25.7422777473536],[-80.1588864701909,25.7423479908035],[-80.1588839279579,25.7424199027042],[-80.1589031995066,25.7425749332604],[-80.1589857780103,25.7427045090489],[-80.1590819992223,25.742920844371],[-80.1591417632181,25.7431093038196],[-80.1591956513361,25.7432645341477],[-80.1592440678193,25.7433293629508],[-80.1593036027486,25.7433415868737],[-80.1593413023337,25.7434018511873],[-80.1593611847385,25.743470203786],[-80.1593746729362,25.7435790933736],[-80.1594166305333,25.7436936809224],[-80.159505110966,25.7438527984661],[-80.1594535297156,25.7439484022365],[-80.1594242554234,25.7440570454032],[-80.1594337748656,25.7441511577457],[-80.1594918931495,25.7442842807455],[-80.1595174043948,25.7444209047823],[-80.1595794537048,25.7445743362801],[-80.1596394377885,25.7447314459603],[-80.1596571552538,25.7448182285242],[-80.1596623564949,25.7449473576443],[-80.1596634722021,25.7449509316385],[-80.159660461948,25.7449741152628],[-80.1596539428739,25.7450630507822],[-80.1596530059304,25.7451108364122],[-80.1596392491339,25.7451224524835],[-80.1596122718345,25.7451753098014],[-80.159609036102,25.7452572185721],[-80.1595767695238,25.7453052242104],[-80.1595551120459,25.7453581121945],[-80.1595598569441,25.7454400669605],[-80.1595779552951,25.7455148696704],[-80.1596172529821,25.7456018442379],[-80.1596701763122,25.7456431120262],[-80.159789629751,25.7456823561417],[-80.159941194359,25.7456952781121],[-80.1602976233003,25.7457093822382],[-80.1606405793124,25.7457475048682],[-80.1606693200015,25.7458223680702],[-80.1606420723084,25.7459137773001],[-80.1605828796348,25.7460074115884],[-80.1606004866061,25.7461520910298],[-80.1606295156552,25.7461859930551],[-80.1607329215942,25.7462371911726],[-80.1609028082344,25.746293592823],[-80.1610569348366,25.7463209861218],[-80.1611448681992,25.7463022157893],[-80.1612010784659,25.7462543464892],[-80.1611751845377,25.7461529932276],[-80.1611487471272,25.7461287441992],[-80.1611038565301,25.7460802930577],[-80.1611067365288,25.7460489842891],[-80.1612079056647,25.7460399284217],[-80.1613034666191,25.7460718043999],[-80.1613671167291,25.7461010862748],[-80.1615078710137,25.7461380419999],[-80.1616407991782,25.7461532651059],[-80.1617576933178,25.7461780335967],[-80.161840035567,25.7461977846255],[-80.1619779790234,25.7462564106095],[-80.1621184808807,25.7463295071494],[-80.162325042128,25.7464680448688],[-80.1624097397582,25.7465311832612],[-80.1624755952302,25.7466255371942],[-80.1625038643025,25.7467678677797],[-80.1625590271307,25.7468693896259],[-80.162670296919,25.7469374991101],[-80.1627079848286,25.746875066499],[-80.1626903068903,25.746740024712],[-80.1626990654641,25.7466292308936],[-80.1628055382519,25.7466226146089],[-80.1629620220317,25.7466933943752],[-80.1631404318864,25.7466727323492],[-80.1633497231134,25.7468016450373],[-80.1636015324883,25.7469380315351],[-80.1640133479389,25.7470223244163],[-80.1644148076148,25.7470655918885],[-80.1646303151851,25.7470378937255],[-80.1650293530036,25.7470852036086],[-80.1653808034826,25.7471228079539],[-80.165579234982,25.747125723254],[-80.1656696288291,25.7471244634396],[-80.1658032469,25.7471234487926],[-80.1659565506463,25.747117209591],[-80.1661589230537,25.7471183690784],[-80.1664122218373,25.7471429512704],[-80.1665398454518,25.7471561368579],[-80.1666241819602,25.7471779744704],[-80.166708383721,25.7472193849277],[-80.1668020842637,25.747307114784],[-80.1668720710862,25.7474142838858],[-80.1668912474155,25.7474820119567],[-80.1669104983051,25.7475390659794],[-80.1669622089067,25.7477315459329],[-80.1669772682576,25.7478259434135],[-80.1669983499129,25.7479025829534],[-80.16703324406,25.7479704005591],[-80.1671468315,25.7480911202687],[-80.167170134689,25.7481306750865],[-80.1672072809128,25.7481575808674],[-80.1672660531724,25.7481828295585],[-80.1673367227164,25.748192132048],[-80.1674388539473,25.7481980532123],[-80.1674879396765,25.7482036709542],[-80.1675329919709,25.7482235041761],[-80.1676230022363,25.7482774014571],[-80.1677395100998,25.7483350109663],[-80.1677923256322,25.7483691235499],[-80.1678470860167,25.7484059151254],[-80.167902778852,25.7484498301938],[-80.167930099306,25.748476680073],[-80.1679730827806,25.748511624392],[-80.1679965404803,25.7485295528918],[-80.16803078874,25.7485493245659],[-80.168068058033,25.748570870638],[-80.1680946688178,25.7486201946132],[-80.1681415006737,25.7486667303415],[-80.1682355650351,25.748702855111],[-80.168337684588,25.7487105555036],[-80.1685145951547,25.7487008905735],[-80.1686994351484,25.7486805905733],[-80.1688724883507,25.7486602258398],[-80.1690335068259,25.7486753798479],[-80.1691590059249,25.7487116866672],[-80.1692725206025,25.7487763951769],[-80.1694640961587,25.7489180669937],[-80.1697475226274,25.749131441775],[-80.1703219690207,25.7495973787975],[-80.1705543613151,25.7498033408912],[-80.1706989567929,25.7499198311322],[-80.1707711507762,25.7499932005145],[-80.1708784509095,25.750104140883],[-80.1710914449901,25.7502744034099],[-80.1712906508334,25.7504499240834],[-80.1716051158813,25.7507221949876],[-80.1717965351301,25.7508869959806],[-80.1719136610332,25.7509979881062],[-80.1720095076511,25.7510608174409],[-80.1721777324073,25.7511703198468],[-80.1722599111625,25.7512206128575],[-80.172316611009,25.7512618633211],[-80.1723576622081,25.7512923470508],[-80.1724124684067,25.7513229116832],[-80.1724712685141,25.7513445988455],[-80.1725203389719,25.7513519956529],[-80.1725576846221,25.7513504276147],[-80.1725931258448,25.7513399529861],[-80.1726247465341,25.7513134411507],[-80.1726367093957,25.75128859525],[-80.1726330164234,25.7512547642641],[-80.1726156034859,25.7512155171365],[-80.1725181749364,25.7510975191894],[-80.1723522938852,25.7509328641277],[-80.172108342074,25.7506930267275],[-80.1720773349358,25.7506305693884],[-80.1720421641068,25.7506018962696],[-80.1719912386289,25.750578474247],[-80.1719658567386,25.7505551970503],[-80.1718524857917,25.7504691355448],[-80.1713428815731,25.7500017957083],[-80.1710773675066,25.74975471649],[-80.1706165220293,25.7493410311423],[-80.1703722746715,25.7491438997547],[-80.1701537496666,25.7489219985107],[-80.1698784035421,25.7486766412806],[-80.1697066367309,25.7485119496891],[-80.1695543076594,25.7483776193602],[-80.1691823540436,25.7481027474124],[-80.1688782717207,25.7478262056038],[-80.1686276050041,25.7476129255738],[-80.1684916153838,25.7475103516865],[-80.1681750572636,25.7471618792832],[-80.168079287003,25.7470713853291],[-80.1680786572842,25.7470707898089],[-80.1678309253629,25.7468512222749],[-80.167659083093,25.7466980947131],[-80.1673670705301,25.7464490788362],[-80.1669489902362,25.7461050284901],[-80.1669299621279,25.7460866796821],[-80.1669163373843,25.7460683624278],[-80.1669085921126,25.74605185683],[-80.1669052252281,25.7460416066738],[-80.1669047778674,25.7460353755041],[-80.1669053339246,25.7460260372449],[-80.1669153222898,25.7460025156062],[-80.1668748010967,25.7459666934434],[-80.1667556405054,25.7460781206232],[-80.1665657501888,25.7459075389458],[-80.166394393009,25.7457557476756],[-80.1665140368937,25.7456452134845],[-80.1664749952255,25.7456089558962],[-80.1664695622162,25.7456129287767],[-80.166475416535,25.7456187456887],[-80.1664274590885,25.7456634021489],[-80.1664161960148,25.7456584461644],[-80.1664078991775,25.7456503887446],[-80.1663996292897,25.7456387759611],[-80.166379774732,25.7455981805679],[-80.1663676322084,25.7455780912198],[-80.1663490990716,25.7455592989212],[-80.1663246667001,25.7455409208998],[-80.1662313281779,25.7454714310289],[-80.1661853425344,25.7454449211189],[-80.1661643408279,25.7454274509371],[-80.1661248248493,25.7453885223041],[-80.1661043486573,25.7453666066863],[-80.166091711162,25.7453469582816],[-80.1660688445539,25.7453156857307],[-80.1659742007805,25.7452226124399],[-80.1659068253587,25.7451635036973],[-80.1657501412562,25.7450211380125],[-80.1655909310916,25.7448885442086],[-80.165408730351,25.7447429181424],[-80.1652550636889,25.7445907831153],[-80.1651506624179,25.7444878635404],[-80.1651272792786,25.7444601485892],[-80.1650833642515,25.7444180769055],[-80.165006693066,25.7443540222426],[-80.1649275254629,25.7442952917497],[-80.1647624259451,25.7441626623421],[-80.1646184449151,25.7440306000021],[-80.1644311156949,25.7438453494937],[-80.1643018778109,25.7437124825025],[-80.1641558513173,25.7435919751966],[-80.1640967170372,25.7435489273646],[-80.1639448622759,25.7434190442074],[-80.1637691581499,25.7432578821515],[-80.1636085951233,25.7431088175945],[-80.1634318121206,25.7429614423736],[-80.1632276933925,25.742789882802],[-80.1630446644059,25.7426224505134],[-80.1628758225083,25.7424635546494],[-80.1626893574668,25.742296543475],[-80.1625176346731,25.7421282875712],[-80.162358155913,25.7419654374642],[-80.1622007181249,25.7417914756579],[-80.1620732130914,25.74162213961],[-80.1619929854779,25.7415051217479],[-80.1619770098443,25.7414716650484],[-80.1619186211679,25.7413227414755],[-80.1618716249229,25.7411600949867],[-80.1618304820984,25.7410032637949],[-80.161811069513,25.7408999430011],[-80.1618060209837,25.7408491965317],[-80.1618004613146,25.7407317207265],[-80.1617988120122,25.7405466463336],[-80.1618027089041,25.7404812714382],[-80.1618108458424,25.7404417270211],[-80.1618224610566,25.740396417211],[-80.1618514074644,25.7402608979296],[-80.1619007815565,25.7400850126425],[-80.1619122683113,25.7400579423894],[-80.1619428182102,25.739974036218],[-80.1619747101914,25.7399088260807],[-80.1620508837149,25.7397633460421],[-80.1621322836346,25.7396428104598],[-80.1621649535559,25.739606964533],[-80.1622005358145,25.739576027092],[-80.1622787017993,25.7394964011556],[-80.1623207510279,25.7394539344531],[-80.1624735571107,25.7393071170878],[-80.1626076998007,25.7391597468677],[-80.1626684160154,25.7391169426153],[-80.1628357712077,25.7389964573575],[-80.1629077774455,25.7389546095043],[-80.1630809447358,25.7388457205375],[-80.1633354652317,25.738692814094],[-80.163389144046,25.7386731006612],[-80.1634196229764,25.7386692732029],[-80.1634908791204,25.7386643452497],[-80.1635567570525,25.7386558245014],[-80.1636310099755,25.7386437934947],[-80.1636767378034,25.738636938863],[-80.1637268619849,25.7386336689346],[-80.1638624293994,25.7386335556506],[-80.1639311675662,25.7386375117727],[-80.1640558420124,25.7386497936318],[-80.1641731583604,25.7386606974423],[-80.1642826072654,25.7386728919064],[-80.1644370824136,25.7387084775598],[-80.1645164961557,25.7387311768911],[-80.1646022915277,25.7387539142499],[-80.1646969613539,25.7387722520537],[-80.1647602197989,25.7387872956533],[-80.1648386867171,25.7388046494804],[-80.1648935854425,25.7388209788738],[-80.1649484311671,25.7388448717335],[-80.1650032715019,25.7388696538844],[-80.1650438933066,25.7388907963096],[-80.1651035791523,25.7389245029657],[-80.1651436754427,25.738950534483],[-80.165221865679,25.7390079259878],[-80.1653752655423,25.7391266957678],[-80.1654167730853,25.7391616347448],[-80.1655646743621,25.7392946063544],[-80.1656105387327,25.739338466529],[-80.1657652222876,25.7394848274822],[-80.1659375280881,25.739640182306],[-80.1661460988656,25.7398073113086],[-80.1662433531429,25.7398777132009],[-80.1662697285697,25.7398992195772],[-80.1662916842866,25.7399202517704],[-80.1664376101686,25.7400549954412],[-80.1664756475207,25.7400943603501],[-80.1666234338128,25.7402442370564],[-80.16670785027,25.7403243512374],[-80.1667444718777,25.7403552569269],[-80.16680063543,25.7404018428247],[-80.1668372112235,25.740439423386],[-80.1669507824937,25.7405650810509],[-80.1669916989451,25.7406146947978],[-80.1670301962343,25.7406580681713],[-80.1670566120854,25.7406742346656],[-80.1670938544292,25.7406869022887],[-80.1671315612017,25.7407031335131],[-80.167178521517,25.7407309836638],[-80.1672244613464,25.7407646145447],[-80.1673221153737,25.7408483631806],[-80.1673743820355,25.7408900331603],[-80.1675233451209,25.7410118880503],[-80.1675873455734,25.741061637552],[-80.1677954195826,25.7412300956409],[-80.1679594519019,25.7413751701125],[-80.1680910954733,25.7415160561502],[-80.1681171951174,25.7415370014763],[-80.1682986736122,25.7417060374455],[-80.1685111385847,25.7419020798991],[-80.1687261412969,25.7421039690523],[-80.168849081095,25.7422073349234],[-80.1690156736125,25.7423319501362],[-80.1691643770852,25.7424354630769],[-80.1693991166781,25.7425779645636],[-80.1694625907181,25.7426191605778],[-80.1693666264176,25.7427119454161],[-80.1695279188761,25.742857527849],[-80.1699414249494,25.7432267936477],[-80.1700713572312,25.7433441998285],[-80.1701549607167,25.7432694281201],[-80.1701581596164,25.7432723629311],[-80.1701782450422,25.7432555599848],[-80.1702281635086,25.7433013452989],[-80.1703224560396,25.743450043875],[-80.1703810567195,25.743543710855],[-80.1704883820054,25.7436703192295],[-80.1706291515592,25.743804117603],[-80.1707660790198,25.7439343952053],[-80.1709134260366,25.7440483998244],[-80.1710159237785,25.7441283140082],[-80.1710863732344,25.7441858818344],[-80.1711467534779,25.7442095575725],[-80.171222661995,25.7442228219722],[-80.1713540747025,25.744220070055],[-80.171515152467,25.7442116540871],[-80.1716645961536,25.7442090041229],[-80.1718177849151,25.744223874687],[-80.1719001190795,25.7442395074672],[-80.1719540754724,25.7442608148129],[-80.1719900125643,25.7442796866138],[-80.172023416408,25.7442927082601],[-80.172072192218,25.7443174868473],[-80.1724127101974,25.7446250813848],[-80.1727545370218,25.7449303520699],[-80.1729516893169,25.7451076340544],[-80.17299644876,25.7451545555018],[-80.1730000303418,25.7451650549508],[-80.1730164138106,25.7451864414259],[-80.1730335195244,25.7452230818674],[-80.1730436794668,25.7452465098002],[-80.1730459360337,25.7452621561999],[-80.1730650225322,25.7452972738114],[-80.1731104404383,25.7454351953564],[-80.1731310657491,25.7455263119759],[-80.1731702762972,25.7457236961505],[-80.1732180774324,25.7458896312056],[-80.1732625071929,25.745984965514],[-80.173312857748,25.7460616669273],[-80.1733473413657,25.7461044444057],[-80.1734445668964,25.7462024114733],[-80.173550212334,25.746293427173],[-80.1736540261075,25.746369846809],[-80.1737941973836,25.7464978066639],[-80.1739874959073,25.7466738985017],[-80.1740950251112,25.7467719233574],[-80.1741910424085,25.7468582165256],[-80.1741935298425,25.7468710655435],[-80.174216262601,25.7469365259283],[-80.1742417522887,25.7469763368161],[-80.1744081956855,25.7471242758755],[-80.1745336651384,25.7472358201068],[-80.1746156004497,25.7473097818113],[-80.1746897976754,25.747384867349],[-80.1747806164235,25.7474775465189],[-80.1748906186884,25.7475913357462],[-80.1749685654806,25.7476827759819],[-80.1750414826074,25.7477566872421],[-80.1750978051613,25.7478083369832],[-80.175170673779,25.7478892487161],[-80.1753119661518,25.7480417144967],[-80.1754117797281,25.7481381547691],[-80.1756681166156,25.7480472303018],[-80.1758658968388,25.7479480187086],[-80.1759330988877,25.7479168989594],[-80.175946099303,25.7478994720253],[-80.1759463247808,25.7478668076421],[-80.1759427512846,25.7478247889494],[-80.1758700183129,25.7477240462989],[-80.1758317447044,25.7476701625229],[-80.1757508020303,25.7476393720129],[-80.175664759622,25.7476003866559],[-80.1755916179157,25.7475591405845],[-80.175530227967,25.7474946272216],[-80.175445904935,25.7473938155149],[-80.1753551122381,25.747296470032],[-80.1752987285986,25.7472541525679],[-80.1751322654388,25.7471085472025],[-80.1749836895272,25.746985208145],[-80.1747055568287,25.7467818028786],[-80.1745442122678,25.7466420566802],[-80.1742574647292,25.7463953070739],[-80.1742312087787,25.7463589396724],[-80.1740887737488,25.7462247525538],[-80.1739736412071,25.7461001656987],[-80.1738909288539,25.7459993673733],[-80.1738382624433,25.7458881173179],[-80.1738151784435,25.7458336905863],[-80.1738156267041,25.7457687749543],[-80.1738107659226,25.7457179933437],[-80.1738203778948,25.7456472275637],[-80.1738294221316,25.74559068401],[-80.1738326380998,25.7455705752416],[-80.1738329731724,25.7455221837497],[-80.1739383302545,25.7454404531746],[-80.1739417294786,25.7454378161814],[-80.1740346026762,25.7453887692319],[-80.1741353262488,25.7453350446094],[-80.1742176352613,25.7453060036729],[-80.1742752702548,25.7452969275196],[-80.174436140506,25.7454106330673],[-80.1744763661551,25.7453682801401],[-80.1746473837722,25.7455063294492],[-80.1747985710856,25.7456250182932],[-80.1749157841255,25.7457195970785],[-80.1750594345766,25.7458102433721],[-80.1753415342345,25.7459985032395],[-80.1754902960978,25.7460950090932],[-80.1756507171921,25.7461822502533],[-80.1756797013259,25.7461930538473],[-80.1757553834681,25.7461850709059],[-80.1758470726853,25.7461923725572],[-80.175938576849,25.7462268029382],[-80.1760057079295,25.7462661819858],[-80.176017230616,25.7462761942367],[-80.176065437793,25.7462860948267],[-80.1761450877918,25.7463174617921],[-80.1762683123565,25.746381741146],[-80.1764112504435,25.746482298026],[-80.1764933735032,25.7465288451111],[-80.1765773740411,25.7465835676683],[-80.1766203009219,25.7466164767636],[-80.1766414804949,25.7466270982629],[-80.1766569207334,25.7466301017675],[-80.1767077473969,25.7466379714026],[-80.1767720308193,25.7466564164131],[-80.1767983379743,25.7466711491159],[-80.1768240935642,25.7466724615308],[-80.1768395814135,25.7466678826449],[-80.1769141613226,25.7466875518697],[-80.1770653109087,25.7467181565269],[-80.1771367224609,25.7467302279844],[-80.1772617247925,25.7467233495466],[-80.1772733974981,25.7467117498145],[-80.1772721425521,25.7467070762613],[-80.1773127104584,25.7467084728259],[-80.1773197182136,25.746719594361],[-80.1773274212648,25.7467237201307],[-80.1773416011674,25.7467220500803],[-80.1773789728688,25.746719928534],[-80.1773950374362,25.7467258521975],[-80.1774291931699,25.7467231286562],[-80.1774498571105,25.7467150794005],[-80.1774582689324,25.7467092949078],[-80.1774642364396,25.7466848275275],[-80.1775503767645,25.746709231797],[-80.177549561094,25.7467343100678],[-80.1775617161943,25.7467460441141],[-80.1776079623493,25.746764973778],[-80.1776452541005,25.7467745166904],[-80.1776947826988,25.7467841275694],[-80.1777360171549,25.7467820270617],[-80.1777889620459,25.746763662177],[-80.1778380154361,25.7467487708969],[-80.1779166305768,25.7467433812639],[-80.1780363894434,25.7467498907403],[-80.1782758910069,25.7467640740342],[-80.1785566027718,25.7467808263233],[-80.178943165691,25.7467655045927],[-80.1790144604639,25.7467005749067],[-80.1790135244207,25.7466525625495],[-80.1832714828139,25.7466049321592],[-80.184531885261,25.7465898280784],[-80.1855676927836,25.7465746244681],[-80.1877939446749,25.746535726189],[-80.1893611594306,25.7465011915484],[-80.1893620289979,25.7465777121906],[-80.1894952041969,25.7466951166786],[-80.189500269795,25.7467079802786],[-80.1895362661759,25.7467186794468],[-80.1897540249232,25.7467105581814],[-80.1899589117145,25.7467011997505],[-80.1901368086314,25.7466823550394],[-80.1903132772269,25.7466845024824],[-80.1904304507429,25.7466921528399],[-80.1905771788227,25.7467104700004],[-80.1906879500477,25.7467122517136],[-80.1908272364868,25.7466885263115],[-80.1908879230566,25.7466678626643],[-80.1909744002508,25.7466426783845],[-80.1911059333329,25.7466224087787],[-80.1913263789407,25.7465979656584],[-80.1916720119337,25.7465392192903],[-80.1919505973885,25.7464894340588],[-80.1921698653057,25.7464486496228],[-80.1923141373926,25.7464494498598],[-80.192460889727,25.7464642659313],[-80.1928701701333,25.7465178646364],[-80.1932100988241,25.7465407485813],[-80.1939262903543,25.7465470485135],[-80.1947198780118,25.7465374400576],[-80.1956732291989,25.746524040809],[-80.1962865250324,25.7465064267711],[-80.1967633120173,25.7464833923349],[-80.197180731159,25.7464763593432],[-80.1976829952553,25.7464954614038],[-80.1980176795828,25.74653230454],[-80.1982287315092,25.7465637992859],[-80.1982903720886,25.7465921392075],[-80.1983724556223,25.7466462548855],[-80.1984603692201,25.7467138207597],[-80.1985461026075,25.7467807943104],[-80.198624420405,25.7468197241061],[-80.1987118956261,25.7468377038377],[-80.1987813937674,25.7468474207083],[-80.1988625295798,25.746850200888],[-80.1990685644174,25.7468618329757],[-80.1991958888925,25.7468928656184],[-80.1994582157411,25.7469619735601],[-80.1995719684729,25.7469996394341],[-80.199699855293,25.7470426326144],[-80.1998234814047,25.747096686594],[-80.1999487244835,25.7471501668756],[-80.200125925204,25.7472351376527],[-80.2002466183171,25.7472944249923],[-80.2003153097709,25.7473283428749],[-80.2003722350951,25.7473403236477],[-80.2004134830259,25.7473361728172],[-80.200442543517,25.7473249582906],[-80.2004910821733,25.7472828779134],[-80.2005475727125,25.7473188275221],[-80.2006283815372,25.7473706012506],[-80.200776480444,25.74747349891],[-80.2009245515028,25.7475804760999],[-80.2010085017349,25.7476445185048],[-80.2011084671269,25.7477214818136],[-80.201175732056,25.7477761010623],[-80.2012814206128,25.7478635966705],[-80.2013525051772,25.7479258159641],[-80.2014549508166,25.7480167947421],[-80.2015138434497,25.7480713669256],[-80.2016079383528,25.7481593825825],[-80.2016680859319,25.7482186265762],[-80.2017355466935,25.7482848322301],[-80.2017743817492,25.7483265497673],[-80.2017113451866,25.7483777234948],[-80.2016141133641,25.7484465918756],[-80.2016077541921,25.7484425527417],[-80.201418090244,25.7485972178045],[-80.2013603070277,25.7486436119439],[-80.2013656681716,25.748649870487],[-80.2013113398749,25.7486936123116],[-80.201316219522,25.7486985341864],[-80.2012208957204,25.748775864149],[-80.201086550012,25.7488854536134],[-80.2010826396468,25.7488823182797],[-80.2010050827199,25.7489472912747],[-80.2007981396821,25.7491143149396],[-80.2007344132135,25.7491677943096],[-80.2006618607999,25.7492190016575],[-80.2005833157265,25.7492844121999],[-80.200429211579,25.7494099083923],[-80.2002726262852,25.749539395811],[-80.2001402586666,25.7496467724556],[-80.2001140629018,25.7496706534277],[-80.2000082027626,25.7497803982258],[-80.199943404604,25.749847217932],[-80.1997974733259,25.7499990088235],[-80.1996485919813,25.7501516685049],[-80.1994972258972,25.7503078783589],[-80.1993483499425,25.7504592066613],[-80.1991945072039,25.7506185125616],[-80.1990703591673,25.7507450640371],[-80.1990820660083,25.7507575825197],[-80.1990024151088,25.7508412270162],[-80.1988545102326,25.7509943370952],[-80.1989934050023,25.7511592606933],[-80.199120116824,25.7513098783336],[-80.1991532179348,25.7513549922256],[-80.1991541387076,25.7513638939602],[-80.1991530858821,25.7513745660081],[-80.1991476061603,25.7513856563602],[-80.1991308247371,25.7513980226638],[-80.1991071253899,25.7514156845329],[-80.199085431082,25.7514275783182],[-80.1990588256858,25.7514394437838],[-80.1990262932071,25.7514557261296],[-80.1989927716834,25.7514733337802],[-80.1989720385725,25.7514883458336],[-80.1989502643142,25.7515122507086],[-80.1989175979861,25.7515485509943],[-80.1988968172643,25.7515706774552],[-80.198881986083,25.7515848334687],[-80.1988593045268,25.7515971641511],[-80.198827792534,25.7516085570853],[-80.19879831792,25.7516083952648],[-80.1987659489351,25.7516002104104],[-80.1987306658164,25.7515875585147],[-80.1987031755802,25.7515847388009],[-80.1986786183426,25.7515837144799],[-80.1986412125049,25.7515950758604],[-80.198627397318,25.7516038966669],[-80.1986116121263,25.751613596964],[-80.1984366751624,25.7514022089413],[-80.198428838262,25.7514119521374],[-80.1982862900384,25.7515584228144],[-80.1981087048333,25.7517416191236],[-80.1980246297322,25.7518256812308],[-80.1981659804953,25.751991064051],[-80.1982380954264,25.7520786560729],[-80.1983686969521,25.752235077808],[-80.198375509773,25.752244905082],[-80.1983765922425,25.7522506626052],[-80.1983777816115,25.7522515728376],[-80.1983832631294,25.7522702184401],[-80.1983756508074,25.7522904846571],[-80.1983333383726,25.7523300227026],[-80.1982478861551,25.7523930155756],[-80.1981764620249,25.7524543934638],[-80.1981444595516,25.7524889118371],[-80.1980936068354,25.7525478640142],[-80.1980447591588,25.7525865200623],[-80.1979509319505,25.7526443896241],[-80.1979261142021,25.7526145664614],[-80.1979250110713,25.7526152242539],[-80.1976140710135,25.7522469367073],[-80.1973746404112,25.7524956353928],[-80.1972321838157,25.7526407673031],[-80.1968080434759,25.7528893348971],[-80.1964420986787,25.7531039695676],[-80.1964396552619,25.7531017308166],[-80.1961614749448,25.7532679104229],[-80.1958689826725,25.7534438004626],[-80.1955686337372,25.7536187557472],[-80.1952874952686,25.7537862526294],[-80.1951587667248,25.7538625031969],[-80.1951607178649,25.7538642945098],[-80.1950117691481,25.7539519984181],[-80.1947903156285,25.7540829024429],[-80.1946487555527,25.7541679782904],[-80.1947779206728,25.7543186131515],[-80.1949873502373,25.7545866938627],[-80.1950018346678,25.7546241445294],[-80.1950016550043,25.7546508368601],[-80.1949897388551,25.754669454577],[-80.1949709712574,25.7546844751264],[-80.1949374326658,25.7547038638896],[-80.1948782588581,25.7547373476063],[-80.1948190733724,25.7547726088585],[-80.1947825029673,25.7548044396099],[-80.194745018976,25.7548264732291],[-80.1946394319255,25.754894399341],[-80.1944501048466,25.7549965647351],[-80.1943604179725,25.7550378850834],[-80.1942678124731,25.7550747401258],[-80.1941909050285,25.7551152424714],[-80.1941416351442,25.7551363261778],[-80.194069568719,25.7551875301435],[-80.1940261127292,25.7552211002952],[-80.1939581291464,25.7552491970447],[-80.1938802739795,25.755284353774],[-80.1937806400629,25.755343417833],[-80.1937510774136,25.7553565968439],[-80.1937314339592,25.755355599255],[-80.1935881742769,25.7551821959006],[-80.1934651158983,25.7552188850374],[-80.1934177522383,25.7552488734052],[-80.1933840609326,25.7552913951426],[-80.1933819804347,25.7553082861941],[-80.1933828652747,25.7553225267152],[-80.1933936270885,25.7553297048241],[-80.1934112879616,25.7553333626499],[-80.1934417426374,25.7553335309379],[-80.1934918560391,25.7553329200877],[-80.1935262579111,25.755330439466],[-80.1935439358523,25.7553314289644],[-80.1935566541962,25.7553395051454],[-80.1935683736137,25.7553502480347],[-80.1935810362619,25.7553663332402],[-80.1935838093598,25.7553921507951],[-80.1935836889852,25.7554099447588],[-80.1935717449882,25.7554330114533],[-80.1935055454583,25.7554878116223],[-80.1934946174557,25.7555055432728],[-80.1934807923873,25.7555161437498],[-80.1934670248113,25.7555178476577],[-80.1934236343988,25.7555416287421],[-80.193355566374,25.755582180282],[-80.193332837207,25.7556016295794],[-80.1933159605621,25.755627337049],[-80.193287198311,25.7556672178395],[-80.1932674641264,25.7556795634704],[-80.1932349406308,25.7556945094572],[-80.1931935804105,25.7557085161094],[-80.1930764104868,25.7557461266163],[-80.1928863692483,25.7558073539004],[-80.1927582560506,25.7558644783561],[-80.1926686482285,25.7558942319296],[-80.1926293056239,25.7559002425143],[-80.1925771036394,25.7559195258996],[-80.1924066348882,25.7559924304016],[-80.1923553186421,25.7560259558267],[-80.1923139323705,25.7560435191098],[-80.1921827927493,25.7561121929141],[-80.1921256608119,25.7561341203023],[-80.1921178912856,25.756120731019],[-80.1918775336256,25.7562128192194],[-80.1915948150222,25.7563215765704],[-80.1913930373044,25.7560846756472],[-80.1910398719367,25.7562953611464],[-80.1908603149318,25.7564046904341],[-80.1908523747252,25.7564115958217],[-80.190845311274,25.7564192406961],[-80.1908392081216,25.7564275376781],[-80.1908341380314,25.7564363823978],[-80.190830159394,25.756445676958],[-80.1908273171251,25.7564553064711],[-80.1908256489539,25.7564651609041],[-80.1908251755417,25.7564751180877],[-80.1908258968884,25.7564850647526],[-80.1908278111975,25.7564948803479],[-80.1908292134671,25.7564997201838],[-80.1908313101342,25.7565088448352],[-80.190832225517,25.756518129681],[-80.1908319452425,25.7565274468887],[-80.190830470209,25.7565366718622],[-80.1908278228745,25.756545678387],[-80.1908240328832,25.7565543451034],[-80.1908191613207,25.7565625563149],[-80.1908149931389,25.7565681501974],[-80.1907950954604,25.7566045201358],[-80.1906335945886,25.7566587857794],[-80.1905066141666,25.7566936702447],[-80.1904542298243,25.7567108386051],[-80.190402264995,25.7567290239577],[-80.1903507439333,25.7567482206384],[-80.1902996908937,25.7567684140837],[-80.190249131029,25.7567895978206],[-80.1901990876955,25.7568117645669],[-80.190149580656,25.7568348997589],[-80.190100634165,25.7568589953054],[-80.1900522760704,25.7568840414971],[-80.190012935262,25.7569053514274],[-80.189965411702,25.7569322479376],[-80.1899185358271,25.7569600554471],[-80.1898723274002,25.7569887674827],[-80.1898268061843,25.7570183678624],[-80.1897819955356,25.7570488444497],[-80.1897379170136,25.7570801810627],[-80.1896945867879,25.7571123639466],[-80.1896655325848,25.757134753125],[-80.1896298901392,25.7571634918176],[-80.1895950624652,25.7571930363287],[-80.1895610612411,25.7572233615769],[-80.189527912518,25.7572544513803],[-80.1894956378553,25.757286287939],[-80.1894642579143,25.7573188453624],[-80.1894337915597,25.7573521090869],[-80.1894042558595,25.7573860564582],[-80.1893756750681,25.7574206615857],[-80.1893568814191,25.7574444406714],[-80.1893206514751,25.7574916962402],[-80.1892854186607,25.7575395602029],[-80.1892511865692,25.7575880171866],[-80.1892179686754,25.7576370526276],[-80.1891857820472,25.7576866471076],[-80.1891753238634,25.7577032344214],[-80.1891508663378,25.7577435740598],[-80.189127468824,25.7577844282453],[-80.1891051394066,25.7578257678511],[-80.1890838933572,25.7578675734596],[-80.1890637459471,25.7579098232255],[-80.189044705261,25.7579524912587],[-80.1890267775873,25.757995553287],[-80.1890099790955,25.7580389874655],[-80.1889943178705,25.7580827670949],[-80.1889798028955,25.7581268719484],[-80.1889664404586,25.7581712720906],[-80.1889542377464,25.7582159464859],[-80.1889432055387,25.758260867626],[-80.1889333438355,25.7583060136661],[-80.1889246616199,25.7583513587164],[-80.1889171642817,25.7583968752688],[-80.188910857211,25.7584425390514],[-80.1889057395093,25.7584883257924],[-80.18890181477,25.7585342079841],[-80.1888990901796,25.7585801621637],[-80.1888975621447,25.7586261632506],[-80.1888972315638,25.7586721821188],[-80.1888981038267,25.758718196924],[-80.1889001735436,25.7587641769221],[-80.1889034407143,25.7588101026961],[-80.1889079053389,25.758855944311],[-80.1889135620276,25.7589016807318],[-80.1889204071871,25.7589472795965],[-80.1889284408173,25.7589927206791],[-80.1889363837179,25.7590320647495],[-80.1889474563477,25.7590815008831],[-80.1889596994821,25.7591307072264],[-80.1889731122225,25.7591796643625],[-80.1889876846877,25.7592283504473],[-80.1890034114877,25.7592767387828],[-80.189020285436,25.759324809952],[-80.1890382975494,25.759372540493],[-80.1890574424381,25.7594199117982],[-80.1890691519738,25.7594474234242],[-80.1890931944757,25.7595033544067],[-80.1891183472951,25.7595588824581],[-80.1891446068385,25.759613988162],[-80.1891669515253,25.7596588375779],[-80.1891610397141,25.7596614734461],[-80.1891646724998,25.7596717555979],[-80.1891671500524,25.7596823209143],[-80.1891684454225,25.7596930553201],[-80.1891685424402,25.7597038520214],[-80.1891674420041,25.7597146042243],[-80.1891651548939,25.7597252027077],[-80.1891617062623,25.7597355390597],[-80.1891595206617,25.7597406530294],[-80.1891541128051,25.7597493737185],[-80.1891476961408,25.7597575127041],[-80.1891403461271,25.7597649769463],[-80.1891321418159,25.7597716750231],[-80.18912318831,25.7597775300756],[-80.1891160134679,25.7597813366281],[-80.1891101905898,25.7597829522891],[-80.1891041332517,25.7597835064842],[-80.1890983157636,25.7597830170124],[-80.188844194124,25.7597299987177],[-80.188822025498,25.7601008940567],[-80.1888029641441,25.7604477888895],[-80.1887858323708,25.7608000272086],[-80.1887855601805,25.7608400656427],[-80.1887894130503,25.760995791391],[-80.1887540445852,25.7612847592248],[-80.1887207880591,25.7615514957746],[-80.188729619394,25.7615533249963],[-80.1886971363165,25.7618512069842],[-80.1886835591808,25.761968737952],[-80.188676178623,25.7620420764274],[-80.188667192776,25.7621271732728],[-80.1886477676087,25.7622855881565],[-80.188632244722,25.7624322614343],[-80.1886158504694,25.7625948472436],[-80.1885971762933,25.7627553439307],[-80.1885805718352,25.7629107249498],[-80.1885775849371,25.762938679111],[-80.1885531301026,25.7631621406515],[-80.1888172526832,25.7632189929809],[-80.1888262825453,25.7632398098907],[-80.1888307633403,25.7632557564938],[-80.1888396297086,25.7633008043617],[-80.1888424773665,25.7633319694312],[-80.1888430145581,25.7633651999199],[-80.188837311155,25.7634170880048],[-80.1888293565745,25.7634627312491],[-80.1888042594475,25.7635560467032],[-80.1888010021566,25.7635851009772],[-80.1887908538912,25.7636161980145],[-80.1887652878447,25.7636658943604],[-80.188727307084,25.7637425236776],[-80.1886940173247,25.7638039474773],[-80.1884367659557,25.7637485192982],[-80.1884163005386,25.7639477711392],[-80.1883967711664,25.7641214173383],[-80.1883772364042,25.7642957566079],[-80.1883592799817,25.7644631793762],[-80.188340524957,25.7646354454576],[-80.1883202140506,25.7648118550375],[-80.188300590355,25.7649993445369],[-80.1882764148973,25.7651819635162],[-80.1882641690669,25.7651839722811],[-80.1882503305214,25.7653078069639],[-80.1882262754368,25.7655411937709],[-80.1880391618091,25.765501150447],[-80.1878818749348,25.7654718911517],[-80.1877466955928,25.7654524442774],[-80.187614530996,25.7654385560773],[-80.1874907288134,25.7654323267321],[-80.1873745479356,25.7654289102993],[-80.187243060668,25.7654281757199],[-80.1871008097896,25.7654363782252],[-80.186975357402,25.7654474478459],[-80.1868690067849,25.7654600044178],[-80.1867626399982,25.7654753318316],[-80.1866715508549,25.7654921316332],[-80.1865551741437,25.7655177859923],[-80.1864242195762,25.7655509746076],[-80.1863261684912,25.7655794993026],[-80.1862365247365,25.7656087650391],[-80.1861246351085,25.7656489814483],[-80.1859168260968,25.7657327732091],[-80.1858946377167,25.7656885385037],[-80.1858132270235,25.7655191758498],[-80.1857220157138,25.7653296800248],[-80.1856376109368,25.7651513020884],[-80.1855524174391,25.7649763767331],[-80.1854732678047,25.7648118727854],[-80.1853941199668,25.7646473678007],[-80.1853346182778,25.7645168912495],[-80.185255563865,25.7643385420253],[-80.1851727688688,25.7641484027674],[-80.1851351043184,25.764066506215],[-80.1850881350207,25.7640039402201],[-80.1850426344678,25.7639496884469],[-80.1849695879832,25.763899440469],[-80.1848964256155,25.7638658007664],[-80.1848018159766,25.7638389656915],[-80.1847193317935,25.7638274274967],[-80.1846336478118,25.7638366405752],[-80.1845738954897,25.7638543038297],[-80.1845110772183,25.763873335937],[-80.1844466383863,25.7639062014068],[-80.1843605842978,25.7639694057642],[-80.1843112434457,25.7640300495556],[-80.1842616366916,25.7641294532065],[-80.1842131806778,25.7642842458918],[-80.1841693024774,25.7644404484839],[-80.1841131254458,25.7646062724413],[-80.1840818964205,25.7647016281301],[-80.1840396208142,25.7648467629222],[-80.1839726864601,25.7650208325349],[-80.1839070420856,25.7652295233515],[-80.1838429455079,25.7654354559014],[-80.1837612715979,25.7657520468703],[-80.183706842688,25.7658860379867],[-80.1836755534754,25.7659896986694],[-80.1836412162799,25.7660919572625],[-80.1835941275011,25.7662702965692],[-80.1835253956178,25.7664831207892],[-80.1835129476659,25.7665148950078],[-80.183512823698,25.76653289279],[-80.1835127006285,25.7665508905696],[-80.1835002688463,25.7665798939526],[-80.1833736486407,25.7669848403382],[-80.1833118930722,25.767183863464],[-80.1832539948684,25.7673773656925],[-80.1831853609017,25.7675756568321],[-80.1831267593176,25.7677587750388],[-80.1830770941703,25.7679796678664],[-80.1829945066759,25.7682062620208],[-80.1829318114693,25.7684301974176],[-80.1828707790442,25.7686347604678],[-80.182845709765,25.7687232260469],[-80.1827739936794,25.7689249595826],[-80.1827457991622,25.7690231027871],[-80.1827267009825,25.7691323693914],[-80.1827248118249,25.7691849692847],[-80.1827276055837,25.7692237501632],[-80.182738031427,25.7692639588779],[-80.1827530359819,25.7693055792479],[-80.1827891850748,25.7693860831693],[-80.1828195445285,25.7694180960691],[-80.1828484154743,25.7694445634144],[-80.1829077608585,25.76948643046],[-80.1829671242091,25.7695255324052],[-80.1830586265761,25.7695606565958],[-80.1831143463615,25.769572046999],[-80.1831892236131,25.7695800793366],[-80.1832320292221,25.7695810137062],[-80.1832748923234,25.769574330745],[-80.1833269317125,25.7695663170158],[-80.1836037402993,25.7695581778984],[-80.1841665364555,25.7695419506278],[-80.1845397099894,25.7695288136465],[-80.1853762353085,25.7695071904947],[-80.1860353955136,25.7694859596901],[-80.1863068393629,25.7694798624277],[-80.1865224906632,25.7694713754428],[-80.1867824675214,25.7694652150792],[-80.1869422813566,25.7694605707385],[-80.1871823820966,25.76945429469],[-80.1871837223826,25.7694541563548],[-80.187201528783,25.769451747218],[-80.1872191195878,25.7694482718479],[-80.1872359243669,25.7694438831411],[-80.1872538816842,25.7694381151263],[-80.1872714033189,25.7694313358882],[-80.1872884165071,25.7694235672691],[-80.1873048592655,25.7694148489088],[-80.1873206642201,25.7694052115482],[-80.1873357675908,25.7693946899733],[-80.187350108292,25.7693833327224],[-80.1873636333232,25.7693711794353],[-80.1873762878871,25.7693582794595],[-80.1873880189832,25.7693446853783],[-80.187396130768,25.76933539021],[-80.1874056924334,25.7693228761133],[-80.1874142470876,25.7693097746963],[-80.1874217480183,25.7692961571491],[-80.1874281548013,25.7692820889988],[-80.1874334395888,25.7692676414355],[-80.1874375718382,25.76925289293],[-80.1874392678571,25.7692474501153],[-80.187443524074,25.7692310901197],[-80.1874466097865,25.7692145133152],[-80.1874485007399,25.7691977933189],[-80.1874491969345,25.7691809980851],[-80.18744869837,25.7691641963771],[-80.18744699786,25.7691474585761],[-80.1874441124725,25.7691308558724],[-80.1874400449025,25.7691144570295],[-80.1873964954912,25.768997913621],[-80.1873139169896,25.7687752429239],[-80.1872282949967,25.7685504781575],[-80.1871464252655,25.7683354232228],[-80.1870983743979,25.7682070888776],[-80.1870593048832,25.7681064945745],[-80.1869613283635,25.7678996565435],[-80.1868723745194,25.7677150225041],[-80.1867653322049,25.7674922142982],[-80.1867193465628,25.7673971173003],[-80.1866326582691,25.7672166504137],[-80.1865293619279,25.7670056291373],[-80.18644720204,25.7668334926972],[-80.1863175446458,25.7665641743653],[-80.186193888894,25.7663121963303],[-80.1860672866692,25.7660428986587],[-80.1859947836671,25.7659014584231],[-80.1860879964275,25.7658647580247],[-80.1862382432089,25.7658053723631],[-80.1863685033792,25.7657617970253],[-80.1864849384811,25.7657278366793],[-80.1865921559725,25.7657000530675],[-80.1867299673784,25.7656703642453],[-80.1868792098429,25.7656455860712],[-80.1870230588239,25.7656276981815],[-80.1871355000167,25.7656186357173],[-80.1872945493859,25.7656132914373],[-80.187458136144,25.7656155898216],[-80.187585757962,25.7656225343171],[-80.1877110531439,25.7656343093765],[-80.1878218117922,25.7656480778207],[-80.1879462742359,25.7656702332081],[-80.1881172720922,25.7657064911463],[-80.1882769996883,25.7657418219552],[-80.1882989473208,25.7657466169193],[-80.1882981586001,25.7657504200445],[-80.1884271701109,25.7657781373104],[-80.1884064253206,25.7658493214849],[-80.1883973667112,25.7658883833679],[-80.188383893781,25.7659585732128],[-80.1883684831852,25.7660329042951],[-80.1883619281804,25.7660408276555],[-80.1883557262132,25.7660536001698],[-80.1883518023729,25.7660684623331],[-80.1883331030464,25.7661199285556],[-80.188314545654,25.7661509771976],[-80.1883014473224,25.7661661330157],[-80.1882929681267,25.7661764688069],[-80.1882265539011,25.7661622530475],[-80.1881884177266,25.766486013041],[-80.188169563887,25.7666728162936],[-80.1881523836087,25.7668381671065],[-80.1881295196902,25.7670526366131],[-80.18816655632,25.7670587283427],[-80.1881625246815,25.7670895081533],[-80.1881531534586,25.7671185316296],[-80.1881498153191,25.7671600492004],[-80.1881432980424,25.7672188525205],[-80.1881322119355,25.7672748631674],[-80.1881163629618,25.7673571514847],[-80.1881130230257,25.767398668972],[-80.188100349596,25.7674636690508],[-80.188100024405,25.767511431915],[-80.1880973716796,25.7675640276727],[-80.1880994970924,25.7675889607752],[-80.1881062524209,25.7676069972263],[-80.1881099795297,25.7676208617096],[-80.1881121579432,25.7676381805812],[-80.1881119549234,25.7676679481946],[-80.1881070501224,25.7677149917843],[-80.1880946201368,25.7677439981189],[-80.1880803683675,25.7678159116318],[-80.1880705668503,25.7679079260462],[-80.1880523059005,25.7680075084726],[-80.1880573858711,25.7680476860487],[-80.1880625943011,25.768068482696],[-80.188070901918,25.7680837604267],[-80.1880776626365,25.7681011026914],[-80.1880688097406,25.7681661242283],[-80.1880481736456,25.7682781535006],[-80.1880408532751,25.7683424929655],[-80.1880177908308,25.7684738899798],[-80.18798590783,25.7686647714258],[-80.1879500345133,25.7688812455252],[-80.1879930081029,25.769082238577],[-80.1880398174976,25.7692811764809],[-80.1880692040755,25.7693443326755],[-80.1881934401407,25.7695125484045],[-80.1882775511701,25.769623085463],[-80.1882904788214,25.7696328506248],[-80.1883734157542,25.7696907685099],[-80.188429708664,25.7697326184802],[-80.1884807491262,25.7697592071021],[-80.1885226824709,25.7697760564562],[-80.188541424017,25.7697807121134],[-80.1885604458375,25.7697843120567],[-80.1885796751687,25.7697868433428],[-80.1885990410438,25.7697882962639],[-80.1886184662078,25.7697886659662],[-80.1886378841853,25.769787946787],[-80.1886572123313,25.7697861468159],[-80.1886763841704,25.7697832725247],[-80.1886953224478,25.7697793271493],[-80.1887092265677,25.7697757110268],[-80.188934450314,25.769709126624],[-80.1890922438396,25.7696643149854],[-80.1895197636357,25.7696417785161],[-80.189766793978,25.7696279231719],[-80.1898096004852,25.7696288551142],[-80.1898608304924,25.7696277557154],[-80.1898639305771,25.7696499233015],[-80.1898669866428,25.769743373845],[-80.1898774457176,25.7700632385688],[-80.1898803885957,25.7701532797729],[-80.1898853625654,25.7701809968174],[-80.1897363042561,25.7701773985018],[-80.1895803864133,25.7701709922395],[-80.1893456800551,25.7701710690878],[-80.1890903483841,25.7701682627549],[-80.1888336351026,25.7702561334009],[-80.1887102416524,25.7703011333073],[-80.1884650546511,25.7703807588139],[-80.1882144714713,25.7704665850322],[-80.1877064060525,25.7706409651297],[-80.1874098453131,25.7707424528079],[-80.1874128223288,25.7707542403007],[-80.1874059241677,25.7707569681452],[-80.1874096279202,25.7707742954578],[-80.187177435944,25.7708539934544],[-80.1869191739674,25.7709446197467],[-80.1869007827638,25.7709507452522],[-80.1866777787537,25.771028417476],[-80.1863198954374,25.7711524062305],[-80.1858984168072,25.7712974959157],[-80.185453170558,25.7714521465759],[-80.1850960310465,25.7715795956345],[-80.1850810516434,25.771586573755],[-80.1850666552467,25.7715944991714],[-80.1850529218066,25.7716033306266],[-80.1850399142049,25.7716130244361],[-80.1850277007136,25.7716235328711],[-80.1850163451132,25.7716347984948],[-80.1850059004043,25.7716467695334],[-80.1850030410675,25.7716503767004],[-80.1849948816719,25.7716619108974],[-80.1849877571352,25.7716739935702],[-80.1849817132715,25.7716865486762],[-80.1849767869117,25.7716994993638],[-80.1849730041068,25.7717127639275],[-80.184970398993,25.7717262558083],[-80.1849689778584,25.7717398908739],[-80.1849687559744,25.7717450237416],[-80.1849699049181,25.7718004077339],[-80.1849731469352,25.7718855728173],[-80.1849659451427,25.7719326066456],[-80.1849654771191,25.7720011361646],[-80.1849662918886,25.7721056692287],[-80.1849750522529,25.7722780892462],[-80.1849781891668,25.7723784818181],[-80.1849859299428,25.7725882768687],[-80.1849957305568,25.7727205509448],[-80.1850095169926,25.7729407631063],[-80.1850133447105,25.7730522361655],[-80.1850176072143,25.773099331821],[-80.1850174607885,25.7731207909245],[-80.1850158051935,25.7731394704614],[-80.1850177725023,25.7731872472205],[-80.1850364269106,25.7732545011065],[-80.1850681104799,25.7733169789029],[-80.1850824646551,25.7733419803669],[-80.1851060041013,25.7733656494825],[-80.1851272393695,25.773390689766],[-80.1851529114151,25.7734379050123],[-80.1851792733664,25.7734962036731],[-80.1851912020906,25.773540571372],[-80.1852061482548,25.7735911914291],[-80.1852104709458,25.7736299805751],[-80.1852178164668,25.7736736323036],[-80.1852129269372,25.7737179085246],[-80.1852041306353,25.7737746239345],[-80.1851884559353,25.7738306104548],[-80.1851720392272,25.773883821448],[-80.1851557006728,25.7739252630376],[-80.1851193889819,25.773980440539],[-80.1850581238948,25.77410747028],[-80.185011560632,25.7742082779104],[-80.1850059587388,25.7742449344742],[-80.1850079359291,25.7742913266828],[-80.1850127994051,25.7743626562154],[-80.1850196068336,25.774485222605],[-80.1850361043855,25.7746445326744],[-80.1850499842488,25.7747394458971],[-80.1850578283314,25.77493401089],[-80.1850608358851,25.7751652399326],[-80.1850738803152,25.7752705330387],[-80.1850689979722,25.7753134253794],[-80.1850588281471,25.7753472891476],[-80.185020679401,25.7754474501929],[-80.1849611004518,25.7755516461291],[-80.1848960498654,25.775672425968],[-80.1848736611595,25.7757042624409],[-80.1848143481108,25.7758417717032],[-80.184829582635,25.7758501627823],[-80.1846312319757,25.7762339409534],[-80.1844592738128,25.7765597176341],[-80.1844440024575,25.7765568637296],[-80.1844317593221,25.7765581790492],[-80.1843340073722,25.7767653061427],[-80.1842393546092,25.7769669087123],[-80.1842223153693,25.776998656665],[-80.1839991658244,25.7774307538126],[-80.1837713998387,25.7778669756917],[-80.1835250611892,25.7783349370907],[-80.1833034549496,25.7787642709723],[-80.1836998292565,25.7791638426334],[-80.1840189709513,25.7785592262941],[-80.1842359230206,25.7781395558259],[-80.1844187759486,25.7777861499228],[-80.1846114312825,25.7777886163275],[-80.1846283348764,25.777776251155],[-80.1846025011337,25.7777525691674],[-80.1847639543965,25.7776219452434],[-80.1847762289779,25.777392189186],[-80.1848026026097,25.7773369566462],[-80.1848943466243,25.7773374703149],[-80.1848849718081,25.7773664937117],[-80.18567966259,25.7776575329914],[-80.1856936798983,25.7776202295351],[-80.185956020221,25.7777186114656],[-80.1860626214663,25.7777828948521],[-80.1860802455084,25.7777948701244],[-80.186097123949,25.7778076947629],[-80.1861132055842,25.7778213331747],[-80.1861284445999,25.7778357408688],[-80.1861427960803,25.7778508814435],[-80.186156216008,25.7778667047454],[-80.1861686630605,25.777883163857],[-80.1861801057969,25.7779002150961],[-80.1861905064878,25.777917802647],[-80.1861998318956,25.7779358763565],[-80.1862080604608,25.7779543836444],[-80.1862151634372,25.777973270313],[-80.186221121062,25.777992476502],[-80.1862259135722,25.7780119488224],[-80.1862295337813,25.7780316274142],[-80.1862319628247,25.7780514556528],[-80.1862331962108,25.7780713761049],[-80.1862333597039,25.7780842856497],[-80.1862424066292,25.7783266230828],[-80.1862133371551,25.7783292277973],[-80.186226812773,25.7785951268342],[-80.1862446119754,25.7791241040607],[-80.1862638457866,25.7796669306798],[-80.1861130582178,25.7798031548468],[-80.1854033848609,25.7798241031136],[-80.1852076033906,25.7798313129025],[-80.1852112631234,25.7799517243777],[-80.1851711776123,25.7799511419642],[-80.1850949582779,25.7799491609505],[-80.185018785656,25.7799460911484],[-80.1849426759161,25.7799419390291],[-80.1848666443296,25.7799367029746],[-80.1848632298342,25.7799364416977],[-80.1847898716333,25.7799302705467],[-80.1847166338066,25.7799230170782],[-80.1846435361171,25.7799146837185],[-80.1845649470279,25.7799045011968],[-80.1844628346617,25.7798903024505],[-80.1843609136366,25.7798750278559],[-80.1843101687197,25.7798670115848],[-80.1842384373674,25.7798547404606],[-80.1841669386787,25.7798414031952],[-80.1841567787358,25.7798394173274],[-80.1840733917463,25.7798224998354],[-80.1839902769462,25.7798045250988],[-80.1839074523018,25.7797854947348],[-80.1838249267964,25.7797654160232],[-80.1838139350139,25.7797626544114],[-80.1837369745701,25.7797426889431],[-80.1836603563842,25.7797216824067],[-80.1835840912363,25.7796996372281],[-80.1835082051772,25.7796765598783],[-80.1834327044953,25.7796524535922],[-80.1833328495953,25.7796176543343],[-80.1832311567426,25.7795810576701],[-80.1831299121492,25.7795434563291],[-80.183033076486,25.7795048422213],[-80.182727340362,25.7793746643103],[-80.1824842572184,25.7792743593537],[-80.1818084665141,25.7789799767595],[-80.1814991380285,25.7788460910189],[-80.1814973836193,25.7788453516713],[-80.1815139449559,25.7788043154485],[-80.1816201410672,25.7785842063879],[-80.1817323900249,25.7783738192975],[-80.1817989937981,25.7782448138923],[-80.1818386130858,25.7781502513098],[-80.1818480040717,25.7781177845361],[-80.1818474354389,25.7780894157386],[-80.1818399075594,25.7780727689865],[-80.1818232923254,25.7780443071522],[-80.1817240985873,25.7779116030012],[-80.1815739488287,25.777743326375],[-80.1814906229265,25.7776370024682],[-80.1813571485892,25.7774888822084],[-80.18123869318,25.7773795933659],[-80.1810908197516,25.7772140970703],[-80.1810248555831,25.7771390037013],[-80.1809694924299,25.7770778060204],[-80.1809300671813,25.7770326153475],[-80.1808854793168,25.7769604097335],[-80.1808143435493,25.7768589961256],[-80.1807953855096,25.7768381330687],[-80.1807832196295,25.7768290690315],[-80.1807520157594,25.7768109045531],[-80.1807632725467,25.7767293265587],[-80.1801794225959,25.7760687641301],[-80.1800995848474,25.776122281513],[-80.1800699188927,25.7761020476761],[-80.1800402161069,25.7760880450466],[-80.1799960037369,25.7760725733928],[-80.1799632736296,25.7760537098803],[-80.1799244736079,25.7760285844115],[-80.1798553833029,25.7759638511169],[-80.1798083511228,25.7759137708216],[-80.1797635862898,25.7758671624521],[-80.1797370410816,25.7758386466989],[-80.1797030479442,25.7757810311211],[-80.1796336063989,25.7756748146624],[-80.1795830797746,25.7755729962967],[-80.1794970553353,25.7754084496018],[-80.179449526388,25.7753154201218],[-80.1794117782941,25.7752459816512],[-80.1793800183677,25.77519457682],[-80.1793550712622,25.7751535935327],[-80.1793164176663,25.7751042263803],[-80.1792745840349,25.7750728403248],[-80.1792411424623,25.7750442701815],[-80.1791512372995,25.7749987656733],[-80.1790895706693,25.7749603434239],[-80.1790173533296,25.7749004033312],[-80.1789847202406,25.7748649142717],[-80.1789588676331,25.7748446923546],[-80.1789482064306,25.7748384036434],[-80.1789367816604,25.7748321076514],[-80.178924609492,25.7748230402251],[-80.1789147603665,25.7748098334437],[-80.1788929618554,25.7747560598414],[-80.1788510761227,25.7746762164241],[-80.1788239371289,25.7746203387005],[-80.1788320462188,25.7746086130715],[-80.1787386627802,25.7745689748533],[-80.1787173295954,25.7745581244956],[-80.178699026427,25.7745517920861],[-80.1784989330466,25.7744644795485],[-80.1782892968659,25.7743753791787],[-80.1780857530575,25.7742897758125],[-80.177889845825,25.7742052531363],[-80.1776985101177,25.7741235269275],[-80.1775151739055,25.774045649632],[-80.1773528097555,25.7739755082497],[-80.1771965559443,25.7739060932613],[-80.1770463891156,25.7738412099608],[-80.1768992549983,25.7737798059133],[-80.1767529006185,25.7737163284975],[-80.1766107350816,25.7736552989291],[-80.1764018705534,25.7735655087262],[-80.1761766270477,25.7734676677767],[-80.1760699018346,25.7734227588605],[-80.175875143547,25.7733385866518],[-80.1757592716904,25.7732894727539],[-80.1756060730486,25.7732211114293],[-80.1753610010356,25.7731158868795],[-80.1751281236489,25.7730162690963],[-80.1748929681354,25.7729142114223],[-80.1747328892988,25.7728458126695],[-80.1747274742557,25.772855124551],[-80.174494901394,25.7729327227222],[-80.1744896103187,25.7729236947897],[-80.1744877247556,25.7729198757152],[-80.1744854430354,25.7729184786506],[-80.1744793273068,25.7729184438655],[-80.1744529078619,25.7729245231585],[-80.1744342139277,25.7728638450805],[-80.1744031475015,25.7727681383897],[-80.1743807147804,25.7726956721239],[-80.174294578049,25.7726584957301],[-80.1740914393807,25.7725704650633],[-80.1738894361826,25.7724841727812],[-80.1736912508233,25.7723982468943],[-80.1734850632739,25.7723091619613],[-80.1732819183174,25.7722221689303],[-80.1730578183667,25.7721250193429],[-80.1729549038058,25.7720825537877],[-80.1729537333013,25.772086008857],[-80.1728214851621,25.7720281463403],[-80.1726617863127,25.7719604371206],[-80.1726553426992,25.7719527851571],[-80.1726362813531,25.7719450611953],[-80.172632437463,25.7719481570897],[-80.1723961365978,25.7718467828789],[-80.1723931029881,25.7718433035338],[-80.1723755849471,25.7718338580938],[-80.1721023256058,25.7717149697416],[-80.1720154262049,25.771678131996],[-80.1718294139122,25.7716012723897],[-80.171620552079,25.7715121698701],[-80.1714360947698,25.771431855877],[-80.1712764120901,25.7713620680855],[-80.171301184026,25.7713175588128],[-80.1713751782372,25.7711764160933],[-80.171374082293,25.771168796438],[-80.1713683968574,25.7711618425616],[-80.1712700699913,25.7711193993129],[-80.1710814247374,25.7710369865925],[-80.1710570067387,25.7710299259243],[-80.1710485940186,25.7710302252421],[-80.1709851478231,25.7711388905535],[-80.1709417645958,25.7712210224877],[-80.1709181290295,25.7712115405946],[-80.1709181559791,25.7712077335996],[-80.1708998698787,25.7711989765393],[-80.170898319387,25.7712020821609],[-80.1708159924095,25.7711673483781],[-80.1706307769224,25.77108633844],[-80.170442121787,25.771004614937],[-80.1702820779848,25.7709324040348],[-80.1701383889056,25.7708710122347],[-80.1701360712528,25.7708744600585],[-80.1700331755566,25.7708292233377],[-80.1698319413161,25.7707429281714],[-80.1694851584845,25.7705886551712],[-80.1691291616356,25.7704405617035],[-80.1688136033354,25.7703037710148],[-80.1683547700793,25.7701017825597],[-80.1679194017093,25.7699220777889],[-80.1676066227957,25.7697828797991],[-80.1673364159288,25.7696660749345],[-80.1671062263006,25.7695664615362],[-80.167022763853,25.7695306796486],[-80.166844030607,25.7694528155186],[-80.1666199423344,25.7693553093314],[-80.1664057570864,25.7692633979666],[-80.1661938625417,25.7691718481448],[-80.1659956897588,25.7690862572047],[-80.1658158084662,25.7690083895472],[-80.1657700743507,25.7689887442444],[-80.1656850901575,25.7689519121245],[-80.165758292953,25.768814922335],[-80.1657621817589,25.7688055988108],[-80.1657606752847,25.7688024753289],[-80.1656482538561,25.7687530262528],[-80.1654382610443,25.7686632145431],[-80.1654344414088,25.7686628472644],[-80.1654294548621,25.7686655881008],[-80.1653546701337,25.7688094924369],[-80.1652601548182,25.7687691468486],[-80.1648439879317,25.7685895436103],[-80.1645398651815,25.7684590414556],[-80.164253279337,25.7683348686631],[-80.1640878707975,25.7682653864652],[-80.1639437828663,25.768207794714],[-80.1640468303829,25.7680124800891],[-80.1641490478563,25.7678261619129],[-80.1637831946952,25.7676683053387],[-80.1634272283891,25.7675174269146],[-80.1630537575168,25.7673560637562],[-80.1626871309065,25.7671995842727],[-80.1623296733976,25.7670438496672],[-80.1619836334723,25.7668957922263],[-80.1616505490462,25.7667533474196],[-80.1613068070108,25.7666046108675],[-80.1609874605162,25.7664657083163],[-80.1607443962352,25.766459458798],[-80.1601917788871,25.7664438103271],[-80.1593020598452,25.7664220628059],[-80.1589153118736,25.7664101365373],[-80.1581265167275,25.7663875759676],[-80.157340774954,25.7663650331917],[-80.1569020468823,25.7663528011147],[-80.1563761651857,25.7663400626012],[-80.1555323374649,25.7663157845111],[-80.1551899132546,25.7663061841065],[-80.1548604813745,25.7662973506332],[-80.1544477415562,25.7662852593156],[-80.1541465850396,25.7662779718399],[-80.1538331943707,25.7662706115535],[-80.1531483558317,25.7662500160203],[-80.1527530181719,25.7662421776117],[-80.1526416055502,25.7662352978728],[-80.1524340857978,25.766229590373],[-80.1522040192368,25.7662230593104],[-80.1519636472059,25.7662147371206],[-80.1518661952978,25.7662120908789],[-80.1516521762362,25.7662066899891],[-80.1514580252079,25.7662024435428],[-80.1511866936483,25.7661939393259],[-80.1509336957998,25.7661869260967],[-80.1506856710233,25.7661795941208],[-80.1504437574838,25.7661726464199],[-80.1501892253132,25.7661670052543],[-80.1499217097957,25.7661588683213],[-80.1496866791459,25.7661523032766],[-80.149459293157,25.7661450902221],[-80.1492601816332,25.7661397718476],[-80.1491359734122,25.7661366248323],[-80.1489983928739,25.7661330498552],[-80.1489982868724,25.7661479338516],[-80.1488312784324,25.7661431494182],[-80.1486015909604,25.7661369605582],[-80.1483313984641,25.7661298421551],[-80.1481170003136,25.7661237398577],[-80.1478594183636,25.7661170405165],[-80.1477837452048,25.7661155600435],[-80.1475414552713,25.7661079117439],[-80.1472364845091,25.7660995474769],[-80.1469743157626,25.7660924727577],[-80.1466930416524,25.7660839013857],[-80.1464530379306,25.7660776494203],[-80.1464531376439,25.7660638057908],[-80.1462230791677,25.7660565716968],[-80.1458936562707,25.7660463329694],[-80.1458942051406,25.7660767959141],[-80.1457742252862,25.7661771589425],[-80.1456042146741,25.7663249939867],[-80.1454611589031,25.7664452945796],[-80.1454282724885,25.766447178737],[-80.1453447525497,25.7663670805569],[-80.1452483310085,25.766380358659],[-80.1451931897375,25.76639387946],[-80.14513949116,25.7664198685509],[-80.1451332559551,25.7664364473636],[-80.1451130824939,25.7664778648568],[-80.145063354467,25.7665897136975],[-80.145030838157,25.7666462868941],[-80.1450122160858,25.7666849432071],[-80.1450012440654,25.766722260618],[-80.145004036926,25.766759658108],[-80.1450190468708,25.7667985109708],[-80.1450552741175,25.7668637953368],[-80.1450869460087,25.7669248987783],[-80.1451248216638,25.7669735792604],[-80.145191707504,25.767027965563],[-80.1452951475785,25.7671019513461],[-80.1453986379588,25.7671690137147],[-80.1454930751207,25.7672194099727],[-80.1456378691273,25.7672839457905],[-80.1457507118658,25.7673261444773],[-80.1458879070258,25.7673837140044],[-80.1460785115049,25.7674568250472],[-80.1463147234368,25.7675662006937],[-80.1464486145934,25.7676583609225],[-80.1465978642421,25.7677409207975],[-80.1467806426002,25.7678389080408],[-80.1470302915271,25.7679940494219],[-80.1472830252679,25.7681450534403],[-80.1476151592762,25.768311753215],[-80.1480524347681,25.7685289091316],[-80.1483039099704,25.7686425252923],[-80.1486073095771,25.7687647513504],[-80.1489014978616,25.7688924597538],[-80.1491362257772,25.7689962836568],[-80.1493131588002,25.7690568504577],[-80.1496912937244,25.7692058161148],[-80.1501042895586,25.7693979025786],[-80.1504123397424,25.7695118455444],[-80.1508300238829,25.7696901133847],[-80.150988425565,25.7697768752859],[-80.1513710529623,25.7699397091055],[-80.1515692077788,25.7700267013827],[-80.1518541892325,25.7701598892229],[-80.1521879420047,25.770315510528],[-80.1524470403081,25.7704333162601],[-80.1527223298411,25.7705643687703],[-80.1528482304864,25.770620482198],[-80.1530265316428,25.77070458919],[-80.1533161223509,25.7708350306294],[-80.1535370880803,25.7709401552713],[-80.153742908219,25.7710244205948],[-80.153927463445,25.7710891792372],[-80.154227770153,25.7712182984034],[-80.1547339131693,25.7714302958979],[-80.1549182896301,25.77151997527],[-80.1552475741837,25.7716603353205],[-80.1554030302911,25.771731846027],[-80.1555128690643,25.7717670949542],[-80.1556898245454,25.7718262729712],[-80.1557994998247,25.7718850561843],[-80.1559824299985,25.7719636484015],[-80.15621345058,25.7715122610108],[-80.1569146824637,25.7718139889039],[-80.1578994396326,25.7722405757176],[-80.158925390833,25.7726812368373],[-80.1592943045533,25.7728398172305],[-80.1602059325923,25.7732313533046],[-80.1604414195957,25.7727952130751],[-80.1613454326183,25.7731825443598],[-80.1617890430283,25.7733747748524],[-80.1623363243804,25.7736105225014],[-80.1633791243774,25.7740512489125],[-80.164249584436,25.7744286802816],[-80.1646200243935,25.7745900224984],[-80.1653609150882,25.7749113229849],[-80.1658106349386,25.7751063439457],[-80.1662192362162,25.7752775947388],[-80.1666186441378,25.7754515592693],[-80.1669692825375,25.7756028652407],[-80.1672476398165,25.7757226945343],[-80.1675752409278,25.7758629412165],[-80.1678567369195,25.7759842861892],[-80.1683336721215,25.7761876551863],[-80.1705263288066,25.777127272473],[-80.1712622922436,25.7774441914292],[-80.173272136434,25.7783066215525],[-80.1739197056739,25.7785898144659],[-80.1743555124214,25.7787763268786],[-80.1750534070649,25.7790764047233],[-80.1759707295227,25.7794704318828],[-80.176368439629,25.7796414992255],[-80.1767432921098,25.7798027510362],[-80.1769352728073,25.7798882436489],[-80.1773512887769,25.7800649476545],[-80.1777551074253,25.7802374305322],[-80.1795791109013,25.7810240044416],[-80.1797665461249,25.7811039341862],[-80.1799783634144,25.7811950703529],[-80.1799998250588,25.7811855043234],[-80.1800749466553,25.7810406354192],[-80.1802073618879,25.7807867734593],[-80.1803397717305,25.7805342982243],[-80.1804729559206,25.78027974923],[-80.1806007223727,25.7800355439804],[-80.1807292461043,25.7797920395512],[-80.1808508429287,25.7795554135871],[-80.1809545614866,25.7793636590503],[-80.1812105758748,25.7794716453403],[-80.1812297126797,25.7794669115998],[-80.1812893491214,25.7793510133555],[-80.1812947749444,25.7793378483328],[-80.1815170225695,25.7794334971486],[-80.1823799888844,25.7798038569126],[-80.1826787981012,25.7799356772422],[-80.1829975328436,25.7800613788617],[-80.1830341113326,25.7800755581727],[-80.183091143556,25.78009669488],[-80.1831486222421,25.7801168212605],[-80.1832065204412,25.7801359324614],[-80.1832756296118,25.7801572454994],[-80.1833725146826,25.7801861412102],[-80.1834697653676,25.7802140047513],[-80.1835673735821,25.7802408296524],[-80.1836653240545,25.7802666110605],[-80.1837635997171,25.7802913522122],[-80.183793253994,25.7802985943328],[-80.1838703563717,25.780316648267],[-80.1839477524984,25.7803336522411],[-80.1840254226112,25.7803495957398],[-80.1841033469472,25.7803644795723],[-80.1841815147266,25.7803782980767],[-80.1842598972033,25.7803910488268],[-80.1842661683404,25.7803920227468],[-80.1843538474792,25.7804050291091],[-80.1844417152642,25.780416962055],[-80.1845297537291,25.7804278223939],[-80.1846179413143,25.7804376052726],[-80.1847062717315,25.7804463066468],[-80.1847947207265,25.7804539281346],[-80.1848832775192,25.7804604697362],[-80.1849719241435,25.7804659257894],[-80.1850606417346,25.7804702995301],[-80.1852147854052,25.7804753608394],[-80.1852271578916,25.7807742630856],[-80.1852420070278,25.7812866069432],[-80.1852581290755,25.7818363413266],[-80.1852782576113,25.7822476485397],[-80.1856744190265,25.7822332527132],[-80.1859250830524,25.7822512699559],[-80.1866990227641,25.7822265227574],[-80.187479088086,25.7822004247053],[-80.1878476972812,25.7821900231782],[-80.187854720306,25.7822814375742],[-80.1887678683032,25.7822491499031],[-80.1887730524762,25.7823862455176],[-80.1888906464032,25.782409050554],[-80.1889092666681,25.7828189661133],[-80.1889156968031,25.7829976006009],[-80.1881066006349,25.7830193927785],[-80.187286772297,25.7830452754861],[-80.1864332903835,25.7830723480579],[-80.1856119313168,25.7830982113407],[-80.1853564774747,25.7831092421027],[-80.1852978974525,25.7831781388699],[-80.185308094215,25.783700148989],[-80.1853135954942,25.7837901717555],[-80.1855956852722,25.7839094338435],[-80.1856076418394,25.7841739371911],[-80.1853161952068,25.7843052163683],[-80.1853410866045,25.7849145329056],[-80.185351552872,25.7849492044238],[-80.185641273836,25.7850712769846],[-80.1856497359564,25.7853994471102],[-80.1853751246456,25.7855280540472],[-80.1854530624372,25.7864311782868],[-80.1854591898439,25.7864298282955],[-80.1854978092955,25.7868675053872],[-80.1854973035441,25.7868675336973],[-80.183017301014,25.7870070230039],[-80.1830138928069,25.7870072155122],[-80.1796351072347,25.7872001062116],[-80.1793253053338,25.7872158101675],[-80.1793256682533,25.7872040696063],[-80.1793296549783,25.7870691780371],[-80.1792923722106,25.7870454437112],[-80.1792618618395,25.7870369684935],[-80.1791297762944,25.7870189293318],[-80.1791198669815,25.787015413224],[-80.1791092039824,25.7870098191586],[-80.1790993665349,25.7869959253952],[-80.1790821081078,25.7869494710193],[-80.1789990013975,25.7866999313118],[-80.1789128691624,25.7864455281988]]],[[[-80.1613027782934,25.7561331051859],[-80.1611102873515,25.7561213186651],[-80.1610158977989,25.7561314522529],[-80.1609291636864,25.7561700998525],[-80.1608774997913,25.7562516588052],[-80.1608648586998,25.7563725893533],[-80.1608759996006,25.7564651878839],[-80.1609223831959,25.7565757815893],[-80.1610234085977,25.7567400752655],[-80.1612571285997,25.757036814801],[-80.1613433345013,25.7570728998078],[-80.1614062138577,25.7570732622689],[-80.1615005333414,25.7570738051516],[-80.1615830363893,25.757077839948],[-80.1616811099309,25.7571033181353],[-80.1617947764243,25.7571466773997],[-80.161955476895,25.7572081070424],[-80.1620535252837,25.7572371434541],[-80.162116429793,25.7572339452353],[-80.1621915486928,25.757170317389],[-80.1622197072774,25.7570779451373],[-80.1622241835828,25.7569996764017],[-80.1622012307377,25.7569105702066],[-80.1621703143296,25.756835653313],[-80.1619714902714,25.7566067364674],[-80.1618345664032,25.7565169746316],[-80.1617602227516,25.7564702809743],[-80.1617409772519,25.7564132271963],[-80.1617295354145,25.756363336065],[-80.1616318382681,25.7562844754279],[-80.1615495094939,25.7562555302082],[-80.1614908135913,25.7562196019128],[-80.1614243544506,25.7561693967805],[-80.1613027782934,25.7561331051859]]],[[[-80.1590691450178,25.752913827843],[-80.1590586068882,25.75273581881],[-80.1590473941218,25.7526538990136],[-80.1589773839431,25.7525502849407],[-80.1589109535486,25.7524965182448],[-80.1586644577074,25.752342059716],[-80.1583235229062,25.7522048476706],[-80.1579353322432,25.7520816012827],[-80.1578214196107,25.7520738234351],[-80.1577548409938,25.7520414077822],[-80.1576883602935,25.7519947584839],[-80.1576413523673,25.7519731321229],[-80.1575548751737,25.7519761905092],[-80.1574918979007,25.7519900616713],[-80.1573853703146,25.7520499486017],[-80.157258989966,25.7521381902809],[-80.1571166663217,25.7522583709384],[-80.15687123767,25.7525096344269],[-80.1567321605341,25.7527259251901],[-80.1566369184781,25.7528570546867],[-80.1565367644325,25.753126951861],[-80.1565044188009,25.7532548882524],[-80.1565189050251,25.7534293591775],[-80.1565495654126,25.7535398659012],[-80.1565837777366,25.7537037729878],[-80.1566302574519,25.7538001358447],[-80.1566964084696,25.7538930503067],[-80.1568057657447,25.7539897746715],[-80.1569700145586,25.7541046118963],[-80.1572206687006,25.7542270673276],[-80.1573695239893,25.7542955496258],[-80.1576441559572,25.754361199294],[-80.1577618774449,25.7543867937631],[-80.1580367609417,25.754416855164],[-80.1582055714012,25.7544427449364],[-80.1583350275778,25.7544755240212],[-80.1584487398854,25.7545117675773],[-80.1585465340502,25.7545763944463],[-80.1586325414237,25.7546409525081],[-80.1587226001982,25.7546877407381],[-80.1588285061484,25.7547168222656],[-80.159295529345,25.7548084940829],[-80.1594720203973,25.7548593373456],[-80.1595582245024,25.7548954270594],[-80.1597190713989,25.7549355030867],[-80.1599353380451,25.7549189550348],[-80.1600493809336,25.75490893866],[-80.1601595898138,25.7548846614856],[-80.1602266741836,25.7548458977693],[-80.1602666240511,25.754753597336],[-80.1602792633461,25.7546326659483],[-80.1602605640236,25.7544973158211],[-80.1602101532817,25.75440093573],[-80.1601400936955,25.7543044390527],[-80.1600467794293,25.7541615446659],[-80.1600122347278,25.7540438999797],[-80.1599932147058,25.7539548158394],[-80.1598298884643,25.753708304733],[-80.1597364268741,25.7535867622281],[-80.1596701698549,25.7535080834105],[-80.1595841148706,25.7534506438917],[-80.1593023224359,25.7532853051741],[-80.1592162952994,25.753224305557],[-80.1591696862264,25.7531457405812],[-80.159131039818,25.7530529833076],[-80.1590691450178,25.752913827843]]],[[[-80.1741227263926,25.7495086563],[-80.1740324924461,25.7494867907969],[-80.173929925531,25.7495431528713],[-80.1739061516234,25.7495714880351],[-80.1738781026336,25.749649628162],[-80.1738893019251,25.7497351044619],[-80.1739196784442,25.7498883122541],[-80.1739272665103,25.7499275064187],[-80.1739543821479,25.749984602959],[-80.1739936052763,25.7499955008733],[-80.1740407623232,25.7499957678807],[-80.1741312199509,25.7499856054504],[-80.1741784973724,25.7499680792998],[-80.1742298558395,25.749929222549],[-80.174384440587,25.7497379129003],[-80.1744241065861,25.7496847550043],[-80.1744283556171,25.7496385109566],[-80.1744088792497,25.7496134899364],[-80.1743463241861,25.7495668671946],[-80.1741227263926,25.7495086563]]],[[[-80.1720679117373,25.7447693902957],[-80.1719571908193,25.7447051739923],[-80.1718897821583,25.7447233377175],[-80.1718482575447,25.7448052330436],[-80.1718331182401,25.7448793313868],[-80.1719929985474,25.7450259581972],[-80.1721731547223,25.7452018442665],[-80.1723390887751,25.7453193625854],[-80.1724354025175,25.7453517040138],[-80.1724882962049,25.7453175606274],[-80.1725352861657,25.7452913346939],[-80.1725826767764,25.745206822124],[-80.1725451802108,25.7451297746546],[-80.1724781012324,25.745100249797],[-80.1723586226414,25.7450333359842],[-80.1722395860227,25.7449028370722],[-80.1720679117373,25.7447693902957]]],[[[-80.1581211317061,25.7488600497735],[-80.15806225075,25.748850812066],[-80.1580130922571,25.7488558650105],[-80.1579736481426,25.7488769910933],[-80.1579400206175,25.7489088274702],[-80.1579240485757,25.7489443226704],[-80.1579237602156,25.7489852502764],[-80.1579392300978,25.7490209291239],[-80.1579606531138,25.7490477457001],[-80.1580075954628,25.7490782680267],[-80.1580821223713,25.7490982726358],[-80.1581332194279,25.7490967895255],[-80.158178536726,25.7490792567707],[-80.1582121759292,25.7490456403814],[-80.1582222882623,25.7490047710529],[-80.1582148178758,25.7489495641415],[-80.1581993758414,25.7489103275799],[-80.1581701276034,25.7488781270989],[-80.1581211317061,25.7488600497735]]],[[[-80.1606013552714,25.7463999480332],[-80.1604682492418,25.7463242574475],[-80.1603918870752,25.7463238172762],[-80.1603121598202,25.7463492921034],[-80.1602354131737,25.7464036020816],[-80.1602133029466,25.7463804203541],[-80.1601050640715,25.7463884413112],[-80.1600507501482,25.7464198260482],[-80.1599992542379,25.746503098161],[-80.1599955262289,25.7465808818601],[-80.1600808248314,25.7466678240919],[-80.1602139326577,25.7467435152679],[-80.1603094855281,25.7467296580581],[-80.1603638398758,25.7466925099468],[-80.1604626760881,25.7466642622931],[-80.1605774618835,25.7466303442242],[-80.1606191706509,25.7465815963365],[-80.1606452523311,25.7464924151681],[-80.1606013552714,25.7463999480332]]],[[[-80.1408975706267,25.7552449541283],[-80.1408759948967,25.7552394863988],[-80.1408621967779,25.7552456337507],[-80.1408424077959,25.7552650936212],[-80.1408423179642,25.7552775469012],[-80.1408510226363,25.7552962826451],[-80.1409761192889,25.7553886651851],[-80.1414422720127,25.7557366304405],[-80.1415742614364,25.755826381539],[-80.1417013685181,25.7559125467692],[-80.1418118172463,25.7559923817737],[-80.1419309949012,25.7560882864598],[-80.1419682076004,25.7561054120287],[-80.1420034664646,25.756120743889],[-80.142030810275,25.7561440369854],[-80.142045406097,25.7561636989765],[-80.1420511077018,25.7561904257512],[-80.1420613026771,25.7562758981531],[-80.1420915561238,25.7565776995524],[-80.1421129890184,25.7567397561603],[-80.1421177357144,25.7567629164483],[-80.1421244856531,25.7567807514689],[-80.1421528104235,25.7568040517175],[-80.1424334494212,25.7569907682678],[-80.142456918799,25.7570060328613],[-80.1424795159133,25.757006165548],[-80.1424933364901,25.7569973491881],[-80.1424983383084,25.7569849211695],[-80.1424925783129,25.7569662043005],[-80.1424769341571,25.7569554332401],[-80.1423419066316,25.7568772315736],[-80.1421971045407,25.7567927458517],[-80.1421824763792,25.7567775330111],[-80.1421640761935,25.7567400571333],[-80.1421573990186,25.7567124364654],[-80.1421361835169,25.7565201264066],[-80.1420983195461,25.7561835866951],[-80.142098536939,25.756153333997],[-80.1420878550755,25.7561354786553],[-80.1420653666576,25.7561202204224],[-80.1419813247974,25.7560574447358],[-80.1417291075883,25.7558806807157],[-80.1414594001864,25.7556771191587],[-80.1412727617696,25.7555354392224],[-80.1410625964826,25.7553865065771],[-80.1408975706267,25.7552449541283]]]]},"properties":{"FID":43,"OBJECTID":1038,"WATER":1,"TYPE":" ","LAST_UPDAT":2022,"GlobalID":"59f897ae-5e0a-4c5b-bf22-37063485265e","Shape__Are":1069297203.96,"Shape__Len":777739.941427,"Shape__Area":43844569.177734375,"Shape__Length":98194.60621621854}},{"type":"Feature","id":55,"geometry":{"type":"Polygon","coordinates":[[[-80.1901825224814,25.7700531037469],[-80.1901708084599,25.7697609949692],[-80.1902377994041,25.7697596480251],[-80.1902632091433,25.7697327948694],[-80.1902622641178,25.7696469487006],[-80.1903843550096,25.7696808561549],[-80.1905186872401,25.76971413907],[-80.190590794088,25.7697346166898],[-80.1905927452283,25.7697287419039],[-80.190765592715,25.7697750452759],[-80.1909575392773,25.7698238766791],[-80.1911548128476,25.7698761987909],[-80.191351308477,25.7699302480411],[-80.1915543043139,25.7699843352887],[-80.1917618617944,25.7700422505776],[-80.1918412153494,25.7700651898489],[-80.1920157049576,25.7700388140597],[-80.1921810083963,25.7700144639363],[-80.1921829047393,25.7700165518992],[-80.192269803243,25.7699976518312],[-80.1922854851271,25.7700527721047],[-80.1923049165794,25.7700474514822],[-80.1923562912118,25.7702092672367],[-80.1924049762894,25.7703583713936],[-80.1924446189284,25.7704880422597],[-80.1924639515642,25.7705684507291],[-80.1924775915778,25.7706443653153],[-80.192289295766,25.7706758164467],[-80.1921855754152,25.7706946233749],[-80.192140026352,25.7707033699547],[-80.1921036805262,25.7707080158668],[-80.1920719403616,25.770709914518],[-80.1920023559819,25.7707119515023],[-80.1919863165673,25.7707097850814],[-80.1919100810639,25.7706775193216],[-80.1918010867071,25.7706284577146],[-80.1917126628657,25.7705898916708],[-80.1916707941998,25.7705633542002],[-80.1916243593988,25.7705333300594],[-80.1916129256454,25.770528422033],[-80.1915885148332,25.7705206704734],[-80.1914045246469,25.7704822669961],[-80.1912480157134,25.7704499000517],[-80.1912265055611,25.7704089385859],[-80.1909521592576,25.7703354184022],[-80.1906960235958,25.7702820771864],[-80.1905841752916,25.770259301369],[-80.1904960829282,25.7702283524944],[-80.1903696190396,25.7701625781218],[-80.190288997963,25.7701012134297],[-80.1902448538652,25.7700718921703],[-80.1901825224814,25.7700531037469]]]},"properties":{"FID":55,"OBJECTID":1462,"WATER":1,"TYPE":" ","LAST_UPDAT":2019,"GlobalID":"eef49019-15af-491f-900c-d935b96a98ec","Shape__Are":16742.9785156,"Shape__Len":652.835434902568,"Shape__Area":16742.9609375,"Shape__Length":652.8352419796244}},{"type":"Feature","id":99,"geometry":{"type":"Polygon","coordinates":[[[-80.1956081377192,25.7684488932874],[-80.1956809254903,25.7684442464785],[-80.1957093571607,25.7684424343524],[-80.1957293976595,25.7689496402258],[-80.1957000982168,25.7689496240456],[-80.1956564589716,25.7689495997754],[-80.1956265944888,25.7689495868312],[-80.1956081377192,25.7684488932874]]]},"properties":{"FID":99,"OBJECTID":3087,"WATER":1,"TYPE":"B","LAST_UPDAT":2019,"GlobalID":"f8f5adb4-b5ae-4cd2-bc32-68ce6e1ac2dd","Shape__Are":708.248046875,"Shape__Len":147.402124225217,"Shape__Area":708.251953125,"Shape__Length":147.40208057958193}},{"type":"Feature","id":110,"geometry":{"type":"Polygon","coordinates":[[[-80.1974495532374,25.7691326115366],[-80.1974298496077,25.7685787628544],[-80.1976502233477,25.7686788042248],[-80.1976677314971,25.7691587666825],[-80.1974495532374,25.7691326115366]]]},"properties":{"FID":110,"OBJECTID":3386,"WATER":1,"TYPE":"B","LAST_UPDAT":2019,"GlobalID":"f89ca0ed-38b3-41c1-afcb-4551778188e5","Shape__Are":1543.5234375,"Shape__Len":179.833000594913,"Shape__Area":1543.521484375,"Shape__Length":179.83294736362126}},{"type":"Feature","id":113,"geometry":{"type":"Polygon","coordinates":[[[-80.1923049165794,25.7700474514822],[-80.192390893412,25.7700271624102],[-80.1924577909269,25.7702361356573],[-80.1924974910582,25.7703575009413],[-80.1925296354623,25.7704649768735],[-80.192551934334,25.7705592462628],[-80.1925644550472,25.770628188341],[-80.1924775915778,25.7706443653153],[-80.1924639515642,25.7705684507291],[-80.1924446189284,25.7704880422597],[-80.1924049762894,25.7703583713936],[-80.1923562912118,25.7702092672367],[-80.1923049165794,25.7700474514822]]]},"properties":{"FID":113,"OBJECTID":3432,"WATER":1,"TYPE":"B","LAST_UPDAT":2019,"GlobalID":"5a923269-aced-4f4b-81f5-1b4780c2079c","Shape__Are":757.81640625,"Shape__Len":172.918030234354,"Shape__Area":757.8203125,"Shape__Length":172.91797904131516}},{"type":"Feature","id":123,"geometry":{"type":"Polygon","coordinates":[[[-80.1925644550472,25.770628188341],[-80.192551934334,25.7705592462628],[-80.1925296354623,25.7704649768735],[-80.1924974910582,25.7703575009413],[-80.1924577909269,25.7702361356573],[-80.192390893412,25.7700271624102],[-80.1924317371011,25.7700189731639],[-80.1924160633018,25.7699628125332],[-80.1925255688016,25.7699364237765],[-80.1926603807339,25.7698984059969],[-80.1928174062001,25.7698542804409],[-80.1930094264282,25.7697224335491],[-80.1932229460298,25.769576860593],[-80.1933462801921,25.7694922544767],[-80.1933411786595,25.7695694665418],[-80.1933400225276,25.7695939130277],[-80.1933535448585,25.7698293195096],[-80.1933756847243,25.7701091956283],[-80.1933793705089,25.7702008992372],[-80.1933224703366,25.770235048413],[-80.1932084723626,25.7703039866324],[-80.1930622329638,25.7703928239011],[-80.1929071640266,25.7704868004971],[-80.192717915999,25.7706037776655],[-80.1925766945893,25.7706282619574],[-80.192576143024,25.7706254912345],[-80.1925644550472,25.770628188341]]]},"properties":{"FID":123,"OBJECTID":3598,"WATER":1,"TYPE":" ","LAST_UPDAT":2019,"GlobalID":"52553838-6e80-44ed-9966-1a9787b32cfb","Shape__Are":8555.9296875,"Shape__Len":403.602046497645,"Shape__Area":8555.92578125,"Shape__Length":403.6019270856982}},{"type":"Feature","id":130,"geometry":{"type":"Polygon","coordinates":[[[-80.1898669866428,25.769743373845],[-80.1901708084599,25.7697609949692],[-80.1901825224814,25.7700531037469],[-80.1898774457176,25.7700632385688],[-80.1898669866428,25.769743373845]]]},"properties":{"FID":130,"OBJECTID":3917,"WATER":1,"TYPE":"B","LAST_UPDAT":2019,"GlobalID":"e3fcc49c-a66a-47e7-905d-54c6e3400eb7","Shape__Are":1281.33007812,"Shape__Len":143.564145414025,"Shape__Area":1281.326171875,"Shape__Length":143.5641029502855}},{"type":"Feature","id":157,"geometry":{"type":"Polygon","coordinates":[[[-80.1936543546394,25.7691900749506],[-80.1936855612053,25.7691685746879],[-80.1936906402788,25.7691526822719],[-80.1937901807711,25.7690732775995],[-80.193922389388,25.7689677500554],[-80.1940595899415,25.7688587882879],[-80.1942006271985,25.7687477716036],[-80.1943512449852,25.7686336920031],[-80.1943493513372,25.7686309107167],[-80.1944500362828,25.7685518600303],[-80.1945445453113,25.7685378484223],[-80.1947762315346,25.7685322073777],[-80.1949260884461,25.7685302658176],[-80.1950663953706,25.7685275808005],[-80.1950672487702,25.7685140877471],[-80.1951246088791,25.7685109440339],[-80.1951750636405,25.7685115677619],[-80.1951761146688,25.7685254200048],[-80.1952246730871,25.7685239581706],[-80.1953084014368,25.7685216501392],[-80.1953785122296,25.7684981564177],[-80.1954539931496,25.7684722697144],[-80.195485786315,25.7684620587072],[-80.1954922973023,25.7684603638839],[-80.1955041442807,25.7684607756574],[-80.1956081377192,25.7684488932874],[-80.1956265944888,25.7689495868312],[-80.1956115908309,25.7689660196737],[-80.195611944767,25.7689705224648],[-80.1955169048338,25.7690063384954],[-80.1953215949779,25.7690592555616],[-80.1951048513256,25.7691165516154],[-80.1948846572452,25.7691752131999],[-80.1946725093725,25.7692314939283],[-80.1945530361693,25.7692623330378],[-80.1945522187024,25.7692702877331],[-80.1944640302178,25.7693099495603],[-80.1943996282169,25.7693372841536],[-80.1942217510618,25.7694124463649],[-80.1940937160164,25.7695221494569],[-80.1939571999787,25.769643232326],[-80.1938191289577,25.7697674166858],[-80.1937710098143,25.7698169923456],[-80.193675796507,25.7698212718254],[-80.1936581814544,25.7695153637437],[-80.1936579577764,25.7694018438825],[-80.1936562887105,25.7692452457557],[-80.1936543546394,25.7691900749506]]]},"properties":{"FID":157,"OBJECTID":4568,"WATER":1,"TYPE":" ","LAST_UPDAT":2019,"GlobalID":"5f7681cf-2e25-4006-91c6-57b0734c05b2","Shape__Are":17610.5644531,"Shape__Len":642.77333773636,"Shape__Area":17610.548828125,"Shape__Length":642.7731476592172}},{"type":"Feature","id":212,"geometry":{"type":"Polygon","coordinates":[[[-80.1976677314971,25.7691587666825],[-80.1976502233477,25.7686788042248],[-80.1977168531686,25.7687128559538],[-80.1977998188488,25.7687101960183],[-80.19780909485,25.7686953641183],[-80.1978729084539,25.7686984843682],[-80.1978739585839,25.7687133753238],[-80.1978877234649,25.768712411016],[-80.1978862789771,25.7685864158524],[-80.1978982166856,25.768573327298],[-80.1979299433755,25.7685731566028],[-80.1979428315007,25.7685894964649],[-80.1979469781202,25.7687116999208],[-80.1979622638486,25.7687121311091],[-80.1979616242487,25.7686937825585],[-80.198027383603,25.7686920675149],[-80.1980312131188,25.7687478153563],[-80.1980340032843,25.7687876343025],[-80.1980409643265,25.7688330157987],[-80.1980480223869,25.7688631673792],[-80.1981194141749,25.7689334776228],[-80.1981596550936,25.768975234018],[-80.1983087116037,25.769096237361],[-80.1983988664977,25.7691579229291],[-80.1984742153637,25.7692081775798],[-80.1985161711664,25.7692215621518],[-80.1986073824785,25.7693009796721],[-80.1987221332368,25.7694033729415],[-80.1988786825921,25.7695440687911],[-80.198975959327,25.769630444916],[-80.1989731700585,25.7696473881289],[-80.1989016668766,25.7697075670935],[-80.199038391318,25.7698398451917],[-80.199120791058,25.76992198369],[-80.1991503555027,25.7699595282147],[-80.1992126608346,25.7700169823978],[-80.1992859067448,25.7700845082787],[-80.1990776548553,25.7705623957009],[-80.1989868953964,25.7704501275094],[-80.1989235767656,25.7703725916183],[-80.1988834175938,25.7703190675953],[-80.1988253846485,25.7702515992851],[-80.1987711461856,25.7701883076654],[-80.1987184177902,25.7701277916004],[-80.1986930008657,25.7700989225643],[-80.1986804316422,25.7700919314123],[-80.1984942378881,25.7700971371556],[-80.1983033136071,25.7701036995477],[-80.1982729622375,25.7701049591193],[-80.1982650849165,25.7699496716503],[-80.1983043601474,25.7699479817025],[-80.1984883260803,25.7699413683364],[-80.19848785177,25.7699380013829],[-80.1983408218588,25.7698063996977],[-80.1983339075281,25.7698032228496],[-80.1983220371935,25.769799790365],[-80.198305432739,25.7697883902766],[-80.1982284399569,25.7697177043653],[-80.1981421918353,25.7696393517376],[-80.1980365742457,25.7695428933318],[-80.1979296460102,25.7696412940875],[-80.1978866957733,25.7696047161896],[-80.1979920851951,25.7695076898568],[-80.1979297699818,25.76945161878],[-80.1979300520536,25.7694097403974],[-80.1978849611325,25.7693509972173],[-80.197834887258,25.7692936098573],[-80.1977756514685,25.7692347881484],[-80.1977315675582,25.7691964724363],[-80.1976954211589,25.7691713527965],[-80.1976677314971,25.7691587666825]]]},"properties":{"FID":212,"OBJECTID":6324,"WATER":1,"TYPE":" ","LAST_UPDAT":2019,"GlobalID":"127bc0cc-a380-466e-948b-30234a5de14d","Shape__Are":15313.59375,"Shape__Len":773.524476202692,"Shape__Area":15313.591796875,"Shape__Length":773.5242474164556}}]}
